	   1           1  4.3902794E-04   1.000000    
           2           2  4.7404630E-04   1.000000    
           3           3  4.7091887E-04   1.000000    
           4           4  4.5745150E-04   1.000000    
           5           5  4.5015803E-04   1.000000    
           6           6  4.4404643E-04   1.000000    
           7           7  4.4017422E-04   1.000000    
           8           8  4.4027061E-04   1.000000    
           9           9  4.4471398E-04   1.000000    
          10          10  4.5301707E-04   1.000000    
          11          11  4.6280396E-04   1.000000    
          12          12  4.7776377E-04   1.000000    
          13          13  4.9272977E-04   1.000000    
          14          14  5.2325981E-04   1.000000    
          15          15  3.7223706E-04   1.000000    
          16          16  4.3365458E-04   1.000000    
          17          17  4.9367436E-04   1.000000    
          18          18  5.4255186E-04   1.000000    
          19          19  3.8466830E-04   1.000000    
          20          20  4.3860089E-04   1.000000    
          21          21  4.6944391E-04   1.000000    
          22          22  4.8617832E-04   1.000000    
          23          23  4.9205794E-04   1.000000    
          24          24  4.8738514E-04   1.000000    
          25          25  4.7376071E-04   1.000000    
          26          26  4.2529355E-04   1.000000    
          27          27  4.3051768E-04   1.000000    
          28          28  4.4578186E-04   1.000000    
          29          29  4.6874312E-04   1.000000    
          30          30  4.9208582E-04   1.000000    
          31          31  5.3717114E-04   1.000000    
          32          32  6.2515517E-04   1.000000    
          33          33  3.8774082E-04   1.000000    
          34          34  4.2616890E-04   1.000000    
          35          35  4.6018546E-04   1.000000    
          36          36  4.7161893E-04   1.000000    
          37          37  4.3708258E-04   1.000000    
          38          38  4.0340493E-04   1.000000    
          39          39  3.5572049E-04   1.000000    
          40          40  5.0851458E-04   1.000000    
          41          41  5.1691325E-04   1.000000    
          42          42  5.8166613E-04   1.000000    
          43          43  5.0986034E-04   1.000000    
          44          44  4.5872969E-04   1.000000    
          45          45  4.0742772E-04   1.000000    
          46          46  3.4868356E-04   1.000000    
          47          47  4.7527792E-04   1.000000    
          48          48  4.1864230E-04   1.000000    
          49          49  6.0791889E-04   1.000000    
          50          50  6.5918657E-04   1.000000    
          51          51  5.1161204E-04   1.000000    
          52          52  3.9709968E-04   1.000000    
          53          53  5.0768733E-04   1.000000    
          54          54  3.9025230E-04   1.000000    
          55          55  4.8833137E-04   1.000000    
          56          56  3.6612176E-04   1.000000    
          57          57  4.4215677E-04   1.000000    
          58          58  3.3243335E-04   1.000000    
          59          59  3.8964799E-04   1.000000    
          60          60  4.3752973E-04   1.000000    
          61          61  4.7064296E-04   1.000000    
          62          62  4.8627553E-04   1.000000    
          63          63  4.9374742E-04   1.000000    
          64          64  4.9190852E-04   1.000000    
          65          65  4.7842920E-04   1.000000    
          66          66  4.5643278E-04   1.000000    
          67          67  4.2217778E-04   1.000000    
          68          68  3.8383846E-04   1.000000    
          69          69  5.6231464E-04   1.000000    
          70          70  6.3840975E-04   1.000000    
          71          71  5.0346798E-04   1.000000    
          72          72  3.9367605E-04   1.000000    
          73          73  5.0891878E-04   1.000000    
          74          74  3.9003714E-04   1.000000    
          75          75  4.8880448E-04   1.000000    
          76          76  3.7251739E-04   1.000000    
          77          77  4.5000936E-04   1.000000    
          78          78  3.3892147E-04   1.000000    
          79          79  3.9894067E-04   1.000000    
          80          80  4.3302760E-04   1.000000    
          81          81  4.1229345E-04   1.000000    
          82          82  4.3406556E-04   1.000000    
          83          83  4.5849112E-04   1.000000    
          84          84  4.7843260E-04   1.000000    
          85          85  4.9050181E-04   1.000000    
          86          86  4.9583399E-04   1.000000    
          87          87  4.8966764E-04   1.000000    
          88          88  4.8318674E-04   1.000000    
          89          89  4.7620517E-04   1.000000    
          90          90  4.7276323E-04   1.000000    
          91          91  4.8304649E-04   1.000000    
          92          92  4.9174490E-04   1.000000    
          93          93  4.9925852E-04   1.000000    
          94          94  5.0697161E-04   1.000000    
          95          95  3.5547695E-04   1.000000    
          96          96  4.0402601E-04   1.000000    
          97          97  3.0235571E-04   1.000000    
          98          98  3.0249212E-04   1.000000    
          99          99  6.2118511E-04   1.000000    
         100         100  6.6874485E-04   1.000000    
         101         101  6.8335392E-04   1.000000    
         102         102  6.7870331E-04   1.000000    
         103         103  6.7781867E-04   1.000000    
         104         104  7.0039125E-04   1.000000    
         105         105  6.9039315E-04   1.000000    
         106         106  6.6192058E-04   1.000000    
         107         107  6.2738656E-04   1.000000    
         108         108  5.9074268E-04   1.000000    
         109         109  5.5245945E-04   1.000000    
         110         110  5.1805581E-04   1.000000    
         111         111  5.1022792E-04   1.000000    
         112         112  5.7460478E-04   1.000000    
         113         113  6.1752647E-04   1.000000    
         114         114  6.4117630E-04   1.000000    
         115         115  6.5291137E-04   1.000000    
         116         116  6.5768999E-04   1.000000    
         117         117  6.6162180E-04   1.000000    
         118         118  6.7280181E-04   1.000000    
         119         119  6.0838356E-04   1.000000    
         120         120  5.5518065E-04   1.000000    
         121         121  5.3399726E-04   1.000000    
         122         122  5.8640243E-04   1.000000    
         123         123  6.0654990E-04   1.000000    
         124         124  6.0037721E-04   1.000000    
         125         125  5.7877880E-04   1.000000    
         126         126  5.4645713E-04   1.000000    
         127         127  5.2000856E-04   1.000000    
         128         128  5.2283006E-04   1.000000    
         129         129  6.0878170E-04   1.000000    
         130         130  6.8482338E-04   1.000000    
         131         131  6.9560221E-04   1.000000    
         132         132  6.8802090E-04   1.000000    
         133         133  6.8096118E-04   1.000000    
         134         134  6.3724373E-04   1.000000    
         135         135  6.0296227E-04   1.000000    
         136         136  5.8973691E-04   1.000000    
         137         137  5.8491592E-04   1.000000    
         138         138  5.8024394E-04   1.000000    
         139         139  5.7299080E-04   1.000000    
         140         140  5.6169630E-04   1.000000    
         141         141  5.5689627E-04   1.000000    
         142         142  5.9080275E-04   1.000000    
         143         143  8.8007923E-04   1.000000    
         144         144  7.6546293E-04   1.000000    
         145         145  6.9662003E-04   1.000000    
         146         146  6.7612651E-04   1.000000    
         147         147  6.7796733E-04   1.000000    
         148         148  6.1487290E-04   1.000000    
         149         149  5.8856030E-04   1.000000    
         150         150  5.9447874E-04   1.000000    
         151         151  6.0161960E-04   1.000000    
         152         152  6.0205068E-04   1.000000    
         153         153  5.9717864E-04   1.000000    
         154         154  5.9247774E-04   1.000000    
         155         155  5.9832487E-04   1.000000    
         156         156  6.3497922E-04   1.000000    
         157         157  7.4092980E-04   1.000000    
         158         158  7.0464215E-04   1.000000    
         159         159  6.7696336E-04   1.000000    
         160         160  6.6653622E-04   1.000000    
         161         161  6.6937442E-04   1.000000    
         162         162  6.6469150E-04   1.000000    
         163         163  6.5061002E-04   1.000000    
         164         164  6.4145587E-04   1.000000    
         165         165  6.2750891E-04   1.000000    
         166         166  6.0070882E-04   1.000000    
         167         167  5.6269113E-04   1.000000    
         168         168  5.3601735E-04   1.000000    
         169         169  5.1940768E-04   1.000000    
         170         170  5.2879640E-04   1.000000    
         171         171  5.5377069E-04   1.000000    
         172         172  5.8349810E-04   1.000000    
         173         173  6.1487732E-04   1.000000    
         174         174  6.4463151E-04   1.000000    
         175         175  5.0220551E-04   1.000000    
         176         176  7.0247101E-04   1.000000    
         177         177  7.1977376E-04   1.000000    
         178         178  6.7887938E-04   1.000000    
         179         179  6.7291415E-04   1.000000    
         180         180  7.4828655E-04   1.000000    
         181         181  7.3838100E-04   1.000000    
         182         182  6.9659553E-04   1.000000    
         183         183  6.4872915E-04   1.000000    
         184         184  6.0148613E-04   1.000000    
         185         185  5.4499792E-04   1.000000    
         186         186  4.7787596E-04   1.000000    
         187         187  4.2774997E-04   1.000000    
         188         188  6.3910999E-04   1.000000    
         189         189  6.9254165E-04   1.000000    
         190         190  6.9228519E-04   1.000000    
         191         191  6.8319717E-04   1.000000    
         192         192  6.7217002E-04   1.000000    
         193         193  6.6319638E-04   1.000000    
         194         194  6.6315412E-04   1.000000    
         195         195  6.6601415E-04   1.000000    
         196         196  6.8185787E-04   1.000000    
         197         197  6.8411086E-04   1.000000    
         198         198  6.9074694E-04   1.000000    
         199         199  7.1525504E-04   1.000000    
         200         200  7.0430280E-04   1.000000    
         201         201  6.9927028E-04   1.000000    
         202         202  7.9497357E-04   1.000000    
         203         203  7.3641120E-04   1.000000    
         204         204  4.8584410E-04   1.000000    
         205         205  4.2520280E-04   1.000000    
         206         206  6.1391853E-04   1.000000    
         207         207  6.3428027E-04   1.000000    
         208         208  5.5371801E-04   1.000000    
         209         209  5.3612085E-04   1.000000    
         210         210  5.7674368E-04   1.000000    
         211         211  5.7455763E-04   1.000000    
         212         212  6.1848189E-04   1.000000    
         213         213  6.0169864E-04   1.000000    
         214         214  5.9293909E-04   1.000000    
         215         215  5.6904234E-04   1.000000    
         216         216  7.9717342E-04   1.000000    
         217         217  7.2369067E-04   1.000000    
         218         218  6.6566176E-04   1.000000    
         219         219  6.2938745E-04   1.000000    
         220         220  9.7692409E-04   1.000000    
         221         221  8.3323917E-04   1.000000    
         222         222  6.9064763E-04   1.000000    
         223         223  5.9343799E-04   1.000000    
         224         224  6.3468004E-04   1.000000    
         225         225  6.6660612E-04   1.000000    
         226         226  5.6721858E-04   1.000000    
         227         227  5.4435036E-04   1.000000    
         228         228  6.0038129E-04   1.000000    
         229         229  6.3103833E-04   1.000000    
         230         230  6.3609122E-04   1.000000    
         231         231  6.3052884E-04   1.000000    
         232         232  6.2340050E-04   1.000000    
         233         233  6.2231539E-04   1.000000    
         234         234  6.3535327E-04   1.000000    
         235         235  6.6230970E-04   1.000000    
         236         236  6.5738265E-04   1.000000    
         237         237  6.4798823E-04   1.000000    
         238         238  6.4264704E-04   1.000000    
         239         239  6.3620991E-04   1.000000    
         240         240  6.3357095E-04   1.000000    
         241         241  6.2779052E-04   1.000000    
         242         242  6.1284105E-04   1.000000    
         243         243  5.7134259E-04   1.000000    
         244         244  4.9751624E-04   1.000000    
         245         245  4.8539977E-04   1.000000    
         246         246  4.9761619E-04   1.000000    
         247         247  5.2179594E-04   1.000000    
         248         248  5.5067067E-04   1.000000    
         249         249  5.8128225E-04   1.000000    
         250         250  6.1266613E-04   1.000000    
         251         251  6.7591917E-04   1.000000    
         252         252  6.9950288E-04   1.000000    
         253         253  6.8834616E-04   1.000000    
         254         254  6.5764308E-04   1.000000    
         255         255  6.2138028E-04   1.000000    
         256         256  5.9147261E-04   1.000000    
         257         257  5.7886250E-04   1.000000    
         258         258  5.9037586E-04   1.000000    
         259         259  6.0403073E-04   1.000000    
         260         260  6.2294345E-04   1.000000    
         261         261  6.4140558E-04   1.000000    
         262         262  6.3684012E-04   1.000000    
         263         263  6.1196613E-04   1.000000    
         264         264  6.3447811E-04   1.000000    
         265         265  6.5302424E-04   1.000000    
         266         266  6.8284461E-04   1.000000    
         267         267  7.1380479E-04   1.000000    
         268         268  7.5314479E-04   1.000000    
         269         269  8.3565223E-04   1.000000    
         270         270  9.6488488E-04   1.000000    
         271         271  6.5937190E-04   1.000000    
         272         272  6.2675949E-04   1.000000    
         273         273  6.4899103E-04   1.000000    
         274         274  5.6526874E-04   1.000000    
         275         275  6.3242204E-04   1.000000    
         276         276  6.9524260E-04   1.000000    
         277         277  7.4018247E-04   1.000000    
         278         278  7.7680050E-04   1.000000    
         279         279  8.1304071E-04   1.000000    
         280         280  8.4042258E-04   1.000000    
         281         281  7.0651289E-04   1.000000    
         282         282  6.5862475E-04   1.000000    
         283         283  6.5835443E-04   1.000000    
         284         284  4.2397177E-04   1.000000    
         285         285  6.2372460E-04   1.000000    
         286         286  7.3084387E-04   1.000000    
         287         287  7.8126241E-04   1.000000    
         288         288  8.0547400E-04   1.000000    
         289         289  8.0653327E-04   1.000000    
         290         290  7.6456816E-04   1.000000    
         291         291  6.8090460E-04   1.000000    
         292         292  6.4200029E-04   1.000000    
         293         293  6.3819595E-04   1.000000    
         294         294  4.4757302E-04   1.000000    
         295         295  6.2989583E-04   1.000000    
         296         296  6.7430717E-04   1.000000    
         297         297  6.3330465E-04   1.000000    
         298         298  6.0319965E-04   1.000000    
         299         299  5.8432936E-04   1.000000    
         300         300  5.3748395E-04   1.000000    
         301         301  5.5696192E-04   1.000000    
         302         302  5.9906533E-04   1.000000    
         303         303  7.6633098E-04   1.000000    
         304         304  6.2978070E-04   1.000000    
         305         305  6.8882818E-04   1.000000    
         306         306  7.5062149E-04   1.000000    
         307         307  6.7541294E-04   1.000000    
         308         308  4.9194193E-04   1.000000    
         309         309  4.3282576E-04   1.000000    
         310         310  6.3851045E-04   1.000000    
         311         311  6.9090549E-04   1.000000    
         312         312  6.8684208E-04   1.000000    
         313         313  6.7157694E-04   1.000000    
         314         314  6.5416581E-04   1.000000    
         315         315  6.3885440E-04   1.000000    
         316         316  6.2988669E-04   1.000000    
         317         317  6.2809733E-04   1.000000    
         318         318  6.2321965E-04   1.000000    
         319         319  6.1656442E-04   1.000000    
         320         320  5.8298389E-04   1.000000    
         321         321  6.1954488E-04   1.000000    
         322         322  6.2175933E-04   1.000000    
         323         323  6.2280422E-04   1.000000    
         324         324  5.7954225E-04   1.000000    
         325         325  3.7999128E-04   1.000000    
         326         326  4.0936770E-04   1.000000    
         327         327  4.6066221E-04   1.000000    
         328         328  5.0676841E-04   1.000000    
         329         329  5.4618402E-04   1.000000    
         330         330  5.8252388E-04   1.000000    
         331         331  5.6928379E-04   1.000000    
         332         332  5.6935434E-04   1.000000    
         333         333  5.7039963E-04   1.000000    
         334         334  5.7691708E-04   1.000000    
         335         335  5.8840582E-04   1.000000    
         336         336  5.9908547E-04   1.000000    
         337         337  5.7071185E-04   1.000000    
         338         338  5.7366124E-04   1.000000    
         339         339  5.7754008E-04   1.000000    
         340         340  5.8340677E-04   1.000000    
         341         341  5.8895315E-04   1.000000    
         342         342  5.9283368E-04   1.000000    
         343         343  5.8038428E-04   1.000000    
         344         344  5.8412616E-04   1.000000    
         345         345  5.8917742E-04   1.000000    
         346         346  5.9506542E-04   1.000000    
         347         347  5.9759145E-04   1.000000    
         348         348  5.9486565E-04   1.000000    
         349         349  5.9868622E-04   1.000000    
         350         350  6.0119998E-04   1.000000    
         351         351  6.0703506E-04   1.000000    
         352         352  6.1616837E-04   1.000000    
         353         353  6.1773806E-04   1.000000    
         354         354  6.1054586E-04   1.000000    
         355         355  6.2414183E-04   1.000000    
         356         356  6.2289456E-04   1.000000    
         357         357  6.2832981E-04   1.000000    
         358         358  6.5094163E-04   1.000000    
         359         359  6.5380434E-04   1.000000    
         360         360  6.4213848E-04   1.000000    
         361         361  6.6894654E-04   1.000000    
         362         362  6.4444391E-04   1.000000    
         363         363  6.3999824E-04   1.000000    
         364         364  7.1411906E-04   1.000000    
         365         365  7.1422965E-04   1.000000    
         366         366  6.8749324E-04   1.000000    
         367         367  7.4665289E-04   1.000000    
         368         368  7.9616724E-04   1.000000    
         369         369  7.4484921E-04   1.000000    
         370         370  7.6533580E-04   1.000000    
         371         371  8.0528756E-04   1.000000    
         372         372  6.3811254E-04   1.000000    
         373         373  5.9286988E-04   1.000000    
         374         374  6.0945697E-04   1.000000    
         375         375  4.3848282E-04   1.000000    
         376         376  5.0962140E-04   1.000000    
         377         377  5.9011014E-04   1.000000    
         378         378  9.2029740E-04   1.000000    
         379         379  6.1599351E-04   1.000000    
         380         380  7.1799365E-04   1.000000    
         381         381  9.3499542E-04   1.000000    
         382         382  6.4319180E-04   1.000000    
         383         383  6.2865572E-04   1.000000    
         384         384  6.0156733E-04   1.000000    
         385         385  5.8582478E-04   1.000000    
         386         386  6.7864027E-04   1.000000    
         387         387  5.6779414E-04   1.000000    
         388         388  9.0637675E-04   1.000000    
         389         389  8.2411402E-04   1.000000    
         390         390  7.5597374E-04   1.000000    
         391         391  7.1972091E-04   1.000000    
         392         392  6.8742101E-04   1.000000    
         393         393  6.5225497E-04   1.000000    
         394         394  6.2127458E-04   1.000000    
         395         395  6.0126651E-04   1.000000    
         396         396  5.9037918E-04   1.000000    
         397         397  4.6494769E-04   1.000000    
         398         398  6.4172572E-04   1.000000    
         399         399  6.1705732E-04   1.000000    
         400         400  6.8050012E-04   1.000000    
         401         401  8.3257764E-04   1.000000    
         402         402  4.0963833E-04   1.000000    
         403         403  4.5031597E-04   1.000000    
         404         404  5.1580131E-04   1.000000    
         405         405  5.6524790E-04   1.000000    
         406         406  5.5048318E-04   1.000000    
         407         407  6.0491217E-04   1.000000    
         408         408  5.9179851E-04   1.000000    
         409         409  5.1924138E-04   1.000000    
         410         410  4.5474345E-04   1.000000    
         411         411  6.5847678E-04   1.000000    
         412         412  6.7037274E-04   1.000000    
         413         413  5.9223414E-04   1.000000    
         414         414  6.0388213E-04   1.000000    
         415         415  6.3110964E-04   1.000000    
         416         416  7.6014298E-04   1.000000    
         417         417  6.5040687E-04   1.000000    
         418         418  5.8182486E-04   1.000000    
         419         419  8.7291125E-04   1.000000    
         420         420  8.2176679E-04   1.000000    
         421         421  8.3619141E-04   1.000000    
         422         422  1.0184577E-03   1.000000    
         423         423  6.4204051E-04   1.000000    
         424         424  4.4064148E-04   1.000000    
         425         425  2.2124549E-04   1.000000    
         426         426  5.7623407E-04   1.000000    
         427         427  5.7411124E-04   1.000000    
         428         428  6.8645697E-04   1.000000    
         429         429  4.5874197E-04   1.000000    
         430         430  7.5707474E-04   1.000000    
         431         431  8.1713928E-04   1.000000    
         432         432  8.0146315E-04   1.000000    
         433         433  7.7100360E-04   1.000000    
         434         434  7.2884472E-04   1.000000    
         435         435  6.6539424E-04   1.000000    
         436         436  6.0136686E-04   1.000000    
         437         437  7.7435531E-04   1.000000    
         438         438  8.8880426E-04   1.000000    
         439         439  8.7136414E-04   1.000000    
         440         440  8.4382202E-04   1.000000    
         441         441  8.0236705E-04   1.000000    
         442         442  6.8518234E-04   1.000000    
         443         443  5.5637961E-04   1.000000    
         444         444  9.0666575E-04   1.000000    
         445         445  9.6713909E-04   1.000000    
         446         446  9.4871240E-04   1.000000    
         447         447  9.8110829E-04   1.000000    
         448         448  7.4903993E-04   1.000000    
         449         449  4.4989921E-04   1.000000    
         450         450  9.4275729E-04   1.000000    
         451         451  1.0275741E-03   1.000000    
         452         452  1.3101421E-03   1.000000    
         453         453  1.0599562E-03   1.000000    
         454         454  7.5065996E-04   1.000000    
         455         455  1.0020904E-03   1.000000    
         456         456  1.2355503E-03   1.000000    
         457         457  5.0176692E-04   1.000000    
         458         458  7.7615021E-04   1.000000    
         459         459  6.1149424E-04   1.000000    
         460         460  6.5180974E-04   1.000000    
         461         461  5.7494186E-04   1.000000    
         462         462  7.8395481E-04   1.000000    
         463         463  6.5282010E-04   1.000000    
         464         464  1.4534068E-03   1.000000    
         465         465  7.1811979E-04   1.000000    
         466         466  8.3942659E-04   1.000000    
         467         467  8.5695181E-04   1.000000    
         468         468  8.6370861E-04   1.000000    
         469         469  8.4774301E-04   1.000000    
         470         470  7.4223155E-04   1.000000    
         471         471  6.1900291E-04   1.000000    
         472         472  8.8804634E-04   1.000000    
         473         473  9.5957838E-04   1.000000    
         474         474  9.5692667E-04   1.000000    
         475         475  9.9753332E-04   1.000000    
         476         476  7.6728762E-04   1.000000    
         477         477  4.8392563E-04   1.000000    
         478         478  9.3986938E-04   1.000000    
         479         479  1.0311533E-03   1.000000    
         480         480  1.2953557E-03   1.000000    
         481         481  9.6327899E-04   1.000000    
         482         482  7.6645089E-04   1.000000    
         483         483  1.1587491E-03   1.000000    
         484         484  1.2887552E-03   1.000000    
         485         485  4.3243036E-04   1.000000    
         486         486  6.5307639E-04   1.000000    
         487         487  6.6113425E-04   1.000000    
         488         488  7.4950076E-04   1.000000    
         489         489  8.4323908E-04   1.000000    
         490         490  5.7173247E-04   1.000000    
         491         491  5.7736854E-04   1.000000    
         492         492  5.3988240E-04   1.000000    
         493         493  5.4588367E-04   1.000000    
         494         494  6.8481220E-04   1.000000    
         495         495  2.9410660E-04   1.000000    
         496         496  5.0575659E-04   1.000000    
         497         497  8.1110134E-04   1.000000    
         498         498  1.0150470E-03   1.000000    
         499         499  8.8625669E-04   1.000000    
         500         500  2.9870254E-04   1.000000    
         501         501  2.2403857E-04   1.000000    
         502         502  5.6267815E-04   1.000000    
         503         503  5.6890101E-04   1.000000    
         504         504  5.5687840E-04   1.000000    
         505         505  5.3054548E-04   1.000000    
         506         506  2.0900341E-04   1.000000    
         507         507  2.0408504E-04   1.000000    
         508         508  6.4064650E-04   1.000000    
         509         509  6.7637954E-04   1.000000    
         510         510  5.6290289E-04   1.000000    
         511         511  5.4827664E-04   1.000000    
         512         512  5.4115779E-04   1.000000    
         513         513  5.1864173E-04   1.000000    
         514         514  7.3335908E-04   1.000000    
         515         515  8.0167066E-04   1.000000    
         516         516  7.0808700E-04   1.000000    
         517         517  5.8772258E-04   1.000000    
         518         518  3.3453913E-04   1.000000    
         519         519  5.2447978E-04   1.000000    
         520         520  5.5067032E-04   1.000000    
         521         521  2.0586447E-04   1.000000    
         522         522  2.0831299E-04   1.000000    
         523         523  5.0040806E-04   1.000000    
         524         524  5.4630567E-04   1.000000    
         525         525  6.7662593E-04   1.000000    
         526         526  8.1712933E-04   1.000000    
         527         527  7.6795340E-04   1.000000    
         528         528  5.8196450E-04   1.000000    
         529         529  5.6692318E-04   1.000000    
         530         530  4.9726752E-04   1.000000    
         531         531  5.0593662E-04   1.000000    
         532         532  4.0031245E-04   1.000000    
         533         533  4.5121883E-04   1.000000    
         534         534  6.2102644E-04   1.000000    
         535         535  4.0908079E-04   1.000000    
         536         536  3.2994477E-04   1.000000    
         537         537  4.3549927E-04   1.000000    
         538         538  9.2539459E-04   1.000000    
         539         539  2.5225116E-04   1.000000    
         540         540  7.6001266E-04   1.000000    
         541         541  1.0213933E-03   1.000000    
         542         542  3.2728020E-04   1.000000    
         543         543  3.3370079E-04   1.000000    
         544         544  3.6053717E-04   1.000000    
         545         545  2.3968295E-04   1.000000    
         546         546  5.6752597E-04   1.000000    
         547         547  9.5659593E-04   1.000000    
         548         548  2.4520644E-04   1.000000    
         549         549  6.4522948E-04   1.000000    
         550         550  3.5103949E-04   1.000000    
         551         551  7.1113167E-04   1.000000    
         552         552  7.2566961E-04   1.000000    
         553         553  8.0287864E-04   1.000000    
         554         554  5.8594812E-04   1.000000    
         555         555  5.8308250E-04   1.000000    
         556         556  6.5573351E-04   1.000000    
         557         557  6.4141559E-04   1.000000    
         558         558  4.3955352E-04   1.000000    
         559         559  5.0171366E-04   1.000000    
         560         560  9.5918239E-04   1.000000    
         561         561  6.7697413E-04   1.000000    
         562         562  4.5464296E-04   1.000000    
         563         563  2.1355407E-04   1.000000    
         564         564  2.5267087E-04   1.000000    
         565         565  4.4241329E-04   1.000000    
         566         566  2.2241744E-04   1.000000    
         567         567  2.6355663E-04   1.000000    
         568         568  3.5865480E-04   1.000000    
         569         569  3.0292213E-04   1.000000    
         570         570  5.7492190E-04   1.000000    
         571         571  5.6926394E-04   1.000000    
         572         572  6.1831891E-04   1.000000    
         573         573  2.8783255E-04   1.000000    
         574         574  1.5873715E-04   1.000000    
         575         575  1.5564068E-04   1.000000    
         576         576  1.9799449E-04   1.000000    
         577         577  3.3680417E-04   1.000000    
         578         578  5.8617810E-04   1.000000    
         579         579  5.7345367E-04   1.000000    
         580         580  5.5221672E-04   1.000000    
         581         581  2.3668907E-04   1.000000    
         582         582  2.1160442E-04   1.000000    
         583         583  2.4463056E-04   1.000000    
         584         584  4.1543608E-04   1.000000    
         585         585  2.1127550E-04   1.000000    
         586         586  2.2161237E-04   1.000000    
         587         587  4.3803899E-04   1.000000    
         588         588  1.9072332E-04   1.000000    
         589         589  2.3152432E-04   1.000000    
         590         590  5.5698422E-04   1.000000    
         591         591  6.4149348E-04   1.000000    
         592         592  3.9262726E-04   1.000000    
         593         593  4.2512623E-04   1.000000    
         594         594  4.4943031E-04   1.000000    
         595         595  4.5691757E-04   1.000000    
         596         596  4.2646885E-04   1.000000    
         597         597  2.9749790E-04   1.000000    
         598         598  2.9757567E-04   1.000000    
         599         599  3.9622901E-04   1.000000    
         600         600  3.5186196E-04   1.000000    
         601         601  5.0404295E-04   1.000000    
         602         602  5.1203294E-04   1.000000    
         603         603  5.6417455E-04   1.000000    
         604         604  4.8605193E-04   1.000000    
         605         605  4.3655935E-04   1.000000    
         606         606  3.9016415E-04   1.000000    
         607         607  3.3572779E-04   1.000000    
         608         608  4.6026468E-04   1.000000    
         609         609  4.0611785E-04   1.000000    
         610         610  5.9598958E-04   1.000000    
         611         611  6.4972485E-04   1.000000    
         612         612  5.0857977E-04   1.000000    
         613         613  3.9629283E-04   1.000000    
         614         614  5.0877873E-04   1.000000    
         615         615  3.8792059E-04   1.000000    
         616         616  4.8775357E-04   1.000000    
         617         617  3.6672762E-04   1.000000    
         618         618  4.4442975E-04   1.000000    
         619         619  3.3374195E-04   1.000000    
         620         620  3.9292511E-04   1.000000    
         621         621  4.4119506E-04   1.000000    
         622         622  4.7300768E-04   1.000000    
         623         623  4.2695159E-04   1.000000    
         624         624  4.5818582E-04   1.000000    
         625         625  4.6014445E-04   1.000000    
         626         626  4.5433146E-04   1.000000    
         627         627  4.5470719E-04   1.000000    
         628         628  4.5455960E-04   1.000000    
         629         629  4.5311140E-04   1.000000    
         630         630  4.5332225E-04   1.000000    
         631         631  4.5661957E-04   1.000000    
         632         632  4.6296691E-04   1.000000    
         633         633  4.6919956E-04   1.000000    
         634         634  4.7921049E-04   1.000000    
         635         635  4.9195392E-04   1.000000    
         636         636  5.1956536E-04   1.000000    
         637         637  3.6440464E-04   1.000000    
         638         638  4.1082822E-04   1.000000    
         639         639  4.4812332E-04   1.000000    
         640         640  4.6310868E-04   1.000000    
         641         641  3.1910173E-04   1.000000    
         642         642  3.7624349E-04   1.000000    
         643         643  4.2505082E-04   1.000000    
         644         644  4.5997559E-04   1.000000    
         645         645  4.7914352E-04   1.000000    
         646         646  4.8023227E-04   1.000000    
         647         647  4.7081342E-04   1.000000    
         648         648  4.2737951E-04   1.000000    
         649         649  4.3600402E-04   1.000000    
         650         650  4.5532660E-04   1.000000    
         651         651  4.8466155E-04   1.000000    
         652         652  5.1063951E-04   1.000000    
         653         653  4.8755240E-04   1.000000    
         654         654  4.9346150E-04   1.000000    
         655         655  4.9107720E-04   1.000000    
         656         656  4.7829445E-04   1.000000    
         657         657  4.5782697E-04   1.000000    
         658         658  4.2491750E-04   1.000000    
         659         659  3.8361462E-04   1.000000    
         660         660  5.6074111E-04   1.000000    
         661         661  6.3930807E-04   1.000000    
         662         662  5.0326507E-04   1.000000    
         663         663  3.9458723E-04   1.000000    
         664         664  5.1053328E-04   1.000000    
         665         665  3.9088112E-04   1.000000    
         666         666  4.8989285E-04   1.000000    
         667         667  3.7377182E-04   1.000000    
         668         668  4.5346742E-04   1.000000    
         669         669  3.3780700E-04   1.000000    
         670         670  3.9578215E-04   1.000000    
         671         671  4.3133536E-04   1.000000    
         672         672  4.1227095E-04   1.000000    
         673         673  4.3348892E-04   1.000000    
         674         674  4.5401021E-04   1.000000    
         675         675  4.7102646E-04   1.000000    
         676         676  4.8154258E-04   1.000000    
         677         677  4.8215382E-04   1.000000    
         678         678  4.7321079E-04   1.000000    
         679         679  4.6616027E-04   1.000000    
         680         680  4.5397793E-04   1.000000    
         681         681  4.4503764E-04   1.000000    
         682         682  4.5872616E-04   1.000000    
         683         683  4.7849907E-04   1.000000    
         684         684  4.9476937E-04   1.000000    
         685         685  5.0483079E-04   1.000000    
         686         686  3.5254299E-04   1.000000    
         687         687  3.9736662E-04   1.000000    
         688         688  6.6090049E-04   1.000000    
         689         689  6.5494346E-04   1.000000    
         690         690  6.4705376E-04   1.000000    
         691         691  6.3525845E-04   1.000000    
         692         692  6.7151221E-04   1.000000    
         693         693  6.6501019E-04   1.000000    
         694         694  5.9224025E-04   1.000000    
         695         695  6.0494710E-04   1.000000    
         696         696  6.3993922E-04   1.000000    
         697         697  6.7337905E-04   1.000000    
         698         698  6.3096842E-04   1.000000    
         699         699  7.0590223E-04   1.000000    
         700         700  6.5191940E-04   1.000000    
         701         701  6.2913011E-04   1.000000    
         702         702  6.7221193E-04   1.000000    
         703         703  6.3824997E-04   1.000000    
         704         704  5.0189346E-04   1.000000    
         705         705  5.0940807E-04   1.000000    
         706         706  4.8208449E-04   1.000000    
         707         707  5.0312327E-04   1.000000    
         708         708  6.6369696E-04   1.000000    
         709         709  6.7321159E-04   1.000000    
         710         710  5.8196759E-04   1.000000    
         711         711  5.9160474E-04   1.000000    
         712         712  5.4045691E-04   1.000000    
         713         713  5.5779499E-04   1.000000    
         714         714  6.3446205E-04   1.000000    
         715         715  6.4906129E-04   1.000000    
         716         716  6.8966538E-04   1.000000    
         717         717  6.8157213E-04   1.000000    
         718         718  6.2793598E-04   1.000000    
         719         719  6.2884955E-04   1.000000    
         720         720  5.9266418E-04   1.000000    
         721         721  6.0647161E-04   1.000000    
         722         722  6.2419707E-04   1.000000    
         723         723  6.0503400E-04   1.000000    
         724         724  6.6429324E-04   1.000000    
         725         725  6.8168208E-04   1.000000    
         726         726  6.2590244E-04   1.000000    
         727         727  6.0135673E-04   1.000000    
         728         728  7.5060583E-04   1.000000    
         729         729  6.7224487E-04   1.000000    
         730         730  6.7462970E-04   1.000000    
         731         731  7.1571872E-04   1.000000    
         732         732  5.6716485E-04   1.000000    
         733         733  5.1858689E-04   1.000000    
         734         734  5.7029823E-04   1.000000    
         735         735  5.1996525E-04   1.000000    
         736         736  6.9678709E-04   1.000000    
         737         737  7.5916469E-04   1.000000    
         738         738  8.4989681E-04   1.000000    
         739         739  6.2618114E-04   1.000000    
         740         740  6.3560769E-04   1.000000    
         741         741  6.2097551E-04   1.000000    
         742         742  6.0956442E-04   1.000000    
         743         743  6.3246407E-04   1.000000    
         744         744  7.3458586E-04   1.000000    
         745         745  5.8955810E-04   1.000000    
         746         746  8.7112316E-04   1.000000    
         747         747  6.2049256E-04   1.000000    
         748         748  6.3392374E-04   1.000000    
         749         749  5.2840711E-04   1.000000    
         750         750  4.8947131E-04   1.000000    
         751         751  5.2724790E-04   1.000000    
         752         752  5.2056665E-04   1.000000    
         753         753  4.7368050E-04   1.000000    
         754         754  5.2940025E-04   1.000000    
         755         755  6.2093075E-04   1.000000    
         756         756  6.8763335E-04   1.000000    
         757         757  6.8324310E-04   1.000000    
         758         758  7.7826384E-04   1.000000    
         759         759  7.3658774E-04   1.000000    
         760         760  6.5479940E-04   1.000000    
         761         761  6.8291288E-04   1.000000    
         762         762  8.4218680E-04   1.000000    
         763         763  7.0740172E-04   1.000000    
         764         764  9.6132944E-04   1.000000    
         765         765  6.5598311E-04   1.000000    
         766         766  6.8282394E-04   1.000000    
         767         767  6.4327643E-04   1.000000    
         768         768  6.5787887E-04   1.000000    
         769         769  5.9829123E-04   1.000000    
         770         770  6.3739723E-04   1.000000    
         771         771  5.9188064E-04   1.000000    
         772         772  5.9600611E-04   1.000000    
         773         773  5.9057894E-04   1.000000    
         774         774  6.1848375E-04   1.000000    
         775         775  6.6581124E-04   1.000000    
         776         776  6.2016374E-04   1.000000    
         777         777  7.7280629E-04   1.000000    
         778         778  6.8227004E-04   1.000000    
         779         779  6.0674630E-04   1.000000    
         780         780  9.0062764E-04   1.000000    
         781         781  5.7203346E-04   1.000000    
         782         782  9.1724494E-04   1.000000    
         783         783  7.7393831E-04   1.000000    
         784         784  6.9409440E-04   1.000000    
         785         785  6.9918559E-04   1.000000    
         786         786  5.8264018E-04   1.000000    
         787         787  5.4661237E-04   1.000000    
         788         788  6.3661335E-04   1.000000    
         789         789  5.9595512E-04   1.000000    
         790         790  6.4041000E-04   1.000000    
         791         791  6.5050652E-04   1.000000    
         792         792  6.9136790E-04   1.000000    
         793         793  7.5151265E-04   1.000000    
         794         794  6.3971576E-04   1.000000    
         795         795  6.2906183E-04   1.000000    
         796         796  6.2235224E-04   1.000000    
         797         797  6.3383335E-04   1.000000    
         798         798  5.6144450E-04   1.000000    
         799         799  5.3715898E-04   1.000000    
         800         800  5.7579332E-04   1.000000    
         801         801  5.9217430E-04   1.000000    
         802         802  5.5658614E-04   1.000000    
         803         803  5.5403390E-04   1.000000    
         804         804  5.8204337E-04   1.000000    
         805         805  5.9341575E-04   1.000000    
         806         806  5.5183895E-04   1.000000    
         807         807  5.9253437E-04   1.000000    
         808         808  6.3194713E-04   1.000000    
         809         809  6.1220222E-04   1.000000    
         810         810  6.2086992E-04   1.000000    
         811         811  6.4190658E-04   1.000000    
         812         812  6.2856282E-04   1.000000    
         813         813  5.9313828E-04   1.000000    
         814         814  6.0171227E-04   1.000000    
         815         815  5.9830188E-04   1.000000    
         816         816  5.9382623E-04   1.000000    
         817         817  5.9807341E-04   1.000000    
         818         818  6.2446948E-04   1.000000    
         819         819  6.4594403E-04   1.000000    
         820         820  6.0795562E-04   1.000000    
         821         821  6.1639980E-04   1.000000    
         822         822  6.3137838E-04   1.000000    
         823         823  7.0529414E-04   1.000000    
         824         824  6.8524899E-04   1.000000    
         825         825  6.5698527E-04   1.000000    
         826         826  7.9705007E-04   1.000000    
         827         827  7.1906514E-04   1.000000    
         828         828  6.1680318E-04   1.000000    
         829         829  6.5604539E-04   1.000000    
         830         830  8.1580464E-04   1.000000    
         831         831  8.3598017E-04   1.000000    
         832         832  6.2171323E-04   1.000000    
         833         833  7.6758524E-04   1.000000    
         834         834  6.5585237E-04   1.000000    
         835         835  5.1167217E-04   1.000000    
         836         836  6.0926285E-04   1.000000    
         837         837  6.0896750E-04   1.000000    
         838         838  6.0682214E-04   1.000000    
         839         839  6.8801345E-04   1.000000    
         840         840  5.5301032E-04   1.000000    
         841         841  6.6957378E-04   1.000000    
         842         842  5.3514377E-04   1.000000    
         843         843  4.3024865E-04   1.000000    
         844         844  2.1853438E-04   1.000000    
         845         845  6.2455004E-04   1.000000    
         846         846  6.3350459E-04   1.000000    
         847         847  6.3246838E-04   1.000000    
         848         848  6.0529303E-04   1.000000    
         849         849  6.0194219E-04   1.000000    
         850         850  6.6461769E-04   1.000000    
         851         851  5.9966976E-04   1.000000    
         852         852  6.5767433E-04   1.000000    
         853         853  6.2713627E-04   1.000000    
         854         854  6.2147406E-04   1.000000    
         855         855  6.5735041E-04   1.000000    
         856         856  6.0802477E-04   1.000000    
         857         857  1.3100927E-03   1.000000    
         858         858  1.0300254E-03   1.000000    
         859         859  1.2367748E-03   1.000000    
         860         860  7.5049279E-04   1.000000    
         861         861  4.8905256E-04   1.000000    
         862         862  5.0869008E-04   1.000000    
         863         863  5.5080332E-04   1.000000    
         864         864  4.8809432E-04   1.000000    
         865         865  5.7806756E-04   1.000000    
         866         866  6.0240796E-04   1.000000    
         867         867  6.0877128E-04   1.000000    
         868         868  7.3100271E-04   1.000000    
         869         869  5.7925633E-04   1.000000    
         870         870  6.2270847E-04   1.000000    
         871         871  6.0965092E-04   1.000000    
         872         872  5.8994972E-04   1.000000    
         873         873  5.8864203E-04   1.000000    
         874         874  5.9362431E-04   1.000000    
         875         875  5.7939440E-04   1.000000    
         876         876  5.8276328E-04   1.000000    
         877         877  5.9957290E-04   1.000000    
         878         878  5.8829319E-04   1.000000    
         879         879  6.1964465E-04   1.000000    
         880         880  6.0382532E-04   1.000000    
         881         881  6.4899365E-04   1.000000    
         882         882  6.1843399E-04   1.000000    
         883         883  6.3321547E-04   1.000000    
         884         884  7.0698542E-04   1.000000    
         885         885  5.7300250E-04   1.000000    
         886         886  8.5517776E-04   1.000000    
         887         887  9.8976202E-04   1.000000    
         888         888  8.0762716E-04   1.000000    
         889         889  1.3995881E-03   1.000000    
         890         890  7.8255369E-04   1.000000    
         891         891  7.5619476E-04   1.000000    
         892         892  6.4098783E-04   1.000000    
         893         893  1.3068334E-03   1.000000    
         894         894  1.0404184E-03   1.000000    
         895         895  1.2874430E-03   1.000000    
         896         896  7.6842401E-04   1.000000    
         897         897  4.3966240E-04   1.000000    
         898         898  6.3511322E-04   1.000000    
         899         899  4.9547682E-04   1.000000    
         900         900  5.6134287E-04   1.000000    
         901         901  4.1909108E-04   1.000000    
         902         902  6.3167617E-04   1.000000    
         903         903  6.4131338E-04   1.000000    
         904         904  5.5828242E-04   1.000000    
         905         905  6.0260424E-04   1.000000    
         906         906  6.0700910E-04   1.000000    
         907         907  6.6886120E-04   1.000000    
         908         908  5.7926308E-04   1.000000    
         909         909  6.1167282E-04   1.000000    
         910         910  5.4166786E-04   1.000000    
         911         911  5.8884610E-04   1.000000    
         912         912  6.7244732E-04   1.000000    
         913         913  5.9659471E-04   1.000000    
         914         914  6.7786546E-04   1.000000    
         915         915  6.3541037E-04   1.000000    
         916         916  6.4335804E-04   1.000000    
         917         917  7.7594386E-04   1.000000    
         918         918  7.3170190E-04   1.000000    
         919         919  7.2592986E-04   1.000000    
         920         920  6.9078215E-04   1.000000    
         921         921  5.5200123E-04   1.000000    
         922         922  5.9692230E-04   1.000000    
         923         923  4.4541369E-04   1.000000    
         924         924  4.4289508E-04   1.000000    
         925         925  9.5347321E-04   1.000000    
         926         926  9.8121574E-04   1.000000    
         927         927  9.4701676E-04   1.000000    
         928         928  2.9440725E-04   1.000000    
         929         929  4.6694127E-04   1.000000    
         930         930  5.8431557E-04   1.000000    
         931         931  4.4714383E-04   1.000000    
         932         932  5.6275935E-04   1.000000    
         933         933  9.6006162E-04   1.000000    
         934         934  7.8333728E-04   1.000000    
         935         935  5.9212651E-04   1.000000    
         936         936  6.0375314E-04   1.000000    
         937         937  5.8127852E-04   1.000000    
         938         938  5.8918772E-04   1.000000    
         939         939  6.0544017E-04   1.000000    
         940         940  6.2512350E-04   1.000000    
         941         941  6.6166266E-04   1.000000    
         942         942  6.3633866E-04   1.000000    
         943         943  6.8147009E-04   1.000000    
         944         944  8.3107548E-04   1.000000    
         945         945  6.3938316E-04   1.000000    
         946         946  7.4780494E-04   1.000000    
         947         947  7.1759382E-04   1.000000    
         948         948  8.1039540E-04   1.000000    
         949         949  6.2084146E-04   1.000000    
         950         950  4.8577224E-04   1.000000    
         951         951  9.6491864E-04   1.000000    
         952         952  1.0058803E-03   1.000000    
         953         953  9.4890158E-04   1.000000    
         954         954  3.0003072E-04   1.000000    
         955         955  6.1452528E-04   1.000000    
         956         956  6.6592317E-04   1.000000    
         957         957  5.0061772E-04   1.000000    
         958         958  4.6566324E-04   1.000000    
         959         959  4.2994885E-04   1.000000    
         960         960  4.8575536E-04   1.000000    
         961         961  2.2079157E-04   1.000000    
         962         962  4.2219483E-04   1.000000    
         963         963  7.5635512E-04   1.000000    
         964         964  5.9182616E-04   1.000000    
         965         965  5.8439601E-04   1.000000    
         966         966  5.8226113E-04   1.000000    
         967         967  5.7773822E-04   1.000000    
         968         968  6.1294995E-04   1.000000    
         969         969  5.7382352E-04   1.000000    
         970         970  5.8377290E-04   1.000000    
         971         971  5.6551286E-04   1.000000    
         972         972  6.0001505E-04   1.000000    
         973         973  5.7451945E-04   1.000000    
         974         974  5.6333723E-04   1.000000    
         975         975  6.4032088E-04   1.000000    
         976         976  6.0504192E-04   1.000000    
         977         977  6.9256086E-04   1.000000    
         978         978  6.2399317E-04   1.000000    
         979         979  8.1042282E-04   1.000000    
         980         980  7.6349819E-04   1.000000    
         981         981  6.6533877E-04   1.000000    
         982         982  6.5358973E-04   1.000000    
         983         983  6.8319670E-04   1.000000    
         984         984  7.4505288E-04   1.000000    
         985         985  9.7346870E-04   1.000000    
         986         986  1.0502161E-03   1.000000    
         987         987  2.0756718E-04   1.000000    
         988         988  2.0304452E-04   1.000000    
         989         989  9.9762459E-04   1.000000    
         990         990  5.2438281E-04   1.000000    
         991         991  5.4970372E-04   1.000000    
         992         992  6.2619441E-04   1.000000    
         993         993  5.9668522E-04   1.000000    
         994         994  5.3319219E-04   1.000000    
         995         995  4.3701872E-04   1.000000    
         996         996  4.9950031E-04   1.000000    
         997         997  5.4151868E-04   1.000000    
         998         998  6.1129086E-04   1.000000    
         999         999  6.3842995E-04   1.000000    
        1000        1000  5.3408241E-04   1.000000    
        1001        1001  7.4947486E-04   1.000000    
        1002        1002  6.5085443E-04   1.000000    
        1003        1003  6.9754530E-04   1.000000    
        1004        1004  5.3733465E-04   1.000000    
        1005        1005  3.1654420E-04   1.000000    
        1006        1006  5.8455707E-04   1.000000    
        1007        1007  7.0070918E-04   1.000000    
        1008        1008  6.8571419E-04   1.000000    
        1009        1009  8.1098743E-04   1.000000    
        1010        1010  7.4453064E-04   1.000000    
        1011        1011  7.7126914E-04   1.000000    
        1012        1012  9.6664199E-04   1.000000    
        1013        1013  9.7211584E-04   1.000000    
        1014        1014  2.0882918E-04   1.000000    
        1015        1015  2.1083238E-04   1.000000    
        1016        1016  1.1543283E-03   1.000000    
        1017        1017  5.5345736E-04   1.000000    
        1018        1018  5.3067721E-04   1.000000    
        1019        1019  4.9626338E-04   1.000000    
        1020        1020  8.5062394E-04   1.000000    
        1021        1021  8.1610685E-04   1.000000    
        1022        1022  7.6591223E-04   1.000000    
        1023        1023  9.9121174E-04   1.000000    
        1024        1024  6.2733906E-04   1.000000    
        1025        1025  5.2849430E-04   1.000000    
        1026        1026  5.6857651E-04   1.000000    
        1027        1027  5.8601069E-04   1.000000    
        1028        1028  5.4004748E-04   1.000000    
        1029        1029  4.0639122E-04   1.000000    
        1030        1030  4.5087378E-04   1.000000    
        1031        1031  6.0783792E-04   1.000000    
        1032        1032  6.3519564E-04   1.000000    
        1033        1033  6.9418602E-04   1.000000    
        1034        1034  6.1891106E-04   1.000000    
        1035        1035  8.2798244E-04   1.000000    
        1036        1036  8.3078182E-04   1.000000    
        1037        1037  8.0356328E-04   1.000000    
        1038        1038  9.1061369E-04   1.000000    
        1039        1039  3.3093887E-04   1.000000    
        1040        1040  6.4031943E-04   1.000000    
        1041        1041  6.1258499E-04   1.000000    
        1042        1042  4.2446188E-04   1.000000    
        1043        1043  6.0549012E-04   1.000000    
        1044        1044  5.5721583E-04   1.000000    
        1045        1045  5.8796909E-04   1.000000    
        1046        1046  6.5646198E-04   1.000000    
        1047        1047  4.8054275E-04   1.000000    
        1048        1048  9.0562738E-04   1.000000    
        1049        1049  2.3781764E-04   1.000000    
        1050        1050  5.8043614E-04   1.000000    
        1051        1051  7.4808352E-04   1.000000    
        1052        1052  5.9866009E-04   1.000000    
        1053        1053  6.2412914E-04   1.000000    
        1054        1054  8.7228976E-04   1.000000    
        1055        1055  7.0493016E-04   1.000000    
        1056        1056  6.8433140E-04   1.000000    
        1057        1057  5.9754407E-04   1.000000    
        1058        1058  6.0119311E-04   1.000000    
        1059        1059  6.5733190E-04   1.000000    
        1060        1060  6.3852145E-04   1.000000    
        1061        1061  7.8794803E-04   1.000000    
        1062        1062  8.5200934E-04   1.000000    
        1063        1063  8.9292240E-04   1.000000    
        1064        1064  3.2747936E-04   1.000000    
        1065        1065  8.0001191E-04   1.000000    
        1066        1066  6.3934061E-04   1.000000    
        1067        1067  5.9774093E-04   1.000000    
        1068        1068  6.1096711E-04   1.000000    
        1069        1069  5.2772934E-04   1.000000    
        1070        1070  5.2632287E-04   1.000000    
        1071        1071  3.3380778E-04   1.000000    
        1072        1072  5.3545920E-04   1.000000    
        1073        1073  6.4918003E-04   1.000000    
        1074        1074  6.8136107E-04   1.000000    
        1075        1075  5.9557229E-04   1.000000    
        1076        1076  5.7913858E-04   1.000000    
        1077        1077  5.8928702E-04   1.000000    
        1078        1078  5.5845501E-04   1.000000    
        1079        1079  4.9848203E-04   1.000000    
        1080        1080  4.0134069E-04   1.000000    
        1081        1081  6.1341556E-04   1.000000    
        1082        1082  6.4280460E-04   1.000000    
        1083        1083  6.0683081E-04   1.000000    
        1084        1084  7.6283747E-04   1.000000    
        1085        1085  9.1084529E-04   1.000000    
        1086        1086  8.4871496E-04   1.000000    
        1087        1087  2.3617642E-04   1.000000    
        1088        1088  8.2111999E-04   1.000000    
        1089        1089  4.0174540E-04   1.000000    
        1090        1090  6.1975361E-04   1.000000    
        1091        1091  3.9998864E-04   1.000000    
        1092        1092  6.2237907E-04   1.000000    
        1093        1093  6.1608426E-04   1.000000    
        1094        1094  5.7569228E-04   1.000000    
        1095        1095  5.6708924E-04   1.000000    
        1096        1096  5.6387187E-04   1.000000    
        1097        1097  5.7428860E-04   1.000000    
        1098        1098  5.7413336E-04   1.000000    
        1099        1099  9.3389221E-04   1.000000    
        1100        1100  6.3575833E-04   1.000000    
        1101        1101  5.7237950E-04   1.000000    
        1102        1102  8.6949265E-04   1.000000    
        1103        1103  2.4566764E-04   1.000000    
        1104        1104  4.2966349E-04   1.000000    
        1105        1105  3.5771576E-04   1.000000    
        1106        1106  5.4720871E-04   1.000000    
        1107        1107  5.0619699E-04   1.000000    
        1108        1108  5.9367903E-04   1.000000    
        1109        1109  6.0269458E-04   1.000000    
        1110        1110  5.6790753E-04   1.000000    
        1111        1111  4.5737304E-04   1.000000    
        1112        1112  8.7924831E-04   1.000000    
        1113        1113  6.7384448E-04   1.000000    
        1114        1114  3.7268421E-04   1.000000    
        1115        1115  6.3146779E-04   1.000000    
        1116        1116  6.2589179E-04   1.000000    
        1117        1117  4.8683377E-04   1.000000    
        1118        1118  3.4325247E-04   1.000000    
        1119        1119  8.6136319E-04   1.000000    
        1120        1120  5.7539111E-04   1.000000    
        1121        1121  6.8937655E-04   1.000000    
        1122        1122  6.7539630E-04   1.000000    
        1123        1123  6.4606260E-04   1.000000    
        1124        1124  6.1349664E-04   1.000000    
        1125        1125  2.1219386E-04   1.000000    
        1126        1126  4.3870596E-04   1.000000    
        1127        1127  5.5210060E-04   1.000000    
        1128        1128  8.9849648E-04   1.000000    
        1129        1129  2.5264561E-04   1.000000    
        1130        1130  6.3631212E-04   1.000000    
        1131        1131  4.2967460E-04   1.000000    
        1132        1132  2.1858703E-04   1.000000    
        1133        1133  2.1849874E-04   1.000000    
        1134        1134  4.2705098E-04   1.000000    
        1135        1135  8.4532669E-04   1.000000    
        1136        1136  7.3548919E-04   1.000000    
        1137        1137  3.5224317E-04   1.000000    
        1138        1138  7.4636971E-04   1.000000    
        1139        1139  4.3055840E-04   1.000000    
        1140        1140  6.3855096E-04   1.000000    
        1141        1141  7.8521861E-04   1.000000    
        1142        1142  9.4330573E-04   1.000000    
        1143        1143  5.4881233E-04   1.000000    
        1144        1144  4.3738869E-04   1.000000    
        1145        1145  5.6236453E-04   1.000000    
        1146        1146  4.8765072E-04   1.000000    
        1147        1147  6.1159616E-04   1.000000    
        1148        1148  5.6891725E-04   1.000000    
        1149        1149  4.9641141E-04   1.000000    
        1150        1150  7.8376592E-04   1.000000    
        1151        1151  3.0480005E-04   1.000000    
        1152        1152  5.8280071E-04   1.000000    
        1153        1153  5.7990552E-04   1.000000    
        1154        1154  7.2547508E-04   1.000000    
        1155        1155  6.2992045E-04   1.000000    
        1156        1156  2.8924120E-04   1.000000    
        1157        1157  1.5972508E-04   1.000000    
        1158        1158  1.5667223E-04   1.000000    
        1159        1159  6.1983365E-04   1.000000    
        1160        1160  5.7135423E-04   1.000000    
        1161        1161  5.7156972E-04   1.000000    
        1162        1162  6.0322700E-04   1.000000    
        1163        1163  4.2980141E-04   1.000000    
        1164        1164  1.9948391E-04   1.000000    
        1165        1165  3.2857570E-04   1.000000    
        1166        1166  5.6775869E-04   1.000000    
        1167        1167  5.8676890E-04   1.000000    
        1168        1168  2.3142721E-04   1.000000    
        1169        1169  2.1193533E-04   1.000000    
        1170        1170  2.3688086E-04   1.000000    
        1171        1171  6.1787799E-04   1.000000    
        1172        1172  4.1705667E-04   1.000000    
        1173        1173  5.4202363E-04   1.000000    
        1174        1174  2.0340963E-04   1.000000    
        1175        1175  2.2267946E-04   1.000000    
        1176        1176  4.3167840E-04   1.000000    
        1177        1177  1.8687682E-04   1.000000    
        1178        1178  2.2893278E-04   1.000000    
        1179        1179  1.9898978E-03   1.000000    
        1180        1180  1.3118798E-03   1.000000    
        1181        1181  1.0090506E-03   1.000000    
        1182        1182  1.1365666E-03   1.000000    
        1183        1187  1.9812875E-03   1.000000    
        1184        1188  1.2992645E-03   1.000000    
        1185        1189  9.9622493E-04   1.000000    
        1186        1190  1.1263951E-03   1.000000    
        1187        1191  1.5100848E-03   1.000000    
        1188        1192  1.3310250E-03   1.000000    
        1189        1193  9.5983909E-04   1.000000    
        1190        1196  1.4863451E-03   1.000000    
        1191        1197  1.3214296E-03   1.000000    
        1192        1198  9.4452209E-04   1.000000    
        1193        1199  1.0772917E-03   1.000000    
        1194        1200  1.1153131E-03   1.000000    
        1195        1202  1.0554263E-03   1.000000    
        1196        1203  1.0877567E-03   1.000000    
        1197        1204  1.1402809E-03   1.000000    
        1198        1205  9.5602550E-04   1.000000    
        1199        1206  9.0731744E-04   1.000000    
        1200        1207  7.6581881E-04   1.000000    
        1201        1212  1.1156498E-03   1.000000    
        1202        1213  9.3892339E-04   1.000000    
        1203        1214  8.9056790E-04   1.000000    
        1204        1215  7.4835820E-04   1.000000    
        1205        1216  1.1398506E-03   1.000000    
        1206        1217  7.2388584E-04   1.000000    
        1207        1218  8.5455272E-04   1.000000    
        1208        1221  1.1160444E-03   1.000000    
        1209        1222  7.0583273E-04   1.000000    
        1210        1223  8.3904504E-04   1.000000    
        1211        1224  1.3640969E-03   1.000000    
        1212        1225  1.1563922E-03   1.000000    
        1213        1227  1.3463297E-03   1.000000    
        1214        1228  1.1377217E-03   1.000000    
        1215        1229  1.8885647E-03   1.000000    
        1216        1230  1.2426911E-03   1.000000    
        1217        1231  1.7754644E-03   1.000000    
        1218        1232  1.5442038E-03   1.000000    
        1219        1237  1.8868267E-03   1.000000    
        1220        1238  1.2419783E-03   1.000000    
        1221        1239  1.7783127E-03   1.000000    
        1222        1240  1.5446544E-03   1.000000    
        1223        1241  1.4004643E-03   1.000000    
        1224        1242  1.2893300E-03   1.000000    
        1225        1243  1.1836492E-03   1.000000    
        1226        1244  6.2028744E-04   1.000000    
        1227        1245  6.1876868E-04   1.000000    
        1228        1246  1.4000543E-03   1.000000    
        1229        1247  1.2889658E-03   1.000000    
        1230        1248  1.1866215E-03   1.000000    
        1231        1249  2.0521088E-03   1.000000    
        1232        1250  1.3610234E-03   1.000000    
        1233        1251  2.1087807E-03   1.000000    
        1234        1252  1.3885661E-03   1.000000    
        1235        1257  1.8235971E-03   1.000000    
        1236        1258  1.1990812E-03   1.000000    
        1237        1259  1.8389730E-03   1.000000    
        1238        1260  1.2144425E-03   1.000000    
        1239        1261  2.0548676E-03   1.000000    
        1240        1262  2.2641360E-03   1.000000    
        1241        1263  1.3216187E-03   1.000000    
        1242        1266  1.8280320E-03   1.000000    
        1243        1267  1.9529754E-03   1.000000    
        1244        1268  1.1508761E-03   1.000000    
        1245        1269  1.5700239E-03   1.000000    
        1246        1270  1.7389735E-03   1.000000    
        1247        1271  1.2895419E-03   1.000000    
        1248        1274  1.5616483E-03   1.000000    
        1249        1275  1.7169800E-03   1.000000    
        1250        1276  1.2682278E-03   1.000000    
        1251        1277  1.5421502E-03   1.000000    
        1252        1278  1.0863761E-03   1.000000    
        1253        1280  1.4979244E-03   1.000000    
        1254        1281  1.0583482E-03   1.000000    
        1255        1282  1.8929576E-03   1.000000    
        1256        1283  1.2483249E-03   1.000000    
        1257        1284  1.8748788E-03   1.000000    
        1258        1287  1.8799282E-03   1.000000    
        1259        1288  1.2428134E-03   1.000000    
        1260        1289  1.8714879E-03   1.000000    
        1261        1290  1.6351098E-03   1.000000    
        1262        1291  1.1493367E-03   1.000000    
        1263        1292  1.7836100E-03   1.000000    
        1264        1293  1.5007252E-03   1.000000    
        1265        1298  1.6550777E-03   1.000000    
        1266        1299  1.1629434E-03   1.000000    
        1267        1300  1.7914991E-03   1.000000    
        1268        1301  1.4946562E-03   1.000000    
        1269        1302  1.3928645E-03   1.000000    
        1270        1303  1.1878825E-03   1.000000    
        1271        1304  1.2734825E-03   1.000000    
        1272        1305  6.1257021E-04   1.000000    
        1273        1306  6.1443879E-04   1.000000    
        1274        1307  1.3791213E-03   1.000000    
        1275        1308  1.1802837E-03   1.000000    
        1276        1309  1.2571682E-03   1.000000    
        1277        1310  1.8979679E-03   1.000000    
        1278        1311  1.7097243E-03   1.000000    
        1279        1312  1.4824771E-03   1.000000    
        1280        1315  1.6803240E-03   1.000000    
        1281        1316  1.4543952E-03   1.000000    
        1282        1317  1.2884174E-03   1.000000    
        1283        1318  1.3370046E-03   1.000000    
        1284        1319  1.2486863E-03   1.000000    
        1285        1320  1.0618978E-03   1.000000    
        1286        1321  5.6812284E-04   1.000000    
        1287        1322  5.8585563E-04   1.000000    
        1288        1323  1.2081694E-03   1.000000    
        1289        1324  1.1203050E-03   1.000000    
        1290        1325  9.0457621E-04   1.000000    
        1291        1326  2.1205633E-03   1.000000    
        1292        1327  1.5290712E-03   1.000000    
        1293        1328  2.6023416E-03   1.000000    
        1294        1331  2.1024477E-03   1.000000    
        1295        1332  1.5254671E-03   1.000000    
        1296        1333  2.5985392E-03   1.000000    
        1297        1334  1.3318521E-03   1.000000    
        1298        1335  1.1386686E-03   1.000000    
        1299        1336  9.2253368E-04   1.000000    
        1300        1337  9.9269557E-04   1.000000    
        1301        1342  1.3521458E-03   1.000000    
        1302        1343  1.1460987E-03   1.000000    
        1303        1344  9.3060953E-04   1.000000    
        1304        1345  1.0031043E-03   1.000000    
        1305        1346  1.5393083E-03   1.000000    
        1306        1347  1.2894591E-03   1.000000    
        1307        1348  1.0750468E-03   1.000000    
        1308        1351  1.5499605E-03   1.000000    
        1309        1352  1.3034517E-03   1.000000    
        1310        1353  1.0804710E-03   1.000000    
        1311        1354  1.4267119E-03   1.000000    
        1312        1355  1.5064195E-03   1.000000    
        1313        1357  1.4293429E-03   1.000000    
        1314        1358  1.5110032E-03   1.000000    
        1315        1359  1.6858251E-03   1.000000    
        1316        1360  1.1863405E-03   1.000000    
        1317        1361  1.7585011E-03   1.000000    
        1318        1364  1.7091342E-03   1.000000    
        1319        1365  1.2018009E-03   1.000000    
        1320        1366  1.7808725E-03   1.000000    
        1321        1367  1.5350949E-03   1.000000    
        1322        1368  1.2420719E-03   1.000000    
        1323        1369  1.0783521E-03   1.000000    
        1324        1370  9.5437624E-04   1.000000    
        1325        1375  1.4720507E-03   1.000000    
        1326        1376  1.2105700E-03   1.000000    
        1327        1377  1.0393648E-03   1.000000    
        1328        1378  9.1816427E-04   1.000000    
        1329        1379  1.0703969E-03   1.000000    
        1330        1380  9.4616367E-04   1.000000    
        1331        1381  9.8990370E-04   1.000000    
        1332        1382  6.0651504E-04   1.000000    
        1333        1383  6.0317398E-04   1.000000    
        1334        1384  1.0391460E-03   1.000000    
        1335        1385  9.0518472E-04   1.000000    
        1336        1386  9.5310557E-04   1.000000    
        1337        1387  1.3432350E-03   1.000000    
        1338        1388  9.4492530E-04   1.000000    
        1339        1389  6.0821074E-04   1.000000    
        1340        1390  1.2991376E-03   1.000000    
        1341        1391  9.2297042E-04   1.000000    
        1342        1392  1.5850599E-03   1.000000    
        1343        1393  1.8945503E-03   1.000000    
        1344        1394  1.4704671E-03   1.000000    
        1345        1397  1.5695487E-03   1.000000    
        1346        1398  1.8613307E-03   1.000000    
        1347        1399  1.4350963E-03   1.000000    
        1348        1400  1.7283092E-03   1.000000    
        1349        1401  1.2170969E-03   1.000000    
        1350        1403  1.6585541E-03   1.000000    
        1351        1404  1.1772214E-03   1.000000    
        1352        1405  1.8730127E-03   1.000000    
        1353        1406  1.2275636E-03   1.000000    
        1354        1407  1.8824141E-03   1.000000    
        1355        1410  1.8534726E-03   1.000000    
        1356        1411  1.2165615E-03   1.000000    
        1357        1412  1.8710569E-03   1.000000    
        1358        1413  1.9173330E-03   1.000000    
        1359        1414  2.2798702E-03   1.000000    
        1360        1415  1.3202168E-03   1.000000    
        1361        1417  1.8972777E-03   1.000000    
        1362        1418  2.2552055E-03   1.000000    
        1363        1419  1.3101930E-03   1.000000    
        1364        1420  1.2430031E-03   1.000000    
        1365        1421  1.0657039E-03   1.000000    
        1366        1422  9.9901855E-04   1.000000    
        1367        1423  6.1747420E-04   1.000000    
        1368        1424  6.1663543E-04   1.000000    
        1369        1425  1.2424132E-03   1.000000    
        1370        1426  1.0626599E-03   1.000000    
        1371        1427  1.0006094E-03   1.000000    
        1372        1428  1.2386654E-03   1.000000    
        1373        1429  1.0743985E-03   1.000000    
        1374        1430  6.1692251E-04   1.000000    
        1375        1431  1.2405057E-03   1.000000    
        1376        1432  1.0761127E-03   1.000000    
        1377        1433  1.7612940E-03   1.000000    
        1378        1434  1.4219902E-03   1.000000    
        1379        1435  2.2785929E-03   1.000000    
        1380        1436  1.4300422E-03   1.000000    
        1381        1441  1.6046048E-03   1.000000    
        1382        1442  1.3036415E-03   1.000000    
        1383        1443  2.0945652E-03   1.000000    
        1384        1444  1.2906868E-03   1.000000    
        1385        1445  1.7223344E-03   1.000000    
        1386        1446  2.1020677E-03   1.000000    
        1387        1447  1.3647573E-03   1.000000    
        1388        1450  1.5546684E-03   1.000000    
        1389        1451  1.8968643E-03   1.000000    
        1390        1452  1.2166770E-03   1.000000    
        1391        1453  2.0248352E-03   1.000000    
        1392        1454  1.9925840E-03   1.000000    
        1393        1455  1.8153645E-03   1.000000    
        1394        1456  1.7699153E-03   1.000000    
        1395        1457  2.0523057E-03   1.000000    
        1396        1458  1.4333489E-03   1.000000    
        1397        1459  2.1858492E-03   1.000000    
        1398        1462  2.0089024E-03   1.000000    
        1399        1463  1.4197843E-03   1.000000    
        1400        1464  2.1557584E-03   1.000000    
        1401        1465  2.0935033E-03   1.000000    
        1402        1466  1.4440347E-03   1.000000    
        1403        1467  2.3089363E-03   1.000000    
        1404        1470  2.0810224E-03   1.000000    
        1405        1471  1.4448659E-03   1.000000    
        1406        1472  2.3111184E-03   1.000000    
        1407        1473  1.6974660E-03   1.000000    
        1408        1474  1.1155464E-03   1.000000    
        1409        1475  1.4049002E-03   1.000000    
        1410        1476  1.1404097E-03   1.000000    
        1411        1481  1.7011111E-03   1.000000    
        1412        1482  1.1132909E-03   1.000000    
        1413        1483  1.3912861E-03   1.000000    
        1414        1484  1.1418714E-03   1.000000    
        1415        1485  1.7195143E-03   1.000000    
        1416        1486  1.7471832E-03   1.000000    
        1417        1487  1.4516208E-03   1.000000    
        1418        1490  1.7316170E-03   1.000000    
        1419        1491  1.7378929E-03   1.000000    
        1420        1492  1.4685659E-03   1.000000    
        1421        1493  1.8040623E-03   1.000000    
        1422        1494  1.1082935E-03   1.000000    
        1423        1496  1.7809246E-03   1.000000    
        1424        1497  1.0932226E-03   1.000000    
        1425        1498  1.8680368E-03   1.000000    
        1426        1499  1.2556394E-03   1.000000    
        1427        1501  1.8511909E-03   1.000000    
        1428        1502  1.2516617E-03   1.000000    
        1429        1503  2.5223466E-03   1.000000    
        1430        1504  1.5117167E-03   1.000000    
        1431        1505  2.1087590E-03   1.000000    
        1432        1508  2.5395774E-03   1.000000    
        1433        1509  1.5203969E-03   1.000000    
        1434        1510  2.1182769E-03   1.000000    
        1435        1511  1.4166058E-03   1.000000    
        1436        1512  1.2824909E-03   1.000000    
        1437        1513  1.5126351E-03   1.000000    
        1438        1514  1.2521311E-03   1.000000    
        1439        1515  6.0312636E-04   1.000000    
        1440        1516  6.0700107E-04   1.000000    
        1441        1519  1.3730654E-03   1.000000    
        1442        1520  1.2378651E-03   1.000000    
        1443        1521  1.4581956E-03   1.000000    
        1444        1522  1.1937198E-03   1.000000    
        1445        1523  1.3927816E-03   1.000000    
        1446        1524  1.7277300E-03   1.000000    
        1447        1525  1.2483606E-03   1.000000    
        1448        1526  6.0264533E-04   1.000000    
        1449        1528  1.3304820E-03   1.000000    
        1450        1529  1.6404721E-03   1.000000    
        1451        1530  1.1696577E-03   1.000000    
        1452        1531  2.0396188E-03   1.000000    
        1453        1532  1.3571345E-03   1.000000    
        1454        1533  2.1717644E-03   1.000000    
        1455        1536  1.8874756E-03   1.000000    
        1456        1537  1.2633157E-03   1.000000    
        1457        1538  2.0334856E-03   1.000000    
        1458        1539  1.9857138E-03   1.000000    
        1459        1540  1.2951952E-03   1.000000    
        1460        1541  2.1656838E-03   1.000000    
        1461        1544  1.9805529E-03   1.000000    
        1462        1545  1.3002448E-03   1.000000    
        1463        1546  2.1660971E-03   1.000000    
        1464        1547  1.7760756E-03   1.000000    
        1465        1548  1.4028004E-03   1.000000    
        1466        1549  1.2530745E-03   1.000000    
        1467        1550  1.0925329E-03   1.000000    
        1468        1555  1.6790504E-03   1.000000    
        1469        1556  1.3481986E-03   1.000000    
        1470        1557  1.2178236E-03   1.000000    
        1471        1558  1.0438419E-03   1.000000    
        1472        1559  1.1473822E-03   1.000000    
        1473        1560  1.0691930E-03   1.000000    
        1474        1561  1.1325454E-03   1.000000    
        1475        1562  6.1257154E-04   1.000000    
        1476        1563  6.0255866E-04   1.000000    
        1477        1564  1.1141292E-03   1.000000    
        1478        1565  1.0066072E-03   1.000000    
        1479        1566  1.1078188E-03   1.000000    
        1480        1567  1.6640621E-03   1.000000    
        1481        1568  1.0212350E-03   1.000000    
        1482        1569  6.1803672E-04   1.000000    
        1483        1570  1.6469215E-03   1.000000    
        1484        1571  1.0141345E-03   1.000000    
        1485        1572  1.3428259E-03   1.000000    
        1486        1573  1.1556210E-03   1.000000    
        1487        1574  1.1810050E-03   1.000000    
        1488        1575  6.2140415E-04   1.000000    
        1489        1576  6.2590255E-04   1.000000    
        1490        1577  1.3612167E-03   1.000000    
        1491        1578  1.1791121E-03   1.000000    
        1492        1579  1.1897904E-03   1.000000    
        1493        1580  1.3611610E-03   1.000000    
        1494        1581  1.4879067E-03   1.000000    
        1495        1582  1.2166833E-03   1.000000    
        1496        1583  6.1527186E-04   1.000000    
        1497        1585  1.3611078E-03   1.000000    
        1498        1586  1.4789585E-03   1.000000    
        1499        1587  1.2058999E-03   1.000000    
        1500        1588  1.6139254E-03   1.000000    
        1501        1589  1.4803006E-03   1.000000    
        1502        1590  1.0151688E-03   1.000000    
        1503        1591  1.0751432E-03   1.000000    
        1504        1596  1.6304570E-03   1.000000    
        1505        1597  1.4856157E-03   1.000000    
        1506        1598  1.0153663E-03   1.000000    
        1507        1599  1.0860418E-03   1.000000    
        1508        1600  1.1383297E-03   1.000000    
        1509        1601  1.2780118E-03   1.000000    
        1510        1602  9.2560751E-04   1.000000    
        1511        1603  6.1748794E-04   1.000000    
        1512        1604  6.1977777E-04   1.000000    
        1513        1605  1.1452307E-03   1.000000    
        1514        1606  1.2906425E-03   1.000000    
        1515        1607  9.2371169E-04   1.000000    
        1516        1608  1.1148367E-03   1.000000    
        1517        1609  8.6703413E-04   1.000000    
        1518        1610  6.1575224E-04   1.000000    
        1519        1611  1.1066189E-03   1.000000    
        1520        1612  8.6161681E-04   1.000000    
        1521        1613  1.5375633E-03   1.000000    
        1522        1614  1.7241237E-03   1.000000    
        1523        1615  1.1566882E-03   1.000000    
        1524        1616  9.8268944E-04   1.000000    
        1525        1621  1.5191870E-03   1.000000    
        1526        1622  1.7096582E-03   1.000000    
        1527        1623  1.1332650E-03   1.000000    
        1528        1624  9.6234726E-04   1.000000    
        1529        1625  1.3859915E-03   1.000000    
        1530        1626  1.1602653E-03   1.000000    
        1531        1627  1.0367868E-03   1.000000    
        1532        1630  1.3403039E-03   1.000000    
        1533        1631  1.1322096E-03   1.000000    
        1534        1632  1.0111886E-03   1.000000    
        1535        1633  2.0113371E-03   1.000000    
        1536        1634  1.3643225E-03   1.000000    
        1537        1636  1.9537825E-03   1.000000    
        1538        1637  1.2972559E-03   1.000000    
        1539        1638  1.9532135E-03   1.000000    
        1540        1639  1.9160855E-03   1.000000    
        1541        1640  1.6216981E-03   1.000000    
        1542        1641  1.4538172E-03   1.000000    
        1543        1646  1.9344477E-03   1.000000    
        1544        1647  1.9142280E-03   1.000000    
        1545        1648  1.6053051E-03   1.000000    
        1546        1649  1.4202747E-03   1.000000    
        1547        1650  2.3010753E-03   1.000000    
        1548        1651  1.7494352E-03   1.000000    
        1549        1652  1.4605758E-03   1.000000    
        1550        1655  2.2232954E-03   1.000000    
        1551        1656  1.6886846E-03   1.000000    
        1552        1657  1.3944572E-03   1.000000    
        1553        1658  1.9391427E-03   1.000000    
        1554        1659  1.2766481E-03   1.000000    
        1555        1660  2.0230699E-03   1.000000    
        1556        1663  1.8134511E-03   1.000000    
        1557        1664  1.1979948E-03   1.000000    
        1558        1665  1.9166325E-03   1.000000    
        1559        1666  1.2688750E-03   1.000000    
        1560        1667  1.2278457E-03   1.000000    
        1561        1668  1.7562591E-03   1.000000    
        1562        1669  1.2990712E-03   1.000000    
        1563        1674  1.2869161E-03   1.000000    
        1564        1675  1.2399732E-03   1.000000    
        1565        1676  1.7795778E-03   1.000000    
        1566        1677  1.3164621E-03   1.000000    
        1567        1678  1.2375654E-03   1.000000    
        1568        1679  1.0661770E-03   1.000000    
        1569        1680  1.1260022E-03   1.000000    
        1570        1681  6.2016275E-04   1.000000    
        1571        1682  6.2011776E-04   1.000000    
        1572        1683  1.2478065E-03   1.000000    
        1573        1684  1.0788838E-03   1.000000    
        1574        1685  1.1384068E-03   1.000000    
        1575        1686  2.0618120E-03   1.000000    
        1576        1687  1.3939616E-03   1.000000    
        1577        1688  2.1804001E-03   1.000000    
        1578        1691  2.0581451E-03   1.000000    
        1579        1692  1.3953043E-03   1.000000    
        1580        1693  2.1936351E-03   1.000000    
        1581        1694  1.8200203E-03   1.000000    
        1582        1695  1.4335178E-03   1.000000    
        1583        1697  1.7828539E-03   1.000000    
        1584        1698  1.4062424E-03   1.000000    
        1585        1699  1.3529728E-03   1.000000    
        1586        1700  1.4125743E-03   1.000000    
        1587        1702  1.3224706E-03   1.000000    
        1588        1703  1.3652217E-03   1.000000    
        1589        1704  1.3296034E-03   1.000000    
        1590        1705  9.9025259E-04   1.000000    
        1591        1706  1.0069067E-03   1.000000    
        1592        1709  1.3028020E-03   1.000000    
        1593        1710  9.7305758E-04   1.000000    
        1594        1711  9.8230469E-04   1.000000    
        1595        1712  1.3082785E-03   1.000000    
        1596        1713  8.8487909E-04   1.000000    
        1597        1715  1.2749596E-03   1.000000    
        1598        1716  8.5919834E-04   1.000000    
        1599        1717  1.9814607E-03   1.000000    
        1600        1718  1.6861343E-03   1.000000    
        1601        1719  2.5210425E-03   1.000000    
        1602        1722  2.0056253E-03   1.000000    
        1603        1723  1.7086132E-03   1.000000    
        1604        1724  2.5487174E-03   1.000000    
        1605        1725  2.3101575E-03   1.000000    
        1606        1726  1.4402963E-03   1.000000    
        1607        1727  2.0851677E-03   1.000000    
        1608        1730  2.3326678E-03   1.000000    
        1609        1731  1.4524449E-03   1.000000    
        1610        1732  2.1000318E-03   1.000000    
        1611        1733  1.8698333E-03   1.000000    
        1612        1734  1.2247611E-03   1.000000    
        1613        1735  1.7948542E-03   1.000000    
        1614        1738  1.8833810E-03   1.000000    
        1615        1739  1.2355460E-03   1.000000    
        1616        1740  1.8157284E-03   1.000000    
        1617        1741  1.6041660E-03   1.000000    
        1618        1742  1.0286415E-03   1.000000    
        1619        1743  1.0681988E-03   1.000000    
        1620        1746  1.5755519E-03   1.000000    
        1621        1747  1.0111905E-03   1.000000    
        1622        1748  1.0383092E-03   1.000000    
        1623        1749  1.4401397E-03   1.000000    
        1624        1750  1.3734581E-03   1.000000    
        1625        1751  1.3977144E-03   1.000000    
        1626        1752  1.3252668E-03   1.000000    
        1627        1753  1.4133787E-03   1.000000    
        1628        1754  1.8265195E-03   1.000000    
        1629        1755  1.3077437E-03   1.000000    
        1630        1756  6.0902350E-04   1.000000    
        1631        1758  1.3427124E-03   1.000000    
        1632        1759  1.7072308E-03   1.000000    
        1633        1760  1.2285864E-03   1.000000    
        1634        1761  2.1503156E-03   1.000000    
        1635        1762  2.3293188E-03   1.000000    
        1636        1763  1.8150419E-03   1.000000    
        1637        1766  2.0226752E-03   1.000000    
        1638        1767  2.2317171E-03   1.000000    
        1639        1768  1.7487293E-03   1.000000    
        1640        1769  1.4408133E-03   1.000000    
        1641        1770  9.3662250E-04   1.000000    
        1642        1771  1.0079234E-03   1.000000    
        1643        1774  1.4560141E-03   1.000000    
        1644        1775  9.4847125E-04   1.000000    
        1645        1776  1.0163533E-03   1.000000    
        1646        1777  1.1128857E-03   1.000000    
        1647        1778  1.2325011E-03   1.000000    
        1648        1779  8.8290550E-04   1.000000    
        1649        1780  6.1902060E-04   1.000000    
        1650        1781  6.1843498E-04   1.000000    
        1651        1782  1.1165774E-03   1.000000    
        1652        1783  1.2428992E-03   1.000000    
        1653        1784  8.9031667E-04   1.000000    
        1654        1785  8.5218746E-04   1.000000    
        1655        1786  8.5671048E-04   1.000000    
        1656        1787  2.1046370E-03   1.000000    
        1657        1788  1.4106687E-03   1.000000    
        1658        1789  1.9980632E-03   1.000000    
        1659        1792  2.1180001E-03   1.000000    
        1660        1793  1.4216305E-03   1.000000    
        1661        1794  2.0108656E-03   1.000000    
        1662        1795  1.6707701E-03   1.000000    
        1663        1796  2.0731806E-03   1.000000    
        1664        1797  1.6120662E-03   1.000000    
        1665        1800  1.6470101E-03   1.000000    
        1666        1801  2.0276397E-03   1.000000    
        1667        1802  1.5651474E-03   1.000000    
        1668        1803  1.8801097E-03   1.000000    
        1669        1804  1.3255555E-03   1.000000    
        1670        1805  1.7912876E-03   1.000000    
        1671        1806  1.2743592E-03   1.000000    
        1672        1807  1.7097815E-03   1.000000    
        1673        1808  1.1355866E-03   1.000000    
        1674        1809  1.1385004E-03   1.000000    
        1675        1812  1.7216261E-03   1.000000    
        1676        1813  1.1420172E-03   1.000000    
        1677        1814  1.1474267E-03   1.000000    
        1678        1815  1.7114949E-03   1.000000    
        1679        1816  1.4303025E-03   1.000000    
        1680        1818  1.7309346E-03   1.000000    
        1681        1819  1.4576463E-03   1.000000    
        1682        1820  1.3251643E-03   1.000000    
        1683        1821  1.2259833E-03   1.000000    
        1684        1822  1.5632055E-03   1.000000    
        1685        1823  1.0772864E-03   1.000000    
        1686        1824  6.0868589E-04   1.000000    
        1687        1825  6.0604792E-04   1.000000    
        1688        1828  1.2889798E-03   1.000000    
        1689        1829  1.1867079E-03   1.000000    
        1690        1830  1.5115469E-03   1.000000    
        1691        1831  1.0471765E-03   1.000000    
        1692        1832  1.2845433E-03   1.000000    
        1693        1833  1.1978092E-03   1.000000    
        1694        1834  1.0022897E-03   1.000000    
        1695        1835  6.1430089E-04   1.000000    
        1696        1836  6.1565702E-04   1.000000    
        1697        1837  1.2657529E-03   1.000000    
        1698        1838  1.1732078E-03   1.000000    
        1699        1839  9.9006109E-04   1.000000    
        1700        1840  1.5771346E-03   1.000000    
        1701        1841  9.2010788E-04   1.000000    
        1702        1843  1.5504180E-03   1.000000    
        1703        1844  9.0385193E-04   1.000000    
        1704        1845  1.9479647E-03   1.000000    
        1705        1846  1.2100970E-03   1.000000    
        1706        1848  1.9395925E-03   1.000000    
        1707        1849  1.2106565E-03   1.000000    
        1708        1850  2.6599176E-03   1.000000    
        1709        1851  1.6674191E-03   1.000000    
        1710        1852  2.4584876E-03   1.000000    
        1711        1855  2.6856209E-03   1.000000    
        1712        1856  1.6849983E-03   1.000000    
        1713        1857  2.4897666E-03   1.000000    
        1714        1858  2.2022463E-03   1.000000    
        1715        1859  1.3891927E-03   1.000000    
        1716        1860  2.0402540E-03   1.000000    
        1717        1863  2.2232782E-03   1.000000    
        1718        1864  1.4019418E-03   1.000000    
        1719        1865  2.0589111E-03   1.000000    
        1720        1866  1.5604948E-03   1.000000    
        1721        1867  1.4189831E-03   1.000000    
        1722        1868  1.6642554E-03   1.000000    
        1723        1869  1.0578719E-03   1.000000    
        1724        1874  1.5608690E-03   1.000000    
        1725        1875  1.4250294E-03   1.000000    
        1726        1876  1.6710297E-03   1.000000    
        1727        1877  1.0588251E-03   1.000000    
        1728        1878  1.4836303E-03   1.000000    
        1729        1879  1.6174120E-03   1.000000    
        1730        1880  1.3160405E-03   1.000000    
        1731        1883  1.4864780E-03   1.000000    
        1732        1884  1.6210974E-03   1.000000    
        1733        1885  1.3168403E-03   1.000000    
        1734        1886  2.4783802E-03   1.000000    
        1735        1887  2.1701534E-03   1.000000    
        1736        1888  1.7209940E-03   1.000000    
        1737        1890  2.4695692E-03   1.000000    
        1738        1891  2.1305794E-03   1.000000    
        1739        1892  1.7081294E-03   1.000000    
        1740        1893  2.2534006E-03   1.000000    
        1741        1894  1.7095568E-03   1.000000    
        1742        1896  2.2570966E-03   1.000000    
        1743        1897  1.7130523E-03   1.000000    
        1744        1898  1.0234868E-03   1.000000    
        1745        1899  8.0092991E-04   1.000000    
        1746        1900  7.0628693E-04   1.000000    
        1747        1901  7.0949894E-04   1.000000    
        1748        1902  6.2683393E-04   1.000000    
        1749        1903  6.2202499E-04   1.000000    
        1750        1906  1.0341365E-03   1.000000    
        1751        1907  8.0804719E-04   1.000000    
        1752        1908  7.1183062E-04   1.000000    
        1753        1909  7.1831892E-04   1.000000    
        1754        1910  1.6143414E-03   1.000000    
        1755        1911  8.3762436E-04   1.000000    
        1756        1912  9.2830922E-04   1.000000    
        1757        1915  1.6522907E-03   1.000000    
        1758        1916  8.4480690E-04   1.000000    
        1759        1917  9.3654759E-04   1.000000    
        1760        1918  1.3731323E-03   1.000000    
        1761        1919  1.2593201E-03   1.000000    
        1762        1920  5.6787353E-04   1.000000    
        1763        1922  1.3673325E-03   1.000000    
        1764        1923  1.2647335E-03   1.000000    
        1765        1924  5.6902110E-04   1.000000    
        1766        1925  1.0175172E-03   1.000000    
        1767        1926  1.0153314E-03   1.000000    
        1768        1927  1.9152731E-03   1.000000    
        1769        1928  1.8139734E-03   1.000000    
        1770        1929  1.3463692E-03   1.000000    
        1771        1930  1.3428502E-03   1.000000    
        1772        1934  1.9315705E-03   1.000000    
        1773        1935  1.8301380E-03   1.000000    
        1774        1936  1.3601779E-03   1.000000    
        1775        1937  1.3500928E-03   1.000000    
        1776        1938  1.2572325E-03   1.000000    
        1777        1939  1.4649722E-03   1.000000    
        1778        1940  1.1453058E-03   1.000000    
        1779        1941  6.1813620E-04   1.000000    
        1780        1942  6.1643176E-04   1.000000    
        1781        1943  1.2590534E-03   1.000000    
        1782        1944  1.4659343E-03   1.000000    
        1783        1945  1.1520898E-03   1.000000    
        1784        1946  9.5426885E-04   1.000000    
        1785        1947  9.5839571E-04   1.000000    
        1786        1948  1.5497248E-03   1.000000    
        1787        1949  1.5582055E-03   1.000000    
        1788        1950  2.2964824E-03   1.000000    
        1789        1951  1.5133941E-03   1.000000    
        1790        1952  2.1601170E-03   1.000000    
        1791        1955  2.3124279E-03   1.000000    
        1792        1956  1.5285508E-03   1.000000    
        1793        1957  2.1790180E-03   1.000000    
        1794        1958  2.0274825E-03   1.000000    
        1795        1959  1.3512684E-03   1.000000    
        1796        1960  2.0873516E-03   1.000000    
        1797        1963  2.0225309E-03   1.000000    
        1798        1964  1.3521488E-03   1.000000    
        1799        1965  2.0959268E-03   1.000000    
        1800        1966  1.7200231E-03   1.000000    
        1801        1967  1.1429179E-03   1.000000    
        1802        1968  1.4248480E-03   1.000000    
        1803        1971  1.7399663E-03   1.000000    
        1804        1972  1.1548044E-03   1.000000    
        1805        1973  1.4543772E-03   1.000000    
        1806        1974  1.3237473E-03   1.000000    
        1807        1975  1.1417012E-03   1.000000    
        1808        1976  1.1407633E-03   1.000000    
        1809        1977  6.2783522E-04   1.000000    
        1810        1978  6.2825676E-04   1.000000    
        1811        1979  1.3518821E-03   1.000000    
        1812        1980  1.1703493E-03   1.000000    
        1813        1981  1.1696427E-03   1.000000    
        1814        1982  1.3288821E-03   1.000000    
        1815        1983  1.3555768E-03   1.000000    
        1816        1984  1.7159515E-03   1.000000    
        1817        1985  1.1713550E-03   1.000000    
        1818        1986  1.7061735E-03   1.000000    
        1819        1987  1.1076581E-03   1.000000    
        1820        1992  1.6264652E-03   1.000000    
        1821        1993  1.1030314E-03   1.000000    
        1822        1994  1.6210556E-03   1.000000    
        1823        1995  1.0556390E-03   1.000000    
        1824        1996  1.5981853E-03   1.000000    
        1825        1997  1.6186784E-03   1.000000    
        1826        1998  1.0551887E-03   1.000000    
        1827        2001  1.5375752E-03   1.000000    
        1828        2002  1.5555690E-03   1.000000    
        1829        2003  1.0153514E-03   1.000000    
        1830        2004  1.9944680E-03   1.000000    
        1831        2005  1.4142942E-03   1.000000    
        1832        2006  1.3907256E-03   1.000000    
        1833        2009  2.0105480E-03   1.000000    
        1834        2010  1.4278237E-03   1.000000    
        1835        2011  1.3983155E-03   1.000000    
        1836        2012  1.2740638E-03   1.000000    
        1837        2013  1.4749191E-03   1.000000    
        1838        2014  1.1851897E-03   1.000000    
        1839        2015  6.1929459E-04   1.000000    
        1840        2016  6.1908591E-04   1.000000    
        1841        2017  1.2760218E-03   1.000000    
        1842        2018  1.4788649E-03   1.000000    
        1843        2019  1.1926554E-03   1.000000    
        1844        2020  9.7025814E-04   1.000000    
        1845        2021  9.7537233E-04   1.000000    
        1846        2022  2.5876707E-03   1.000000    
        1847        2023  1.6088648E-03   1.000000    
        1848        2024  2.3705261E-03   1.000000    
        1849        2027  2.6080962E-03   1.000000    
        1850        2028  1.6189335E-03   1.000000    
        1851        2029  2.3910124E-03   1.000000    
        1852        2030  1.0308455E-03   1.000000    
        1853        2031  1.3550216E-03   1.000000    
        1854        2032  1.0455210E-03   1.000000    
        1855        2033  1.3631179E-03   1.000000    
        1856        2034  1.3224833E-03   1.000000    
        1857        2035  1.3201957E-03   1.000000    
        1858        2036  1.1981829E-03   1.000000    
        1859        2037  1.8437029E-03   1.000000    
        1860        2038  1.5840359E-03   1.000000    
        1861        2041  1.2044858E-03   1.000000    
        1862        2042  1.8435685E-03   1.000000    
        1863        2043  1.5713701E-03   1.000000    
        1864        2044  1.4427555E-03   1.000000    
        1865        2045  1.3218747E-03   1.000000    
        1866        2046  6.1097491E-04   1.000000    
        1867        2047  1.4263698E-03   1.000000    
        1868        2048  1.3018604E-03   1.000000    
        1869        2049  1.0888461E-03   1.000000    
        1870        2050  1.0314317E-03   1.000000    
        1871        2051  1.6365203E-03   1.000000    
        1872        2052  1.5306146E-03   1.000000    
        1873        2053  1.4774267E-03   1.000000    
        1874        2054  1.4064569E-03   1.000000    
        1875        2055  1.5266110E-03   1.000000    
        1876        2056  1.2723946E-03   1.000000    
        1877        2057  1.1864417E-03   1.000000    
        1878        2060  1.5381315E-03   1.000000    
        1879        2061  1.2839386E-03   1.000000    
        1880        2062  1.1868471E-03   1.000000    
        1881        2063  1.3744467E-03   1.000000    
        1882        2064  1.3708069E-03   1.000000    
        1883        2065  1.4659860E-03   1.000000    
        1884        2066  1.7025647E-03   1.000000    
        1885        2067  1.3815870E-03   1.000000    
        1886        2068  6.1634567E-04   1.000000    
        1887        2069  1.4130733E-03   1.000000    
        1888        2070  1.6055584E-03   1.000000    
        1889        2071  1.3276143E-03   1.000000    
        1890        2072  1.5136577E-03   1.000000    
        1891        2073  1.4843728E-03   1.000000    
        1892        2074  6.2047876E-04   1.000000    
        1893        2075  1.4874442E-03   1.000000    
        1894        2076  1.4570453E-03   1.000000    
        1895        2077  1.8016046E-03   1.000000    
        1896        2078  2.2914729E-03   1.000000    
        1897        2079  1.6385699E-03   1.000000    
        1898        2080  6.3053798E-04   1.000000    
        1899        2082  1.8512313E-03   1.000000    
        1900        2083  2.3439715E-03   1.000000    
        1901        2084  1.6888570E-03   1.000000    
        1902        2085  1.5472117E-03   1.000000    
        1903        2086  1.6512490E-03   1.000000    
        1904        2087  1.4519412E-03   1.000000    
        1905        2090  1.5421363E-03   1.000000    
        1906        2091  1.6330243E-03   1.000000    
        1907        2092  1.4214183E-03   1.000000    
        1908        2093  1.3121066E-03   1.000000    
        1909        2094  1.4719396E-03   1.000000    
        1910        2095  6.0892367E-04   1.000000    
        1911        2096  1.2813635E-03   1.000000    
        1912        2097  1.4370725E-03   1.000000    
        1913        2098  2.2405188E-03   1.000000    
        1914        2099  1.1613213E-03   1.000000    
        1915        2100  6.0991035E-04   1.000000    
        1916        2101  2.2079439E-03   1.000000    
        1917        2102  1.1427550E-03   1.000000    
        1918        2103  2.1556150E-03   1.000000    
        1919        2104  1.8157543E-03   1.000000    
        1920        2105  2.5583198E-03   1.000000    
        1921        2108  2.1701304E-03   1.000000    
        1922        2109  1.8257672E-03   1.000000    
        1923        2110  2.5701011E-03   1.000000    
        1924        2111  1.6287270E-03   1.000000    
        1925        2112  1.6386213E-03   1.000000    
        1926        2113  1.4282285E-03   1.000000    
        1927        2114  1.2953629E-03   1.000000    
        1928        2115  1.1137733E-03   1.000000    
        1929        2118  1.2011376E-03   1.000000    
        1930        2119  1.0758726E-03   1.000000    
        1931        2120  9.2598004E-04   1.000000    
        1932        2121  1.1457392E-03   1.000000    
        1933        2122  1.2024824E-03   1.000000    
        1934        2123  5.5256166E-04   1.000000    
        1935        2124  1.0004279E-03   1.000000    
        1936        2125  9.9366996E-04   1.000000    
        1937        2126  1.7682477E-03   1.000000    
        1938        2127  1.0207705E-03   1.000000    
        1939        2128  5.6210451E-04   1.000000    
        1940        2129  1.5030616E-03   1.000000    
        1941        2130  8.9158339E-04   1.000000    
        1942        2131  1.9055713E-03   1.000000    
        1943        2132  1.5052448E-03   1.000000    
        1944        2133  1.8169106E-03   1.000000    
        1945        2134  1.2484033E-03   1.000000    
        1946        2139  1.8967033E-03   1.000000    
        1947        2140  1.5015100E-03   1.000000    
        1948        2141  1.8188299E-03   1.000000    
        1949        2142  1.2446400E-03   1.000000    
        1950        2143  1.9525550E-03   1.000000    
        1951        2144  1.8481940E-03   1.000000    
        1952        2145  1.2651704E-03   1.000000    
        1953        2148  1.9402298E-03   1.000000    
        1954        2149  1.8505375E-03   1.000000    
        1955        2150  1.2599807E-03   1.000000    
        1956        2151  1.0834818E-03   1.000000    
        1957        2152  9.7987929E-04   1.000000    
        1958        2153  1.0495333E-03   1.000000    
        1959        2154  6.1699282E-04   1.000000    
        1960        2156  1.0682507E-03   1.000000    
        1961        2157  9.5557160E-04   1.000000    
        1962        2158  1.0340307E-03   1.000000    
        1963        2159  2.0249668E-03   1.000000    
        1964        2160  9.9279068E-04   1.000000    
        1965        2161  1.1524754E-03   1.000000    
        1966        2163  6.1968388E-04   1.000000    
        1967        2164  1.9991358E-03   1.000000    
        1968        2165  9.8589296E-04   1.000000    
        1969        2166  1.1269752E-03   1.000000    
        1970        2167  1.6493346E-03   1.000000    
        1971        2168  1.6032601E-03   1.000000    
        1972        2169  1.9573483E-03   1.000000    
        1973        2170  1.2817961E-03   1.000000    
        1974        2171  1.6358268E-03   1.000000    
        1975        2174  1.9528714E-03   1.000000    
        1976        2175  1.2727774E-03   1.000000    
        1977        2176  1.6334519E-03   1.000000    
        1978        2177  1.4570265E-03   1.000000    
        1979        2178  1.3478633E-03   1.000000    
        1980        2179  6.1816536E-04   1.000000    
        1981        2180  1.4561305E-03   1.000000    
        1982        2181  1.3455587E-03   1.000000    
        1983        2182  1.5949114E-03   1.000000    
        1984        2183  1.2567586E-03   1.000000    
        1985        2184  1.2580147E-03   1.000000    
        1986        2185  1.0565188E-03   1.000000    
        1987        2189  1.5960684E-03   1.000000    
        1988        2190  1.2512376E-03   1.000000    
        1989        2191  1.2527040E-03   1.000000    
        1990        2192  1.0610996E-03   1.000000    
        1991        2193  1.1474089E-03   1.000000    
        1992        2194  9.9220907E-04   1.000000    
        1993        2195  1.1882322E-03   1.000000    
        1994        2196  6.1893644E-04   1.000000    
        1995        2197  6.2124489E-04   1.000000    
        1996        2198  1.1528113E-03   1.000000    
        1997        2199  9.9787198E-04   1.000000    
        1998        2200  1.1849725E-03   1.000000    
        1999        2201  1.9559637E-03   1.000000    
        2000        2202  1.0671245E-03   1.000000    
        2001        2203  6.1781716E-04   1.000000    
        2002        2204  1.9477587E-03   1.000000    
        2003        2205  1.0615473E-03   1.000000    
        2004        2206  2.1972379E-03   1.000000    
        2005        2207  1.8387708E-03   1.000000    
        2006        2209  2.2112182E-03   1.000000    
        2007        2210  1.8521957E-03   1.000000    
        2008        2211  2.5068743E-03   1.000000    
        2009        2212  1.5105124E-03   1.000000    
        2010        2213  2.2635462E-03   1.000000    
        2011        2216  2.5157267E-03   1.000000    
        2012        2217  1.5152241E-03   1.000000    
        2013        2218  2.2753852E-03   1.000000    
        2014        2219  2.1112305E-03   1.000000    
        2015        2220  1.3400265E-03   1.000000    
        2016        2221  1.9884100E-03   1.000000    
        2017        2224  2.1262553E-03   1.000000    
        2018        2225  1.3478867E-03   1.000000    
        2019        2226  2.0047000E-03   1.000000    
        2020        2227  1.1983919E-03   1.000000    
        2021        2228  1.2080134E-03   1.000000    
        2022        2229  1.2420673E-03   1.000000    
        2023        2230  1.0560680E-03   1.000000    
        2024        2231  8.8811159E-04   1.000000    
        2025        2232  9.4187807E-04   1.000000    
        2026        2237  1.2388340E-03   1.000000    
        2027        2238  1.0577580E-03   1.000000    
        2028        2239  8.8662578E-04   1.000000    
        2029        2240  9.3566935E-04   1.000000    
        2030        2241  1.4766952E-03   1.000000    
        2031        2242  1.2362956E-03   1.000000    
        2032        2243  1.0513777E-03   1.000000    
        2033        2246  1.4591774E-03   1.000000    
        2034        2247  1.2257010E-03   1.000000    
        2035        2248  1.0441444E-03   1.000000    
        2036        2249  1.1559299E-03   1.000000    
        2037        2250  1.5724337E-03   1.000000    
        2038        2252  1.1549031E-03   1.000000    
        2039        2253  1.5641891E-03   1.000000    
        2040        2254  1.7173181E-03   1.000000    
        2041        2255  1.3920241E-03   1.000000    
        2042        2256  1.1348635E-03   1.000000    
        2043        2259  1.7291342E-03   1.000000    
        2044        2260  1.3894736E-03   1.000000    
        2045        2261  1.1424355E-03   1.000000    
        2046        2262  1.7209823E-03   1.000000    
        2047        2263  1.7316432E-03   1.000000    
        2048        2264  1.4441671E-03   1.000000    
        2049        2267  1.7378179E-03   1.000000    
        2050        2268  1.7420476E-03   1.000000    
        2051        2269  1.4575584E-03   1.000000    
        2052        2270  1.0990120E-03   1.000000    
        2053        2271  1.1926506E-03   1.000000    
        2054        2272  1.0513490E-03   1.000000    
        2055        2273  1.1270317E-03   1.000000    
        2056        2274  1.8301012E-03   1.000000    
        2057        2275  1.7184897E-03   1.000000    
        2058        2276  1.8655006E-03   1.000000    
        2059        2277  1.4373353E-03   1.000000    
        2060        2278  1.9173106E-03   1.000000    
        2061        2279  1.2037696E-03   1.000000    
        2062        2284  1.8866346E-03   1.000000    
        2063        2285  1.4448172E-03   1.000000    
        2064        2286  1.9420595E-03   1.000000    
        2065        2287  1.2113478E-03   1.000000    
        2066        2288  1.8079899E-03   1.000000    
        2067        2289  1.4218766E-03   1.000000    
        2068        2290  1.3003157E-03   1.000000    
        2069        2292  1.8175245E-03   1.000000    
        2070        2293  1.4336670E-03   1.000000    
        2071        2294  1.3013980E-03   1.000000    
        2072        2295  2.0818689E-03   1.000000    
        2073        2296  2.8108978E-03   1.000000    
        2074        2297  2.1990519E-03   1.000000    
        2075        2298  6.1185297E-04   1.000000    
        2076        2300  2.0573363E-03   1.000000    
        2077        2301  2.7981140E-03   1.000000    
        2078        2302  2.1771428E-03   1.000000    
        2079        2303  2.8618728E-03   1.000000    
        2080        2304  1.8218749E-03   1.000000    
        2081        2305  2.5955329E-03   1.000000    
        2082        2308  2.8860501E-03   1.000000    
        2083        2309  1.8342132E-03   1.000000    
        2084        2310  2.6137647E-03   1.000000    
        2085        2311  1.6595990E-03   1.000000    
        2086        2312  2.3962075E-03   1.000000    
        2087        2314  1.6691887E-03   1.000000    
        2088        2315  2.4177381E-03   1.000000    
        2089        2316  1.7844727E-03   1.000000    
        2090        2317  1.7912877E-03   1.000000    
        2091        2318  1.6518917E-03   1.000000    
        2092        2319  1.3845972E-03   1.000000    
        2093        2324  1.7230855E-03   1.000000    
        2094        2325  1.7103599E-03   1.000000    
        2095        2326  1.6016425E-03   1.000000    
        2096        2327  1.3508950E-03   1.000000    
        2097        2328  1.7724275E-03   1.000000    
        2098        2329  1.7006668E-03   1.000000    
        2099        2330  1.4624607E-03   1.000000    
        2100        2333  1.7393987E-03   1.000000    
        2101        2334  1.6640386E-03   1.000000    
        2102        2335  1.4347358E-03   1.000000    
        2103        2336  2.7817588E-03   1.000000    
        2104        2337  1.7269365E-03   1.000000    
        2105        2339  2.7137026E-03   1.000000    
        2106        2340  1.6985456E-03   1.000000    
        2107        2341  1.8107645E-03   1.000000    
        2108        2342  1.7142628E-03   1.000000    
        2109        2343  1.5849145E-03   1.000000    
        2110        2346  1.6527364E-03   1.000000    
        2111        2347  1.6128134E-03   1.000000    
        2112        2348  1.4767537E-03   1.000000    
        2113        2349  1.3876844E-03   1.000000    
        2114        2350  1.4472610E-03   1.000000    
        2115        2351  5.8602222E-04   1.000000    
        2116        2352  1.3131463E-03   1.000000    
        2117        2353  1.3052126E-03   1.000000    
        2118        2354  1.5943291E-03   1.000000    
        2119        2355  2.4001922E-03   1.000000    
        2120        2356  1.4511190E-03   1.000000    
        2121        2357  6.1877834E-04   1.000000    
        2122        2359  1.5860248E-03   1.000000    
        2123        2360  2.3606184E-03   1.000000    
        2124        2361  1.4405390E-03   1.000000    
        2125        2362  1.7810309E-03   1.000000    
        2126        2363  1.4906906E-03   1.000000    
        2127        2364  1.8123819E-03   1.000000    
        2128        2365  1.1873929E-03   1.000000    
        2129        2370  1.7966254E-03   1.000000    
        2130        2371  1.5079452E-03   1.000000    
        2131        2372  1.8271923E-03   1.000000    
        2132        2373  1.2005160E-03   1.000000    
        2133        2374  1.7729874E-03   1.000000    
        2134        2375  1.7802393E-03   1.000000    
        2135        2376  1.1733830E-03   1.000000    
        2136        2379  1.7887520E-03   1.000000    
        2137        2380  1.7928991E-03   1.000000    
        2138        2381  1.1843736E-03   1.000000    
        2139        2382  1.7457588E-03   1.000000    
        2140        2383  1.1785553E-03   1.000000    
        2141        2384  1.4451201E-03   1.000000    
        2142        2385  1.1481247E-03   1.000000    
        2143        2389  1.7554892E-03   1.000000    
        2144        2390  1.1825431E-03   1.000000    
        2145        2391  1.4426908E-03   1.000000    
        2146        2392  1.1534441E-03   1.000000    
        2147        2393  1.7170613E-03   1.000000    
        2148        2394  1.6845886E-03   1.000000    
        2149        2395  1.7296872E-03   1.000000    
        2150        2396  1.6871517E-03   1.000000    
        2151        2397  2.0287500E-03   1.000000    
        2152        2398  1.5161870E-03   1.000000    
        2153        2399  1.6716148E-03   1.000000    
        2154        2402  1.9750060E-03   1.000000    
        2155        2403  1.4712036E-03   1.000000    
        2156        2404  1.6241919E-03   1.000000    
        2157        2405  1.4164080E-03   1.000000    
        2158        2406  1.2670673E-03   1.000000    
        2159        2407  6.0949364E-04   1.000000    
        2160        2408  1.3826806E-03   1.000000    
        2161        2409  1.2383210E-03   1.000000    
        2162        2410  1.5142866E-03   1.000000    
        2163        2411  1.5595481E-03   1.000000    
        2164        2412  1.0461867E-03   1.000000    
        2165        2415  1.4664227E-03   1.000000    
        2166        2416  1.5044750E-03   1.000000    
        2167        2417  1.0104715E-03   1.000000    
        2168        2418  1.9332634E-03   1.000000    
        2169        2419  1.2665255E-03   1.000000    
        2170        2421  1.9166503E-03   1.000000    
        2171        2422  1.2502993E-03   1.000000    
        2172        2423  1.4506179E-03   1.000000    
        2173        2424  9.0422737E-04   1.000000    
        2174        2426  1.4196117E-03   1.000000    
        2175        2427  8.8455930E-04   1.000000    
        2176        2428  1.7497661E-03   1.000000    
        2177        2429  2.1845498E-03   1.000000    
        2178        2430  1.3587723E-03   1.000000    
        2179        2433  1.7260530E-03   1.000000    
        2180        2434  2.1638635E-03   1.000000    
        2181        2435  1.3419173E-03   1.000000    
        2182        2436  1.4496180E-03   1.000000    
        2183        2437  1.2450439E-03   1.000000    
        2184        2439  1.4315582E-03   1.000000    
        2185        2440  1.2321052E-03   1.000000    
        2186        2441  1.9577006E-03   1.000000    
        2187        2442  2.5968789E-03   1.000000    
        2188        2443  2.0776207E-03   1.000000    
        2189        2444  6.1915885E-04   1.000000    
        2190        2446  1.9567555E-03   1.000000    
        2191        2447  2.5910854E-03   1.000000    
        2192        2448  2.0784871E-03   1.000000    
        2193        2449  2.8619487E-03   1.000000    
        2194        2450  1.7966654E-03   1.000000    
        2195        2452  2.8804080E-03   1.000000    
        2196        2453  1.8058759E-03   1.000000    
        2197        2454  1.5851782E-03   1.000000    
        2198        2455  1.4095079E-03   1.000000    
        2199        2456  1.5938360E-03   1.000000    
        2200        2457  1.4066171E-03   1.000000    
        2201        2458  1.2517556E-03   1.000000    
        2202        2459  1.2462597E-03   1.000000    
        2203        2460  2.0097177E-03   1.000000    
        2204        2461  1.2920251E-03   1.000000    
        2205        2462  1.9370266E-03   1.000000    
        2206        2465  2.0154440E-03   1.000000    
        2207        2466  1.2954081E-03   1.000000    
        2208        2467  1.9424274E-03   1.000000    
        2209        2468  1.6126854E-03   1.000000    
        2210        2469  1.6503601E-03   1.000000    
        2211        2470  1.9924750E-03   1.000000    
        2212        2471  1.3125890E-03   1.000000    
        2213        2476  1.5156266E-03   1.000000    
        2214        2477  1.5346548E-03   1.000000    
        2215        2478  1.8634637E-03   1.000000    
        2216        2479  1.2412815E-03   1.000000    
        2217        2480  1.9315112E-03   1.000000    
        2218        2481  2.0048241E-03   1.000000    
        2219        2482  1.3271681E-03   1.000000    
        2220        2485  1.8455369E-03   1.000000    
        2221        2486  1.9125659E-03   1.000000    
        2222        2487  1.2788316E-03   1.000000    
        2223        2488  1.1815043E-03   1.000000    
        2224        2489  1.7571569E-03   1.000000    
        2225        2490  1.1830856E-03   1.000000    
        2226        2493  1.1946729E-03   1.000000    
        2227        2494  1.7770876E-03   1.000000    
        2228        2495  1.1968762E-03   1.000000    
        2229        2496  1.7762225E-03   1.000000    
        2230        2497  1.7897227E-03   1.000000    
        2231        2498  1.2201280E-03   1.000000    
        2232        2499  1.3408946E-03   1.000000    
        2233        2500  9.6311263E-04   1.000000    
        2234        2502  1.2179578E-03   1.000000    
        2235        2503  1.3392180E-03   1.000000    
        2236        2504  9.6413010E-04   1.000000    
        2237        2505  1.1922789E-03   1.000000    
        2238        2506  1.1961675E-03   1.000000    
        2239        2507  1.4936631E-03   1.000000    
        2240        2508  1.4380397E-03   1.000000    
        2241        2509  1.1223223E-03   1.000000    
        2242        2512  1.5082528E-03   1.000000    
        2243        2513  1.4508411E-03   1.000000    
        2244        2514  1.1282281E-03   1.000000    
        2245        2515  1.6889602E-03   1.000000    
        2246        2516  1.3875987E-03   1.000000    
        2247        2518  1.7011125E-03   1.000000    
        2248        2519  1.3900383E-03   1.000000    
        2249        2520  2.3923246E-03   1.000000    
        2250        2521  2.6057200E-03   1.000000    
        2251        2522  1.6150820E-03   1.000000    
        2252        2525  2.4214792E-03   1.000000    
        2253        2526  2.6285462E-03   1.000000    
        2254        2527  1.6344124E-03   1.000000    
        2255        2528  2.1518555E-03   1.000000    
        2256        2529  2.3277192E-03   1.000000    
        2257        2530  1.4296931E-03   1.000000    
        2258        2533  2.1753735E-03   1.000000    
        2259        2534  2.3449238E-03   1.000000    
        2260        2535  1.4462533E-03   1.000000    
        2261        2536  1.7829352E-03   1.000000    
        2262        2537  9.4355806E-04   1.000000    
        2263        2539  1.7438958E-03   1.000000    
        2264        2540  9.3575619E-04   1.000000    
        2265        2541  1.5409385E-03   1.000000    
        2266        2542  1.1136228E-03   1.000000    
        2267        2544  1.5209625E-03   1.000000    
        2268        2545  1.1171940E-03   1.000000    
        2269        2546  1.6232171E-03   1.000000    
        2270        2547  1.0110494E-03   1.000000    
        2271        2548  1.1380919E-03   1.000000    
        2272        2549  1.3242109E-03   1.000000    
        2273        2554  1.6221402E-03   1.000000    
        2274        2555  1.0055270E-03   1.000000    
        2275        2556  1.1302138E-03   1.000000    
        2276        2557  1.3305070E-03   1.000000    
        2277        2558  1.3013062E-03   1.000000    
        2278        2559  1.1459583E-03   1.000000    
        2279        2560  1.0577617E-03   1.000000    
        2280        2561  6.2417792E-04   1.000000    
        2281        2562  6.2600692E-04   1.000000    
        2282        2563  1.3146850E-03   1.000000    
        2283        2564  1.1651366E-03   1.000000    
        2284        2565  1.0655376E-03   1.000000    
        2285        2566  1.5137240E-03   1.000000    
        2286        2567  1.2261738E-03   1.000000    
        2287        2568  1.3737108E-03   1.000000    
        2288        2571  1.4341670E-03   1.000000    
        2289        2572  1.1831319E-03   1.000000    
        2290        2573  1.3076983E-03   1.000000    
        2291        2574  1.2830751E-03   1.000000    
        2292        2575  1.5661343E-03   1.000000    
        2293        2576  6.0356426E-04   1.000000    
        2294        2577  1.2363113E-03   1.000000    
        2295        2578  1.4815404E-03   1.000000    
        2296        2579  1.8529148E-03   1.000000    
        2297        2580  1.2133581E-03   1.000000    
        2298        2582  1.8658462E-03   1.000000    
        2299        2583  1.2257985E-03   1.000000    
        2300        2584  1.3725654E-03   1.000000    
        2301        2585  1.2309471E-03   1.000000    
        2302        2586  1.0376952E-03   1.000000    
        2303        2587  1.0273886E-03   1.000000    
        2304        2592  1.3777340E-03   1.000000    
        2305        2593  1.2358907E-03   1.000000    
        2306        2594  1.0418864E-03   1.000000    
        2307        2595  1.0284531E-03   1.000000    
        2308        2596  1.2800553E-03   1.000000    
        2309        2597  1.2140619E-03   1.000000    
        2310        2598  1.2862135E-03   1.000000    
        2311        2599  1.2195931E-03   1.000000    
        2312        2600  1.7548593E-03   1.000000    
        2313        2601  1.6138157E-03   1.000000    
        2314        2603  1.7629424E-03   1.000000    
        2315        2604  1.6262165E-03   1.000000    
        2316        2605  3.0175180E-03   1.000000    
        2317        2606  1.7722095E-03   1.000000    
        2318        2607  2.6085789E-03   1.000000    
        2319        2610  3.0400194E-03   1.000000    
        2320        2611  1.7827362E-03   1.000000    
        2321        2612  2.6232146E-03   1.000000    
        2322        2613  1.6284529E-03   1.000000    
        2323        2614  2.4409618E-03   1.000000    
        2324        2616  1.6348612E-03   1.000000    
        2325        2617  2.4528506E-03   1.000000    
        2326        2618  1.2811576E-03   1.000000    
        2327        2619  1.9046429E-03   1.000000    
        2328        2620  1.5182007E-03   1.000000    
        2329        2623  1.2930945E-03   1.000000    
        2330        2624  1.9218154E-03   1.000000    
        2331        2625  1.5340688E-03   1.000000    
        2332        2626  1.3689004E-03   1.000000    
        2333        2627  1.5950463E-03   1.000000    
        2334        2628  6.1970938E-04   1.000000    
        2335        2629  1.3776339E-03   1.000000    
        2336        2630  1.6044794E-03   1.000000    
        2337        2631  1.9928226E-03   1.000000    
        2338        2632  1.3150885E-03   1.000000    
        2339        2633  1.9942604E-03   1.000000    
        2340        2635  1.9931141E-03   1.000000    
        2341        2636  1.3199062E-03   1.000000    
        2342        2637  2.0022825E-03   1.000000    
        2343        2638  1.8090390E-03   1.000000    
        2344        2639  1.3513706E-03   1.000000    
        2345        2640  2.2773144E-03   1.000000    
        2346        2641  1.7709589E-03   1.000000    
        2347        2645  1.6495194E-03   1.000000    
        2348        2646  1.2488170E-03   1.000000    
        2349        2647  2.0357009E-03   1.000000    
        2350        2648  1.5639409E-03   1.000000    
        2351        2649  1.3579485E-03   1.000000    
        2352        2650  1.5487280E-03   1.000000    
        2353        2651  1.1934839E-03   1.000000    
        2354        2652  1.3331975E-03   1.000000    
        2355        2653  1.6239447E-03   1.000000    
        2356        2654  2.5524932E-03   1.000000    
        2357        2655  1.4600997E-03   1.000000    
        2358        2656  2.2404515E-03   1.000000    
        2359        2657  1.7840903E-03   1.000000    
        2360        2658  1.9920485E-03   1.000000    
        2361        2659  1.7432587E-03   1.000000    
        2362        2660  1.9304192E-03   1.000000    
        2363        2661  1.8891741E-03   1.000000    
        2364        2662  1.8061214E-03   1.000000    
        2365        2663  1.8004014E-03   1.000000    
        2366        2664  1.1843643E-03   1.000000    
        2367        2665  1.7493101E-03   1.000000    
        2368        2666  1.4718522E-03   1.000000    
        2369        2671  1.8087619E-03   1.000000    
        2370        2672  1.1914877E-03   1.000000    
        2371        2673  1.7645877E-03   1.000000    
        2372        2674  1.4930621E-03   1.000000    
        2373        2675  1.3502976E-03   1.000000    
        2374        2676  1.1961035E-03   1.000000    
        2375        2677  1.1605142E-03   1.000000    
        2376        2678  6.2783854E-04   1.000000    
        2377        2679  6.2660920E-04   1.000000    
        2378        2680  1.3728192E-03   1.000000    
        2379        2681  1.2162123E-03   1.000000    
        2380        2682  1.1856001E-03   1.000000    
        2381        2683  1.7407766E-03   1.000000    
        2382        2684  1.1589781E-03   1.000000    
        2383        2685  1.1476905E-03   1.000000    
        2384        2688  1.7570958E-03   1.000000    
        2385        2689  1.1685583E-03   1.000000    
        2386        2690  1.1575442E-03   1.000000    
        2387        2691  1.7278175E-03   1.000000    
        2388        2692  1.7432395E-03   1.000000    
        2389        2693  1.6080668E-03   1.000000    
        2390        2694  1.4074420E-03   1.000000    
        2391        2696  1.5872453E-03   1.000000    
        2392        2697  1.3981432E-03   1.000000    
        2393        2698  1.4703318E-03   1.000000    
        2394        2699  1.1289569E-03   1.000000    
        2395        2701  1.4562492E-03   1.000000    
        2396        2702  1.1096245E-03   1.000000    
        2397        2703  1.1970639E-03   1.000000    
        2398        2704  1.9192303E-03   1.000000    
        2399        2705  1.2153276E-03   1.000000    
        2400        2707  1.1372990E-03   1.000000    
        2401        2708  1.8488191E-03   1.000000    
        2402        2709  1.1749220E-03   1.000000    
        2403        2710  1.5584819E-03   1.000000    
        2404        2711  1.5266009E-03   1.000000    
        2405        2712  1.6893892E-03   1.000000    
        2406        2713  1.2993296E-03   1.000000    
        2407        2714  1.5530968E-03   1.000000    
        2408        2715  1.2079305E-03   1.000000    
        2409        2716  1.8926705E-03   1.000000    
        2410        2717  1.2375069E-03   1.000000    
        2411        2719  1.7774709E-03   1.000000    
        2412        2720  1.1579189E-03   1.000000    
        2413        2721  1.5954482E-03   1.000000    
        2414        2722  1.5681551E-03   1.000000    
        2415        2723  1.1049930E-03   1.000000    
        2416        2726  1.5532565E-03   1.000000    
        2417        2727  1.5186408E-03   1.000000    
        2418        2728  1.0725701E-03   1.000000    
        2419        2729  1.9065848E-03   1.000000    
        2420        2730  1.2345377E-03   1.000000    
        2421        2732  1.8866081E-03   1.000000    
        2422        2733  1.2169073E-03   1.000000    
        2423        2734  1.4651967E-03   1.000000    
        2424        2735  9.6190034E-04   1.000000    
        2425        2737  1.4245362E-03   1.000000    
        2426        2738  9.3409076E-04   1.000000    
        2427        2739  1.3779566E-03   1.000000    
        2428        2740  1.3840959E-03   1.000000    
        2429        2741  1.1165626E-03   1.000000    
        2430        2742  9.9467055E-04   1.000000    
        2431        2743  1.0809648E-03   1.000000    
        2432        2746  1.1032575E-03   1.000000    
        2433        2747  9.8281505E-04   1.000000    
        2434        2748  1.0643670E-03   1.000000    
        2435        2749  1.2609292E-03   1.000000    
        2436        2750  1.2467499E-03   1.000000    
        2437        2751  1.6751831E-03   1.000000    
        2438        2752  1.6285778E-03   1.000000    
        2439        2754  1.6638109E-03   1.000000    
        2440        2755  1.6187319E-03   1.000000    
        2441        2756  2.9774352E-03   1.000000    
        2442        2757  1.7141248E-03   1.000000    
        2443        2759  2.9851543E-03   1.000000    
        2444        2760  1.7143574E-03   1.000000    
        2445        2761  2.2707665E-03   1.000000    
        2446        2762  1.3433116E-03   1.000000    
        2447        2763  2.0994397E-03   1.000000    
        2448        2766  2.2692885E-03   1.000000    
        2449        2767  1.3416326E-03   1.000000    
        2450        2768  2.1035189E-03   1.000000    
        2451        2769  1.6608849E-03   1.000000    
        2452        2770  1.6783145E-03   1.000000    
        2453        2771  1.9051440E-03   1.000000    
        2454        2772  1.2534541E-03   1.000000    
        2455        2773  1.8991913E-03   1.000000    
        2456        2776  1.9057174E-03   1.000000    
        2457        2777  1.2510587E-03   1.000000    
        2458        2778  1.8997986E-03   1.000000    
        2459        2779  1.3083270E-03   1.000000    
        2460        2780  1.3157702E-03   1.000000    
        2461        2781  1.9598086E-03   1.000000    
        2462        2782  2.0676625E-03   1.000000    
        2463        2783  1.3598836E-03   1.000000    
        2464        2786  1.9042289E-03   1.000000    
        2465        2787  2.0120367E-03   1.000000    
        2466        2788  1.3335284E-03   1.000000    
        2467        2789  1.8299842E-03   1.000000    
        2468        2790  1.2885587E-03   1.000000    
        2469        2791  1.6513250E-03   1.000000    
        2470        2792  1.1649298E-03   1.000000    
        2471        2796  1.8273429E-03   1.000000    
        2472        2797  1.2839192E-03   1.000000    
        2473        2798  1.6525780E-03   1.000000    
        2474        2799  1.1686195E-03   1.000000    
        2475        2800  1.7768549E-03   1.000000    
        2476        2801  1.6643077E-03   1.000000    
        2477        2802  1.1515719E-03   1.000000    
        2478        2805  1.7865030E-03   1.000000    
        2479        2806  1.6701942E-03   1.000000    
        2480        2807  1.1583411E-03   1.000000    
        2481        2808  1.3718855E-03   1.000000    
        2482        2809  9.7395910E-04   1.000000    
        2483        2810  1.5075143E-03   1.000000    
        2484        2813  1.3614378E-03   1.000000    
        2485        2814  9.6763659E-04   1.000000    
        2486        2815  1.4882390E-03   1.000000    
        2487        2816  2.0108817E-03   1.000000    
        2488        2817  1.3114230E-03   1.000000    
        2489        2818  1.7502812E-03   1.000000    
        2490        2821  1.9754774E-03   1.000000    
        2491        2822  1.2903673E-03   1.000000    
        2492        2823  1.7240767E-03   1.000000    
        2493        2824  2.3815618E-03   1.000000    
        2494        2825  1.4496871E-03   1.000000    
        2495        2827  2.3501075E-03   1.000000    
        2496        2828  1.4225150E-03   1.000000    
        2497        2829  1.0340695E-03   1.000000    
        2498        2830  1.0356710E-03   1.000000    
        2499        2831  1.0900017E-03   1.000000    
        2500        2832  1.0902180E-03   1.000000    
        2501        2833  1.4598784E-03   1.000000    
        2502        2834  1.1554415E-03   1.000000    
        2503        2836  1.4749576E-03   1.000000    
        2504        2837  1.1669992E-03   1.000000    
        2505        2838  1.7163348E-03   1.000000    
        2506        2839  1.4358624E-03   1.000000    
        2507        2841  1.7347611E-03   1.000000    
        2508        2842  1.4517524E-03   1.000000    
        2509        2843  1.1547529E-03   1.000000    
        2510        2844  1.1693434E-03   1.000000    
        2511        2845  1.1669095E-03   1.000000    
        2512        2846  1.1778183E-03   1.000000    
        2513        2847  1.4709001E-03   1.000000    
        2514        2848  1.2066150E-03   1.000000    
        2515        2850  1.4774764E-03   1.000000    
        2516        2851  1.2093087E-03   1.000000    
        2517        2852  2.0950048E-03   1.000000    
        2518        2853  1.5233327E-03   1.000000    
        2519        2854  1.6661230E-03   1.000000    
        2520        2856  2.1159186E-03   1.000000    
        2521        2857  1.5317888E-03   1.000000    
        2522        2858  1.6831395E-03   1.000000    
        2523        2859  1.8241953E-03   1.000000    
        2524        2860  1.2553697E-03   1.000000    
        2525        2861  1.8455287E-03   1.000000    
        2526        2862  1.2699253E-03   1.000000    
        2527        2863  1.7992033E-03   1.000000    
        2528        2864  1.2486808E-03   1.000000    
        2529        2866  1.7425820E-03   1.000000    
        2530        2867  1.2161133E-03   1.000000    
        2531        2868  1.9940163E-03   1.000000    
        2532        2869  1.4295662E-03   1.000000    
        2533        2871  1.9476006E-03   1.000000    
        2534        2872  1.4044713E-03   1.000000    
        2535        2873  1.1827159E-03   1.000000    
        2536        2874  1.0350776E-03   1.000000    
        2537        2875  6.1651279E-04   1.000000    
        2538        2876  1.1903057E-03   1.000000    
        2539        2877  1.0304257E-03   1.000000    
        2540        2878  1.2521531E-03   1.000000    
        2541        2879  1.3392535E-03   1.000000    
        2542        2880  1.0464827E-03   1.000000    
        2543        2881  6.2176102E-04   1.000000    
        2544        2883  1.2578983E-03   1.000000    
        2545        2884  1.3371520E-03   1.000000    
        2546        2885  1.0449653E-03   1.000000    
        2547        2886  1.3188635E-03   1.000000    
        2548        2887  1.3167297E-03   1.000000    
        2549        2888  1.2432350E-03   1.000000    
        2550        2889  6.1874744E-04   1.000000    
        2551        2891  1.3152488E-03   1.000000    
        2552        2892  1.3027466E-03   1.000000    
        2553        2893  1.2276779E-03   1.000000    
        2554        2894  1.0076518E-03   1.000000    
        2555        2895  9.7580231E-04   1.000000    
        2556        2896  1.9323520E-03   1.000000    
        2557        2897  1.2951497E-03   1.000000    
        2558        2899  1.8871279E-03   1.000000    
        2559        2900  1.2759174E-03   1.000000    
        2560        2901  1.7919241E-03   1.000000    
        2561        2902  1.1486623E-03   1.000000    
        2562        2904  1.8143789E-03   1.000000    
        2563        2905  1.1609901E-03   1.000000    
        2564        2906  1.8168960E-03   1.000000    
        2565        2907  1.8224932E-03   1.000000    
        2566        2908  2.1402987E-03   1.000000    
        2567        2909  1.5436427E-03   1.000000    
        2568        2910  1.4876262E-03   1.000000    
        2569        2913  2.1626148E-03   1.000000    
        2570        2914  1.5521711E-03   1.000000    
        2571        2915  1.4953117E-03   1.000000    
        2572        2916  1.3265621E-03   1.000000    
        2573        2917  1.5139056E-03   1.000000    
        2574        2918  1.2930136E-03   1.000000    
        2575        2919  6.1620172E-04   1.000000    
        2576        2920  6.1739236E-04   1.000000    
        2577        2921  1.3269883E-03   1.000000    
        2578        2922  1.5204091E-03   1.000000    
        2579        2923  1.2906507E-03   1.000000    
        2580        2924  1.0252458E-03   1.000000    
        2581        2925  1.0219926E-03   1.000000    
        2582        2926  2.8069485E-03   1.000000    
        2583        2927  1.4769575E-03   1.000000    
        2584        2928  2.4268704E-03   1.000000    
        2585        2930  2.8278052E-03   1.000000    
        2586        2931  1.4835924E-03   1.000000    
        2587        2932  2.4369466E-03   1.000000    
        2588        2933  1.4901065E-03   1.000000    
        2589        2934  2.3865700E-03   1.000000    
        2590        2936  1.4939017E-03   1.000000    
        2591        2937  2.3973647E-03   1.000000    
        2592        2938  1.5769806E-03   1.000000    
        2593        2939  2.2768311E-03   1.000000    
        2594        2941  1.5896485E-03   1.000000    
        2595        2942  2.3003540E-03   1.000000    
        2596        2943  1.3716148E-03   1.000000    
        2597        2944  1.3818449E-03   1.000000    
        2598        2945  1.9726811E-03   1.000000    
        2599        2946  1.3026177E-03   1.000000    
        2600        2948  1.9822093E-03   1.000000    
        2601        2949  1.3090902E-03   1.000000    
        2602        2950  1.5336457E-03   1.000000    
        2603        2951  2.0936953E-03   1.000000    
        2604        2952  1.3291193E-03   1.000000    
        2605        2955  1.4113667E-03   1.000000    
        2606        2956  1.9421929E-03   1.000000    
        2607        2957  1.1934601E-03   1.000000    
        2608        2958  1.5106754E-03   1.000000    
        2609        2959  1.3606221E-03   1.000000    
        2610        2960  2.1518683E-03   1.000000    
        2611        2961  1.8627605E-03   1.000000    
        2612        2962  1.3057849E-03   1.000000    
        2613        2963  1.9757466E-03   1.000000    
        2614        2964  1.7186633E-03   1.000000    
        2615        2967  1.2785872E-03   1.000000    
        2616        2968  1.9399713E-03   1.000000    
        2617        2969  1.6961008E-03   1.000000    
        2618        2970  1.4758579E-03   1.000000    
        2619        2971  1.3209214E-03   1.000000    
        2620        2972  6.2075933E-04   1.000000    
        2621        2973  1.4702015E-03   1.000000    
        2622        2974  1.3177831E-03   1.000000    
        2623        2975  1.8565634E-03   1.000000    
        2624        2976  1.2100488E-03   1.000000    
        2625        2977  1.7921872E-03   1.000000    
        2626        2978  1.2066975E-03   1.000000    
        2627        2982  1.8579718E-03   1.000000    
        2628        2983  1.2176908E-03   1.000000    
        2629        2984  1.8047843E-03   1.000000    
        2630        2985  1.2137309E-03   1.000000    
        2631        2986  1.8344324E-03   1.000000    
        2632        2987  1.7770405E-03   1.000000    
        2633        2988  1.1945666E-03   1.000000    
        2634        2991  1.8359988E-03   1.000000    
        2635        2992  1.7906158E-03   1.000000    
        2636        2993  1.2009658E-03   1.000000    
        2637        2994  1.8105094E-03   1.000000    
        2638        2995  1.7608299E-03   1.000000    
        2639        2996  1.8157538E-03   1.000000    
        2640        2997  1.7738135E-03   1.000000    
        2641        2998  1.7594752E-03   1.000000    
        2642        2999  1.7732270E-03   1.000000    
        2643        3000  2.1898360E-03   1.000000    
        2644        3001  1.2645441E-03   1.000000    
        2645        3002  1.1236642E-03   1.000000    
        2646        3003  1.2337128E-03   1.000000    
        2647        3007  2.0920583E-03   1.000000    
        2648        3008  1.2052411E-03   1.000000    
        2649        3009  1.0574086E-03   1.000000    
        2650        3010  1.1574598E-03   1.000000    
        2651        3011  1.3146866E-03   1.000000    
        2652        3012  1.3533406E-03   1.000000    
        2653        3013  1.0360362E-03   1.000000    
        2654        3016  1.2519854E-03   1.000000    
        2655        3017  1.2682652E-03   1.000000    
        2656        3018  9.7637187E-04   1.000000    
        2657        3019  1.1948735E-03   1.000000    
        2658        3020  1.1518606E-03   1.000000    
        2659        3021  2.0308441E-03   1.000000    
        2660        3022  1.2227450E-03   1.000000    
        2661        3023  1.9794605E-03   1.000000    
        2662        3024  6.1961467E-04   1.000000    
        2663        3025  1.9916685E-03   1.000000    
        2664        3026  1.2145062E-03   1.000000    
        2665        3027  1.9323621E-03   1.000000    
        2666        3028  1.8003330E-03   1.000000    
        2667        3029  1.6950982E-03   1.000000    
        2668        3030  1.8494987E-03   1.000000    
        2669        3031  1.1628076E-03   1.000000    
        2670        3033  1.8286429E-03   1.000000    
        2671        3034  1.1444485E-03   1.000000    
        2672        3035  1.5227770E-03   1.000000    
        2673        3036  9.6846692E-04   1.000000    
        2674        3037  1.1864119E-03   1.000000    
        2675        3040  1.4948610E-03   1.000000    
        2676        3041  9.5442170E-04   1.000000    
        2677        3042  1.1548883E-03   1.000000    
        2678        3043  1.4584078E-03   1.000000    
        2679        3044  1.0013335E-03   1.000000    
        2680        3046  1.4114686E-03   1.000000    
        2681        3047  9.7003969E-04   1.000000    
        2682        3048  1.6583501E-03   1.000000    
        2683        3049  1.6481954E-03   1.000000    
        2684        3050  2.1523829E-03   1.000000    
        2685        3051  1.5550391E-03   1.000000    
        2686        3052  1.4969782E-03   1.000000    
        2687        3055  2.1641760E-03   1.000000    
        2688        3056  1.5612908E-03   1.000000    
        2689        3057  1.5046988E-03   1.000000    
        2690        3058  1.3297232E-03   1.000000    
        2691        3059  1.5176053E-03   1.000000    
        2692        3060  1.2964798E-03   1.000000    
        2693        3061  6.1932200E-04   1.000000    
        2694        3062  6.1936968E-04   1.000000    
        2695        3063  1.3330538E-03   1.000000    
        2696        3064  1.5250051E-03   1.000000    
        2697        3065  1.3005647E-03   1.000000    
        2698        3066  1.0270382E-03   1.000000    
        2699        3067  1.0293472E-03   1.000000    
        2700        3068  2.7796729E-03   1.000000    
        2701        3069  1.3999088E-03   1.000000    
        2702        3070  2.7702178E-03   1.000000    
        2703        3071  1.3944944E-03   1.000000    
        2704        3072  1.7311096E-03   1.000000    
        2705        3073  1.1716939E-03   1.000000    
        2706        3074  1.8252897E-03   1.000000    
        2707        3075  1.2296800E-03   1.000000    
        2708        3079  1.7125233E-03   1.000000    
        2709        3080  1.1533555E-03   1.000000    
        2710        3081  1.8099884E-03   1.000000    
        2711        3082  1.2222199E-03   1.000000    
        2712        3083  1.8897274E-03   1.000000    
        2713        3084  1.3175883E-03   1.000000    
        2714        3085  1.8844263E-03   1.000000    
        2715        3086  1.3183785E-03   1.000000    
        2716        3087  1.5604838E-03   1.000000    
        2717        3088  1.5775056E-03   1.000000    
        2718        3089  1.2305778E-03   1.000000    
        2719        3090  1.8849021E-03   1.000000    
        2720        3092  1.2150069E-03   1.000000    
        2721        3093  1.8773378E-03   1.000000    
        2722        3094  1.3169654E-03   1.000000    
        2723        3095  1.9120859E-03   1.000000    
        2724        3097  1.3271229E-03   1.000000    
        2725        3098  1.9259714E-03   1.000000    
        2726        3099  1.9938864E-03   1.000000    
        2727        3100  2.2256128E-03   1.000000    
        2728        3101  1.3635531E-03   1.000000    
        2729        3104  1.9675284E-03   1.000000    
        2730        3105  2.1993271E-03   1.000000    
        2731        3106  1.3535781E-03   1.000000    
        2732        3107  1.2326594E-03   1.000000    
        2733        3108  1.8087509E-03   1.000000    
        2734        3110  1.2401399E-03   1.000000    
        2735        3111  1.8236416E-03   1.000000    
        2736        3112  1.8000869E-03   1.000000    
        2737        3113  1.1640331E-03   1.000000    
        2738        3114  1.7298918E-03   1.000000    
        2739        3115  1.1762547E-03   1.000000    
        2740        3119  1.8070941E-03   1.000000    
        2741        3120  1.1683118E-03   1.000000    
        2742        3121  1.7376374E-03   1.000000    
        2743        3122  1.1830321E-03   1.000000    
        2744        3123  1.7470921E-03   1.000000    
        2745        3124  1.7647166E-03   1.000000    
        2746        3125  1.2615329E-03   1.000000    
        2747        3126  1.2572854E-03   1.000000    
        2748        3127  1.7010636E-03   1.000000    
        2749        3128  1.1253797E-03   1.000000    
        2750        3129  1.7056962E-03   1.000000    
        2751        3130  1.1290933E-03   1.000000    
        2752        3131  1.4198809E-03   1.000000    
        2753        3132  1.1431091E-03   1.000000    
        2754        3133  1.4312599E-03   1.000000    
        2755        3134  1.1531527E-03   1.000000    
        2756        3135  1.7907746E-03   1.000000    
        2757        3136  1.4220572E-03   1.000000    
        2758        3138  1.7831436E-03   1.000000    
        2759        3139  1.4146254E-03   1.000000    
        2760        3140  1.4434014E-03   1.000000    
        2761        3141  1.4138269E-03   1.000000    
        2762        3142  1.6116671E-03   1.000000    
        2763        3143  1.6182505E-03   1.000000    
        2764        3144  1.3170958E-03   1.000000    
        2765        3145  1.2055412E-03   1.000000    
        2766        3146  6.0941314E-04   1.000000    
        2767        3147  1.3011385E-03   1.000000    
        2768        3148  1.1779525E-03   1.000000    
        2769        3149  1.6532901E-03   1.000000    
        2770        3150  1.1434893E-03   1.000000    
        2771        3151  1.4824275E-03   1.000000    
        2772        3154  1.6461700E-03   1.000000    
        2773        3155  1.1331564E-03   1.000000    
        2774        3156  1.4680271E-03   1.000000    
        2775        3157  2.0889561E-03   1.000000    
        2776        3158  1.3674612E-03   1.000000    
        2777        3159  2.0507146E-03   1.000000    
        2778        3160  1.3836494E-03   1.000000    
        2779        3165  1.9805455E-03   1.000000    
        2780        3166  1.2736572E-03   1.000000    
        2781        3167  1.8824664E-03   1.000000    
        2782        3168  1.2950210E-03   1.000000    
        2783        3169  2.1407772E-03   1.000000    
        2784        3170  2.0552184E-03   1.000000    
        2785        3171  1.3823359E-03   1.000000    
        2786        3174  2.0411925E-03   1.000000    
        2787        3175  1.8950157E-03   1.000000    
        2788        3176  1.2984551E-03   1.000000    
        2789        3177  2.3269763E-03   1.000000    
        2790        3178  1.2976213E-03   1.000000    
        2791        3179  8.2841620E-04   1.000000    
        2792        3182  2.3538931E-03   1.000000    
        2793        3183  1.3148247E-03   1.000000    
        2794        3184  8.4315985E-04   1.000000    
        2795        3185  1.1029723E-03   1.000000    
        2796        3186  1.1515053E-03   1.000000    
        2797        3188  1.1166431E-03   1.000000    
        2798        3189  1.1629898E-03   1.000000    
        2799        3190  1.0272330E-03   1.000000    
        2800        3191  1.0357803E-03   1.000000    
        2801        3192  2.0201020E-03   1.000000    
        2802        3193  2.0359440E-03   1.000000    
        2803        3194  1.8566456E-03   1.000000    
        2804        3195  3.1508796E-03   1.000000    
        2805        3196  1.4979854E-03   1.000000    
        2806        3197  6.1445642E-04   1.000000    
        2807        3199  1.8426984E-03   1.000000    
        2808        3200  3.1497271E-03   1.000000    
        2809        3201  1.4926611E-03   1.000000    
        2810        3202  2.2471489E-03   1.000000    
        2811        3203  2.2670841E-03   1.000000    
        2812        3204  2.2579641E-03   1.000000    
        2813        3205  2.0787949E-03   1.000000    
        2814        3207  2.2847957E-03   1.000000    
        2815        3208  2.0973347E-03   1.000000    
        2816        3209  1.1617193E-03   1.000000    
        2817        3210  2.0040818E-03   1.000000    
        2818        3212  1.1663353E-03   1.000000    
        2819        3213  2.0090933E-03   1.000000    
        2820        3214  1.3217905E-03   1.000000    
        2821        3215  2.1586039E-03   1.000000    
        2822        3217  1.3242773E-03   1.000000    
        2823        3218  2.1652512E-03   1.000000    
        2824        3219  1.6098798E-03   1.000000    
        2825        3220  2.3893008E-03   1.000000    
        2826        3222  1.6187723E-03   1.000000    
        2827        3223  2.3991547E-03   1.000000    
        2828        3224  1.4506010E-03   1.000000    
        2829        3225  1.4639080E-03   1.000000    
        2830        3226  1.3539006E-03   1.000000    
        2831        3227  1.3821329E-03   1.000000    
        2832        3229  1.2627364E-03   1.000000    
        2833        3230  1.2962018E-03   1.000000    
        2834        3231  1.6855448E-03   1.000000    
        2835        3232  1.6277311E-03   1.000000    
        2836        3233  1.5919479E-03   1.000000    
        2837        3234  1.5460198E-03   1.000000    
        2838        3235  2.4529586E-03   1.000000    
        2839        3236  2.3402981E-03   1.000000    
        2840        3237  1.6747194E-03   1.000000    
        2841        3238  1.5954926E-03   1.000000    
        2842        3239  1.3278408E-03   1.000000    
        2843        3242  1.6657789E-03   1.000000    
        2844        3243  1.5857158E-03   1.000000    
        2845        3244  1.3173891E-03   1.000000    
        2846        3245  2.1182320E-03   1.000000    
        2847        3246  1.3584911E-03   1.000000    
        2848        3248  2.1011694E-03   1.000000    
        2849        3249  1.3451268E-03   1.000000    
        2850        3250  1.4458980E-03   1.000000    
        2851        3251  1.7760320E-03   1.000000    
        2852        3252  1.1999366E-03   1.000000    
        2853        3255  1.4510336E-03   1.000000    
        2854        3256  1.7857713E-03   1.000000    
        2855        3257  1.2065100E-03   1.000000    
        2856        3258  1.7926054E-03   1.000000    
        2857        3259  1.8044278E-03   1.000000    
        2858        3260  1.3237260E-03   1.000000    
        2859        3261  1.2911507E-03   1.000000    
        2860        3262  1.4848202E-03   1.000000    
        2861        3263  1.4495392E-03   1.000000    
        2862        3264  2.0999012E-03   1.000000    
        2863        3265  1.4332409E-03   1.000000    
        2864        3266  2.0864448E-03   1.000000    
        2865        3269  2.0122612E-03   1.000000    
        2866        3270  1.3467922E-03   1.000000    
        2867        3271  1.9723584E-03   1.000000    
        2868        3272  1.3918777E-03   1.000000    
        2869        3273  1.3738370E-03   1.000000    
        2870        3274  1.8091539E-03   1.000000    
        2871        3275  1.6408039E-03   1.000000    
        2872        3276  1.1764292E-03   1.000000    
        2873        3279  1.7732817E-03   1.000000    
        2874        3280  1.6000347E-03   1.000000    
        2875        3281  1.1510743E-03   1.000000    
        2876        3282  2.4073739E-03   1.000000    
        2877        3283  1.3374467E-03   1.000000    
        2878        3284  8.5759035E-04   1.000000    
        2879        3287  2.3961952E-03   1.000000    
        2880        3288  1.3340238E-03   1.000000    
        2881        3289  8.4972905E-04   1.000000    
        2882        3290  1.0999845E-03   1.000000    
        2883        3291  1.1081175E-03   1.000000    
        2884        3293  1.0957426E-03   1.000000    
        2885        3294  1.1001419E-03   1.000000    
        2886        3295  9.9344109E-04   1.000000    
        2887        3296  9.9363364E-04   1.000000    
        2888        3297  2.0001882E-03   1.000000    
        2889        3298  2.0045070E-03   1.000000    
        2890        3299  1.8120548E-03   1.000000    
        2891        3300  3.0775149E-03   1.000000    
        2892        3301  1.4573075E-03   1.000000    
        2893        3302  6.1885244E-04   1.000000    
        2894        3304  1.8145872E-03   1.000000    
        2895        3305  3.0829092E-03   1.000000    
        2896        3306  1.4585183E-03   1.000000    
        2897        3307  2.2598184E-03   1.000000    
        2898        3308  2.2583681E-03   1.000000    
        2899        3309  2.2539350E-03   1.000000    
        2900        3310  2.0746968E-03   1.000000    
        2901        3312  2.2632182E-03   1.000000    
        2902        3313  2.0828645E-03   1.000000    
        2903        3314  1.0610776E-03   1.000000    
        2904        3315  1.8284331E-03   1.000000    
        2905        3317  1.0528050E-03   1.000000    
        2906        3318  1.8195155E-03   1.000000    
        2907        3319  1.1732660E-03   1.000000    
        2908        3320  1.1645399E-03   1.000000    
        2909        3321  1.4108134E-03   1.000000    
        2910        3322  1.4166812E-03   1.000000    
        2911        3323  1.4884630E-03   1.000000    
        2912        3324  1.4997952E-03   1.000000    
        2913        3325  1.5423929E-03   1.000000    
        2914        3326  1.5713694E-03   1.000000    
        2915        3327  1.2660749E-03   1.000000    
        2916        3330  1.4745020E-03   1.000000    
        2917        3331  1.4912260E-03   1.000000    
        2918        3332  1.2198227E-03   1.000000    
        2919        3333  1.8601171E-03   1.000000    
        2920        3334  1.2784032E-03   1.000000    
        2921        3336  1.8046041E-03   1.000000    
        2922        3337  1.2497843E-03   1.000000    
        2923        3338  1.2994317E-03   1.000000    
        2924        3339  1.9035339E-03   1.000000    
        2925        3341  1.3100564E-03   1.000000    
        2926        3342  1.9161908E-03   1.000000    
        2927        3343  1.8797045E-03   1.000000    
        2928        3344  1.2169259E-03   1.000000    
        2929        3345  1.7814212E-03   1.000000    
        2930        3346  1.2247676E-03   1.000000    
        2931        3348  1.8950661E-03   1.000000    
        2932        3349  1.2246936E-03   1.000000    
        2933        3350  1.7932518E-03   1.000000    
        2934        3351  1.2328980E-03   1.000000    
        2935        3352  1.4417708E-03   1.000000    
        2936        3353  1.4582300E-03   1.000000    
        2937        3354  1.4606890E-03   1.000000    
        2938        3355  1.3380857E-03   1.000000    
        2939        3356  1.9148957E-03   1.000000    
        2940        3357  1.3140027E-03   1.000000    
        2941        3358  6.0722220E-04   1.000000    
        2942        3359  6.0761056E-04   1.000000    
        2943        3362  1.4246430E-03   1.000000    
        2944        3363  1.3065792E-03   1.000000    
        2945        3364  1.8740752E-03   1.000000    
        2946        3365  1.2725662E-03   1.000000    
        2947        3366  1.4401941E-03   1.000000    
        2948        3367  1.8610434E-03   1.000000    
        2949        3368  1.4033241E-03   1.000000    
        2950        3369  1.8061098E-03   1.000000    
        2951        3370  1.9678930E-03   1.000000    
        2952        3371  1.6023702E-03   1.000000    
        2953        3373  1.9901174E-03   1.000000    
        2954        3374  1.6213377E-03   1.000000    
        2955        3375  1.2814102E-03   1.000000    
        2956        3376  1.0011732E-03   1.000000    
        2957        3377  1.3941426E-03   1.000000    
        2958        3378  1.0708594E-03   1.000000    
        2959        3379  6.0966576E-04   1.000000    
        2960        3380  6.1375427E-04   1.000000    
        2961        3381  6.1468803E-04   1.000000    
        2962        3383  1.2644361E-03   1.000000    
        2963        3384  9.8973117E-04   1.000000    
        2964        3385  1.3697441E-03   1.000000    
        2965        3386  1.0452358E-03   1.000000    
        2966        3387  1.3202731E-03   1.000000    
        2967        3388  1.3214917E-03   1.000000    
        2968        3389  1.2114515E-03   1.000000    
        2969        3390  6.0720870E-04   1.000000    
        2970        3392  1.2896390E-03   1.000000    
        2971        3393  1.2849303E-03   1.000000    
        2972        3394  1.1753167E-03   1.000000    
        2973        3395  1.5505414E-03   1.000000    
        2974        3396  9.9955243E-04   1.000000    
        2975        3397  1.1075117E-03   1.000000    
        2976        3400  1.5154597E-03   1.000000    
        2977        3401  9.8511693E-04   1.000000    
        2978        3402  1.0886479E-03   1.000000    
        2979        3403  1.2644143E-03   1.000000    
        2980        3404  9.4325090E-04   1.000000    
        2981        3405  1.2449451E-03   1.000000    
        2982        3406  9.3375030E-04   1.000000    
        2983        3407  1.4546401E-03   1.000000    
        2984        3408  2.1440824E-03   1.000000    
        2985        3409  1.3527195E-03   1.000000    
        2986        3410  6.1597722E-04   1.000000    
        2987        3412  1.4375441E-03   1.000000    
        2988        3413  2.0957519E-03   1.000000    
        2989        3414  1.3261078E-03   1.000000    
        2990        3415  2.1013096E-03   1.000000    
        2991        3416  2.0043945E-03   1.000000    
        2992        3417  1.6956568E-03   1.000000    
        2993        3420  2.0035515E-03   1.000000    
        2994        3421  1.8480798E-03   1.000000    
        2995        3422  1.6131861E-03   1.000000    
        2996        3423  9.9390873E-04   1.000000    
        2997        3424  9.6999767E-04   1.000000    
        2998        3425  1.9026696E-03   1.000000    
        2999        3426  1.2580340E-03   1.000000    
        3000        3428  1.8904214E-03   1.000000    
        3001        3429  1.2584334E-03   1.000000    
        3002        3430  1.6603952E-03   1.000000    
        3003        3431  1.0268072E-03   1.000000    
        3004        3433  1.6731428E-03   1.000000    
        3005        3434  1.0328258E-03   1.000000    
        3006        3435  2.1082021E-03   1.000000    
        3007        3436  1.4795245E-03   1.000000    
        3008        3437  1.3900062E-03   1.000000    
        3009        3439  2.1302546E-03   1.000000    
        3010        3440  1.4954634E-03   1.000000    
        3011        3441  1.3994272E-03   1.000000    
        3012        3442  1.3130000E-03   1.000000    
        3013        3443  1.2707383E-03   1.000000    
        3014        3444  6.1682588E-04   1.000000    
        3015        3445  1.3127618E-03   1.000000    
        3016        3446  1.2740330E-03   1.000000    
        3017        3447  1.0374567E-03   1.000000    
        3018        3448  1.0395950E-03   1.000000    
        3019        3449  3.4221814E-03   1.000000    
        3020        3450  3.4454195E-03   1.000000    
        3021        3451  1.3916945E-03   1.000000    
        3022        3452  1.7794057E-03   1.000000    
        3023        3454  1.3969230E-03   1.000000    
        3024        3455  1.7856186E-03   1.000000    
        3025        3456  1.5562730E-03   1.000000    
        3026        3457  1.9618799E-03   1.000000    
        3027        3459  1.5577812E-03   1.000000    
        3028        3460  1.9673212E-03   1.000000    
        3029        3461  1.5618840E-03   1.000000    
        3030        3462  2.5465626E-03   1.000000    
        3031        3464  1.5697842E-03   1.000000    
        3032        3465  2.5540313E-03   1.000000    
        3033        3466  1.5357850E-03   1.000000    
        3034        3467  1.5455205E-03   1.000000    
        3035        3468  1.9997754E-03   1.000000    
        3036        3469  1.1162681E-03   1.000000    
        3037        3470  6.1925029E-04   1.000000    
        3038        3471  2.0060109E-03   1.000000    
        3039        3472  1.1191756E-03   1.000000    
        3040        3473  2.8745569E-03   1.000000    
        3041        3474  2.2971621E-03   1.000000    
        3042        3475  2.2496306E-03   1.000000    
        3043        3478  2.7702975E-03   1.000000    
        3044        3479  2.2228337E-03   1.000000    
        3045        3480  2.1217552E-03   1.000000    
        3046        3481  1.5606842E-03   1.000000    
        3047        3482  1.4636654E-03   1.000000    
        3048        3483  1.9433380E-03   1.000000    
        3049        3484  1.7817251E-03   1.000000    
        3050        3485  1.5263252E-03   1.000000    
        3051        3488  1.9190942E-03   1.000000    
        3052        3489  1.7729705E-03   1.000000    
        3053        3490  1.5106475E-03   1.000000    
        3054        3491  2.2043486E-03   1.000000    
        3055        3492  2.1881021E-03   1.000000    
        3056        3493  1.4921936E-03   1.000000    
        3057        3495  2.1625594E-03   1.000000    
        3058        3496  2.1614726E-03   1.000000    
        3059        3497  1.4714375E-03   1.000000    
        3060        3498  1.2879755E-03   1.000000    
        3061        3499  1.8988631E-03   1.000000    
        3062        3501  1.2669296E-03   1.000000    
        3063        3502  1.8698589E-03   1.000000    
        3064        3503  1.2699234E-03   1.000000    
        3065        3504  1.8728419E-03   1.000000    
        3066        3505  1.5995010E-03   1.000000    
        3067        3508  1.2542345E-03   1.000000    
        3068        3509  1.8625675E-03   1.000000    
        3069        3510  1.5939247E-03   1.000000    
        3070        3511  1.4198872E-03   1.000000    
        3071        3512  1.2446365E-03   1.000000    
        3072        3513  6.2444026E-04   1.000000    
        3073        3514  1.4259586E-03   1.000000    
        3074        3515  1.2549837E-03   1.000000    
        3075        3516  1.2228558E-03   1.000000    
        3076        3517  1.5236521E-03   1.000000    
        3077        3518  1.2249509E-03   1.000000    
        3078        3519  1.5383379E-03   1.000000    
        3079        3520  1.3791928E-03   1.000000    
        3080        3521  1.3966261E-03   1.000000    
        3081        3522  1.1563444E-03   1.000000    
        3082        3523  1.4374888E-03   1.000000    
        3083        3524  1.1680550E-03   1.000000    
        3084        3525  1.4646790E-03   1.000000    
        3085        3526  1.3307901E-03   1.000000    
        3086        3527  1.3575273E-03   1.000000    
        3087        3528  1.5359214E-03   1.000000    
        3088        3529  1.5446360E-03   1.000000    
        3089        3530  1.2097654E-03   1.000000    
        3090        3532  1.5448739E-03   1.000000    
        3091        3533  1.5448242E-03   1.000000    
        3092        3534  1.2150216E-03   1.000000    
        3093        3535  1.8058425E-03   1.000000    
        3094        3536  1.7996132E-03   1.000000    
        3095        3537  1.7178342E-03   1.000000    
        3096        3538  2.2132527E-03   1.000000    
        3097        3539  6.1523041E-04   1.000000    
        3098        3540  1.6807172E-03   1.000000    
        3099        3541  2.1181272E-03   1.000000    
        3100        3542  2.2916375E-03   1.000000    
        3101        3543  1.2796352E-03   1.000000    
        3102        3544  6.0827803E-04   1.000000    
        3103        3545  2.1692256E-03   1.000000    
        3104        3546  1.2374566E-03   1.000000    
        3105        3547  1.8964810E-03   1.000000    
        3106        3548  1.7394050E-03   1.000000    
        3107        3549  1.2351900E-03   1.000000    
        3108        3551  1.8698112E-03   1.000000    
        3109        3552  1.7092272E-03   1.000000    
        3110        3553  1.2195740E-03   1.000000    
        3111        3554  1.0720325E-03   1.000000    
        3112        3555  1.0500785E-03   1.000000    
        3113        3556  1.5257429E-03   1.000000    
        3114        3557  1.0303734E-03   1.000000    
        3115        3559  1.4738553E-03   1.000000    
        3116        3560  9.9465623E-04   1.000000    
        3117        3561  1.3038025E-03   1.000000    
        3118        3562  1.3100250E-03   1.000000    
        3119        3563  2.0861067E-03   1.000000    
        3120        3564  1.4695502E-03   1.000000    
        3121        3565  1.3667668E-03   1.000000    
        3122        3567  2.0888576E-03   1.000000    
        3123        3568  1.4735507E-03   1.000000    
        3124        3569  1.3671364E-03   1.000000    
        3125        3570  1.2962513E-03   1.000000    
        3126        3571  1.2576877E-03   1.000000    
        3127        3572  6.1899371E-04   1.000000    
        3128        3573  1.2963570E-03   1.000000    
        3129        3574  1.2619969E-03   1.000000    
        3130        3575  1.0379076E-03   1.000000    
        3131        3576  1.0411777E-03   1.000000    
        3132        3577  3.4022492E-03   1.000000    
        3133        3578  3.4089494E-03   1.000000    
        3134        3579  1.5744875E-03   1.000000    
        3135        3580  1.5583253E-03   1.000000    
        3136        3581  1.0876865E-03   1.000000    
        3137        3582  1.0724086E-03   1.000000    
        3138        3583  1.7843837E-03   1.000000    
        3139        3584  1.2156181E-03   1.000000    
        3140        3585  1.8791155E-03   1.000000    
        3141        3587  1.7491829E-03   1.000000    
        3142        3588  1.1854148E-03   1.000000    
        3143        3589  1.8468192E-03   1.000000    
        3144        3590  1.2811057E-03   1.000000    
        3145        3591  1.2700631E-03   1.000000    
        3146        3592  1.2775393E-03   1.000000    
        3147        3593  1.2840328E-03   1.000000    
        3148        3594  1.9481583E-03   1.000000    
        3149        3595  2.0681589E-03   1.000000    
        3150        3596  1.2796584E-03   1.000000    
        3151        3598  1.9426373E-03   1.000000    
        3152        3599  2.0580336E-03   1.000000    
        3153        3600  1.2758048E-03   1.000000    
        3154        3601  1.8638789E-03   1.000000    
        3155        3602  1.2269660E-03   1.000000    
        3156        3604  1.8699121E-03   1.000000    
        3157        3605  1.2280561E-03   1.000000    
        3158        3606  2.0603905E-03   1.000000    
        3159        3607  1.7606842E-03   1.000000    
        3160        3608  1.7337488E-03   1.000000    
        3161        3611  1.9969929E-03   1.000000    
        3162        3612  1.7233700E-03   1.000000    
        3163        3613  1.6960073E-03   1.000000    
        3164        3614  2.1257973E-03   1.000000    
        3165        3615  1.3797228E-03   1.000000    
        3166        3617  2.0732456E-03   1.000000    
        3167        3618  1.3339618E-03   1.000000    
        3168        3619  1.2076913E-03   1.000000    
        3169        3620  1.1847540E-03   1.000000    
        3170        3621  1.5430395E-03   1.000000    
        3171        3622  1.5350401E-03   1.000000    
        3172        3623  1.7523641E-03   1.000000    
        3173        3624  1.2189446E-03   1.000000    
        3174        3625  1.8414300E-03   1.000000    
        3175        3626  1.4343222E-03   1.000000    
        3176        3631  1.7474475E-03   1.000000    
        3177        3632  1.2247348E-03   1.000000    
        3178        3633  1.8534720E-03   1.000000    
        3179        3634  1.4345286E-03   1.000000    
        3180        3635  1.3795341E-03   1.000000    
        3181        3636  1.1447152E-03   1.000000    
        3182        3637  1.3760527E-03   1.000000    
        3183        3638  1.1473258E-03   1.000000    
        3184        3639  1.2054931E-03   1.000000    
        3185        3640  1.2163947E-03   1.000000    
        3186        3641  1.8960956E-03   1.000000    
        3187        3642  2.0179728E-03   1.000000    
        3188        3643  1.6530126E-03   1.000000    
        3189        3645  1.8487804E-03   1.000000    
        3190        3646  1.9587711E-03   1.000000    
        3191        3647  1.6056643E-03   1.000000    
        3192        3648  1.3957444E-03   1.000000    
        3193        3649  1.3618586E-03   1.000000    
        3194        3650  1.8301383E-03   1.000000    
        3195        3651  1.1474546E-03   1.000000    
        3196        3652  1.4751245E-03   1.000000    
        3197        3655  1.8449710E-03   1.000000    
        3198        3656  1.1484914E-03   1.000000    
        3199        3657  1.4986518E-03   1.000000    
        3200        3658  1.3695661E-03   1.000000    
        3201        3659  1.2550146E-03   1.000000    
        3202        3660  6.2806701E-04   1.000000    
        3203        3661  1.3960461E-03   1.000000    
        3204        3662  1.2921061E-03   1.000000    
        3205        3663  1.7596753E-03   1.000000    
        3206        3664  1.1917861E-03   1.000000    
        3207        3665  1.9898536E-03   1.000000    
        3208        3668  1.7427211E-03   1.000000    
        3209        3669  1.1813282E-03   1.000000    
        3210        3670  1.9617148E-03   1.000000    
        3211        3671  2.4825647E-03   1.000000    
        3212        3672  1.8547669E-03   1.000000    
        3213        3674  2.4205938E-03   1.000000    
        3214        3675  1.7972242E-03   1.000000    
        3215        3676  1.3023976E-03   1.000000    
        3216        3677  1.1762460E-03   1.000000    
        3217        3678  1.2859488E-03   1.000000    
        3218        3679  1.1566851E-03   1.000000    
        3219        3680  1.2106828E-03   1.000000    
        3220        3681  1.2215539E-03   1.000000    
        3221        3682  1.6193361E-03   1.000000    
        3222        3683  1.0729589E-03   1.000000    
        3223        3685  1.6253282E-03   1.000000    
        3224        3686  1.0771482E-03   1.000000    
        3225        3687  2.0017258E-03   1.000000    
        3226        3688  1.7621175E-03   1.000000    
        3227        3689  1.3191517E-03   1.000000    
        3228        3692  1.9892417E-03   1.000000    
        3229        3693  1.7386220E-03   1.000000    
        3230        3694  1.3079365E-03   1.000000    
        3231        3695  1.9545152E-03   1.000000    
        3232        3696  1.3104546E-03   1.000000    
        3233        3698  1.9502755E-03   1.000000    
        3234        3699  1.3043248E-03   1.000000    
        3235        3700  1.6828445E-03   1.000000    
        3236        3701  1.6856376E-03   1.000000    
        3237        3702  2.3389654E-03   1.000000    
        3238        3703  2.8414438E-03   1.000000    
        3239        3704  1.7078905E-03   1.000000    
        3240        3706  2.2978918E-03   1.000000    
        3241        3707  2.7766905E-03   1.000000    
        3242        3708  1.6639855E-03   1.000000    
        3243        3709  2.3443580E-03   1.000000    
        3244        3710  1.9671104E-03   1.000000    
        3245        3712  2.2785584E-03   1.000000    
        3246        3713  1.8796555E-03   1.000000    
        3247        3714  2.0029992E-03   1.000000    
        3248        3715  1.9797373E-03   1.000000    
        3249        3716  1.9703950E-03   1.000000    
        3250        3717  1.3415213E-03   1.000000    
        3251        3719  1.9550957E-03   1.000000    
        3252        3720  1.3278687E-03   1.000000    
        3253        3721  1.2798497E-03   1.000000    
        3254        3722  1.8681491E-03   1.000000    
        3255        3724  1.2665885E-03   1.000000    
        3256        3725  1.8578031E-03   1.000000    
        3257        3726  1.2586677E-03   1.000000    
        3258        3727  1.2534087E-03   1.000000    
        3259        3728  1.2351697E-03   1.000000    
        3260        3729  1.2332251E-03   1.000000    
        3261        3730  1.1832687E-03   1.000000    
        3262        3731  1.1753987E-03   1.000000    
        3263        3732  1.1920023E-03   1.000000    
        3264        3733  1.1858669E-03   1.000000    
        3265        3734  1.1647944E-03   1.000000    
        3266        3735  1.1761916E-03   1.000000    
        3267        3736  1.8693288E-03   1.000000    
        3268        3737  1.5495536E-03   1.000000    
        3269        3739  1.8389027E-03   1.000000    
        3270        3740  1.5362755E-03   1.000000    
        3271        3741  1.2723310E-03   1.000000    
        3272        3742  1.2533246E-03   1.000000    
        3273        3743  1.1257174E-03   1.000000    
        3274        3744  1.6771297E-03   1.000000    
        3275        3745  1.0816170E-03   1.000000    
        3276        3746  1.5784294E-03   1.000000    
        3277        3747  1.6342838E-03   1.000000    
        3278        3748  1.5599225E-03   1.000000    
        3279        3749  1.2270146E-03   1.000000    
        3280        3750  1.1594305E-03   1.000000    
        3281        3751  1.7928942E-03   1.000000    
        3282        3752  1.1658446E-03   1.000000    
        3283        3754  1.7040868E-03   1.000000    
        3284        3755  1.1074024E-03   1.000000    
        3285        3756  1.0295858E-03   1.000000    
        3286        3757  1.0018176E-03   1.000000    
        3287        3758  1.6697571E-03   1.000000    
        3288        3759  1.3210676E-03   1.000000    
        3289        3761  1.6382419E-03   1.000000    
        3290        3762  1.2875170E-03   1.000000    
        3291        3763  1.5851795E-03   1.000000    
        3292        3764  1.0929186E-03   1.000000    
        3293        3766  1.5319326E-03   1.000000    
        3294        3767  1.0606220E-03   1.000000    
        3295        3768  1.4729929E-03   1.000000    
        3296        3769  1.4998723E-03   1.000000    
        3297        3771  1.4295961E-03   1.000000    
        3298        3772  1.4413240E-03   1.000000    
        3299        3773  1.2668432E-03   1.000000    
        3300        3774  1.2647057E-03   1.000000    
        3301        3775  1.2637035E-03   1.000000    
        3302        3776  1.2641959E-03   1.000000    
        3303        3777  1.8800067E-03   1.000000    
        3304        3778  1.8766953E-03   1.000000    
        3305        3779  2.0474805E-03   1.000000    
        3306        3780  1.3880375E-03   1.000000    
        3307        3781  1.7049318E-03   1.000000    
        3308        3783  1.9330232E-03   1.000000    
        3309        3784  1.3331913E-03   1.000000    
        3310        3785  1.6320355E-03   1.000000    
        3311        3786  2.0381559E-03   1.000000    
        3312        3787  1.3508291E-03   1.000000    
        3313        3789  1.9464848E-03   1.000000    
        3314        3790  1.2766389E-03   1.000000    
        3315        3791  1.6170201E-03   1.000000    
        3316        3792  1.5985002E-03   1.000000    
        3317        3793  1.4656290E-03   1.000000    
        3318        3794  1.4428013E-03   1.000000    
        3319        3795  1.0147198E-03   1.000000    
        3320        3796  1.1640280E-03   1.000000    
        3321        3798  9.9320244E-04   1.000000    
        3322        3799  1.1482463E-03   1.000000    
        3323        3800  1.2409675E-03   1.000000    
        3324        3801  1.3551161E-03   1.000000    
        3325        3802  9.9448906E-04   1.000000    
        3326        3803  6.1685202E-04   1.000000    
        3327        3804  6.2049017E-04   1.000000    
        3328        3805  1.2346619E-03   1.000000    
        3329        3806  1.3415583E-03   1.000000    
        3330        3807  9.8222482E-04   1.000000    
        3331        3808  8.8472682E-04   1.000000    
        3332        3809  8.7476039E-04   1.000000    
        3333        3810  1.5711342E-03   1.000000    
        3334        3811  1.8503917E-03   1.000000    
        3335        3812  1.3865895E-03   1.000000    
        3336        3813  6.2926771E-04   1.000000    
        3337        3815  1.6133261E-03   1.000000    
        3338        3816  1.8938434E-03   1.000000    
        3339        3817  1.4319883E-03   1.000000    
        3340        3818  1.7940511E-03   1.000000    
        3341        3819  1.1551193E-03   1.000000    
        3342        3820  1.7980953E-03   1.000000    
        3343        3821  1.1485666E-03   1.000000    
        3344        3822  1.6921775E-03   1.000000    
        3345        3823  1.8772838E-03   1.000000    
        3346        3824  1.6839741E-03   1.000000    
        3347        3825  1.8549544E-03   1.000000    
        3348        3826  1.7802253E-03   1.000000    
        3349        3827  1.4401645E-03   1.000000    
        3350        3829  1.7245071E-03   1.000000    
        3351        3830  1.3898740E-03   1.000000    
        3352        3831  1.9281621E-03   1.000000    
        3353        3832  1.4651709E-03   1.000000    
        3354        3833  1.8736174E-03   1.000000    
        3355        3834  1.4171272E-03   1.000000    
        3356        3835  1.3327942E-03   1.000000    
        3357        3836  1.6193633E-03   1.000000    
        3358        3837  1.2049626E-03   1.000000    
        3359        3838  1.4786349E-03   1.000000    
        3360        3839  1.4219400E-03   1.000000    
        3361        3840  1.3293908E-03   1.000000    
        3362        3841  6.0127903E-04   1.000000    
        3363        3842  1.3344807E-03   1.000000    
        3364        3843  1.2488419E-03   1.000000    
        3365        3844  1.3314942E-03   1.000000    
        3366        3845  1.3200600E-03   1.000000    
        3367        3846  1.1680688E-03   1.000000    
        3368        3847  1.1798112E-03   1.000000    
        3369        3848  1.7330389E-03   1.000000    
        3370        3849  1.1843852E-03   1.000000    
        3371        3851  1.7335244E-03   1.000000    
        3372        3852  1.1863443E-03   1.000000    
        3373        3853  1.6193556E-03   1.000000    
        3374        3854  1.6994103E-03   1.000000    
        3375        3855  1.3066976E-03   1.000000    
        3376        3857  1.6140839E-03   1.000000    
        3377        3858  1.6948722E-03   1.000000    
        3378        3859  1.3069550E-03   1.000000    
        3379        3860  1.5972037E-03   1.000000    
        3380        3861  1.3173164E-03   1.000000    
        3381        3862  1.5992265E-03   1.000000    
        3382        3863  1.3208230E-03   1.000000    
        3383        3864  1.4071108E-03   1.000000    
        3384        3865  2.3226931E-03   1.000000    
        3385        3867  1.4125945E-03   1.000000    
        3386        3868  2.3265204E-03   1.000000    
        3387        3869  2.0171297E-03   1.000000    
        3388        3870  1.4480775E-03   1.000000    
        3389        3871  2.0173627E-03   1.000000    
        3390        3872  1.4454611E-03   1.000000    
        3391        3873  1.7644488E-03   1.000000    
        3392        3874  1.7634556E-03   1.000000    
        3393        3875  1.4640233E-03   1.000000    
        3394        3876  1.7623410E-03   1.000000    
        3395        3877  1.4354608E-03   1.000000    
        3396        3878  1.7014445E-03   1.000000    
        3397        3879  1.4433290E-03   1.000000    
        3398        3880  1.3745863E-03   1.000000    
        3399        3881  1.9128860E-03   1.000000    
        3400        3882  1.9003991E-03   1.000000    
        3401        3883  1.4481765E-03   1.000000    
        3402        3884  1.1840967E-03   1.000000    
        3403        3885  1.4586671E-03   1.000000    
        3404        3886  1.1918995E-03   1.000000    
        3405        3887  1.6113401E-03   1.000000    
        3406        3888  1.5750116E-03   1.000000    
        3407        3889  1.9444148E-03   1.000000    
        3408        3890  1.2753287E-03   1.000000    
        3409        3892  1.9305624E-03   1.000000    
        3410        3893  1.2657272E-03   1.000000    
        3411        3894  1.6986857E-03   1.000000    
        3412        3895  1.1068519E-03   1.000000    
        3413        3897  1.6247788E-03   1.000000    
        3414        3898  1.0604679E-03   1.000000    
        3415        3899  1.1628502E-03   1.000000    
        3416        3900  1.1128396E-03   1.000000    
        3417        3901  1.6954802E-03   1.000000    
        3418        3902  1.0970015E-03   1.000000    
        3419        3903  1.6366224E-03   1.000000    
        3420        3904  1.0545193E-03   1.000000    
        3421        3905  1.4263658E-03   1.000000    
        3422        3906  1.3905263E-03   1.000000    
        3423        3907  1.3816805E-03   1.000000    
        3424        3908  1.4985494E-03   1.000000    
        3425        3909  1.3313165E-03   1.000000    
        3426        3910  1.4703231E-03   1.000000    
        3427        3911  1.5707966E-03   1.000000    
        3428        3912  1.5554468E-03   1.000000    
        3429        3913  2.0311440E-03   1.000000    
        3430        3914  1.6870445E-03   1.000000    
        3431        3916  1.8640024E-03   1.000000    
        3432        3917  1.5722708E-03   1.000000    
        3433        3918  2.0169998E-03   1.000000    
        3434        3919  1.3501470E-03   1.000000    
        3435        3921  1.8829771E-03   1.000000    
        3436        3922  1.2463066E-03   1.000000    
        3437        3923  1.3169724E-03   1.000000    
        3438        3924  1.5134454E-03   1.000000    
        3439        3925  1.3311862E-03   1.000000    
        3440        3926  1.5256044E-03   1.000000    
        3441        3927  2.0539220E-03   1.000000    
        3442        3928  2.0139846E-03   1.000000    
        3443        3929  1.5896554E-03   1.000000    
        3444        3930  1.5794303E-03   1.000000    
        3445        3931  1.1299645E-03   1.000000    
        3446        3932  1.1236306E-03   1.000000    
        3447        3933  2.3235530E-03   1.000000    
        3448        3934  2.0047361E-03   1.000000    
        3449        3936  2.2710362E-03   1.000000    
        3450        3937  1.9643039E-03   1.000000    
        3451        3938  1.4063416E-03   1.000000    
        3452        3939  1.3823539E-03   1.000000    
        3453        3940  1.7382998E-03   1.000000    
        3454        3941  1.6918796E-03   1.000000    
        3455        3942  1.4690980E-03   1.000000    
        3456        3943  1.3636001E-03   1.000000    
        3457        3944  6.1185285E-04   1.000000    
        3458        3945  1.4236536E-03   1.000000    
        3459        3946  1.3203124E-03   1.000000    
        3460        3947  1.6987997E-03   1.000000    
        3461        3948  1.1378111E-03   1.000000    
        3462        3949  1.3387463E-03   1.000000    
        3463        3951  6.1841478E-04   1.000000    
        3464        3952  1.6993411E-03   1.000000    
        3465        3953  1.1397729E-03   1.000000    
        3466        3954  1.3431612E-03   1.000000    
        3467        3955  1.9869045E-03   1.000000    
        3468        3956  1.3256393E-03   1.000000    
        3469        3958  1.9890112E-03   1.000000    
        3470        3959  1.3273816E-03   1.000000    
        3471        3960  1.8680386E-03   1.000000    
        3472        3961  1.2191442E-03   1.000000    
        3473        3962  1.8627753E-03   1.000000    
        3474        3963  1.2140826E-03   1.000000    
        3475        3964  1.1544399E-03   1.000000    
        3476        3965  1.1543852E-03   1.000000    
        3477        3966  1.1310045E-03   1.000000    
        3478        3967  1.1369933E-03   1.000000    
        3479        3968  1.4258521E-03   1.000000    
        3480        3969  1.4127524E-03   1.000000    
        3481        3970  1.9644545E-03   1.000000    
        3482        3971  1.2964042E-03   1.000000    
        3483        3973  1.9531245E-03   1.000000    
        3484        3974  1.2881962E-03   1.000000    
        3485        3975  1.6080487E-03   1.000000    
        3486        3976  1.0561643E-03   1.000000    
        3487        3977  1.5485359E-03   1.000000    
        3488        3978  1.0176761E-03   1.000000    
        3489        3979  1.0260968E-03   1.000000    
        3490        3980  9.9235878E-04   1.000000    
        3491        3981  2.0428344E-03   1.000000    
        3492        3982  1.3519115E-03   1.000000    
        3493        3983  1.8672808E-03   1.000000    
        3494        3984  1.2496220E-03   1.000000    
        3495        3985  1.3469789E-03   1.000000    
        3496        3986  1.2707247E-03   1.000000    
        3497        3987  1.3569300E-03   1.000000    
        3498        3988  1.6908386E-03   1.000000    
        3499        3989  1.2266351E-03   1.000000    
        3500        3990  1.5380664E-03   1.000000    
        3501        3991  2.0496226E-03   1.000000    
        3502        3992  1.4091636E-03   1.000000    
        3503        3994  2.0737755E-03   1.000000    
        3504        3995  1.4250765E-03   1.000000    
        3505        3996  1.9561634E-03   1.000000    
        3506        3997  1.9736360E-03   1.000000    
        3507        3998  1.4508656E-03   1.000000    
        3508        3999  1.6278286E-03   1.000000    
        3509        4000  1.4916412E-03   1.000000    
        3510        4001  1.6693684E-03   1.000000    
        3511        4002  1.7407935E-03   1.000000    
        3512        4003  1.7082113E-03   1.000000    
        3513        4004  1.4792715E-03   1.000000    
        3514        4005  1.4556025E-03   1.000000    
        3515        4006  1.3571791E-03   1.000000    
        3516        4007  1.2263886E-03   1.000000    
        3517        4008  1.3294183E-03   1.000000    
        3518        4009  1.3348854E-03   1.000000    
        3519        4010  1.3254769E-03   1.000000    
        3520        4011  1.3278311E-03   1.000000    
        3521        4012  1.3117684E-03   1.000000    
        3522        4013  1.6803634E-03   1.000000    
        3523        4014  1.3067604E-03   1.000000    
        3524        4015  1.6764833E-03   1.000000    
        3525        4016  1.4829531E-03   1.000000    
        3526        4017  1.4794732E-03   1.000000    
        3527        4018  1.2651575E-03   1.000000    
        3528        4019  1.2771776E-03   1.000000    
        3529        4020  1.9713861E-03   1.000000    
        3530        4021  1.9643246E-03   1.000000    
        3531        4022  4.3901673E-04   1.000000    
        3532        4023  4.7404948E-04   1.000000    
        3533        4024  4.7092972E-04   1.000000    
        3534        4025  4.5745895E-04   1.000000    
        3535        4026  4.5014580E-04   1.000000    
        3536        4027  4.4402629E-04   1.000000    
        3537        4028  4.4019063E-04   1.000000    
        3538        4029  4.4027579E-04   1.000000    
        3539        4030  4.4471567E-04   1.000000    
        3540        4031  4.5303249E-04   1.000000    
        3541        4032  4.6280751E-04   1.000000    
        3542        4033  4.7775955E-04   1.000000    
        3543        4034  4.9273181E-04   1.000000    
        3544        4035  5.2325550E-04   1.000000    
        3545        4036  3.7224859E-04   1.000000    
        3546        4037  4.3364230E-04   1.000000    
        3547        4038  4.9366569E-04   1.000000    
        3548        4039  5.4255355E-04   1.000000    
        3549        4040  3.8468614E-04   1.000000    
        3550        4041  4.3860637E-04   1.000000    
        3551        4042  4.6943116E-04   1.000000    
        3552        4043  4.8616176E-04   1.000000    
        3553        4044  4.9204897E-04   1.000000    
        3554        4045  4.8738238E-04   1.000000    
        3555        4046  4.7377753E-04   1.000000    
        3556        4047  4.2528758E-04   1.000000    
        3557        4048  4.3051227E-04   1.000000    
        3558        4049  4.4579199E-04   1.000000    
        3559        4050  4.6873934E-04   1.000000    
        3560        4051  4.9207127E-04   1.000000    
        3561        4052  5.3717033E-04   1.000000    
        3562        4053  6.2515086E-04   1.000000    
        3563        4054  3.8774239E-04   1.000000    
        3564        4055  4.2616212E-04   1.000000    
        3565        4056  4.6017460E-04   1.000000    
        3566        4057  4.7161299E-04   1.000000    
        3567        4058  4.3707844E-04   1.000000    
        3568        4059  4.0339123E-04   1.000000    
        3569        4060  3.5571982E-04   1.000000    
        3570        4061  5.0850812E-04   1.000000    
        3571        4062  5.1692250E-04   1.000000    
        3572        4063  5.8167602E-04   1.000000    
        3573        4064  5.0986069E-04   1.000000    
        3574        4065  4.5872573E-04   1.000000    
        3575        4066  4.0741955E-04   1.000000    
        3576        4067  3.4869314E-04   1.000000    
        3577        4068  4.7526814E-04   1.000000    
        3578        4069  4.1865197E-04   1.000000    
        3579        4070  6.0793239E-04   1.000000    
        3580        4071  6.5917661E-04   1.000000    
        3581        4072  5.1160879E-04   1.000000    
        3582        4073  3.9709691E-04   1.000000    
        3583        4074  5.0769327E-04   1.000000    
        3584        4075  3.9025213E-04   1.000000    
        3585        4076  4.8833538E-04   1.000000    
        3586        4077  3.6611772E-04   1.000000    
        3587        4078  4.4215741E-04   1.000000    
        3588        4079  3.3242110E-04   1.000000    
        3589        4080  3.8964688E-04   1.000000    
        3590        4081  4.3752961E-04   1.000000    
        3591        4082  4.7064645E-04   1.000000    
        3592        4083  4.8628109E-04   1.000000    
        3593        4084  4.9374480E-04   1.000000    
        3594        4085  4.9192086E-04   1.000000    
        3595        4086  4.7842821E-04   1.000000    
        3596        4087  4.5643587E-04   1.000000    
        3597        4088  4.2219271E-04   1.000000    
        3598        4089  3.8383677E-04   1.000000    
        3599        4090  5.6231010E-04   1.000000    
        3600        4091  6.3840684E-04   1.000000    
        3601        4092  5.0346681E-04   1.000000    
        3602        4093  3.9367843E-04   1.000000    
        3603        4094  5.0892727E-04   1.000000    
        3604        4095  3.9003763E-04   1.000000    
        3605        4096  4.8880937E-04   1.000000    
        3606        4097  3.7251398E-04   1.000000    
        3607        4098  4.5000456E-04   1.000000    
        3608        4099  3.3892563E-04   1.000000    
        3609        4100  3.9894687E-04   1.000000    
        3610        4101  4.3302510E-04   1.000000    
        3611        4102  4.1230422E-04   1.000000    
        3612        4103  4.3406442E-04   1.000000    
        3613        4104  4.5848638E-04   1.000000    
        3614        4105  4.7843374E-04   1.000000    
        3615        4106  4.9050502E-04   1.000000    
        3616        4107  4.9583206E-04   1.000000    
        3617        4108  4.8967300E-04   1.000000    
        3618        4109  4.8320199E-04   1.000000    
        3619        4110  4.7620511E-04   1.000000    
        3620        4111  4.7276242E-04   1.000000    
        3621        4112  4.8303034E-04   1.000000    
        3622        4113  4.9176271E-04   1.000000    
        3623        4114  4.9925246E-04   1.000000    
        3624        4115  5.0697400E-04   1.000000    
        3625        4116  3.5547512E-04   1.000000    
        3626        4117  4.0403722E-04   1.000000    
        3627        4118  3.0236525E-04   1.000000    
        3628        4119  3.0248502E-04   1.000000    
        3629        4120  6.2118820E-04   1.000000    
        3630        4121  6.6874869E-04   1.000000    
        3631        4122  6.8335683E-04   1.000000    
        3632        4123  6.7871693E-04   1.000000    
        3633        4124  6.7781372E-04   1.000000    
        3634        4125  7.0038345E-04   1.000000    
        3635        4126  6.9040875E-04   1.000000    
        3636        4127  6.6193199E-04   1.000000    
        3637        4128  6.2737602E-04   1.000000    
        3638        4129  5.9074356E-04   1.000000    
        3639        4130  5.5245135E-04   1.000000    
        3640        4131  5.1806465E-04   1.000000    
        3641        4132  5.1023753E-04   1.000000    
        3642        4133  5.7461183E-04   1.000000    
        3643        4134  6.1753218E-04   1.000000    
        3644        4135  6.4117316E-04   1.000000    
        3645        4136  6.5290462E-04   1.000000    
        3646        4137  6.5768574E-04   1.000000    
        3647        4138  6.6161604E-04   1.000000    
        3648        4139  6.7280559E-04   1.000000    
        3649        4140  6.0837145E-04   1.000000    
        3650        4141  5.5517995E-04   1.000000    
        3651        4142  5.3400378E-04   1.000000    
        3652        4143  5.8641471E-04   1.000000    
        3653        4144  6.0655223E-04   1.000000    
        3654        4145  6.0038036E-04   1.000000    
        3655        4146  5.7876733E-04   1.000000    
        3656        4147  5.4646714E-04   1.000000    
        3657        4148  5.2000303E-04   1.000000    
        3658        4149  5.2282098E-04   1.000000    
        3659        4150  6.0878356E-04   1.000000    
        3660        4151  6.8481604E-04   1.000000    
        3661        4152  6.9561816E-04   1.000000    
        3662        4153  6.8801420E-04   1.000000    
        3663        4154  6.8095548E-04   1.000000    
        3664        4155  6.3724082E-04   1.000000    
        3665        4156  6.0296804E-04   1.000000    
        3666        4157  5.8973080E-04   1.000000    
        3667        4158  5.8490928E-04   1.000000    
        3668        4159  5.8024906E-04   1.000000    
        3669        4160  5.7299453E-04   1.000000    
        3670        4161  5.6169968E-04   1.000000    
        3671        4162  5.5690220E-04   1.000000    
        3672        4163  5.9078995E-04   1.000000    
        3673        4164  8.8007317E-04   1.000000    
        3674        4165  7.6546730E-04   1.000000    
        3675        4166  6.9661747E-04   1.000000    
        3676        4167  6.7612535E-04   1.000000    
        3677        4168  6.7797181E-04   1.000000    
        3678        4169  6.1487616E-04   1.000000    
        3679        4170  5.8855640E-04   1.000000    
        3680        4171  5.9447967E-04   1.000000    
        3681        4172  6.0162781E-04   1.000000    
        3682        4173  6.0204300E-04   1.000000    
        3683        4174  5.9717929E-04   1.000000    
        3684        4175  5.9247366E-04   1.000000    
        3685        4176  5.9833634E-04   1.000000    
        3686        4177  6.3498033E-04   1.000000    
        3687        4178  7.4092031E-04   1.000000    
        3688        4179  7.0465775E-04   1.000000    
        3689        4180  6.7695533E-04   1.000000    
        3690        4181  6.6653301E-04   1.000000    
        3691        4182  6.6937815E-04   1.000000    
        3692        4183  6.6467433E-04   1.000000    
        3693        4184  6.5060647E-04   1.000000    
        3694        4185  6.4145366E-04   1.000000    
        3695        4186  6.2752422E-04   1.000000    
        3696        4187  6.0069474E-04   1.000000    
        3697        4188  5.6269643E-04   1.000000    
        3698        4189  5.3602504E-04   1.000000    
        3699        4190  5.1940733E-04   1.000000    
        3700        4191  5.2878656E-04   1.000000    
        3701        4192  5.5376865E-04   1.000000    
        3702        4193  5.8349239E-04   1.000000    
        3703        4194  6.1488093E-04   1.000000    
        3704        4195  6.4462388E-04   1.000000    
        3705        4196  5.0220446E-04   1.000000    
        3706        4197  7.0247415E-04   1.000000    
        3707        4198  7.1977929E-04   1.000000    
        3708        4199  6.7887374E-04   1.000000    
        3709        4200  6.7291834E-04   1.000000    
        3710        4201  7.4828474E-04   1.000000    
        3711        4202  7.3836994E-04   1.000000    
        3712        4203  6.9660158E-04   1.000000    
        3713        4204  6.4871128E-04   1.000000    
        3714        4205  6.0150318E-04   1.000000    
        3715        4206  5.4500508E-04   1.000000    
        3716        4207  4.7787325E-04   1.000000    
        3717        4208  4.2775276E-04   1.000000    
        3718        4209  6.3909177E-04   1.000000    
        3719        4210  6.9254427E-04   1.000000    
        3720        4211  6.9227105E-04   1.000000    
        3721        4212  6.8320794E-04   1.000000    
        3722        4213  6.7217537E-04   1.000000    
        3723        4214  6.6320988E-04   1.000000    
        3724        4215  6.6314120E-04   1.000000    
        3725        4216  6.6601421E-04   1.000000    
        3726        4217  6.8185758E-04   1.000000    
        3727        4218  6.8410049E-04   1.000000    
        3728        4219  6.9075136E-04   1.000000    
        3729        4220  7.1525155E-04   1.000000    
        3730        4221  7.0431764E-04   1.000000    
        3731        4222  6.9927162E-04   1.000000    
        3732        4223  7.9497910E-04   1.000000    
        3733        4224  7.3640095E-04   1.000000    
        3734        4225  4.8584663E-04   1.000000    
        3735        4226  4.2519957E-04   1.000000    
        3736        4227  6.1392249E-04   1.000000    
        3737        4228  6.3428673E-04   1.000000    
        3738        4229  5.5371725E-04   1.000000    
        3739        4230  5.3612364E-04   1.000000    
        3740        4231  5.7674031E-04   1.000000    
        3741        4232  5.7455077E-04   1.000000    
        3742        4233  6.1848701E-04   1.000000    
        3743        4234  6.0169416E-04   1.000000    
        3744        4235  5.9293828E-04   1.000000    
        3745        4236  5.6904944E-04   1.000000    
        3746        4237  7.9717248E-04   1.000000    
        3747        4238  7.2368275E-04   1.000000    
        3748        4239  6.6567614E-04   1.000000    
        3749        4240  6.2938646E-04   1.000000    
        3750        4241  9.7693189E-04   1.000000    
        3751        4242  8.3323696E-04   1.000000    
        3752        4243  6.9064327E-04   1.000000    
        3753        4244  5.9343351E-04   1.000000    
        3754        4245  6.3467841E-04   1.000000    
        3755        4246  6.6662591E-04   1.000000    
        3756        4247  5.6722370E-04   1.000000    
        3757        4248  5.4435123E-04   1.000000    
        3758        4249  6.0038199E-04   1.000000    
        3759        4250  6.3104765E-04   1.000000    
        3760        4251  6.3608092E-04   1.000000    
        3761        4252  6.3053780E-04   1.000000    
        3762        4253  6.2338763E-04   1.000000    
        3763        4254  6.2231650E-04   1.000000    
        3764        4255  6.3534064E-04   1.000000    
        3765        4256  6.6232745E-04   1.000000    
        3766        4257  6.5738457E-04   1.000000    
        3767        4258  6.4797630E-04   1.000000    
        3768        4259  6.4265146E-04   1.000000    
        3769        4260  6.3621229E-04   1.000000    
        3770        4261  6.3357846E-04   1.000000    
        3771        4262  6.2778482E-04   1.000000    
        3772        4263  6.1285117E-04   1.000000    
        3773        4264  5.7134702E-04   1.000000    
        3774        4265  4.9751264E-04   1.000000    
        3775        4266  4.8539581E-04   1.000000    
        3776        4267  4.9760996E-04   1.000000    
        3777        4268  5.2180118E-04   1.000000    
        3778        4269  5.5067259E-04   1.000000    
        3779        4270  5.8127736E-04   1.000000    
        3780        4271  6.1266986E-04   1.000000    
        3781        4272  6.7592727E-04   1.000000    
        3782        4273  6.9951726E-04   1.000000    
        3783        4274  6.8834802E-04   1.000000    
        3784        4275  6.5764424E-04   1.000000    
        3785        4276  6.2137883E-04   1.000000    
        3786        4277  5.9146504E-04   1.000000    
        3787        4278  5.7887431E-04   1.000000    
        3788        4279  5.9036567E-04   1.000000    
        3789        4280  6.0403463E-04   1.000000    
        3790        4281  6.2294072E-04   1.000000    
        3791        4282  6.4140517E-04   1.000000    
        3792        4283  6.3683873E-04   1.000000    
        3793        4284  6.1196776E-04   1.000000    
        3794        4285  6.3448044E-04   1.000000    
        3795        4286  6.5302278E-04   1.000000    
        3796        4287  6.8284100E-04   1.000000    
        3797        4288  7.1380317E-04   1.000000    
        3798        4289  7.5314211E-04   1.000000    
        3799        4290  8.3565363E-04   1.000000    
        3800        4291  9.6487859E-04   1.000000    
        3801        4292  6.5936951E-04   1.000000    
        3802        4293  6.2675873E-04   1.000000    
        3803        4294  6.4900023E-04   1.000000    
        3804        4295  5.6527398E-04   1.000000    
        3805        4296  6.3242431E-04   1.000000    
        3806        4297  6.9525413E-04   1.000000    
        3807        4298  7.4018823E-04   1.000000    
        3808        4299  7.7678444E-04   1.000000    
        3809        4300  8.1304950E-04   1.000000    
        3810        4301  8.4042811E-04   1.000000    
        3811        4302  7.0650683E-04   1.000000    
        3812        4303  6.5860822E-04   1.000000    
        3813        4304  6.5834419E-04   1.000000    
        3814        4305  4.2397506E-04   1.000000    
        3815        4306  6.2370574E-04   1.000000    
        3816        4307  7.3083793E-04   1.000000    
        3817        4308  7.8125705E-04   1.000000    
        3818        4309  8.0547936E-04   1.000000    
        3819        4310  8.0653711E-04   1.000000    
        3820        4311  7.6457264E-04   1.000000    
        3821        4312  6.8090309E-04   1.000000    
        3822        4313  6.4202386E-04   1.000000    
        3823        4314  6.3819240E-04   1.000000    
        3824        4315  4.4757043E-04   1.000000    
        3825        4316  6.2989129E-04   1.000000    
        3826        4317  6.7430857E-04   1.000000    
        3827        4318  6.3330412E-04   1.000000    
        3828        4319  6.0320721E-04   1.000000    
        3829        4320  5.8433681E-04   1.000000    
        3830        4321  5.3747866E-04   1.000000    
        3831        4322  5.5696751E-04   1.000000    
        3832        4323  5.9906126E-04   1.000000    
        3833        4324  7.6633075E-04   1.000000    
        3834        4325  6.2977115E-04   1.000000    
        3835        4326  6.8882899E-04   1.000000    
        3836        4327  7.5061090E-04   1.000000    
        3837        4328  6.7542831E-04   1.000000    
        3838        4329  4.9195171E-04   1.000000    
        3839        4330  4.3282352E-04   1.000000    
        3840        4331  6.3851784E-04   1.000000    
        3841        4332  6.9089438E-04   1.000000    
        3842        4333  6.8684190E-04   1.000000    
        3843        4334  6.7157490E-04   1.000000    
        3844        4335  6.5417850E-04   1.000000    
        3845        4336  6.3885376E-04   1.000000    
        3846        4337  6.2988792E-04   1.000000    
        3847        4338  6.2808715E-04   1.000000    
        3848        4339  6.2322157E-04   1.000000    
        3849        4340  6.1656313E-04   1.000000    
        3850        4341  5.8299064E-04   1.000000    
        3851        4342  6.1953330E-04   1.000000    
        3852        4343  6.2174653E-04   1.000000    
        3853        4344  6.2281155E-04   1.000000    
        3854        4345  5.7953334E-04   1.000000    
        3855        4346  3.7998590E-04   1.000000    
        3856        4347  4.0937925E-04   1.000000    
        3857        4348  4.6065912E-04   1.000000    
        3858        4349  5.0677825E-04   1.000000    
        3859        4350  5.4617558E-04   1.000000    
        3860        4351  5.8252184E-04   1.000000    
        3861        4352  5.6927546E-04   1.000000    
        3862        4353  5.6935026E-04   1.000000    
        3863        4354  5.7040615E-04   1.000000    
        3864        4355  5.7692226E-04   1.000000    
        3865        4356  5.8841024E-04   1.000000    
        3866        4357  5.9909152E-04   1.000000    
        3867        4358  5.7071628E-04   1.000000    
        3868        4359  5.7367043E-04   1.000000    
        3869        4360  5.7753018E-04   1.000000    
        3870        4361  5.8340735E-04   1.000000    
        3871        4362  5.8894738E-04   1.000000    
        3872        4363  5.9283635E-04   1.000000    
        3873        4364  5.8038335E-04   1.000000    
        3874        4365  5.8412895E-04   1.000000    
        3875        4366  5.8918452E-04   1.000000    
        3876        4367  5.9506367E-04   1.000000    
        3877        4368  5.9759431E-04   1.000000    
        3878        4369  5.9484981E-04   1.000000    
        3879        4370  5.9868494E-04   1.000000    
        3880        4371  6.0119736E-04   1.000000    
        3881        4372  6.0703122E-04   1.000000    
        3882        4373  6.1616860E-04   1.000000    
        3883        4374  6.1774743E-04   1.000000    
        3884        4375  6.1054458E-04   1.000000    
        3885        4376  6.2413904E-04   1.000000    
        3886        4377  6.2289875E-04   1.000000    
        3887        4378  6.2833395E-04   1.000000    
        3888        4379  6.5093691E-04   1.000000    
        3889        4380  6.5379479E-04   1.000000    
        3890        4381  6.4213632E-04   1.000000    
        3891        4382  6.6895649E-04   1.000000    
        3892        4383  6.4443616E-04   1.000000    
        3893        4384  6.3999870E-04   1.000000    
        3894        4385  7.1412476E-04   1.000000    
        3895        4386  7.1423524E-04   1.000000    
        3896        4387  6.8749092E-04   1.000000    
        3897        4388  7.4665708E-04   1.000000    
        3898        4389  7.9615985E-04   1.000000    
        3899        4390  7.4484077E-04   1.000000    
        3900        4391  7.6534064E-04   1.000000    
        3901        4392  8.0527429E-04   1.000000    
        3902        4393  6.3813152E-04   1.000000    
        3903        4394  5.9286237E-04   1.000000    
        3904        4395  6.0945516E-04   1.000000    
        3905        4396  4.3848885E-04   1.000000    
        3906        4397  5.0961797E-04   1.000000    
        3907        4398  5.9011026E-04   1.000000    
        3908        4399  9.2029863E-04   1.000000    
        3909        4400  6.1599730E-04   1.000000    
        3910        4401  7.1799458E-04   1.000000    
        3911        4402  9.3498424E-04   1.000000    
        3912        4403  6.4320490E-04   1.000000    
        3913        4404  6.2865519E-04   1.000000    
        3914        4405  6.0156581E-04   1.000000    
        3915        4406  5.8581342E-04   1.000000    
        3916        4407  6.7862845E-04   1.000000    
        3917        4408  5.6779245E-04   1.000000    
        3918        4409  9.0636604E-04   1.000000    
        3919        4410  8.2410313E-04   1.000000    
        3920        4411  7.5599342E-04   1.000000    
        3921        4412  7.1971485E-04   1.000000    
        3922        4413  6.8740925E-04   1.000000    
        3923        4414  6.5226544E-04   1.000000    
        3924        4415  6.2126905E-04   1.000000    
        3925        4416  6.0126517E-04   1.000000    
        3926        4417  5.9038540E-04   1.000000    
        3927        4418  4.6495223E-04   1.000000    
        3928        4419  6.4174290E-04   1.000000    
        3929        4420  6.1704509E-04   1.000000    
        3930        4421  6.8049075E-04   1.000000    
        3931        4422  8.3258556E-04   1.000000    
        3932        4423  4.0964916E-04   1.000000    
        3933        4424  4.5032005E-04   1.000000    
        3934        4425  5.1579007E-04   1.000000    
        3935        4426  5.6524604E-04   1.000000    
        3936        4427  5.5048981E-04   1.000000    
        3937        4428  6.0492021E-04   1.000000    
        3938        4429  5.9180247E-04   1.000000    
        3939        4430  5.1924121E-04   1.000000    
        3940        4431  4.5475527E-04   1.000000    
        3941        4432  6.5847760E-04   1.000000    
        3942        4433  6.7037076E-04   1.000000    
        3943        4434  5.9222593E-04   1.000000    
        3944        4435  6.0388981E-04   1.000000    
        3945        4436  6.3111755E-04   1.000000    
        3946        4437  7.6013000E-04   1.000000    
        3947        4438  6.5041188E-04   1.000000    
        3948        4439  5.8182533E-04   1.000000    
        3949        4440  8.7290781E-04   1.000000    
        3950        4441  8.2176400E-04   1.000000    
        3951        4442  8.3619397E-04   1.000000    
        3952        4443  1.0184534E-03   1.000000    
        3953        4444  6.4204138E-04   1.000000    
        3954        4445  4.4063706E-04   1.000000    
        3955        4446  2.2125221E-04   1.000000    
        3956        4447  5.7622889E-04   1.000000    
        3957        4448  5.7410705E-04   1.000000    
        3958        4449  6.8646285E-04   1.000000    
        3959        4450  4.5873999E-04   1.000000    
        3960        4451  7.5707905E-04   1.000000    
        3961        4452  8.1714522E-04   1.000000    
        3962        4453  8.0145395E-04   1.000000    
        3963        4454  7.7100680E-04   1.000000    
        3964        4455  7.2884455E-04   1.000000    
        3965        4456  6.6539453E-04   1.000000    
        3966        4457  6.0137577E-04   1.000000    
        3967        4458  7.7435776E-04   1.000000    
        3968        4459  8.8881090E-04   1.000000    
        3969        4460  8.7136566E-04   1.000000    
        3970        4461  8.4383448E-04   1.000000    
        3971        4462  8.0236146E-04   1.000000    
        3972        4463  6.8517507E-04   1.000000    
        3973        4464  5.5639213E-04   1.000000    
        3974        4465  9.0665789E-04   1.000000    
        3975        4466  9.6713332E-04   1.000000    
        3976        4467  9.4868860E-04   1.000000    
        3977        4468  9.8110118E-04   1.000000    
        3978        4469  7.4904499E-04   1.000000    
        3979        4470  4.4989723E-04   1.000000    
        3980        4471  9.4275584E-04   1.000000    
        3981        4472  1.0275899E-03   1.000000    
        3982        4473  1.3101391E-03   1.000000    
        3983        4474  1.0599417E-03   1.000000    
        3984        4475  7.5065956E-04   1.000000    
        3985        4476  1.0020742E-03   1.000000    
        3986        4477  1.2355567E-03   1.000000    
        3987        4478  5.0177198E-04   1.000000    
        3988        4479  7.7614584E-04   1.000000    
        3989        4480  6.1149464E-04   1.000000    
        3990        4481  6.5179617E-04   1.000000    
        3991        4482  5.7494832E-04   1.000000    
        3992        4483  7.8395015E-04   1.000000    
        3993        4484  6.5282400E-04   1.000000    
        3994        4485  1.4534269E-03   1.000000    
        3995        4486  7.1812933E-04   1.000000    
        3996        4487  8.3942694E-04   1.000000    
        3997        4488  8.5694704E-04   1.000000    
        3998        4489  8.6370273E-04   1.000000    
        3999        4490  8.4774307E-04   1.000000    
        4000        4491  7.4222428E-04   1.000000    
        4001        4492  6.1899319E-04   1.000000    
        4002        4493  8.8804751E-04   1.000000    
        4003        4494  9.5958717E-04   1.000000    
        4004        4495  9.5691893E-04   1.000000    
        4005        4496  9.9754333E-04   1.000000    
        4006        4497  7.6729729E-04   1.000000    
        4007        4498  4.8392426E-04   1.000000    
        4008        4499  9.3987549E-04   1.000000    
        4009        4500  1.0311527E-03   1.000000    
        4010        4501  1.2953442E-03   1.000000    
        4011        4502  9.6328242E-04   1.000000    
        4012        4503  7.6646660E-04   1.000000    
        4013        4504  1.1587467E-03   1.000000    
        4014        4505  1.2887653E-03   1.000000    
        4015        4506  4.3242777E-04   1.000000    
        4016        4507  6.5306667E-04   1.000000    
        4017        4508  6.6114299E-04   1.000000    
        4018        4509  7.4949890E-04   1.000000    
        4019        4510  8.4324024E-04   1.000000    
        4020        4511  5.7173119E-04   1.000000    
        4021        4512  5.7736540E-04   1.000000    
        4022        4513  5.3988618E-04   1.000000    
        4023        4514  5.4587791E-04   1.000000    
        4024        4515  6.8481127E-04   1.000000    
        4025        4516  2.9410410E-04   1.000000    
        4026        4517  5.0575822E-04   1.000000    
        4027        4518  8.1109774E-04   1.000000    
        4028        4519  1.0150438E-03   1.000000    
        4029        4520  8.8626187E-04   1.000000    
        4030        4521  2.9869776E-04   1.000000    
        4031        4522  2.2403726E-04   1.000000    
        4032        4523  5.6268391E-04   1.000000    
        4033        4524  5.6889764E-04   1.000000    
        4034        4525  5.5687374E-04   1.000000    
        4035        4526  5.3055183E-04   1.000000    
        4036        4527  2.0901118E-04   1.000000    
        4037        4528  2.0408687E-04   1.000000    
        4038        4529  6.4064539E-04   1.000000    
        4039        4530  6.7638030E-04   1.000000    
        4040        4531  5.6289270E-04   1.000000    
        4041        4532  5.4827944E-04   1.000000    
        4042        4533  5.4115360E-04   1.000000    
        4043        4534  5.1864621E-04   1.000000    
        4044        4535  7.3334621E-04   1.000000    
        4045        4536  8.0166495E-04   1.000000    
        4046        4537  7.0810399E-04   1.000000    
        4047        4538  5.8772496E-04   1.000000    
        4048        4539  3.3453261E-04   1.000000    
        4049        4540  5.2447937E-04   1.000000    
        4050        4541  5.5065844E-04   1.000000    
        4051        4542  2.0586482E-04   1.000000    
        4052        4543  2.0831307E-04   1.000000    
        4053        4544  5.0040585E-04   1.000000    
        4054        4545  5.4630125E-04   1.000000    
        4055        4546  6.7661906E-04   1.000000    
        4056        4547  8.1712916E-04   1.000000    
        4057        4548  7.6795655E-04   1.000000    
        4058        4549  5.8196072E-04   1.000000    
        4059        4550  5.6693354E-04   1.000000    
        4060        4551  4.9725582E-04   1.000000    
        4061        4552  5.0593942E-04   1.000000    
        4062        4553  4.0031777E-04   1.000000    
        4063        4554  4.5122372E-04   1.000000    
        4064        4555  6.2102568E-04   1.000000    
        4065        4556  4.0908114E-04   1.000000    
        4066        4557  3.2994454E-04   1.000000    
        4067        4558  4.3549633E-04   1.000000    
        4068        4559  9.2539249E-04   1.000000    
        4069        4560  2.5224485E-04   1.000000    
        4070        4561  7.6002668E-04   1.000000    
        4071        4562  1.0213763E-03   1.000000    
        4072        4563  3.2727607E-04   1.000000    
        4073        4564  3.3370047E-04   1.000000    
        4074        4565  3.6053709E-04   1.000000    
        4075        4566  2.3967930E-04   1.000000    
        4076        4567  5.6752504E-04   1.000000    
        4077        4568  9.5660822E-04   1.000000    
        4078        4569  2.4520193E-04   1.000000    
        4079        4570  6.4522971E-04   1.000000    
        4080        4571  3.5103035E-04   1.000000    
        4081        4572  7.1112812E-04   1.000000    
        4082        4573  7.2567654E-04   1.000000    
        4083        4574  8.0287311E-04   1.000000    
        4084        4575  5.8594858E-04   1.000000    
        4085        4576  5.8307272E-04   1.000000    
        4086        4577  6.5573014E-04   1.000000    
        4087        4578  6.4142328E-04   1.000000    
        4088        4579  4.3954965E-04   1.000000    
        4089        4580  5.0172227E-04   1.000000    
        4090        4581  9.5917803E-04   1.000000    
        4091        4582  6.7698664E-04   1.000000    
        4092        4583  4.5464220E-04   1.000000    
        4093        4584  2.1355211E-04   1.000000    
        4094        4585  2.5266933E-04   1.000000    
        4095        4586  4.4242034E-04   1.000000    
        4096        4587  2.2241770E-04   1.000000    
        4097        4588  2.6355259E-04   1.000000    
        4098        4589  3.5864901E-04   1.000000    
        4099        4590  3.0292172E-04   1.000000    
        4100        4591  5.7493034E-04   1.000000    
        4101        4592  5.6925946E-04   1.000000    
        4102        4593  6.1830244E-04   1.000000    
        4103        4594  2.8783339E-04   1.000000    
        4104        4595  1.5873562E-04   1.000000    
        4105        4596  1.5564292E-04   1.000000    
        4106        4597  1.9799944E-04   1.000000    
        4107        4598  3.3680198E-04   1.000000    
        4108        4599  5.8616622E-04   1.000000    
        4109        4600  5.7345582E-04   1.000000    
        4110        4601  5.5222336E-04   1.000000    
        4111        4602  2.3668598E-04   1.000000    
        4112        4603  2.1160660E-04   1.000000    
        4113        4604  2.4463231E-04   1.000000    
        4114        4605  4.1543637E-04   1.000000    
        4115        4606  2.1127258E-04   1.000000    
        4116        4607  2.2161192E-04   1.000000    
        4117        4608  4.3803299E-04   1.000000    
        4118        4609  1.9072414E-04   1.000000    
        4119        4610  2.3152903E-04   1.000000    
        4120        4611  5.5698538E-04   1.000000    
        4121        4612  6.4150267E-04   1.000000    
        4122        4613  3.9262712E-04   1.000000    
        4123        4614  4.2511942E-04   1.000000    
        4124        4615  4.4942930E-04   1.000000    
        4125        4616  4.5692903E-04   1.000000    
        4126        4617  4.2646966E-04   1.000000    
        4127        4618  2.9750090E-04   1.000000    
        4128        4619  2.9757665E-04   1.000000    
        4129        4620  3.9622863E-04   1.000000    
        4130        4621  3.5185559E-04   1.000000    
        4131        4622  5.0403806E-04   1.000000    
        4132        4623  5.1203347E-04   1.000000    
        4133        4624  5.6417403E-04   1.000000    
        4134        4625  4.8605245E-04   1.000000    
        4135        4626  4.3655132E-04   1.000000    
        4136        4627  3.9016889E-04   1.000000    
        4137        4628  3.3573349E-04   1.000000    
        4138        4629  4.6027085E-04   1.000000    
        4139        4630  4.0611476E-04   1.000000    
        4140        4631  5.9597613E-04   1.000000    
        4141        4632  6.4974197E-04   1.000000    
        4142        4633  5.0857122E-04   1.000000    
        4143        4634  3.9629577E-04   1.000000    
        4144        4635  5.0877617E-04   1.000000    
        4145        4636  3.8790534E-04   1.000000    
        4146        4637  4.8776189E-04   1.000000    
        4147        4638  3.6673737E-04   1.000000    
        4148        4639  4.4442742E-04   1.000000    
        4149        4640  3.3374768E-04   1.000000    
        4150        4641  3.9291990E-04   1.000000    
        4151        4642  4.4120775E-04   1.000000    
        4152        4643  4.7300177E-04   1.000000    
        4153        4644  4.2696382E-04   1.000000    
        4154        4645  4.5818259E-04   1.000000    
        4155        4646  4.6014434E-04   1.000000    
        4156        4647  4.5431982E-04   1.000000    
        4157        4648  4.5471769E-04   1.000000    
        4158        4649  4.5456062E-04   1.000000    
        4159        4650  4.5308878E-04   1.000000    
        4160        4651  4.5332071E-04   1.000000    
        4161        4652  4.5661617E-04   1.000000    
        4162        4653  4.6296584E-04   1.000000    
        4163        4654  4.6920200E-04   1.000000    
        4164        4655  4.7921462E-04   1.000000    
        4165        4656  4.9195654E-04   1.000000    
        4166        4657  5.1955268E-04   1.000000    
        4167        4658  3.6441113E-04   1.000000    
        4168        4659  4.1082990E-04   1.000000    
        4169        4660  4.4812085E-04   1.000000    
        4170        4661  4.6309916E-04   1.000000    
        4171        4662  3.1909996E-04   1.000000    
        4172        4663  3.7624885E-04   1.000000    
        4173        4664  4.2506092E-04   1.000000    
        4174        4665  4.5997417E-04   1.000000    
        4175        4666  4.7914518E-04   1.000000    
        4176        4667  4.8022339E-04   1.000000    
        4177        4668  4.7081319E-04   1.000000    
        4178        4669  4.2738262E-04   1.000000    
        4179        4670  4.3601793E-04   1.000000    
        4180        4671  4.5532445E-04   1.000000    
        4181        4672  4.8466769E-04   1.000000    
        4182        4673  5.1064132E-04   1.000000    
        4183        4674  4.8755831E-04   1.000000    
        4184        4675  4.9347250E-04   1.000000    
        4185        4676  4.9107050E-04   1.000000    
        4186        4677  4.7828586E-04   1.000000    
        4187        4678  4.5781315E-04   1.000000    
        4188        4679  4.2491927E-04   1.000000    
        4189        4680  3.8362163E-04   1.000000    
        4190        4681  5.6075625E-04   1.000000    
        4191        4682  6.3931081E-04   1.000000    
        4192        4683  5.0324929E-04   1.000000    
        4193        4684  3.9458324E-04   1.000000    
        4194        4685  5.1053398E-04   1.000000    
        4195        4686  3.9087905E-04   1.000000    
        4196        4687  4.8989058E-04   1.000000    
        4197        4688  3.7377651E-04   1.000000    
        4198        4689  4.5347313E-04   1.000000    
        4199        4690  3.3780525E-04   1.000000    
        4200        4691  3.9577749E-04   1.000000    
        4201        4692  4.3132794E-04   1.000000    
        4202        4693  4.1227645E-04   1.000000    
        4203        4694  4.3347524E-04   1.000000    
        4204        4695  4.5401457E-04   1.000000    
        4205        4696  4.7102474E-04   1.000000    
        4206        4697  4.8155108E-04   1.000000    
        4207        4698  4.8214744E-04   1.000000    
        4208        4699  4.7319510E-04   1.000000    
        4209        4700  4.6616528E-04   1.000000    
        4210        4701  4.5397933E-04   1.000000    
        4211        4702  4.4505059E-04   1.000000    
        4212        4703  4.5872890E-04   1.000000    
        4213        4704  4.7849104E-04   1.000000    
        4214        4705  4.9476902E-04   1.000000    
        4215        4706  5.0482794E-04   1.000000    
        4216        4707  3.5254343E-04   1.000000    
        4217        4708  3.9737663E-04   1.000000    
        4218        4709  6.6088850E-04   1.000000    
        4219        4710  6.5494538E-04   1.000000    
        4220        4711  6.4704439E-04   1.000000    
        4221        4712  6.3526497E-04   1.000000    
        4222        4713  6.7151064E-04   1.000000    
        4223        4714  6.6500704E-04   1.000000    
        4224        4715  5.9224840E-04   1.000000    
        4225        4716  6.0494634E-04   1.000000    
        4226        4717  6.3993520E-04   1.000000    
        4227        4718  6.7338895E-04   1.000000    
        4228        4719  6.3096505E-04   1.000000    
        4229        4720  7.0590683E-04   1.000000    
        4230        4721  6.5192155E-04   1.000000    
        4231        4722  6.2914018E-04   1.000000    
        4232        4723  6.7219877E-04   1.000000    
        4233        4724  6.3825870E-04   1.000000    
        4234        4725  5.0189259E-04   1.000000    
        4235        4726  5.0941226E-04   1.000000    
        4236        4727  4.8208600E-04   1.000000    
        4237        4728  5.0312094E-04   1.000000    
        4238        4729  6.6370080E-04   1.000000    
        4239        4730  6.7320990E-04   1.000000    
        4240        4731  5.8196194E-04   1.000000    
        4241        4732  5.9160410E-04   1.000000    
        4242        4733  5.4046145E-04   1.000000    
        4243        4734  5.5778684E-04   1.000000    
        4244        4735  6.3445448E-04   1.000000    
        4245        4736  6.4906984E-04   1.000000    
        4246        4737  6.8967295E-04   1.000000    
        4247        4738  6.8156357E-04   1.000000    
        4248        4739  6.2793744E-04   1.000000    
        4249        4740  6.2884990E-04   1.000000    
        4250        4741  5.9266732E-04   1.000000    
        4251        4742  6.0647918E-04   1.000000    
        4252        4743  6.2421279E-04   1.000000    
        4253        4744  6.0501823E-04   1.000000    
        4254        4745  6.6429848E-04   1.000000    
        4255        4746  6.8168063E-04   1.000000    
        4256        4747  6.2588678E-04   1.000000    
        4257        4748  6.0135854E-04   1.000000    
        4258        4749  7.5062015E-04   1.000000    
        4259        4750  6.7224499E-04   1.000000    
        4260        4751  6.7463383E-04   1.000000    
        4261        4752  7.1571412E-04   1.000000    
        4262        4753  5.6716549E-04   1.000000    
        4263        4754  5.1857985E-04   1.000000    
        4264        4755  5.7030306E-04   1.000000    
        4265        4756  5.1996642E-04   1.000000    
        4266        4757  6.9678685E-04   1.000000    
        4267        4758  7.5915857E-04   1.000000    
        4268        4759  8.4989902E-04   1.000000    
        4269        4760  6.2617275E-04   1.000000    
        4270        4761  6.3560129E-04   1.000000    
        4271        4762  6.2096131E-04   1.000000    
        4272        4763  6.0957647E-04   1.000000    
        4273        4764  6.3245982E-04   1.000000    
        4274        4765  7.3458895E-04   1.000000    
        4275        4766  5.8954896E-04   1.000000    
        4276        4767  8.7113742E-04   1.000000    
        4277        4768  6.2048377E-04   1.000000    
        4278        4769  6.3392706E-04   1.000000    
        4279        4770  5.2840530E-04   1.000000    
        4280        4771  4.8946531E-04   1.000000    
        4281        4772  5.2724237E-04   1.000000    
        4282        4773  5.2055926E-04   1.000000    
        4283        4774  4.7367977E-04   1.000000    
        4284        4775  5.2940019E-04   1.000000    
        4285        4776  6.2093209E-04   1.000000    
        4286        4777  6.8763463E-04   1.000000    
        4287        4778  6.8324601E-04   1.000000    
        4288        4779  7.7826082E-04   1.000000    
        4289        4780  7.3658902E-04   1.000000    
        4290        4781  6.5478910E-04   1.000000    
        4291        4782  6.8290986E-04   1.000000    
        4292        4783  8.4219512E-04   1.000000    
        4293        4784  7.0739794E-04   1.000000    
        4294        4785  9.6133800E-04   1.000000    
        4295        4786  6.5598078E-04   1.000000    
        4296        4787  6.8283750E-04   1.000000    
        4297        4788  6.4327917E-04   1.000000    
        4298        4789  6.5788568E-04   1.000000    
        4299        4790  5.9829518E-04   1.000000    
        4300        4791  6.3738722E-04   1.000000    
        4301        4792  5.9187616E-04   1.000000    
        4302        4793  5.9600867E-04   1.000000    
        4303        4794  5.9057871E-04   1.000000    
        4304        4795  6.1847817E-04   1.000000    
        4305        4796  6.6581764E-04   1.000000    
        4306        4797  6.2015041E-04   1.000000    
        4307        4798  7.7280920E-04   1.000000    
        4308        4799  6.8227429E-04   1.000000    
        4309        4800  6.0675101E-04   1.000000    
        4310        4801  9.0061128E-04   1.000000    
        4311        4802  5.7202793E-04   1.000000    
        4312        4803  9.1724843E-04   1.000000    
        4313        4804  7.7394646E-04   1.000000    
        4314        4805  6.9408806E-04   1.000000    
        4315        4806  6.9918128E-04   1.000000    
        4316        4807  5.8263313E-04   1.000000    
        4317        4808  5.4661540E-04   1.000000    
        4318        4809  6.3660950E-04   1.000000    
        4319        4810  5.9595366E-04   1.000000    
        4320        4811  6.4041436E-04   1.000000    
        4321        4812  6.5050396E-04   1.000000    
        4322        4813  6.9136202E-04   1.000000    
        4323        4814  7.5150625E-04   1.000000    
        4324        4815  6.3971081E-04   1.000000    
        4325        4816  6.2906672E-04   1.000000    
        4326        4817  6.2234770E-04   1.000000    
        4327        4818  6.3383218E-04   1.000000    
        4328        4819  5.6145585E-04   1.000000    
        4329        4820  5.3717336E-04   1.000000    
        4330        4821  5.7578826E-04   1.000000    
        4331        4822  5.9217942E-04   1.000000    
        4332        4823  5.5658584E-04   1.000000    
        4333        4824  5.5403664E-04   1.000000    
        4334        4825  5.8204407E-04   1.000000    
        4335        4826  5.9341278E-04   1.000000    
        4336        4827  5.5182655E-04   1.000000    
        4337        4828  5.9253152E-04   1.000000    
        4338        4829  6.3193846E-04   1.000000    
        4339        4830  6.1220024E-04   1.000000    
        4340        4831  6.2086928E-04   1.000000    
        4341        4832  6.4190518E-04   1.000000    
        4342        4833  6.2855601E-04   1.000000    
        4343        4834  5.9314398E-04   1.000000    
        4344        4835  6.0170435E-04   1.000000    
        4345        4836  5.9829606E-04   1.000000    
        4346        4837  5.9382344E-04   1.000000    
        4347        4838  5.9807848E-04   1.000000    
        4348        4839  6.2447385E-04   1.000000    
        4349        4840  6.4593315E-04   1.000000    
        4350        4841  6.0795719E-04   1.000000    
        4351        4842  6.1639835E-04   1.000000    
        4352        4843  6.3138606E-04   1.000000    
        4353        4844  7.0529099E-04   1.000000    
        4354        4845  6.8525359E-04   1.000000    
        4355        4846  6.5698172E-04   1.000000    
        4356        4847  7.9704984E-04   1.000000    
        4357        4848  7.1907160E-04   1.000000    
        4358        4849  6.1679137E-04   1.000000    
        4359        4850  6.5605855E-04   1.000000    
        4360        4851  8.1581529E-04   1.000000    
        4361        4852  8.3596684E-04   1.000000    
        4362        4853  6.2171707E-04   1.000000    
        4363        4854  7.6757820E-04   1.000000    
        4364        4855  6.5585645E-04   1.000000    
        4365        4856  5.1167479E-04   1.000000    
        4366        4857  6.0927175E-04   1.000000    
        4367        4858  6.0897454E-04   1.000000    
        4368        4859  6.0682383E-04   1.000000    
        4369        4860  6.8801822E-04   1.000000    
        4370        4861  5.5301480E-04   1.000000    
        4371        4862  6.6957204E-04   1.000000    
        4372        4863  5.3515460E-04   1.000000    
        4373        4864  4.3025080E-04   1.000000    
        4374        4865  2.1852966E-04   1.000000    
        4375        4866  6.2454515E-04   1.000000    
        4376        4867  6.3350744E-04   1.000000    
        4377        4868  6.3245604E-04   1.000000    
        4378        4869  6.0530147E-04   1.000000    
        4379        4870  6.0193997E-04   1.000000    
        4380        4871  6.6462409E-04   1.000000    
        4381        4872  5.9966603E-04   1.000000    
        4382        4873  6.5768568E-04   1.000000    
        4383        4874  6.2713859E-04   1.000000    
        4384        4875  6.2146224E-04   1.000000    
        4385        4876  6.5735780E-04   1.000000    
        4386        4877  6.0803001E-04   1.000000    
        4387        4878  1.3101079E-03   1.000000    
        4388        4879  1.0300083E-03   1.000000    
        4389        4880  1.2367810E-03   1.000000    
        4390        4881  7.5049157E-04   1.000000    
        4391        4882  4.8905349E-04   1.000000    
        4392        4883  5.0869805E-04   1.000000    
        4393        4884  5.5080524E-04   1.000000    
        4394        4885  4.8809926E-04   1.000000    
        4395        4886  5.7807128E-04   1.000000    
        4396        4887  6.0241140E-04   1.000000    
        4397        4888  6.0875958E-04   1.000000    
        4398        4889  7.3100615E-04   1.000000    
        4399        4890  5.7926239E-04   1.000000    
        4400        4891  6.2270282E-04   1.000000    
        4401        4892  6.0965039E-04   1.000000    
        4402        4893  5.8994314E-04   1.000000    
        4403        4894  5.8863807E-04   1.000000    
        4404        4895  5.9362268E-04   1.000000    
        4405        4896  5.7940203E-04   1.000000    
        4406        4897  5.8275851E-04   1.000000    
        4407        4898  5.9956935E-04   1.000000    
        4408        4899  5.8830745E-04   1.000000    
        4409        4900  6.1964075E-04   1.000000    
        4410        4901  6.0382311E-04   1.000000    
        4411        4902  6.4900127E-04   1.000000    
        4412        4903  6.1843474E-04   1.000000    
        4413        4904  6.3320901E-04   1.000000    
        4414        4905  7.0698396E-04   1.000000    
        4415        4906  5.7300198E-04   1.000000    
        4416        4907  8.5516827E-04   1.000000    
        4417        4908  9.8975387E-04   1.000000    
        4418        4909  8.0762809E-04   1.000000    
        4419        4910  1.3995867E-03   1.000000    
        4420        4911  7.8255183E-04   1.000000    
        4421        4912  7.5619144E-04   1.000000    
        4422        4913  6.4098445E-04   1.000000    
        4423        4914  1.3068395E-03   1.000000    
        4424        4915  1.0404279E-03   1.000000    
        4425        4916  1.2874205E-03   1.000000    
        4426        4917  7.6841295E-04   1.000000    
        4427        4918  4.3966403E-04   1.000000    
        4428        4919  6.3511159E-04   1.000000    
        4429        4920  4.9547420E-04   1.000000    
        4430        4921  5.6136254E-04   1.000000    
        4431        4922  4.1910267E-04   1.000000    
        4432        4923  6.3165859E-04   1.000000    
        4433        4924  6.4131583E-04   1.000000    
        4434        4925  5.5828213E-04   1.000000    
        4435        4926  6.0260057E-04   1.000000    
        4436        4927  6.0700928E-04   1.000000    
        4437        4928  6.6887500E-04   1.000000    
        4438        4929  5.7926693E-04   1.000000    
        4439        4930  6.1167084E-04   1.000000    
        4440        4931  5.4166623E-04   1.000000    
        4441        4932  5.8884546E-04   1.000000    
        4442        4933  6.7243795E-04   1.000000    
        4443        4934  5.9659261E-04   1.000000    
        4444        4935  6.7786896E-04   1.000000    
        4445        4936  6.3541712E-04   1.000000    
        4446        4937  6.4335437E-04   1.000000    
        4447        4938  7.7594211E-04   1.000000    
        4448        4939  7.3168671E-04   1.000000    
        4449        4940  7.2592602E-04   1.000000    
        4450        4941  6.9078995E-04   1.000000    
        4451        4942  5.5199949E-04   1.000000    
        4452        4943  5.9692375E-04   1.000000    
        4453        4944  4.4542013E-04   1.000000    
        4454        4945  4.4289007E-04   1.000000    
        4455        4946  9.5347140E-04   1.000000    
        4456        4947  9.8121515E-04   1.000000    
        4457        4948  9.4702200E-04   1.000000    
        4458        4949  2.9440163E-04   1.000000    
        4459        4950  4.6694410E-04   1.000000    
        4460        4951  5.8432319E-04   1.000000    
        4461        4952  4.4714165E-04   1.000000    
        4462        4953  5.6276564E-04   1.000000    
        4463        4954  9.6007314E-04   1.000000    
        4464        4955  7.8332779E-04   1.000000    
        4465        4956  5.9212965E-04   1.000000    
        4466        4957  6.0375262E-04   1.000000    
        4467        4958  5.8128749E-04   1.000000    
        4468        4959  5.8918423E-04   1.000000    
        4469        4960  6.0544518E-04   1.000000    
        4470        4961  6.2511640E-04   1.000000    
        4471        4962  6.6166645E-04   1.000000    
        4472        4963  6.3634705E-04   1.000000    
        4473        4964  6.8147405E-04   1.000000    
        4474        4965  8.3107542E-04   1.000000    
        4475        4966  6.3938508E-04   1.000000    
        4476        4967  7.4781483E-04   1.000000    
        4477        4968  7.1759673E-04   1.000000    
        4478        4969  8.1039534E-04   1.000000    
        4479        4970  6.2082073E-04   1.000000    
        4480        4971  4.8577806E-04   1.000000    
        4481        4972  9.6492481E-04   1.000000    
        4482        4973  1.0058809E-03   1.000000    
        4483        4974  9.4890909E-04   1.000000    
        4484        4975  3.0003043E-04   1.000000    
        4485        4976  6.1451877E-04   1.000000    
        4486        4977  6.6592055E-04   1.000000    
        4487        4978  5.0061388E-04   1.000000    
        4488        4979  4.6567051E-04   1.000000    
        4489        4980  4.2995199E-04   1.000000    
        4490        4981  4.8574965E-04   1.000000    
        4491        4982  2.2079470E-04   1.000000    
        4492        4983  4.2218139E-04   1.000000    
        4493        4984  7.5635384E-04   1.000000    
        4494        4985  5.9182092E-04   1.000000    
        4495        4986  5.8439607E-04   1.000000    
        4496        4987  5.8226375E-04   1.000000    
        4497        4988  5.7774317E-04   1.000000    
        4498        4989  6.1294960E-04   1.000000    
        4499        4990  5.7382061E-04   1.000000    
        4500        4991  5.8377063E-04   1.000000    
        4501        4992  5.6551461E-04   1.000000    
        4502        4993  6.0001225E-04   1.000000    
        4503        4994  5.7452021E-04   1.000000    
        4504        4995  5.6333141E-04   1.000000    
        4505        4996  6.4030848E-04   1.000000    
        4506        4997  6.0503930E-04   1.000000    
        4507        4998  6.9256173E-04   1.000000    
        4508        4999  6.2400405E-04   1.000000    
        4509        5000  8.1043673E-04   1.000000    
        4510        5001  7.6348189E-04   1.000000    
        4511        5002  6.6533947E-04   1.000000    
        4512        5003  6.5359444E-04   1.000000    
        4513        5004  6.8320200E-04   1.000000    
        4514        5005  7.4504153E-04   1.000000    
        4515        5006  9.7347487E-04   1.000000    
        4516        5007  1.0502136E-03   1.000000    
        4517        5008  2.0756978E-04   1.000000    
        4518        5009  2.0305239E-04   1.000000    
        4519        5010  9.9761330E-04   1.000000    
        4520        5011  5.2437687E-04   1.000000    
        4521        5012  5.4970355E-04   1.000000    
        4522        5013  6.2618905E-04   1.000000    
        4523        5014  5.9668534E-04   1.000000    
        4524        5015  5.3318567E-04   1.000000    
        4525        5016  4.3702536E-04   1.000000    
        4526        5017  4.9950136E-04   1.000000    
        4527        5018  5.4152176E-04   1.000000    
        4528        5019  6.1130844E-04   1.000000    
        4529        5020  6.3843152E-04   1.000000    
        4530        5021  5.3406850E-04   1.000000    
        4531        5022  7.4949570E-04   1.000000    
        4532        5023  6.5088057E-04   1.000000    
        4533        5024  6.9753180E-04   1.000000    
        4534        5025  5.3733034E-04   1.000000    
        4535        5026  3.1655398E-04   1.000000    
        4536        5027  5.8455294E-04   1.000000    
        4537        5028  7.0070574E-04   1.000000    
        4538        5029  6.8571744E-04   1.000000    
        4539        5030  8.1099011E-04   1.000000    
        4540        5031  7.4452517E-04   1.000000    
        4541        5032  7.7127310E-04   1.000000    
        4542        5033  9.6665096E-04   1.000000    
        4543        5034  9.7211177E-04   1.000000    
        4544        5035  2.0884124E-04   1.000000    
        4545        5036  2.1083197E-04   1.000000    
        4546        5037  1.1543281E-03   1.000000    
        4547        5038  5.5344868E-04   1.000000    
        4548        5039  5.3067581E-04   1.000000    
        4549        5040  4.9626589E-04   1.000000    
        4550        5041  8.5062353E-04   1.000000    
        4551        5042  8.1611256E-04   1.000000    
        4552        5043  7.6591567E-04   1.000000    
        4553        5044  9.9120010E-04   1.000000    
        4554        5045  6.2733440E-04   1.000000    
        4555        5046  5.2849454E-04   1.000000    
        4556        5047  5.6858535E-04   1.000000    
        4557        5048  5.8601069E-04   1.000000    
        4558        5049  5.4004474E-04   1.000000    
        4559        5050  4.0639372E-04   1.000000    
        4560        5051  4.5088091E-04   1.000000    
        4561        5052  6.0784828E-04   1.000000    
        4562        5053  6.3519494E-04   1.000000    
        4563        5054  6.9418043E-04   1.000000    
        4564        5055  6.1889546E-04   1.000000    
        4565        5056  8.2797004E-04   1.000000    
        4566        5057  8.3079404E-04   1.000000    
        4567        5058  8.0356665E-04   1.000000    
        4568        5059  9.1061083E-04   1.000000    
        4569        5060  3.3093660E-04   1.000000    
        4570        5061  6.4032071E-04   1.000000    
        4571        5062  6.1258517E-04   1.000000    
        4572        5063  4.2446062E-04   1.000000    
        4573        5064  6.0549384E-04   1.000000    
        4574        5065  5.5721070E-04   1.000000    
        4575        5066  5.8798370E-04   1.000000    
        4576        5067  6.5645808E-04   1.000000    
        4577        5068  4.8054542E-04   1.000000    
        4578        5069  9.0563431E-04   1.000000    
        4579        5070  2.3781546E-04   1.000000    
        4580        5071  5.8043195E-04   1.000000    
        4581        5072  7.4808265E-04   1.000000    
        4582        5073  5.9865828E-04   1.000000    
        4583        5074  6.2412216E-04   1.000000    
        4584        5075  8.7230187E-04   1.000000    
        4585        5076  7.0491777E-04   1.000000    
        4586        5077  6.8432325E-04   1.000000    
        4587        5078  5.9755286E-04   1.000000    
        4588        5079  6.0119020E-04   1.000000    
        4589        5080  6.5733067E-04   1.000000    
        4590        5081  6.3852017E-04   1.000000    
        4591        5082  7.8794680E-04   1.000000    
        4592        5083  8.5201132E-04   1.000000    
        4593        5084  8.9292321E-04   1.000000    
        4594        5085  3.2747694E-04   1.000000    
        4595        5086  8.0002542E-04   1.000000    
        4596        5087  6.3933583E-04   1.000000    
        4597        5088  5.9774559E-04   1.000000    
        4598        5089  6.1097334E-04   1.000000    
        4599        5090  5.2773923E-04   1.000000    
        4600        5091  5.2631635E-04   1.000000    
        4601        5092  3.3380862E-04   1.000000    
        4602        5093  5.3545833E-04   1.000000    
        4603        5094  6.4918416E-04   1.000000    
        4604        5095  6.8135303E-04   1.000000    
        4605        5096  5.9557508E-04   1.000000    
        4606        5097  5.7913136E-04   1.000000    
        4607        5098  5.8929803E-04   1.000000    
        4608        5099  5.5845984E-04   1.000000    
        4609        5100  4.9847650E-04   1.000000    
        4610        5101  4.0134453E-04   1.000000    
        4611        5102  6.1341282E-04   1.000000    
        4612        5103  6.4280693E-04   1.000000    
        4613        5104  6.0683460E-04   1.000000    
        4614        5105  7.6284813E-04   1.000000    
        4615        5106  9.1085566E-04   1.000000    
        4616        5107  8.4873097E-04   1.000000    
        4617        5108  2.3616676E-04   1.000000    
        4618        5109  8.2113524E-04   1.000000    
        4619        5110  4.0175064E-04   1.000000    
        4620        5111  6.1975396E-04   1.000000    
        4621        5112  3.9998489E-04   1.000000    
        4622        5113  6.2238786E-04   1.000000    
        4623        5114  6.1609154E-04   1.000000    
        4624        5115  5.7568855E-04   1.000000    
        4625        5116  5.6709338E-04   1.000000    
        4626        5117  5.6386873E-04   1.000000    
        4627        5118  5.7428266E-04   1.000000    
        4628        5119  5.7413132E-04   1.000000    
        4629        5120  9.3390315E-04   1.000000    
        4630        5121  6.3574902E-04   1.000000    
        4631        5122  5.7239056E-04   1.000000    
        4632        5123  8.6949265E-04   1.000000    
        4633        5124  2.4567029E-04   1.000000    
        4634        5125  4.2965927E-04   1.000000    
        4635        5126  3.5771134E-04   1.000000    
        4636        5127  5.4721214E-04   1.000000    
        4637        5128  5.0620630E-04   1.000000    
        4638        5129  5.9369020E-04   1.000000    
        4639        5130  6.0268608E-04   1.000000    
        4640        5131  5.6789862E-04   1.000000    
        4641        5132  4.5737429E-04   1.000000    
        4642        5133  8.7924610E-04   1.000000    
        4643        5134  6.7384890E-04   1.000000    
        4644        5135  3.7268514E-04   1.000000    
        4645        5136  6.3147093E-04   1.000000    
        4646        5137  6.2589458E-04   1.000000    
        4647        5138  4.8682888E-04   1.000000    
        4648        5139  3.4325253E-04   1.000000    
        4649        5140  8.6135056E-04   1.000000    
        4650        5141  5.7539594E-04   1.000000    
        4651        5142  6.8937684E-04   1.000000    
        4652        5143  6.7539455E-04   1.000000    
        4653        5144  6.4606214E-04   1.000000    
        4654        5145  6.1349483E-04   1.000000    
        4655        5146  2.1218894E-04   1.000000    
        4656        5147  4.3870526E-04   1.000000    
        4657        5148  5.5209687E-04   1.000000    
        4658        5149  8.9848984E-04   1.000000    
        4659        5150  2.5263990E-04   1.000000    
        4660        5151  6.3630071E-04   1.000000    
        4661        5152  4.2967850E-04   1.000000    
        4662        5153  2.1858724E-04   1.000000    
        4663        5154  2.1848864E-04   1.000000    
        4664        5155  4.2705162E-04   1.000000    
        4665        5156  8.4532640E-04   1.000000    
        4666        5157  7.3548360E-04   1.000000    
        4667        5158  3.5224558E-04   1.000000    
        4668        5159  7.4636389E-04   1.000000    
        4669        5160  4.3055625E-04   1.000000    
        4670        5161  6.3854235E-04   1.000000    
        4671        5162  7.8522478E-04   1.000000    
        4672        5163  9.4329816E-04   1.000000    
        4673        5164  5.4880936E-04   1.000000    
        4674        5165  4.3739198E-04   1.000000    
        4675        5166  5.6236197E-04   1.000000    
        4676        5167  4.8765715E-04   1.000000    
        4677        5168  6.1159371E-04   1.000000    
        4678        5169  5.6892121E-04   1.000000    
        4679        5170  4.9642276E-04   1.000000    
        4680        5171  7.8377128E-04   1.000000    
        4681        5172  3.0480622E-04   1.000000    
        4682        5173  5.8279635E-04   1.000000    
        4683        5174  5.7990832E-04   1.000000    
        4684        5175  7.2546734E-04   1.000000    
        4685        5176  6.2992098E-04   1.000000    
        4686        5177  2.8924312E-04   1.000000    
        4687        5178  1.5972424E-04   1.000000    
        4688        5179  1.5667522E-04   1.000000    
        4689        5180  6.1983429E-04   1.000000    
        4690        5181  5.7134283E-04   1.000000    
        4691        5182  5.7156815E-04   1.000000    
        4692        5183  6.0321967E-04   1.000000    
        4693        5184  4.2979640E-04   1.000000    
        4694        5185  1.9948935E-04   1.000000    
        4695        5186  3.2857838E-04   1.000000    
        4696        5187  5.6776794E-04   1.000000    
        4697        5188  5.8677711E-04   1.000000    
        4698        5189  2.3142206E-04   1.000000    
        4699        5190  2.1193884E-04   1.000000    
        4700        5191  2.3687948E-04   1.000000    
        4701        5192  6.1787356E-04   1.000000    
        4702        5193  4.1705600E-04   1.000000    
        4703        5194  5.4201594E-04   1.000000    
        4704        5195  2.0341022E-04   1.000000    
        4705        5196  2.2267029E-04   1.000000    
        4706        5197  4.3168233E-04   1.000000    
        4707        5198  1.8687051E-04   1.000000    
        4708        5199  2.2892166E-04   1.000000    
        4709        5200  1.9898971E-03   1.000000    
        4710        5201  1.3118953E-03   1.000000    
        4711        5202  1.0090539E-03   1.000000    
        4712        5203  1.1365742E-03   1.000000    
        4713        5208  1.9812847E-03   1.000000    
        4714        5209  1.2992786E-03   1.000000    
        4715        5210  9.9622831E-04   1.000000    
        4716        5211  1.1263918E-03   1.000000    
        4717        5212  1.5100733E-03   1.000000    
        4718        5213  1.3310090E-03   1.000000    
        4719        5214  9.5985137E-04   1.000000    
        4720        5217  1.4863292E-03   1.000000    
        4721        5218  1.3214346E-03   1.000000    
        4722        5219  9.4450649E-04   1.000000    
        4723        5220  1.0772788E-03   1.000000    
        4724        5221  1.1153216E-03   1.000000    
        4725        5223  1.0554325E-03   1.000000    
        4726        5224  1.0877736E-03   1.000000    
        4727        5225  1.1402736E-03   1.000000    
        4728        5226  9.5603638E-04   1.000000    
        4729        5227  9.0731785E-04   1.000000    
        4730        5228  7.6581491E-04   1.000000    
        4731        5233  1.1156481E-03   1.000000    
        4732        5234  9.3894685E-04   1.000000    
        4733        5235  8.9056219E-04   1.000000    
        4734        5236  7.4835669E-04   1.000000    
        4735        5237  1.1398527E-03   1.000000    
        4736        5238  7.2388619E-04   1.000000    
        4737        5239  8.5456064E-04   1.000000    
        4738        5242  1.1160459E-03   1.000000    
        4739        5243  7.0583337E-04   1.000000    
        4740        5244  8.3904865E-04   1.000000    
        4741        5245  1.3640890E-03   1.000000    
        4742        5246  1.1563803E-03   1.000000    
        4743        5248  1.3463307E-03   1.000000    
        4744        5249  1.1377184E-03   1.000000    
        4745        5250  1.8885512E-03   1.000000    
        4746        5251  1.2426907E-03   1.000000    
        4747        5252  1.7754590E-03   1.000000    
        4748        5253  1.5442105E-03   1.000000    
        4749        5258  1.8868143E-03   1.000000    
        4750        5259  1.2419813E-03   1.000000    
        4751        5260  1.7783181E-03   1.000000    
        4752        5261  1.5446477E-03   1.000000    
        4753        5262  1.4004653E-03   1.000000    
        4754        5263  1.2893240E-03   1.000000    
        4755        5264  1.1836522E-03   1.000000    
        4756        5265  6.2028522E-04   1.000000    
        4757        5266  6.1877049E-04   1.000000    
        4758        5267  1.4000625E-03   1.000000    
        4759        5268  1.2889615E-03   1.000000    
        4760        5269  1.1866253E-03   1.000000    
        4761        5270  2.0521248E-03   1.000000    
        4762        5271  1.3610276E-03   1.000000    
        4763        5272  2.1087895E-03   1.000000    
        4764        5273  1.3885717E-03   1.000000    
        4765        5278  1.8235778E-03   1.000000    
        4766        5279  1.1990762E-03   1.000000    
        4767        5280  1.8389479E-03   1.000000    
        4768        5281  1.2144343E-03   1.000000    
        4769        5282  2.0548671E-03   1.000000    
        4770        5283  2.2641318E-03   1.000000    
        4771        5284  1.3216216E-03   1.000000    
        4772        5287  1.8280426E-03   1.000000    
        4773        5288  1.9529870E-03   1.000000    
        4774        5289  1.1508754E-03   1.000000    
        4775        5290  1.5700262E-03   1.000000    
        4776        5291  1.7389861E-03   1.000000    
        4777        5292  1.2895502E-03   1.000000    
        4778        5295  1.5616511E-03   1.000000    
        4779        5296  1.7169708E-03   1.000000    
        4780        5297  1.2682242E-03   1.000000    
        4781        5298  1.5421391E-03   1.000000    
        4782        5299  1.0863768E-03   1.000000    
        4783        5301  1.4979315E-03   1.000000    
        4784        5302  1.0583500E-03   1.000000    
        4785        5303  1.8929786E-03   1.000000    
        4786        5304  1.2483235E-03   1.000000    
        4787        5305  1.8748785E-03   1.000000    
        4788        5308  1.8799303E-03   1.000000    
        4789        5309  1.2428276E-03   1.000000    
        4790        5310  1.8714879E-03   1.000000    
        4791        5311  1.6350987E-03   1.000000    
        4792        5312  1.1493382E-03   1.000000    
        4793        5313  1.7836007E-03   1.000000    
        4794        5314  1.5007363E-03   1.000000    
        4795        5319  1.6550844E-03   1.000000    
        4796        5320  1.1629534E-03   1.000000    
        4797        5321  1.7915311E-03   1.000000    
        4798        5322  1.4946545E-03   1.000000    
        4799        5323  1.3928700E-03   1.000000    
        4800        5324  1.1878870E-03   1.000000    
        4801        5325  1.2734898E-03   1.000000    
        4802        5326  6.1256980E-04   1.000000    
        4803        5327  6.1443588E-04   1.000000    
        4804        5328  1.3791183E-03   1.000000    
        4805        5329  1.1802842E-03   1.000000    
        4806        5330  1.2571573E-03   1.000000    
        4807        5331  1.8979696E-03   1.000000    
        4808        5332  1.7097334E-03   1.000000    
        4809        5333  1.4824668E-03   1.000000    
        4810        5336  1.6803255E-03   1.000000    
        4811        5337  1.4543926E-03   1.000000    
        4812        5338  1.2884072E-03   1.000000    
        4813        5339  1.3370030E-03   1.000000    
        4814        5340  1.2486891E-03   1.000000    
        4815        5341  1.0619019E-03   1.000000    
        4816        5342  5.6812540E-04   1.000000    
        4817        5343  5.8586081E-04   1.000000    
        4818        5344  1.2081683E-03   1.000000    
        4819        5345  1.1203139E-03   1.000000    
        4820        5346  9.0458099E-04   1.000000    
        4821        5347  2.1205533E-03   1.000000    
        4822        5348  1.5290867E-03   1.000000    
        4823        5349  2.6023530E-03   1.000000    
        4824        5352  2.1024505E-03   1.000000    
        4825        5353  1.5254761E-03   1.000000    
        4826        5354  2.5985367E-03   1.000000    
        4827        5355  1.3318366E-03   1.000000    
        4828        5356  1.1386721E-03   1.000000    
        4829        5357  9.2253304E-04   1.000000    
        4830        5358  9.9269627E-04   1.000000    
        4831        5363  1.3521465E-03   1.000000    
        4832        5364  1.1461081E-03   1.000000    
        4833        5365  9.3059137E-04   1.000000    
        4834        5366  1.0030944E-03   1.000000    
        4835        5367  1.5393290E-03   1.000000    
        4836        5368  1.2894635E-03   1.000000    
        4837        5369  1.0750417E-03   1.000000    
        4838        5372  1.5499684E-03   1.000000    
        4839        5373  1.3034574E-03   1.000000    
        4840        5374  1.0804663E-03   1.000000    
        4841        5375  1.4267107E-03   1.000000    
        4842        5376  1.5064162E-03   1.000000    
        4843        5378  1.4293366E-03   1.000000    
        4844        5379  1.5110034E-03   1.000000    
        4845        5380  1.6858244E-03   1.000000    
        4846        5381  1.1863449E-03   1.000000    
        4847        5382  1.7584850E-03   1.000000    
        4848        5385  1.7091455E-03   1.000000    
        4849        5386  1.2017946E-03   1.000000    
        4850        5387  1.7808765E-03   1.000000    
        4851        5388  1.5351062E-03   1.000000    
        4852        5389  1.2420671E-03   1.000000    
        4853        5390  1.0783594E-03   1.000000    
        4854        5391  9.5437310E-04   1.000000    
        4855        5396  1.4720501E-03   1.000000    
        4856        5397  1.2105772E-03   1.000000    
        4857        5398  1.0393668E-03   1.000000    
        4858        5399  9.1815740E-04   1.000000    
        4859        5400  1.0703886E-03   1.000000    
        4860        5401  9.4615377E-04   1.000000    
        4861        5402  9.8991801E-04   1.000000    
        4862        5403  6.0651096E-04   1.000000    
        4863        5404  6.0317479E-04   1.000000    
        4864        5405  1.0391480E-03   1.000000    
        4865        5406  9.0518227E-04   1.000000    
        4866        5407  9.5310475E-04   1.000000    
        4867        5408  1.3432365E-03   1.000000    
        4868        5409  9.4492640E-04   1.000000    
        4869        5410  6.0819625E-04   1.000000    
        4870        5411  1.2991392E-03   1.000000    
        4871        5412  9.2296448E-04   1.000000    
        4872        5413  1.5850571E-03   1.000000    
        4873        5414  1.8945403E-03   1.000000    
        4874        5415  1.4704621E-03   1.000000    
        4875        5418  1.5695455E-03   1.000000    
        4876        5419  1.8613276E-03   1.000000    
        4877        5420  1.4350868E-03   1.000000    
        4878        5421  1.7283274E-03   1.000000    
        4879        5422  1.2170873E-03   1.000000    
        4880        5424  1.6585535E-03   1.000000    
        4881        5425  1.1772010E-03   1.000000    
        4882        5426  1.8730228E-03   1.000000    
        4883        5427  1.2275806E-03   1.000000    
        4884        5428  1.8824063E-03   1.000000    
        4885        5431  1.8534807E-03   1.000000    
        4886        5432  1.2165660E-03   1.000000    
        4887        5433  1.8710525E-03   1.000000    
        4888        5434  1.9173423E-03   1.000000    
        4889        5435  2.2798595E-03   1.000000    
        4890        5436  1.3202362E-03   1.000000    
        4891        5438  1.8972686E-03   1.000000    
        4892        5439  2.2552051E-03   1.000000    
        4893        5440  1.3101939E-03   1.000000    
        4894        5441  1.2430174E-03   1.000000    
        4895        5442  1.0656973E-03   1.000000    
        4896        5443  9.9902891E-04   1.000000    
        4897        5444  6.1748561E-04   1.000000    
        4898        5445  6.1662850E-04   1.000000    
        4899        5446  1.2424117E-03   1.000000    
        4900        5447  1.0626569E-03   1.000000    
        4901        5448  1.0006161E-03   1.000000    
        4902        5449  1.2386688E-03   1.000000    
        4903        5450  1.0744099E-03   1.000000    
        4904        5451  6.1691552E-04   1.000000    
        4905        5452  1.2405084E-03   1.000000    
        4906        5453  1.0761091E-03   1.000000    
        4907        5454  1.7612885E-03   1.000000    
        4908        5455  1.4219914E-03   1.000000    
        4909        5456  2.2785871E-03   1.000000    
        4910        5457  1.4300484E-03   1.000000    
        4911        5462  1.6046209E-03   1.000000    
        4912        5463  1.3036481E-03   1.000000    
        4913        5464  2.0945687E-03   1.000000    
        4914        5465  1.2906762E-03   1.000000    
        4915        5466  1.7223121E-03   1.000000    
        4916        5467  2.1020577E-03   1.000000    
        4917        5468  1.3647689E-03   1.000000    
        4918        5471  1.5546795E-03   1.000000    
        4919        5472  1.8968604E-03   1.000000    
        4920        5473  1.2166738E-03   1.000000    
        4921        5474  2.0248597E-03   1.000000    
        4922        5475  1.9925835E-03   1.000000    
        4923        5476  1.8153560E-03   1.000000    
        4924        5477  1.7699237E-03   1.000000    
        4925        5478  2.0523004E-03   1.000000    
        4926        5479  1.4333343E-03   1.000000    
        4927        5480  2.1858476E-03   1.000000    
        4928        5483  2.0089089E-03   1.000000    
        4929        5484  1.4197930E-03   1.000000    
        4930        5485  2.1557612E-03   1.000000    
        4931        5486  2.0935023E-03   1.000000    
        4932        5487  1.4440099E-03   1.000000    
        4933        5488  2.3089373E-03   1.000000    
        4934        5491  2.0810363E-03   1.000000    
        4935        5492  1.4448742E-03   1.000000    
        4936        5493  2.3111145E-03   1.000000    
        4937        5494  1.6974574E-03   1.000000    
        4938        5495  1.1155456E-03   1.000000    
        4939        5496  1.4048995E-03   1.000000    
        4940        5497  1.1404007E-03   1.000000    
        4941        5502  1.7010977E-03   1.000000    
        4942        5503  1.1132810E-03   1.000000    
        4943        5504  1.3912827E-03   1.000000    
        4944        5505  1.1418622E-03   1.000000    
        4945        5506  1.7195154E-03   1.000000    
        4946        5507  1.7471750E-03   1.000000    
        4947        5508  1.4516111E-03   1.000000    
        4948        5511  1.7316097E-03   1.000000    
        4949        5512  1.7379068E-03   1.000000    
        4950        5513  1.4685683E-03   1.000000    
        4951        5514  1.8040623E-03   1.000000    
        4952        5515  1.1082829E-03   1.000000    
        4953        5517  1.7809204E-03   1.000000    
        4954        5518  1.0932103E-03   1.000000    
        4955        5519  1.8680278E-03   1.000000    
        4956        5520  1.2556193E-03   1.000000    
        4957        5522  1.8511930E-03   1.000000    
        4958        5523  1.2516617E-03   1.000000    
        4959        5524  2.5223556E-03   1.000000    
        4960        5525  1.5116918E-03   1.000000    
        4961        5526  2.1087625E-03   1.000000    
        4962        5529  2.5395853E-03   1.000000    
        4963        5530  1.5203990E-03   1.000000    
        4964        5531  2.1182799E-03   1.000000    
        4965        5532  1.4166256E-03   1.000000    
        4966        5533  1.2825127E-03   1.000000    
        4967        5534  1.5126305E-03   1.000000    
        4968        5535  1.2521300E-03   1.000000    
        4969        5536  6.0312892E-04   1.000000    
        4970        5537  6.0701207E-04   1.000000    
        4971        5540  1.3730625E-03   1.000000    
        4972        5541  1.2378682E-03   1.000000    
        4973        5542  1.4581931E-03   1.000000    
        4974        5543  1.1937212E-03   1.000000    
        4975        5544  1.3927788E-03   1.000000    
        4976        5545  1.7277198E-03   1.000000    
        4977        5546  1.2483554E-03   1.000000    
        4978        5547  6.0264999E-04   1.000000    
        4979        5549  1.3304997E-03   1.000000    
        4980        5550  1.6404724E-03   1.000000    
        4981        5551  1.1696678E-03   1.000000    
        4982        5552  2.0396360E-03   1.000000    
        4983        5553  1.3571370E-03   1.000000    
        4984        5554  2.1717609E-03   1.000000    
        4985        5557  1.8874726E-03   1.000000    
        4986        5558  1.2633277E-03   1.000000    
        4987        5559  2.0335068E-03   1.000000    
        4988        5560  1.9857006E-03   1.000000    
        4989        5561  1.2952103E-03   1.000000    
        4990        5562  2.1656603E-03   1.000000    
        4991        5565  1.9805471E-03   1.000000    
        4992        5566  1.3002321E-03   1.000000    
        4993        5567  2.1660815E-03   1.000000    
        4994        5568  1.7760845E-03   1.000000    
        4995        5569  1.4028086E-03   1.000000    
        4996        5570  1.2530707E-03   1.000000    
        4997        5571  1.0925404E-03   1.000000    
        4998        5576  1.6790517E-03   1.000000    
        4999        5577  1.3481918E-03   1.000000    
        5000        5578  1.2178434E-03   1.000000    
        5001        5579  1.0438393E-03   1.000000    
        5002        5580  1.1473761E-03   1.000000    
        5003        5581  1.0691824E-03   1.000000    
        5004        5582  1.1325495E-03   1.000000    
        5005        5583  6.1258383E-04   1.000000    
        5006        5584  6.0255808E-04   1.000000    
        5007        5585  1.1141315E-03   1.000000    
        5008        5586  1.0065993E-03   1.000000    
        5009        5587  1.1078257E-03   1.000000    
        5010        5588  1.6640628E-03   1.000000    
        5011        5589  1.0212314E-03   1.000000    
        5012        5590  6.1803003E-04   1.000000    
        5013        5591  1.6469226E-03   1.000000    
        5014        5592  1.0141293E-03   1.000000    
        5015        5593  1.3428160E-03   1.000000    
        5016        5594  1.1556175E-03   1.000000    
        5017        5595  1.1809872E-03   1.000000    
        5018        5596  6.2139664E-04   1.000000    
        5019        5597  6.2589295E-04   1.000000    
        5020        5598  1.3612158E-03   1.000000    
        5021        5599  1.1791062E-03   1.000000    
        5022        5600  1.1898149E-03   1.000000    
        5023        5601  1.3611575E-03   1.000000    
        5024        5602  1.4879172E-03   1.000000    
        5025        5603  1.2166951E-03   1.000000    
        5026        5604  6.1526714E-04   1.000000    
        5027        5606  1.3610995E-03   1.000000    
        5028        5607  1.4789503E-03   1.000000    
        5029        5608  1.2058886E-03   1.000000    
        5030        5609  1.6139221E-03   1.000000    
        5031        5610  1.4803098E-03   1.000000    
        5032        5611  1.0151668E-03   1.000000    
        5033        5612  1.0751459E-03   1.000000    
        5034        5617  1.6304620E-03   1.000000    
        5035        5618  1.4856179E-03   1.000000    
        5036        5619  1.0153609E-03   1.000000    
        5037        5620  1.0860303E-03   1.000000    
        5038        5621  1.1383257E-03   1.000000    
        5039        5622  1.2780039E-03   1.000000    
        5040        5623  9.2560984E-04   1.000000    
        5041        5624  6.1749807E-04   1.000000    
        5042        5625  6.1978202E-04   1.000000    
        5043        5626  1.1452242E-03   1.000000    
        5044        5627  1.2906577E-03   1.000000    
        5045        5628  9.2371157E-04   1.000000    
        5046        5629  1.1148374E-03   1.000000    
        5047        5630  8.6704211E-04   1.000000    
        5048        5631  6.1575294E-04   1.000000    
        5049        5632  1.1066295E-03   1.000000    
        5050        5633  8.6161989E-04   1.000000    
        5051        5634  1.5375722E-03   1.000000    
        5052        5635  1.7241371E-03   1.000000    
        5053        5636  1.1566870E-03   1.000000    
        5054        5637  9.8268082E-04   1.000000    
        5055        5642  1.5191813E-03   1.000000    
        5056        5643  1.7096510E-03   1.000000    
        5057        5644  1.1332493E-03   1.000000    
        5058        5645  9.6234796E-04   1.000000    
        5059        5646  1.3859892E-03   1.000000    
        5060        5647  1.1602609E-03   1.000000    
        5061        5648  1.0367796E-03   1.000000    
        5062        5651  1.3403005E-03   1.000000    
        5063        5652  1.1322121E-03   1.000000    
        5064        5653  1.0111885E-03   1.000000    
        5065        5654  2.0113306E-03   1.000000    
        5066        5655  1.3643353E-03   1.000000    
        5067        5657  1.9537744E-03   1.000000    
        5068        5658  1.2972584E-03   1.000000    
        5069        5659  1.9532084E-03   1.000000    
        5070        5660  1.9160894E-03   1.000000    
        5071        5661  1.6216907E-03   1.000000    
        5072        5662  1.4538295E-03   1.000000    
        5073        5667  1.9344452E-03   1.000000    
        5074        5668  1.9142252E-03   1.000000    
        5075        5669  1.6052957E-03   1.000000    
        5076        5670  1.4202823E-03   1.000000    
        5077        5671  2.3010657E-03   1.000000    
        5078        5672  1.7494465E-03   1.000000    
        5079        5673  1.4605727E-03   1.000000    
        5080        5676  2.2233019E-03   1.000000    
        5081        5677  1.6886943E-03   1.000000    
        5082        5678  1.3944494E-03   1.000000    
        5083        5679  1.9391450E-03   1.000000    
        5084        5680  1.2766218E-03   1.000000    
        5085        5681  2.0230552E-03   1.000000    
        5086        5684  1.8134519E-03   1.000000    
        5087        5685  1.1979960E-03   1.000000    
        5088        5686  1.9166130E-03   1.000000    
        5089        5687  1.2688643E-03   1.000000    
        5090        5688  1.2278388E-03   1.000000    
        5091        5689  1.7562677E-03   1.000000    
        5092        5690  1.2990790E-03   1.000000    
        5093        5695  1.2869166E-03   1.000000    
        5094        5696  1.2399760E-03   1.000000    
        5095        5697  1.7795918E-03   1.000000    
        5096        5698  1.3164798E-03   1.000000    
        5097        5699  1.2375634E-03   1.000000    
        5098        5700  1.0661746E-03   1.000000    
        5099        5701  1.1260136E-03   1.000000    
        5100        5702  6.2017265E-04   1.000000    
        5101        5703  6.2011566E-04   1.000000    
        5102        5704  1.2478180E-03   1.000000    
        5103        5705  1.0788742E-03   1.000000    
        5104        5706  1.1384158E-03   1.000000    
        5105        5707  2.0618136E-03   1.000000    
        5106        5708  1.3939838E-03   1.000000    
        5107        5709  2.1804043E-03   1.000000    
        5108        5712  2.0581246E-03   1.000000    
        5109        5713  1.3953197E-03   1.000000    
        5110        5714  2.1936351E-03   1.000000    
        5111        5715  1.8200352E-03   1.000000    
        5112        5716  1.4335082E-03   1.000000    
        5113        5718  1.7828624E-03   1.000000    
        5114        5719  1.4062395E-03   1.000000    
        5115        5720  1.3529632E-03   1.000000    
        5116        5721  1.4125846E-03   1.000000    
        5117        5723  1.3224715E-03   1.000000    
        5118        5724  1.3652146E-03   1.000000    
        5119        5725  1.3296014E-03   1.000000    
        5120        5726  9.9025923E-04   1.000000    
        5121        5727  1.0068949E-03   1.000000    
        5122        5730  1.3028079E-03   1.000000    
        5123        5731  9.7305491E-04   1.000000    
        5124        5732  9.8230049E-04   1.000000    
        5125        5733  1.3082817E-03   1.000000    
        5126        5734  8.8488049E-04   1.000000    
        5127        5736  1.2749451E-03   1.000000    
        5128        5737  8.5919740E-04   1.000000    
        5129        5738  1.9814686E-03   1.000000    
        5130        5739  1.6861507E-03   1.000000    
        5131        5740  2.5210362E-03   1.000000    
        5132        5743  2.0056153E-03   1.000000    
        5133        5744  1.7086010E-03   1.000000    
        5134        5745  2.5487058E-03   1.000000    
        5135        5746  2.3101519E-03   1.000000    
        5136        5747  1.4403127E-03   1.000000    
        5137        5748  2.0851598E-03   1.000000    
        5138        5751  2.3326543E-03   1.000000    
        5139        5752  1.4524410E-03   1.000000    
        5140        5753  2.1000488E-03   1.000000    
        5141        5754  1.8698320E-03   1.000000    
        5142        5755  1.2247686E-03   1.000000    
        5143        5756  1.7948773E-03   1.000000    
        5144        5759  1.8833565E-03   1.000000    
        5145        5760  1.2355590E-03   1.000000    
        5146        5761  1.8157280E-03   1.000000    
        5147        5762  1.6041696E-03   1.000000    
        5148        5763  1.0286440E-03   1.000000    
        5149        5764  1.0681986E-03   1.000000    
        5150        5767  1.5755593E-03   1.000000    
        5151        5768  1.0111862E-03   1.000000    
        5152        5769  1.0383144E-03   1.000000    
        5153        5770  1.4401325E-03   1.000000    
        5154        5771  1.3734641E-03   1.000000    
        5155        5772  1.3977097E-03   1.000000    
        5156        5773  1.3252791E-03   1.000000    
        5157        5774  1.4133705E-03   1.000000    
        5158        5775  1.8265179E-03   1.000000    
        5159        5776  1.3077263E-03   1.000000    
        5160        5777  6.0901936E-04   1.000000    
        5161        5779  1.3427291E-03   1.000000    
        5162        5780  1.7072298E-03   1.000000    
        5163        5781  1.2285821E-03   1.000000    
        5164        5782  2.1503244E-03   1.000000    
        5165        5783  2.3293362E-03   1.000000    
        5166        5784  1.8150330E-03   1.000000    
        5167        5787  2.0226557E-03   1.000000    
        5168        5788  2.2316966E-03   1.000000    
        5169        5789  1.7487227E-03   1.000000    
        5170        5790  1.4408058E-03   1.000000    
        5171        5791  9.3663554E-04   1.000000    
        5172        5792  1.0079293E-03   1.000000    
        5173        5795  1.4560196E-03   1.000000    
        5174        5796  9.4848586E-04   1.000000    
        5175        5797  1.0163607E-03   1.000000    
        5176        5798  1.1128717E-03   1.000000    
        5177        5799  1.2324990E-03   1.000000    
        5178        5800  8.8289951E-04   1.000000    
        5179        5801  6.1902433E-04   1.000000    
        5180        5802  6.1843760E-04   1.000000    
        5181        5803  1.1165884E-03   1.000000    
        5182        5804  1.2428829E-03   1.000000    
        5183        5805  8.9031667E-04   1.000000    
        5184        5806  8.5217936E-04   1.000000    
        5185        5807  8.5669931E-04   1.000000    
        5186        5808  2.1046130E-03   1.000000    
        5187        5809  1.4106691E-03   1.000000    
        5188        5810  1.9980767E-03   1.000000    
        5189        5813  2.1180012E-03   1.000000    
        5190        5814  1.4216418E-03   1.000000    
        5191        5815  2.0108705E-03   1.000000    
        5192        5816  1.6707736E-03   1.000000    
        5193        5817  2.0731804E-03   1.000000    
        5194        5818  1.6120691E-03   1.000000    
        5195        5821  1.6470149E-03   1.000000    
        5196        5822  2.0276443E-03   1.000000    
        5197        5823  1.5651532E-03   1.000000    
        5198        5824  1.8801033E-03   1.000000    
        5199        5825  1.3255419E-03   1.000000    
        5200        5826  1.7912937E-03   1.000000    
        5201        5827  1.2743711E-03   1.000000    
        5202        5828  1.7097733E-03   1.000000    
        5203        5829  1.1355767E-03   1.000000    
        5204        5830  1.1385105E-03   1.000000    
        5205        5833  1.7216201E-03   1.000000    
        5206        5834  1.1420220E-03   1.000000    
        5207        5835  1.1474316E-03   1.000000    
        5208        5836  1.7115016E-03   1.000000    
        5209        5837  1.4303086E-03   1.000000    
        5210        5839  1.7309365E-03   1.000000    
        5211        5840  1.4576535E-03   1.000000    
        5212        5841  1.3251589E-03   1.000000    
        5213        5842  1.2259829E-03   1.000000    
        5214        5843  1.5632040E-03   1.000000    
        5215        5844  1.0772868E-03   1.000000    
        5216        5845  6.0868287E-04   1.000000    
        5217        5846  6.0604181E-04   1.000000    
        5218        5849  1.2889750E-03   1.000000    
        5219        5850  1.1867136E-03   1.000000    
        5220        5851  1.5115488E-03   1.000000    
        5221        5852  1.0471890E-03   1.000000    
        5222        5853  1.2845366E-03   1.000000    
        5223        5854  1.1978035E-03   1.000000    
        5224        5855  1.0022732E-03   1.000000    
        5225        5856  6.1428791E-04   1.000000    
        5226        5857  6.1565824E-04   1.000000    
        5227        5858  1.2657583E-03   1.000000    
        5228        5859  1.1732018E-03   1.000000    
        5229        5860  9.9005143E-04   1.000000    
        5230        5861  1.5771316E-03   1.000000    
        5231        5862  9.2011166E-04   1.000000    
        5232        5864  1.5504326E-03   1.000000    
        5233        5865  9.0383634E-04   1.000000    
        5234        5866  1.9479871E-03   1.000000    
        5235        5867  1.2100956E-03   1.000000    
        5236        5869  1.9395954E-03   1.000000    
        5237        5870  1.2106580E-03   1.000000    
        5238        5871  2.6599348E-03   1.000000    
        5239        5872  1.6674106E-03   1.000000    
        5240        5873  2.4584944E-03   1.000000    
        5241        5876  2.6856102E-03   1.000000    
        5242        5877  1.6849863E-03   1.000000    
        5243        5878  2.4897652E-03   1.000000    
        5244        5879  2.2022568E-03   1.000000    
        5245        5880  1.3891811E-03   1.000000    
        5246        5881  2.0402768E-03   1.000000    
        5247        5884  2.2232938E-03   1.000000    
        5248        5885  1.4019461E-03   1.000000    
        5249        5886  2.0588925E-03   1.000000    
        5250        5887  1.5604999E-03   1.000000    
        5251        5888  1.4189802E-03   1.000000    
        5252        5889  1.6642406E-03   1.000000    
        5253        5890  1.0578739E-03   1.000000    
        5254        5895  1.5608732E-03   1.000000    
        5255        5896  1.4250280E-03   1.000000    
        5256        5897  1.6710128E-03   1.000000    
        5257        5898  1.0588370E-03   1.000000    
        5258        5899  1.4836257E-03   1.000000    
        5259        5900  1.6174066E-03   1.000000    
        5260        5901  1.3160350E-03   1.000000    
        5261        5904  1.4864795E-03   1.000000    
        5262        5905  1.6211054E-03   1.000000    
        5263        5906  1.3168297E-03   1.000000    
        5264        5907  2.4783914E-03   1.000000    
        5265        5908  2.1701341E-03   1.000000    
        5266        5909  1.7209997E-03   1.000000    
        5267        5911  2.4695671E-03   1.000000    
        5268        5912  2.1305792E-03   1.000000    
        5269        5913  1.7081391E-03   1.000000    
        5270        5914  2.2533990E-03   1.000000    
        5271        5915  1.7095598E-03   1.000000    
        5272        5917  2.2571003E-03   1.000000    
        5273        5918  1.7130395E-03   1.000000    
        5274        5919  1.0234832E-03   1.000000    
        5275        5920  8.0092507E-04   1.000000    
        5276        5921  7.0628221E-04   1.000000    
        5277        5922  7.0950034E-04   1.000000    
        5278        5923  6.2683807E-04   1.000000    
        5279        5924  6.2202680E-04   1.000000    
        5280        5927  1.0341288E-03   1.000000    
        5281        5928  8.0805656E-04   1.000000    
        5282        5929  7.1182859E-04   1.000000    
        5283        5930  7.1831897E-04   1.000000    
        5284        5931  1.6143395E-03   1.000000    
        5285        5932  8.3762954E-04   1.000000    
        5286        5933  9.2830922E-04   1.000000    
        5287        5936  1.6522892E-03   1.000000    
        5288        5937  8.4480341E-04   1.000000    
        5289        5938  9.3654223E-04   1.000000    
        5290        5939  1.3731275E-03   1.000000    
        5291        5940  1.2593205E-03   1.000000    
        5292        5941  5.6787347E-04   1.000000    
        5293        5943  1.3673316E-03   1.000000    
        5294        5944  1.2647196E-03   1.000000    
        5295        5945  5.6901824E-04   1.000000    
        5296        5946  1.0175174E-03   1.000000    
        5297        5947  1.0153297E-03   1.000000    
        5298        5948  1.9152544E-03   1.000000    
        5299        5949  1.8139738E-03   1.000000    
        5300        5950  1.3463548E-03   1.000000    
        5301        5951  1.3428329E-03   1.000000    
        5302        5955  1.9315762E-03   1.000000    
        5303        5956  1.8301322E-03   1.000000    
        5304        5957  1.3601717E-03   1.000000    
        5305        5958  1.3501114E-03   1.000000    
        5306        5959  1.2572439E-03   1.000000    
        5307        5960  1.4649663E-03   1.000000    
        5308        5961  1.1453091E-03   1.000000    
        5309        5962  6.1814301E-04   1.000000    
        5310        5963  6.1644125E-04   1.000000    
        5311        5964  1.2590836E-03   1.000000    
        5312        5965  1.4659426E-03   1.000000    
        5313        5966  1.1520946E-03   1.000000    
        5314        5967  9.5427223E-04   1.000000    
        5315        5968  9.5839589E-04   1.000000    
        5316        5969  1.5497464E-03   1.000000    
        5317        5970  1.5581978E-03   1.000000    
        5318        5971  2.2964815E-03   1.000000    
        5319        5972  1.5133966E-03   1.000000    
        5320        5973  2.1601263E-03   1.000000    
        5321        5976  2.3124199E-03   1.000000    
        5322        5977  1.5285510E-03   1.000000    
        5323        5978  2.1790366E-03   1.000000    
        5324        5979  2.0274890E-03   1.000000    
        5325        5980  1.3512709E-03   1.000000    
        5326        5981  2.0873558E-03   1.000000    
        5327        5984  2.0225334E-03   1.000000    
        5328        5985  1.3521379E-03   1.000000    
        5329        5986  2.0959435E-03   1.000000    
        5330        5987  1.7200273E-03   1.000000    
        5331        5988  1.1429265E-03   1.000000    
        5332        5989  1.4248538E-03   1.000000    
        5333        5992  1.7399712E-03   1.000000    
        5334        5993  1.1548147E-03   1.000000    
        5335        5994  1.4543885E-03   1.000000    
        5336        5995  1.3237725E-03   1.000000    
        5337        5996  1.1417081E-03   1.000000    
        5338        5997  1.1407638E-03   1.000000    
        5339        5998  6.2783679E-04   1.000000    
        5340        5999  6.2825979E-04   1.000000    
        5341        6000  1.3518827E-03   1.000000    
        5342        6001  1.1703598E-03   1.000000    
        5343        6002  1.1696331E-03   1.000000    
        5344        6003  1.3288817E-03   1.000000    
        5345        6004  1.3555773E-03   1.000000    
        5346        6005  1.7159487E-03   1.000000    
        5347        6006  1.1713653E-03   1.000000    
        5348        6007  1.7061689E-03   1.000000    
        5349        6008  1.1076512E-03   1.000000    
        5350        6013  1.6264571E-03   1.000000    
        5351        6014  1.1030230E-03   1.000000    
        5352        6015  1.6210517E-03   1.000000    
        5353        6016  1.0556488E-03   1.000000    
        5354        6017  1.5981923E-03   1.000000    
        5355        6018  1.6186771E-03   1.000000    
        5356        6019  1.0551895E-03   1.000000    
        5357        6022  1.5375823E-03   1.000000    
        5358        6023  1.5555909E-03   1.000000    
        5359        6024  1.0153587E-03   1.000000    
        5360        6025  1.9944727E-03   1.000000    
        5361        6026  1.4142925E-03   1.000000    
        5362        6027  1.3907140E-03   1.000000    
        5363        6030  2.0105226E-03   1.000000    
        5364        6031  1.4278576E-03   1.000000    
        5365        6032  1.3983164E-03   1.000000    
        5366        6033  1.2740566E-03   1.000000    
        5367        6034  1.4749096E-03   1.000000    
        5368        6035  1.1851940E-03   1.000000    
        5369        6036  6.1929401E-04   1.000000    
        5370        6037  6.1908824E-04   1.000000    
        5371        6038  1.2760306E-03   1.000000    
        5372        6039  1.4788683E-03   1.000000    
        5373        6040  1.1926696E-03   1.000000    
        5374        6041  9.7026204E-04   1.000000    
        5375        6042  9.7537617E-04   1.000000    
        5376        6043  2.5876693E-03   1.000000    
        5377        6044  1.6088670E-03   1.000000    
        5378        6045  2.3705233E-03   1.000000    
        5379        6048  2.6081169E-03   1.000000    
        5380        6049  1.6189428E-03   1.000000    
        5381        6050  2.3910021E-03   1.000000    
        5382        6051  1.0308395E-03   1.000000    
        5383        6052  1.3550365E-03   1.000000    
        5384        6053  1.0455169E-03   1.000000    
        5385        6054  1.3631248E-03   1.000000    
        5386        6055  1.3224873E-03   1.000000    
        5387        6056  1.3201842E-03   1.000000    
        5388        6057  1.1981792E-03   1.000000    
        5389        6058  1.8436994E-03   1.000000    
        5390        6059  1.5840431E-03   1.000000    
        5391        6062  1.2045024E-03   1.000000    
        5392        6063  1.8435634E-03   1.000000    
        5393        6064  1.5713579E-03   1.000000    
        5394        6065  1.4427477E-03   1.000000    
        5395        6066  1.3218760E-03   1.000000    
        5396        6067  6.1097107E-04   1.000000    
        5397        6068  1.4263637E-03   1.000000    
        5398        6069  1.3018551E-03   1.000000    
        5399        6070  1.0888469E-03   1.000000    
        5400        6071  1.0314205E-03   1.000000    
        5401        6072  1.6365289E-03   1.000000    
        5402        6073  1.5306085E-03   1.000000    
        5403        6074  1.4774466E-03   1.000000    
        5404        6075  1.4064537E-03   1.000000    
        5405        6076  1.5266172E-03   1.000000    
        5406        6077  1.2723911E-03   1.000000    
        5407        6078  1.1864597E-03   1.000000    
        5408        6081  1.5381236E-03   1.000000    
        5409        6082  1.2839354E-03   1.000000    
        5410        6083  1.1868569E-03   1.000000    
        5411        6084  1.3744510E-03   1.000000    
        5412        6085  1.3708097E-03   1.000000    
        5413        6086  1.4659798E-03   1.000000    
        5414        6087  1.7025513E-03   1.000000    
        5415        6088  1.3815957E-03   1.000000    
        5416        6089  6.1634678E-04   1.000000    
        5417        6090  1.4130651E-03   1.000000    
        5418        6091  1.6055543E-03   1.000000    
        5419        6092  1.3276183E-03   1.000000    
        5420        6093  1.5136552E-03   1.000000    
        5421        6094  1.4843574E-03   1.000000    
        5422        6095  6.2048028E-04   1.000000    
        5423        6096  1.4874447E-03   1.000000    
        5424        6097  1.4570566E-03   1.000000    
        5425        6098  1.8015981E-03   1.000000    
        5426        6099  2.2914659E-03   1.000000    
        5427        6100  1.6385716E-03   1.000000    
        5428        6101  6.3053990E-04   1.000000    
        5429        6103  1.8512364E-03   1.000000    
        5430        6104  2.3439724E-03   1.000000    
        5431        6105  1.6888554E-03   1.000000    
        5432        6106  1.5471990E-03   1.000000    
        5433        6107  1.6512391E-03   1.000000    
        5434        6108  1.4519456E-03   1.000000    
        5435        6111  1.5421408E-03   1.000000    
        5436        6112  1.6330116E-03   1.000000    
        5437        6113  1.4214129E-03   1.000000    
        5438        6114  1.3121102E-03   1.000000    
        5439        6115  1.4719506E-03   1.000000    
        5440        6116  6.0891954E-04   1.000000    
        5441        6117  1.2813701E-03   1.000000    
        5442        6118  1.4370745E-03   1.000000    
        5443        6119  2.2405132E-03   1.000000    
        5444        6120  1.1613342E-03   1.000000    
        5445        6121  6.0990558E-04   1.000000    
        5446        6122  2.2079286E-03   1.000000    
        5447        6123  1.1427478E-03   1.000000    
        5448        6124  2.1556390E-03   1.000000    
        5449        6125  1.8157486E-03   1.000000    
        5450        6126  2.5583324E-03   1.000000    
        5451        6129  2.1701297E-03   1.000000    
        5452        6130  1.8257670E-03   1.000000    
        5453        6131  2.5700920E-03   1.000000    
        5454        6132  1.6287349E-03   1.000000    
        5455        6133  1.6386181E-03   1.000000    
        5456        6134  1.4282187E-03   1.000000    
        5457        6135  1.2953595E-03   1.000000    
        5458        6136  1.1137668E-03   1.000000    
        5459        6139  1.2011395E-03   1.000000    
        5460        6140  1.0758638E-03   1.000000    
        5461        6141  9.2596479E-04   1.000000    
        5462        6142  1.1457496E-03   1.000000    
        5463        6143  1.2024913E-03   1.000000    
        5464        6144  5.5257516E-04   1.000000    
        5465        6145  1.0004232E-03   1.000000    
        5466        6146  9.9364505E-04   1.000000    
        5467        6147  1.7682449E-03   1.000000    
        5468        6148  1.0207891E-03   1.000000    
        5469        6149  5.6210597E-04   1.000000    
        5470        6150  1.5030655E-03   1.000000    
        5471        6151  8.9158729E-04   1.000000    
        5472        6152  1.9055632E-03   1.000000    
        5473        6153  1.5052373E-03   1.000000    
        5474        6154  1.8169056E-03   1.000000    
        5475        6155  1.2484107E-03   1.000000    
        5476        6160  1.8967023E-03   1.000000    
        5477        6161  1.5015142E-03   1.000000    
        5478        6162  1.8188366E-03   1.000000    
        5479        6163  1.2446514E-03   1.000000    
        5480        6164  1.9525590E-03   1.000000    
        5481        6165  1.8482088E-03   1.000000    
        5482        6166  1.2651786E-03   1.000000    
        5483        6169  1.9402313E-03   1.000000    
        5484        6170  1.8505267E-03   1.000000    
        5485        6171  1.2599810E-03   1.000000    
        5486        6172  1.0834744E-03   1.000000    
        5487        6173  9.7988744E-04   1.000000    
        5488        6174  1.0495387E-03   1.000000    
        5489        6175  6.1698526E-04   1.000000    
        5490        6177  1.0682463E-03   1.000000    
        5491        6178  9.5556991E-04   1.000000    
        5492        6179  1.0340281E-03   1.000000    
        5493        6180  2.0249700E-03   1.000000    
        5494        6181  9.9277811E-04   1.000000    
        5495        6182  1.1524793E-03   1.000000    
        5496        6184  6.1967951E-04   1.000000    
        5497        6185  1.9991538E-03   1.000000    
        5498        6186  9.8587607E-04   1.000000    
        5499        6187  1.1269789E-03   1.000000    
        5500        6188  1.6493204E-03   1.000000    
        5501        6189  1.6032610E-03   1.000000    
        5502        6190  1.9573313E-03   1.000000    
        5503        6191  1.2817992E-03   1.000000    
        5504        6192  1.6358155E-03   1.000000    
        5505        6195  1.9528707E-03   1.000000    
        5506        6196  1.2727667E-03   1.000000    
        5507        6197  1.6334513E-03   1.000000    
        5508        6198  1.4570337E-03   1.000000    
        5509        6199  1.3478586E-03   1.000000    
        5510        6200  6.1816809E-04   1.000000    
        5511        6201  1.4561317E-03   1.000000    
        5512        6202  1.3455587E-03   1.000000    
        5513        6203  1.5949183E-03   1.000000    
        5514        6204  1.2567699E-03   1.000000    
        5515        6205  1.2580095E-03   1.000000    
        5516        6206  1.0565182E-03   1.000000    
        5517        6210  1.5960746E-03   1.000000    
        5518        6211  1.2512249E-03   1.000000    
        5519        6212  1.2526896E-03   1.000000    
        5520        6213  1.0611081E-03   1.000000    
        5521        6214  1.1474106E-03   1.000000    
        5522        6215  9.9222420E-04   1.000000    
        5523        6216  1.1882206E-03   1.000000    
        5524        6217  6.1893719E-04   1.000000    
        5525        6218  6.2125438E-04   1.000000    
        5526        6219  1.1528039E-03   1.000000    
        5527        6220  9.9787430E-04   1.000000    
        5528        6221  1.1849741E-03   1.000000    
        5529        6222  1.9559567E-03   1.000000    
        5530        6223  1.0671273E-03   1.000000    
        5531        6224  6.1782316E-04   1.000000    
        5532        6225  1.9477704E-03   1.000000    
        5533        6226  1.0615770E-03   1.000000    
        5534        6227  2.1972314E-03   1.000000    
        5535        6228  1.8387734E-03   1.000000    
        5536        6230  2.2112187E-03   1.000000    
        5537        6231  1.8522042E-03   1.000000    
        5538        6232  2.5068752E-03   1.000000    
        5539        6233  1.5105017E-03   1.000000    
        5540        6234  2.2635520E-03   1.000000    
        5541        6237  2.5157153E-03   1.000000    
        5542        6238  1.5152098E-03   1.000000    
        5543        6239  2.2753873E-03   1.000000    
        5544        6240  2.1112158E-03   1.000000    
        5545        6241  1.3400293E-03   1.000000    
        5546        6242  1.9884056E-03   1.000000    
        5547        6245  2.1262416E-03   1.000000    
        5548        6246  1.3478944E-03   1.000000    
        5549        6247  2.0047021E-03   1.000000    
        5550        6248  1.1983959E-03   1.000000    
        5551        6249  1.2080228E-03   1.000000    
        5552        6250  1.2420677E-03   1.000000    
        5553        6251  1.0560791E-03   1.000000    
        5554        6252  8.8811276E-04   1.000000    
        5555        6253  9.4186823E-04   1.000000    
        5556        6258  1.2388402E-03   1.000000    
        5557        6259  1.0577763E-03   1.000000    
        5558        6260  8.8662462E-04   1.000000    
        5559        6261  9.3566772E-04   1.000000    
        5560        6262  1.4766864E-03   1.000000    
        5561        6263  1.2362928E-03   1.000000    
        5562        6264  1.0513825E-03   1.000000    
        5563        6267  1.4591833E-03   1.000000    
        5564        6268  1.2256983E-03   1.000000    
        5565        6269  1.0441440E-03   1.000000    
        5566        6270  1.1559317E-03   1.000000    
        5567        6271  1.5724424E-03   1.000000    
        5568        6273  1.1549016E-03   1.000000    
        5569        6274  1.5641825E-03   1.000000    
        5570        6275  1.7173291E-03   1.000000    
        5571        6276  1.3920414E-03   1.000000    
        5572        6277  1.1348695E-03   1.000000    
        5573        6280  1.7291332E-03   1.000000    
        5574        6281  1.3894811E-03   1.000000    
        5575        6282  1.1424260E-03   1.000000    
        5576        6283  1.7209682E-03   1.000000    
        5577        6284  1.7316492E-03   1.000000    
        5578        6285  1.4441720E-03   1.000000    
        5579        6288  1.7378161E-03   1.000000    
        5580        6289  1.7420407E-03   1.000000    
        5581        6290  1.4575541E-03   1.000000    
        5582        6291  1.0990149E-03   1.000000    
        5583        6292  1.1926594E-03   1.000000    
        5584        6293  1.0513515E-03   1.000000    
        5585        6294  1.1270310E-03   1.000000    
        5586        6295  1.8300920E-03   1.000000    
        5587        6296  1.7184922E-03   1.000000    
        5588        6297  1.8654829E-03   1.000000    
        5589        6298  1.4373360E-03   1.000000    
        5590        6299  1.9173172E-03   1.000000    
        5591        6300  1.2037753E-03   1.000000    
        5592        6305  1.8866406E-03   1.000000    
        5593        6306  1.4448100E-03   1.000000    
        5594        6307  1.9420640E-03   1.000000    
        5595        6308  1.2113578E-03   1.000000    
        5596        6309  1.8080137E-03   1.000000    
        5597        6310  1.4218848E-03   1.000000    
        5598        6311  1.3003270E-03   1.000000    
        5599        6313  1.8175303E-03   1.000000    
        5600        6314  1.4336669E-03   1.000000    
        5601        6315  1.3013884E-03   1.000000    
        5602        6316  2.0818820E-03   1.000000    
        5603        6317  2.8109164E-03   1.000000    
        5604        6318  2.1990673E-03   1.000000    
        5605        6319  6.1185658E-04   1.000000    
        5606        6321  2.0573521E-03   1.000000    
        5607        6322  2.7981142E-03   1.000000    
        5608        6323  2.1771430E-03   1.000000    
        5609        6324  2.8618732E-03   1.000000    
        5610        6325  1.8218772E-03   1.000000    
        5611        6326  2.5955136E-03   1.000000    
        5612        6329  2.8860564E-03   1.000000    
        5613        6330  1.8342108E-03   1.000000    
        5614        6331  2.6137596E-03   1.000000    
        5615        6332  1.6595845E-03   1.000000    
        5616        6333  2.3962087E-03   1.000000    
        5617        6335  1.6691843E-03   1.000000    
        5618        6336  2.4177551E-03   1.000000    
        5619        6337  1.7844845E-03   1.000000    
        5620        6338  1.7912958E-03   1.000000    
        5621        6339  1.6518953E-03   1.000000    
        5622        6340  1.3845904E-03   1.000000    
        5623        6345  1.7230803E-03   1.000000    
        5624        6346  1.7103801E-03   1.000000    
        5625        6347  1.6016306E-03   1.000000    
        5626        6348  1.3508830E-03   1.000000    
        5627        6349  1.7724253E-03   1.000000    
        5628        6350  1.7006559E-03   1.000000    
        5629        6351  1.4624537E-03   1.000000    
        5630        6354  1.7393947E-03   1.000000    
        5631        6355  1.6640439E-03   1.000000    
        5632        6356  1.4347305E-03   1.000000    
        5633        6357  2.7817702E-03   1.000000    
        5634        6358  1.7269314E-03   1.000000    
        5635        6360  2.7137045E-03   1.000000    
        5636        6361  1.6985502E-03   1.000000    
        5637        6362  1.8107821E-03   1.000000    
        5638        6363  1.7142521E-03   1.000000    
        5639        6364  1.5849244E-03   1.000000    
        5640        6367  1.6527456E-03   1.000000    
        5641        6368  1.6128274E-03   1.000000    
        5642        6369  1.4767566E-03   1.000000    
        5643        6370  1.3876731E-03   1.000000    
        5644        6371  1.4472625E-03   1.000000    
        5645        6372  5.8602256E-04   1.000000    
        5646        6373  1.3131410E-03   1.000000    
        5647        6374  1.3051989E-03   1.000000    
        5648        6375  1.5943325E-03   1.000000    
        5649        6376  2.4001808E-03   1.000000    
        5650        6377  1.4511108E-03   1.000000    
        5651        6378  6.1877305E-04   1.000000    
        5652        6380  1.5860299E-03   1.000000    
        5653        6381  2.3606126E-03   1.000000    
        5654        6382  1.4405400E-03   1.000000    
        5655        6383  1.7810223E-03   1.000000    
        5656        6384  1.4906822E-03   1.000000    
        5657        6385  1.8123923E-03   1.000000    
        5658        6386  1.1873943E-03   1.000000    
        5659        6391  1.7966250E-03   1.000000    
        5660        6392  1.5079472E-03   1.000000    
        5661        6393  1.8271974E-03   1.000000    
        5662        6394  1.2005288E-03   1.000000    
        5663        6395  1.7729874E-03   1.000000    
        5664        6396  1.7802449E-03   1.000000    
        5665        6397  1.1733958E-03   1.000000    
        5666        6400  1.7887702E-03   1.000000    
        5667        6401  1.7928906E-03   1.000000    
        5668        6402  1.1843803E-03   1.000000    
        5669        6403  1.7457624E-03   1.000000    
        5670        6404  1.1785462E-03   1.000000    
        5671        6405  1.4451123E-03   1.000000    
        5672        6406  1.1481257E-03   1.000000    
        5673        6410  1.7554985E-03   1.000000    
        5674        6411  1.1825288E-03   1.000000    
        5675        6412  1.4426897E-03   1.000000    
        5676        6413  1.1534542E-03   1.000000    
        5677        6414  1.7170546E-03   1.000000    
        5678        6415  1.6845859E-03   1.000000    
        5679        6416  1.7296831E-03   1.000000    
        5680        6417  1.6871591E-03   1.000000    
        5681        6418  2.0287549E-03   1.000000    
        5682        6419  1.5161814E-03   1.000000    
        5683        6420  1.6716076E-03   1.000000    
        5684        6423  1.9749969E-03   1.000000    
        5685        6424  1.4711975E-03   1.000000    
        5686        6425  1.6242010E-03   1.000000    
        5687        6426  1.4164058E-03   1.000000    
        5688        6427  1.2670724E-03   1.000000    
        5689        6428  6.0949632E-04   1.000000    
        5690        6429  1.3826808E-03   1.000000    
        5691        6430  1.2383172E-03   1.000000    
        5692        6431  1.5143119E-03   1.000000    
        5693        6432  1.5595575E-03   1.000000    
        5694        6433  1.0461754E-03   1.000000    
        5695        6436  1.4664164E-03   1.000000    
        5696        6437  1.5044728E-03   1.000000    
        5697        6438  1.0104652E-03   1.000000    
        5698        6439  1.9332666E-03   1.000000    
        5699        6440  1.2665102E-03   1.000000    
        5700        6442  1.9166478E-03   1.000000    
        5701        6443  1.2502982E-03   1.000000    
        5702        6444  1.4506124E-03   1.000000    
        5703        6445  9.0424163E-04   1.000000    
        5704        6447  1.4196055E-03   1.000000    
        5705        6448  8.8456203E-04   1.000000    
        5706        6449  1.7497827E-03   1.000000    
        5707        6450  2.1845270E-03   1.000000    
        5708        6451  1.3587547E-03   1.000000    
        5709        6454  1.7260426E-03   1.000000    
        5710        6455  2.1638556E-03   1.000000    
        5711        6456  1.3419248E-03   1.000000    
        5712        6457  1.4496224E-03   1.000000    
        5713        6458  1.2450429E-03   1.000000    
        5714        6460  1.4315589E-03   1.000000    
        5715        6461  1.2321176E-03   1.000000    
        5716        6462  1.9577234E-03   1.000000    
        5717        6463  2.5968819E-03   1.000000    
        5718        6464  2.0776284E-03   1.000000    
        5719        6465  6.1915867E-04   1.000000    
        5720        6467  1.9567632E-03   1.000000    
        5721        6468  2.5910931E-03   1.000000    
        5722        6469  2.0785138E-03   1.000000    
        5723        6470  2.8619140E-03   1.000000    
        5724        6471  1.7966614E-03   1.000000    
        5725        6473  2.8804310E-03   1.000000    
        5726        6474  1.8058761E-03   1.000000    
        5727        6475  1.5851791E-03   1.000000    
        5728        6476  1.4095119E-03   1.000000    
        5729        6477  1.5938443E-03   1.000000    
        5730        6478  1.4066178E-03   1.000000    
        5731        6479  1.2517582E-03   1.000000    
        5732        6480  1.2462685E-03   1.000000    
        5733        6481  2.0097210E-03   1.000000    
        5734        6482  1.2920341E-03   1.000000    
        5735        6483  1.9370210E-03   1.000000    
        5736        6486  2.0154577E-03   1.000000    
        5737        6487  1.2954086E-03   1.000000    
        5738        6488  1.9424353E-03   1.000000    
        5739        6489  1.6126864E-03   1.000000    
        5740        6490  1.6503676E-03   1.000000    
        5741        6491  1.9924799E-03   1.000000    
        5742        6492  1.3125984E-03   1.000000    
        5743        6497  1.5156206E-03   1.000000    
        5744        6498  1.5346565E-03   1.000000    
        5745        6499  1.8634791E-03   1.000000    
        5746        6500  1.2412833E-03   1.000000    
        5747        6501  1.9315087E-03   1.000000    
        5748        6502  2.0048311E-03   1.000000    
        5749        6503  1.3271532E-03   1.000000    
        5750        6506  1.8455178E-03   1.000000    
        5751        6507  1.9125552E-03   1.000000    
        5752        6508  1.2788407E-03   1.000000    
        5753        6509  1.1815120E-03   1.000000    
        5754        6510  1.7571690E-03   1.000000    
        5755        6511  1.1830681E-03   1.000000    
        5756        6514  1.1946768E-03   1.000000    
        5757        6515  1.7770902E-03   1.000000    
        5758        6516  1.1968750E-03   1.000000    
        5759        6517  1.7762185E-03   1.000000    
        5760        6518  1.7897342E-03   1.000000    
        5761        6519  1.2201261E-03   1.000000    
        5762        6520  1.3408817E-03   1.000000    
        5763        6521  9.6311118E-04   1.000000    
        5764        6523  1.2179624E-03   1.000000    
        5765        6524  1.3392110E-03   1.000000    
        5766        6525  9.6413342E-04   1.000000    
        5767        6526  1.1922793E-03   1.000000    
        5768        6527  1.1961750E-03   1.000000    
        5769        6528  1.4936711E-03   1.000000    
        5770        6529  1.4380428E-03   1.000000    
        5771        6530  1.1223130E-03   1.000000    
        5772        6533  1.5082380E-03   1.000000    
        5773        6534  1.4508299E-03   1.000000    
        5774        6535  1.1282268E-03   1.000000    
        5775        6536  1.6889659E-03   1.000000    
        5776        6537  1.3875966E-03   1.000000    
        5777        6539  1.7011140E-03   1.000000    
        5778        6540  1.3900505E-03   1.000000    
        5779        6541  2.3923146E-03   1.000000    
        5780        6542  2.6057139E-03   1.000000    
        5781        6543  1.6150789E-03   1.000000    
        5782        6546  2.4214778E-03   1.000000    
        5783        6547  2.6285488E-03   1.000000    
        5784        6548  1.6344270E-03   1.000000    
        5785        6549  2.1518504E-03   1.000000    
        5786        6550  2.3277344E-03   1.000000    
        5787        6551  1.4296882E-03   1.000000    
        5788        6554  2.1753737E-03   1.000000    
        5789        6555  2.3449296E-03   1.000000    
        5790        6556  1.4462440E-03   1.000000    
        5791        6557  1.7829312E-03   1.000000    
        5792        6558  9.4355183E-04   1.000000    
        5793        6560  1.7438965E-03   1.000000    
        5794        6561  9.3576085E-04   1.000000    
        5795        6562  1.5409363E-03   1.000000    
        5796        6563  1.1136255E-03   1.000000    
        5797        6565  1.5209623E-03   1.000000    
        5798        6566  1.1171974E-03   1.000000    
        5799        6567  1.6232204E-03   1.000000    
        5800        6568  1.0110437E-03   1.000000    
        5801        6569  1.1380955E-03   1.000000    
        5802        6570  1.3242079E-03   1.000000    
        5803        6575  1.6221455E-03   1.000000    
        5804        6576  1.0055386E-03   1.000000    
        5805        6577  1.1302053E-03   1.000000    
        5806        6578  1.3305172E-03   1.000000    
        5807        6579  1.3013053E-03   1.000000    
        5808        6580  1.1459540E-03   1.000000    
        5809        6581  1.0577656E-03   1.000000    
        5810        6582  6.2418374E-04   1.000000    
        5811        6583  6.2601751E-04   1.000000    
        5812        6584  1.3146903E-03   1.000000    
        5813        6585  1.1651296E-03   1.000000    
        5814        6586  1.0655400E-03   1.000000    
        5815        6587  1.5137243E-03   1.000000    
        5816        6588  1.2261702E-03   1.000000    
        5817        6589  1.3737115E-03   1.000000    
        5818        6592  1.4341573E-03   1.000000    
        5819        6593  1.1831378E-03   1.000000    
        5820        6594  1.3077060E-03   1.000000    
        5821        6595  1.2830680E-03   1.000000    
        5822        6596  1.5661409E-03   1.000000    
        5823        6597  6.0355337E-04   1.000000    
        5824        6598  1.2363152E-03   1.000000    
        5825        6599  1.4815476E-03   1.000000    
        5826        6600  1.8529292E-03   1.000000    
        5827        6601  1.2133479E-03   1.000000    
        5828        6603  1.8658536E-03   1.000000    
        5829        6604  1.2258061E-03   1.000000    
        5830        6605  1.3725674E-03   1.000000    
        5831        6606  1.2309457E-03   1.000000    
        5832        6607  1.0376783E-03   1.000000    
        5833        6608  1.0273866E-03   1.000000    
        5834        6613  1.3777569E-03   1.000000    
        5835        6614  1.2358904E-03   1.000000    
        5836        6615  1.0418983E-03   1.000000    
        5837        6616  1.0284462E-03   1.000000    
        5838        6617  1.2800586E-03   1.000000    
        5839        6618  1.2140453E-03   1.000000    
        5840        6619  1.2861985E-03   1.000000    
        5841        6620  1.2196022E-03   1.000000    
        5842        6621  1.7548710E-03   1.000000    
        5843        6622  1.6138123E-03   1.000000    
        5844        6624  1.7629517E-03   1.000000    
        5845        6625  1.6262124E-03   1.000000    
        5846        6626  3.0175212E-03   1.000000    
        5847        6627  1.7722297E-03   1.000000    
        5848        6628  2.6085807E-03   1.000000    
        5849        6631  3.0400292E-03   1.000000    
        5850        6632  1.7827458E-03   1.000000    
        5851        6633  2.6231934E-03   1.000000    
        5852        6634  1.6284495E-03   1.000000    
        5853        6635  2.4409422E-03   1.000000    
        5854        6637  1.6348662E-03   1.000000    
        5855        6638  2.4528413E-03   1.000000    
        5856        6639  1.2811597E-03   1.000000    
        5857        6640  1.9046358E-03   1.000000    
        5858        6641  1.5181857E-03   1.000000    
        5859        6644  1.2931025E-03   1.000000    
        5860        6645  1.9218189E-03   1.000000    
        5861        6646  1.5340789E-03   1.000000    
        5862        6647  1.3688992E-03   1.000000    
        5863        6648  1.5950478E-03   1.000000    
        5864        6649  6.1970926E-04   1.000000    
        5865        6650  1.3776382E-03   1.000000    
        5866        6651  1.6044626E-03   1.000000    
        5867        6652  1.9928203E-03   1.000000    
        5868        6653  1.3151007E-03   1.000000    
        5869        6654  1.9942760E-03   1.000000    
        5870        6656  1.9930915E-03   1.000000    
        5871        6657  1.3198903E-03   1.000000    
        5872        6658  2.0022683E-03   1.000000    
        5873        6659  1.8090359E-03   1.000000    
        5874        6660  1.3513806E-03   1.000000    
        5875        6661  2.2773223E-03   1.000000    
        5876        6662  1.7709369E-03   1.000000    
        5877        6666  1.6495078E-03   1.000000    
        5878        6667  1.2488322E-03   1.000000    
        5879        6668  2.0356914E-03   1.000000    
        5880        6669  1.5639145E-03   1.000000    
        5881        6670  1.3579323E-03   1.000000    
        5882        6671  1.5487272E-03   1.000000    
        5883        6672  1.1934898E-03   1.000000    
        5884        6673  1.3331951E-03   1.000000    
        5885        6674  1.6239369E-03   1.000000    
        5886        6675  2.5524911E-03   1.000000    
        5887        6676  1.4600928E-03   1.000000    
        5888        6677  2.2404515E-03   1.000000    
        5889        6678  1.7840790E-03   1.000000    
        5890        6679  1.9920650E-03   1.000000    
        5891        6680  1.7432679E-03   1.000000    
        5892        6681  1.9304218E-03   1.000000    
        5893        6682  1.8891705E-03   1.000000    
        5894        6683  1.8061164E-03   1.000000    
        5895        6684  1.8003940E-03   1.000000    
        5896        6685  1.1843744E-03   1.000000    
        5897        6686  1.7493024E-03   1.000000    
        5898        6687  1.4718578E-03   1.000000    
        5899        6692  1.8087754E-03   1.000000    
        5900        6693  1.1914886E-03   1.000000    
        5901        6694  1.7645888E-03   1.000000    
        5902        6695  1.4930617E-03   1.000000    
        5903        6696  1.3503174E-03   1.000000    
        5904        6697  1.1961131E-03   1.000000    
        5905        6698  1.1605233E-03   1.000000    
        5906        6699  6.2783895E-04   1.000000    
        5907        6700  6.2662637E-04   1.000000    
        5908        6701  1.3728238E-03   1.000000    
        5909        6702  1.2162129E-03   1.000000    
        5910        6703  1.1855895E-03   1.000000    
        5911        6704  1.7407608E-03   1.000000    
        5912        6705  1.1589784E-03   1.000000    
        5913        6706  1.1476830E-03   1.000000    
        5914        6709  1.7570965E-03   1.000000    
        5915        6710  1.1685520E-03   1.000000    
        5916        6711  1.1575305E-03   1.000000    
        5917        6712  1.7278234E-03   1.000000    
        5918        6713  1.7432482E-03   1.000000    
        5919        6714  1.6080695E-03   1.000000    
        5920        6715  1.4074390E-03   1.000000    
        5921        6717  1.5872438E-03   1.000000    
        5922        6718  1.3981286E-03   1.000000    
        5923        6719  1.4703262E-03   1.000000    
        5924        6720  1.1289605E-03   1.000000    
        5925        6722  1.4562459E-03   1.000000    
        5926        6723  1.1096244E-03   1.000000    
        5927        6724  1.1970794E-03   1.000000    
        5928        6725  1.9192442E-03   1.000000    
        5929        6726  1.2153278E-03   1.000000    
        5930        6728  1.1373061E-03   1.000000    
        5931        6729  1.8488104E-03   1.000000    
        5932        6730  1.1749265E-03   1.000000    
        5933        6731  1.5584877E-03   1.000000    
        5934        6732  1.5266060E-03   1.000000    
        5935        6733  1.6894027E-03   1.000000    
        5936        6734  1.2993388E-03   1.000000    
        5937        6735  1.5530934E-03   1.000000    
        5938        6736  1.2079289E-03   1.000000    
        5939        6737  1.8926689E-03   1.000000    
        5940        6738  1.2375022E-03   1.000000    
        5941        6740  1.7774625E-03   1.000000    
        5942        6741  1.1579166E-03   1.000000    
        5943        6742  1.5954470E-03   1.000000    
        5944        6743  1.5681381E-03   1.000000    
        5945        6744  1.1050027E-03   1.000000    
        5946        6747  1.5532536E-03   1.000000    
        5947        6748  1.5186373E-03   1.000000    
        5948        6749  1.0725845E-03   1.000000    
        5949        6750  1.9065795E-03   1.000000    
        5950        6751  1.2345382E-03   1.000000    
        5951        6753  1.8866205E-03   1.000000    
        5952        6754  1.2169129E-03   1.000000    
        5953        6755  1.4651878E-03   1.000000    
        5954        6756  9.6189720E-04   1.000000    
        5955        6758  1.4245318E-03   1.000000    
        5956        6759  9.3408395E-04   1.000000    
        5957        6760  1.3779574E-03   1.000000    
        5958        6761  1.3840892E-03   1.000000    
        5959        6762  1.1165448E-03   1.000000    
        5960        6763  9.9467358E-04   1.000000    
        5961        6764  1.0809699E-03   1.000000    
        5962        6767  1.1032625E-03   1.000000    
        5963        6768  9.8280457E-04   1.000000    
        5964        6769  1.0643536E-03   1.000000    
        5965        6770  1.2609151E-03   1.000000    
        5966        6771  1.2467459E-03   1.000000    
        5967        6772  1.6751850E-03   1.000000    
        5968        6773  1.6285719E-03   1.000000    
        5969        6775  1.6638071E-03   1.000000    
        5970        6776  1.6187348E-03   1.000000    
        5971        6777  2.9774492E-03   1.000000    
        5972        6778  1.7141320E-03   1.000000    
        5973        6780  2.9851438E-03   1.000000    
        5974        6781  1.7143531E-03   1.000000    
        5975        6782  2.2707845E-03   1.000000    
        5976        6783  1.3433035E-03   1.000000    
        5977        6784  2.0994500E-03   1.000000    
        5978        6787  2.2693020E-03   1.000000    
        5979        6788  1.3416390E-03   1.000000    
        5980        6789  2.1035380E-03   1.000000    
        5981        6790  1.6608818E-03   1.000000    
        5982        6791  1.6783135E-03   1.000000    
        5983        6792  1.9051612E-03   1.000000    
        5984        6793  1.2534480E-03   1.000000    
        5985        6794  1.8991943E-03   1.000000    
        5986        6797  1.9057099E-03   1.000000    
        5987        6798  1.2510415E-03   1.000000    
        5988        6799  1.8998026E-03   1.000000    
        5989        6800  1.3083273E-03   1.000000    
        5990        6801  1.3157651E-03   1.000000    
        5991        6802  1.9598142E-03   1.000000    
        5992        6803  2.0676507E-03   1.000000    
        5993        6804  1.3598993E-03   1.000000    
        5994        6807  1.9042405E-03   1.000000    
        5995        6808  2.0120349E-03   1.000000    
        5996        6809  1.3335142E-03   1.000000    
        5997        6810  1.8299852E-03   1.000000    
        5998        6811  1.2885515E-03   1.000000    
        5999        6812  1.6513185E-03   1.000000    
        6000        6813  1.1649327E-03   1.000000    
        6001        6817  1.8273448E-03   1.000000    
        6002        6818  1.2838999E-03   1.000000    
        6003        6819  1.6525896E-03   1.000000    
        6004        6820  1.1686212E-03   1.000000    
        6005        6821  1.7768639E-03   1.000000    
        6006        6822  1.6643042E-03   1.000000    
        6007        6823  1.1515648E-03   1.000000    
        6008        6826  1.7864913E-03   1.000000    
        6009        6827  1.6701865E-03   1.000000    
        6010        6828  1.1583292E-03   1.000000    
        6011        6829  1.3718834E-03   1.000000    
        6012        6830  9.7395375E-04   1.000000    
        6013        6831  1.5075131E-03   1.000000    
        6014        6834  1.3614256E-03   1.000000    
        6015        6835  9.6763799E-04   1.000000    
        6016        6836  1.4882474E-03   1.000000    
        6017        6837  2.0108812E-03   1.000000    
        6018        6838  1.3114187E-03   1.000000    
        6019        6839  1.7502875E-03   1.000000    
        6020        6842  1.9754802E-03   1.000000    
        6021        6843  1.2903936E-03   1.000000    
        6022        6844  1.7240770E-03   1.000000    
        6023        6845  2.3815748E-03   1.000000    
        6024        6846  1.4496942E-03   1.000000    
        6025        6848  2.3501036E-03   1.000000    
        6026        6849  1.4225099E-03   1.000000    
        6027        6850  1.0340639E-03   1.000000    
        6028        6851  1.0356680E-03   1.000000    
        6029        6852  1.0900027E-03   1.000000    
        6030        6853  1.0902145E-03   1.000000    
        6031        6854  1.4598747E-03   1.000000    
        6032        6855  1.1554309E-03   1.000000    
        6033        6857  1.4749592E-03   1.000000    
        6034        6858  1.1669955E-03   1.000000    
        6035        6859  1.7163324E-03   1.000000    
        6036        6860  1.4358518E-03   1.000000    
        6037        6862  1.7347594E-03   1.000000    
        6038        6863  1.4517712E-03   1.000000    
        6039        6864  1.1547450E-03   1.000000    
        6040        6865  1.1693414E-03   1.000000    
        6041        6866  1.1669076E-03   1.000000    
        6042        6867  1.1778192E-03   1.000000    
        6043        6868  1.4708968E-03   1.000000    
        6044        6869  1.2066135E-03   1.000000    
        6045        6871  1.4774868E-03   1.000000    
        6046        6872  1.2093104E-03   1.000000    
        6047        6873  2.0949999E-03   1.000000    
        6048        6874  1.5233321E-03   1.000000    
        6049        6875  1.6661173E-03   1.000000    
        6050        6877  2.1159113E-03   1.000000    
        6051        6878  1.5318034E-03   1.000000    
        6052        6879  1.6831505E-03   1.000000    
        6053        6880  1.8241900E-03   1.000000    
        6054        6881  1.2553782E-03   1.000000    
        6055        6882  1.8455499E-03   1.000000    
        6056        6883  1.2699380E-03   1.000000    
        6057        6884  1.7992022E-03   1.000000    
        6058        6885  1.2486954E-03   1.000000    
        6059        6887  1.7425694E-03   1.000000    
        6060        6888  1.2161065E-03   1.000000    
        6061        6889  1.9940203E-03   1.000000    
        6062        6890  1.4295642E-03   1.000000    
        6063        6892  1.9475899E-03   1.000000    
        6064        6893  1.4044663E-03   1.000000    
        6065        6894  1.1827184E-03   1.000000    
        6066        6895  1.0350721E-03   1.000000    
        6067        6896  6.1650906E-04   1.000000    
        6068        6897  1.1903110E-03   1.000000    
        6069        6898  1.0304262E-03   1.000000    
        6070        6899  1.2521428E-03   1.000000    
        6071        6900  1.3392571E-03   1.000000    
        6072        6901  1.0464763E-03   1.000000    
        6073        6902  6.2175759E-04   1.000000    
        6074        6904  1.2579090E-03   1.000000    
        6075        6905  1.3371427E-03   1.000000    
        6076        6906  1.0449744E-03   1.000000    
        6077        6907  1.3188642E-03   1.000000    
        6078        6908  1.3167313E-03   1.000000    
        6079        6909  1.2432371E-03   1.000000    
        6080        6910  6.1875011E-04   1.000000    
        6081        6912  1.3152459E-03   1.000000    
        6082        6913  1.3027492E-03   1.000000    
        6083        6914  1.2276876E-03   1.000000    
        6084        6915  1.0076448E-03   1.000000    
        6085        6916  9.7580039E-04   1.000000    
        6086        6917  1.9323446E-03   1.000000    
        6087        6918  1.2951620E-03   1.000000    
        6088        6920  1.8871345E-03   1.000000    
        6089        6921  1.2759106E-03   1.000000    
        6090        6922  1.7919225E-03   1.000000    
        6091        6923  1.1486640E-03   1.000000    
        6092        6925  1.8143818E-03   1.000000    
        6093        6926  1.1609852E-03   1.000000    
        6094        6927  1.8168888E-03   1.000000    
        6095        6928  1.8224890E-03   1.000000    
        6096        6929  2.1403150E-03   1.000000    
        6097        6930  1.5436405E-03   1.000000    
        6098        6931  1.4876220E-03   1.000000    
        6099        6934  2.1626193E-03   1.000000    
        6100        6935  1.5521604E-03   1.000000    
        6101        6936  1.4953022E-03   1.000000    
        6102        6937  1.3265633E-03   1.000000    
        6103        6938  1.5139094E-03   1.000000    
        6104        6939  1.2929967E-03   1.000000    
        6105        6940  6.1619258E-04   1.000000    
        6106        6941  6.1739137E-04   1.000000    
        6107        6942  1.3269623E-03   1.000000    
        6108        6943  1.5203974E-03   1.000000    
        6109        6944  1.2906366E-03   1.000000    
        6110        6945  1.0252444E-03   1.000000    
        6111        6946  1.0219974E-03   1.000000    
        6112        6947  2.8069434E-03   1.000000    
        6113        6948  1.4769587E-03   1.000000    
        6114        6949  2.4268825E-03   1.000000    
        6115        6951  2.8277989E-03   1.000000    
        6116        6952  1.4835903E-03   1.000000    
        6117        6953  2.4369750E-03   1.000000    
        6118        6954  1.4901112E-03   1.000000    
        6119        6955  2.3865951E-03   1.000000    
        6120        6957  1.4938962E-03   1.000000    
        6121        6958  2.3973687E-03   1.000000    
        6122        6959  1.5769688E-03   1.000000    
        6123        6960  2.2768220E-03   1.000000    
        6124        6962  1.5896553E-03   1.000000    
        6125        6963  2.3003726E-03   1.000000    
        6126        6964  1.3716210E-03   1.000000    
        6127        6965  1.3818375E-03   1.000000    
        6128        6966  1.9726804E-03   1.000000    
        6129        6967  1.3026093E-03   1.000000    
        6130        6969  1.9822104E-03   1.000000    
        6131        6970  1.3090962E-03   1.000000    
        6132        6971  1.5336506E-03   1.000000    
        6133        6972  2.0936807E-03   1.000000    
        6134        6973  1.3291322E-03   1.000000    
        6135        6976  1.4113628E-03   1.000000    
        6136        6977  1.9421930E-03   1.000000    
        6137        6978  1.1934638E-03   1.000000    
        6138        6979  1.5106726E-03   1.000000    
        6139        6980  1.3606378E-03   1.000000    
        6140        6981  2.1518515E-03   1.000000    
        6141        6982  1.8627619E-03   1.000000    
        6142        6983  1.3057876E-03   1.000000    
        6143        6984  1.9757440E-03   1.000000    
        6144        6985  1.7186620E-03   1.000000    
        6145        6988  1.2785837E-03   1.000000    
        6146        6989  1.9399764E-03   1.000000    
        6147        6990  1.6961078E-03   1.000000    
        6148        6991  1.4758540E-03   1.000000    
        6149        6992  1.3209205E-03   1.000000    
        6150        6993  6.2075612E-04   1.000000    
        6151        6994  1.4701895E-03   1.000000    
        6152        6995  1.3177874E-03   1.000000    
        6153        6996  1.8565656E-03   1.000000    
        6154        6997  1.2100441E-03   1.000000    
        6155        6998  1.7921858E-03   1.000000    
        6156        6999  1.2066922E-03   1.000000    
        6157        7003  1.8579800E-03   1.000000    
        6158        7004  1.2176838E-03   1.000000    
        6159        7005  1.8047929E-03   1.000000    
        6160        7006  1.2137266E-03   1.000000    
        6161        7007  1.8344271E-03   1.000000    
        6162        7008  1.7770448E-03   1.000000    
        6163        7009  1.1945809E-03   1.000000    
        6164        7012  1.8360021E-03   1.000000    
        6165        7013  1.7906057E-03   1.000000    
        6166        7014  1.2009746E-03   1.000000    
        6167        7015  1.8105132E-03   1.000000    
        6168        7016  1.7608437E-03   1.000000    
        6169        7017  1.8157440E-03   1.000000    
        6170        7018  1.7738217E-03   1.000000    
        6171        7019  1.7594710E-03   1.000000    
        6172        7020  1.7732303E-03   1.000000    
        6173        7021  2.1898369E-03   1.000000    
        6174        7022  1.2645376E-03   1.000000    
        6175        7023  1.1236609E-03   1.000000    
        6176        7024  1.2337056E-03   1.000000    
        6177        7028  2.0920567E-03   1.000000    
        6178        7029  1.2052245E-03   1.000000    
        6179        7030  1.0574079E-03   1.000000    
        6180        7031  1.1574547E-03   1.000000    
        6181        7032  1.3146950E-03   1.000000    
        6182        7033  1.3533437E-03   1.000000    
        6183        7034  1.0360415E-03   1.000000    
        6184        7037  1.2519902E-03   1.000000    
        6185        7038  1.2682701E-03   1.000000    
        6186        7039  9.7636756E-04   1.000000    
        6187        7040  1.1948792E-03   1.000000    
        6188        7041  1.1518649E-03   1.000000    
        6189        7042  2.0308373E-03   1.000000    
        6190        7043  1.2227487E-03   1.000000    
        6191        7044  1.9794572E-03   1.000000    
        6192        7045  6.1963295E-04   1.000000    
        6193        7046  1.9916871E-03   1.000000    
        6194        7047  1.2145148E-03   1.000000    
        6195        7048  1.9323624E-03   1.000000    
        6196        7049  1.8003394E-03   1.000000    
        6197        7050  1.6950965E-03   1.000000    
        6198        7051  1.8495077E-03   1.000000    
        6199        7052  1.1627999E-03   1.000000    
        6200        7054  1.8286376E-03   1.000000    
        6201        7055  1.1444653E-03   1.000000    
        6202        7056  1.5227975E-03   1.000000    
        6203        7057  9.6847437E-04   1.000000    
        6204        7058  1.1864160E-03   1.000000    
        6205        7061  1.4948482E-03   1.000000    
        6206        7062  9.5441937E-04   1.000000    
        6207        7063  1.1548932E-03   1.000000    
        6208        7064  1.4584168E-03   1.000000    
        6209        7065  1.0013467E-03   1.000000    
        6210        7067  1.4114644E-03   1.000000    
        6211        7068  9.7003259E-04   1.000000    
        6212        7069  1.6583487E-03   1.000000    
        6213        7070  1.6481780E-03   1.000000    
        6214        7071  2.1523756E-03   1.000000    
        6215        7072  1.5550305E-03   1.000000    
        6216        7073  1.4969939E-03   1.000000    
        6217        7076  2.1641813E-03   1.000000    
        6218        7077  1.5612956E-03   1.000000    
        6219        7078  1.5046983E-03   1.000000    
        6220        7079  1.3297263E-03   1.000000    
        6221        7080  1.5176111E-03   1.000000    
        6222        7081  1.2964736E-03   1.000000    
        6223        7082  6.1933004E-04   1.000000    
        6224        7083  6.1938236E-04   1.000000    
        6225        7084  1.3330454E-03   1.000000    
        6226        7085  1.5249992E-03   1.000000    
        6227        7086  1.3005643E-03   1.000000    
        6228        7087  1.0270579E-03   1.000000    
        6229        7088  1.0293584E-03   1.000000    
        6230        7089  2.7796587E-03   1.000000    
        6231        7090  1.3999097E-03   1.000000    
        6232        7091  2.7702099E-03   1.000000    
        6233        7092  1.3944892E-03   1.000000    
        6234        7093  1.7310997E-03   1.000000    
        6235        7094  1.1716774E-03   1.000000    
        6236        7095  1.8252849E-03   1.000000    
        6237        7096  1.2296842E-03   1.000000    
        6238        7100  1.7125246E-03   1.000000    
        6239        7101  1.1533544E-03   1.000000    
        6240        7102  1.8099945E-03   1.000000    
        6241        7103  1.2222029E-03   1.000000    
        6242        7104  1.8897331E-03   1.000000    
        6243        7105  1.3175912E-03   1.000000    
        6244        7106  1.8843984E-03   1.000000    
        6245        7107  1.3183816E-03   1.000000    
        6246        7108  1.5604930E-03   1.000000    
        6247        7109  1.5774986E-03   1.000000    
        6248        7110  1.2305928E-03   1.000000    
        6249        7111  1.8849062E-03   1.000000    
        6250        7113  1.2150041E-03   1.000000    
        6251        7114  1.8773451E-03   1.000000    
        6252        7115  1.3169592E-03   1.000000    
        6253        7116  1.9120909E-03   1.000000    
        6254        7118  1.3271080E-03   1.000000    
        6255        7119  1.9259874E-03   1.000000    
        6256        7120  1.9938790E-03   1.000000    
        6257        7121  2.2256118E-03   1.000000    
        6258        7122  1.3635546E-03   1.000000    
        6259        7125  1.9675237E-03   1.000000    
        6260        7126  2.1993294E-03   1.000000    
        6261        7127  1.3535677E-03   1.000000    
        6262        7128  1.2326414E-03   1.000000    
        6263        7129  1.8087542E-03   1.000000    
        6264        7131  1.2401236E-03   1.000000    
        6265        7132  1.8236405E-03   1.000000    
        6266        7133  1.8000612E-03   1.000000    
        6267        7134  1.1640373E-03   1.000000    
        6268        7135  1.7299029E-03   1.000000    
        6269        7136  1.1762497E-03   1.000000    
        6270        7140  1.8071006E-03   1.000000    
        6271        7141  1.1683127E-03   1.000000    
        6272        7142  1.7376428E-03   1.000000    
        6273        7143  1.1830287E-03   1.000000    
        6274        7144  1.7470927E-03   1.000000    
        6275        7145  1.7647047E-03   1.000000    
        6276        7146  1.2615313E-03   1.000000    
        6277        7147  1.2572814E-03   1.000000    
        6278        7148  1.7010566E-03   1.000000    
        6279        7149  1.1253817E-03   1.000000    
        6280        7150  1.7056956E-03   1.000000    
        6281        7151  1.1290965E-03   1.000000    
        6282        7152  1.4198966E-03   1.000000    
        6283        7153  1.1431157E-03   1.000000    
        6284        7154  1.4312478E-03   1.000000    
        6285        7155  1.1531609E-03   1.000000    
        6286        7156  1.7907781E-03   1.000000    
        6287        7157  1.4220488E-03   1.000000    
        6288        7159  1.7831433E-03   1.000000    
        6289        7160  1.4146401E-03   1.000000    
        6290        7161  1.4433968E-03   1.000000    
        6291        7162  1.4138300E-03   1.000000    
        6292        7163  1.6116721E-03   1.000000    
        6293        7164  1.6182322E-03   1.000000    
        6294        7165  1.3170938E-03   1.000000    
        6295        7166  1.2055435E-03   1.000000    
        6296        7167  6.0941320E-04   1.000000    
        6297        7168  1.3011444E-03   1.000000    
        6298        7169  1.1779491E-03   1.000000    
        6299        7170  1.6532827E-03   1.000000    
        6300        7171  1.1434855E-03   1.000000    
        6301        7172  1.4824144E-03   1.000000    
        6302        7175  1.6461759E-03   1.000000    
        6303        7176  1.1331600E-03   1.000000    
        6304        7177  1.4680297E-03   1.000000    
        6305        7178  2.0889647E-03   1.000000    
        6306        7179  1.3674446E-03   1.000000    
        6307        7180  2.0507080E-03   1.000000    
        6308        7181  1.3836403E-03   1.000000    
        6309        7186  1.9805431E-03   1.000000    
        6310        7187  1.2736672E-03   1.000000    
        6311        7188  1.8824746E-03   1.000000    
        6312        7189  1.2950326E-03   1.000000    
        6313        7190  2.1407758E-03   1.000000    
        6314        7191  2.0551949E-03   1.000000    
        6315        7192  1.3823268E-03   1.000000    
        6316        7195  2.0412076E-03   1.000000    
        6317        7196  1.8950269E-03   1.000000    
        6318        7197  1.2984653E-03   1.000000    
        6319        7198  2.3269753E-03   1.000000    
        6320        7199  1.2976256E-03   1.000000    
        6321        7200  8.2841027E-04   1.000000    
        6322        7203  2.3538610E-03   1.000000    
        6323        7204  1.3148364E-03   1.000000    
        6324        7205  8.4317726E-04   1.000000    
        6325        7206  1.1029653E-03   1.000000    
        6326        7207  1.1515027E-03   1.000000    
        6327        7209  1.1166518E-03   1.000000    
        6328        7210  1.1629767E-03   1.000000    
        6329        7211  1.0272380E-03   1.000000    
        6330        7212  1.0357667E-03   1.000000    
        6331        7213  2.0200892E-03   1.000000    
        6332        7214  2.0359464E-03   1.000000    
        6333        7215  1.8566190E-03   1.000000    
        6334        7216  3.1508678E-03   1.000000    
        6335        7217  1.4979783E-03   1.000000    
        6336        7218  6.1444740E-04   1.000000    
        6337        7220  1.8426888E-03   1.000000    
        6338        7221  3.1497136E-03   1.000000    
        6339        7222  1.4926497E-03   1.000000    
        6340        7223  2.2471333E-03   1.000000    
        6341        7224  2.2670871E-03   1.000000    
        6342        7225  2.2579692E-03   1.000000    
        6343        7226  2.0787953E-03   1.000000    
        6344        7228  2.2848174E-03   1.000000    
        6345        7229  2.0973496E-03   1.000000    
        6346        7230  1.1617193E-03   1.000000    
        6347        7231  2.0040872E-03   1.000000    
        6348        7233  1.1663251E-03   1.000000    
        6349        7234  2.0090761E-03   1.000000    
        6350        7235  1.3217824E-03   1.000000    
        6351        7236  2.1586202E-03   1.000000    
        6352        7238  1.3242653E-03   1.000000    
        6353        7239  2.1652689E-03   1.000000    
        6354        7240  1.6098821E-03   1.000000    
        6355        7241  2.3892808E-03   1.000000    
        6356        7243  1.6187914E-03   1.000000    
        6357        7244  2.3991631E-03   1.000000    
        6358        7245  1.4506041E-03   1.000000    
        6359        7246  1.4639179E-03   1.000000    
        6360        7247  1.3539009E-03   1.000000    
        6361        7248  1.3821406E-03   1.000000    
        6362        7250  1.2627408E-03   1.000000    
        6363        7251  1.2962135E-03   1.000000    
        6364        7252  1.6855437E-03   1.000000    
        6365        7253  1.6277157E-03   1.000000    
        6366        7254  1.5919394E-03   1.000000    
        6367        7255  1.5460382E-03   1.000000    
        6368        7256  2.4529761E-03   1.000000    
        6369        7257  2.3402958E-03   1.000000    
        6370        7258  1.6747130E-03   1.000000    
        6371        7259  1.5955035E-03   1.000000    
        6372        7260  1.3278328E-03   1.000000    
        6373        7263  1.6657773E-03   1.000000    
        6374        7264  1.5857001E-03   1.000000    
        6375        7265  1.3173943E-03   1.000000    
        6376        7266  2.1182357E-03   1.000000    
        6377        7267  1.3584958E-03   1.000000    
        6378        7269  2.1011618E-03   1.000000    
        6379        7270  1.3451286E-03   1.000000    
        6380        7271  1.4458868E-03   1.000000    
        6381        7272  1.7760262E-03   1.000000    
        6382        7273  1.1999194E-03   1.000000    
        6383        7276  1.4510279E-03   1.000000    
        6384        7277  1.7857567E-03   1.000000    
        6385        7278  1.2065137E-03   1.000000    
        6386        7279  1.7925913E-03   1.000000    
        6387        7280  1.8044135E-03   1.000000    
        6388        7281  1.3237309E-03   1.000000    
        6389        7282  1.2911651E-03   1.000000    
        6390        7283  1.4848254E-03   1.000000    
        6391        7284  1.4495411E-03   1.000000    
        6392        7285  2.0999101E-03   1.000000    
        6393        7286  1.4332413E-03   1.000000    
        6394        7287  2.0864429E-03   1.000000    
        6395        7290  2.0122672E-03   1.000000    
        6396        7291  1.3467999E-03   1.000000    
        6397        7292  1.9723859E-03   1.000000    
        6398        7293  1.3918718E-03   1.000000    
        6399        7294  1.3738298E-03   1.000000    
        6400        7295  1.8091571E-03   1.000000    
        6401        7296  1.6408130E-03   1.000000    
        6402        7297  1.1764402E-03   1.000000    
        6403        7300  1.7733069E-03   1.000000    
        6404        7301  1.6000278E-03   1.000000    
        6405        7302  1.1510748E-03   1.000000    
        6406        7303  2.4073583E-03   1.000000    
        6407        7304  1.3374400E-03   1.000000    
        6408        7305  8.5759122E-04   1.000000    
        6409        7308  2.3962022E-03   1.000000    
        6410        7309  1.3340221E-03   1.000000    
        6411        7310  8.4972533E-04   1.000000    
        6412        7311  1.0999942E-03   1.000000    
        6413        7312  1.1081120E-03   1.000000    
        6414        7314  1.0957411E-03   1.000000    
        6415        7315  1.1001416E-03   1.000000    
        6416        7316  9.9344039E-04   1.000000    
        6417        7317  9.9362922E-04   1.000000    
        6418        7318  2.0001945E-03   1.000000    
        6419        7319  2.0045077E-03   1.000000    
        6420        7320  1.8120522E-03   1.000000    
        6421        7321  3.0775322E-03   1.000000    
        6422        7322  1.4573095E-03   1.000000    
        6423        7323  6.1884266E-04   1.000000    
        6424        7325  1.8145946E-03   1.000000    
        6425        7326  3.0829308E-03   1.000000    
        6426        7327  1.4584907E-03   1.000000    
        6427        7328  2.2598044E-03   1.000000    
        6428        7329  2.2583934E-03   1.000000    
        6429        7330  2.2539110E-03   1.000000    
        6430        7331  2.0746840E-03   1.000000    
        6431        7333  2.2632196E-03   1.000000    
        6432        7334  2.0828503E-03   1.000000    
        6433        7335  1.0610928E-03   1.000000    
        6434        7336  1.8284238E-03   1.000000    
        6435        7338  1.0528052E-03   1.000000    
        6436        7339  1.8194995E-03   1.000000    
        6437        7340  1.1732883E-03   1.000000    
        6438        7341  1.1645496E-03   1.000000    
        6439        7342  1.4108035E-03   1.000000    
        6440        7343  1.4166828E-03   1.000000    
        6441        7344  1.4884719E-03   1.000000    
        6442        7345  1.4997984E-03   1.000000    
        6443        7346  1.5424043E-03   1.000000    
        6444        7347  1.5713703E-03   1.000000    
        6445        7348  1.2660585E-03   1.000000    
        6446        7351  1.4745083E-03   1.000000    
        6447        7352  1.4912140E-03   1.000000    
        6448        7353  1.2198273E-03   1.000000    
        6449        7354  1.8601087E-03   1.000000    
        6450        7355  1.2784125E-03   1.000000    
        6451        7357  1.8045977E-03   1.000000    
        6452        7358  1.2497848E-03   1.000000    
        6453        7359  1.2994412E-03   1.000000    
        6454        7360  1.9035181E-03   1.000000    
        6455        7362  1.3100615E-03   1.000000    
        6456        7363  1.9161945E-03   1.000000    
        6457        7364  1.8797083E-03   1.000000    
        6458        7365  1.2169161E-03   1.000000    
        6459        7366  1.7814313E-03   1.000000    
        6460        7367  1.2247734E-03   1.000000    
        6461        7369  1.8950430E-03   1.000000    
        6462        7370  1.2246986E-03   1.000000    
        6463        7371  1.7932267E-03   1.000000    
        6464        7372  1.2328979E-03   1.000000    
        6465        7373  1.4417700E-03   1.000000    
        6466        7374  1.4582323E-03   1.000000    
        6467        7375  1.4606979E-03   1.000000    
        6468        7376  1.3380946E-03   1.000000    
        6469        7377  1.9149034E-03   1.000000    
        6470        7378  1.3140098E-03   1.000000    
        6471        7379  6.0722313E-04   1.000000    
        6472        7380  6.0760655E-04   1.000000    
        6473        7383  1.4246223E-03   1.000000    
        6474        7384  1.3065734E-03   1.000000    
        6475        7385  1.8740629E-03   1.000000    
        6476        7386  1.2725523E-03   1.000000    
        6477        7387  1.4402251E-03   1.000000    
        6478        7388  1.8610383E-03   1.000000    
        6479        7389  1.4033379E-03   1.000000    
        6480        7390  1.8061013E-03   1.000000    
        6481        7391  1.9678811E-03   1.000000    
        6482        7392  1.6023798E-03   1.000000    
        6483        7394  1.9901081E-03   1.000000    
        6484        7395  1.6213255E-03   1.000000    
        6485        7396  1.2814094E-03   1.000000    
        6486        7397  1.0011968E-03   1.000000    
        6487        7398  1.3941408E-03   1.000000    
        6488        7399  1.0708537E-03   1.000000    
        6489        7400  6.0966559E-04   1.000000    
        6490        7401  6.1376893E-04   1.000000    
        6491        7402  6.1470177E-04   1.000000    
        6492        7404  1.2644359E-03   1.000000    
        6493        7405  9.8974595E-04   1.000000    
        6494        7406  1.3697365E-03   1.000000    
        6495        7407  1.0452395E-03   1.000000    
        6496        7408  1.3202911E-03   1.000000    
        6497        7409  1.3214989E-03   1.000000    
        6498        7410  1.2114561E-03   1.000000    
        6499        7411  6.0721702E-04   1.000000    
        6500        7413  1.2896536E-03   1.000000    
        6501        7414  1.2849363E-03   1.000000    
        6502        7415  1.1753191E-03   1.000000    
        6503        7416  1.5505431E-03   1.000000    
        6504        7417  9.9955813E-04   1.000000    
        6505        7418  1.1075273E-03   1.000000    
        6506        7421  1.5154498E-03   1.000000    
        6507        7422  9.8511693E-04   1.000000    
        6508        7423  1.0886417E-03   1.000000    
        6509        7424  1.2644199E-03   1.000000    
        6510        7425  9.4325020E-04   1.000000    
        6511        7426  1.2449437E-03   1.000000    
        6512        7427  9.3373790E-04   1.000000    
        6513        7428  1.4546576E-03   1.000000    
        6514        7429  2.1440955E-03   1.000000    
        6515        7430  1.3527211E-03   1.000000    
        6516        7431  6.1597704E-04   1.000000    
        6517        7433  1.4375594E-03   1.000000    
        6518        7434  2.0957671E-03   1.000000    
        6519        7435  1.3261007E-03   1.000000    
        6520        7436  2.1013182E-03   1.000000    
        6521        7437  2.0043941E-03   1.000000    
        6522        7438  1.6956612E-03   1.000000    
        6523        7441  2.0035636E-03   1.000000    
        6524        7442  1.8480720E-03   1.000000    
        6525        7443  1.6131878E-03   1.000000    
        6526        7444  9.9393178E-04   1.000000    
        6527        7445  9.7000110E-04   1.000000    
        6528        7446  1.9026696E-03   1.000000    
        6529        7447  1.2580380E-03   1.000000    
        6530        7449  1.8904154E-03   1.000000    
        6531        7450  1.2584223E-03   1.000000    
        6532        7451  1.6604100E-03   1.000000    
        6533        7452  1.0268124E-03   1.000000    
        6534        7454  1.6731322E-03   1.000000    
        6535        7455  1.0328353E-03   1.000000    
        6536        7456  2.1082163E-03   1.000000    
        6537        7457  1.4795207E-03   1.000000    
        6538        7458  1.3900249E-03   1.000000    
        6539        7460  2.1302518E-03   1.000000    
        6540        7461  1.4954458E-03   1.000000    
        6541        7462  1.3994003E-03   1.000000    
        6542        7463  1.3129996E-03   1.000000    
        6543        7464  1.2707347E-03   1.000000    
        6544        7465  6.1682344E-04   1.000000    
        6545        7466  1.3127503E-03   1.000000    
        6546        7467  1.2740230E-03   1.000000    
        6547        7468  1.0374507E-03   1.000000    
        6548        7469  1.0395838E-03   1.000000    
        6549        7470  3.4221618E-03   1.000000    
        6550        7471  3.4454411E-03   1.000000    
        6551        7472  1.3917133E-03   1.000000    
        6552        7473  1.7794035E-03   1.000000    
        6553        7475  1.3969054E-03   1.000000    
        6554        7476  1.7855889E-03   1.000000    
        6555        7477  1.5562769E-03   1.000000    
        6556        7478  1.9618794E-03   1.000000    
        6557        7480  1.5577866E-03   1.000000    
        6558        7481  1.9673205E-03   1.000000    
        6559        7482  1.5618880E-03   1.000000    
        6560        7483  2.5465824E-03   1.000000    
        6561        7485  1.5697790E-03   1.000000    
        6562        7486  2.5540337E-03   1.000000    
        6563        7487  1.5357700E-03   1.000000    
        6564        7488  1.5455192E-03   1.000000    
        6565        7489  1.9997829E-03   1.000000    
        6566        7490  1.1162737E-03   1.000000    
        6567        7491  6.1924395E-04   1.000000    
        6568        7492  2.0060001E-03   1.000000    
        6569        7493  1.1191609E-03   1.000000    
        6570        7494  2.8745637E-03   1.000000    
        6571        7495  2.2971905E-03   1.000000    
        6572        7496  2.2496367E-03   1.000000    
        6573        7499  2.7702723E-03   1.000000    
        6574        7500  2.2228251E-03   1.000000    
        6575        7501  2.1217468E-03   1.000000    
        6576        7502  1.5606798E-03   1.000000    
        6577        7503  1.4636649E-03   1.000000    
        6578        7504  1.9433465E-03   1.000000    
        6579        7505  1.7817238E-03   1.000000    
        6580        7506  1.5263234E-03   1.000000    
        6581        7509  1.9190854E-03   1.000000    
        6582        7510  1.7729671E-03   1.000000    
        6583        7511  1.5106592E-03   1.000000    
        6584        7512  2.2043479E-03   1.000000    
        6585        7513  2.1881035E-03   1.000000    
        6586        7514  1.4922053E-03   1.000000    
        6587        7516  2.1625508E-03   1.000000    
        6588        7517  2.1614789E-03   1.000000    
        6589        7518  1.4714238E-03   1.000000    
        6590        7519  1.2879688E-03   1.000000    
        6591        7520  1.8988713E-03   1.000000    
        6592        7522  1.2669213E-03   1.000000    
        6593        7523  1.8698600E-03   1.000000    
        6594        7524  1.2699283E-03   1.000000    
        6595        7525  1.8728491E-03   1.000000    
        6596        7526  1.5994997E-03   1.000000    
        6597        7529  1.2542326E-03   1.000000    
        6598        7530  1.8625592E-03   1.000000    
        6599        7531  1.5939274E-03   1.000000    
        6600        7532  1.4198916E-03   1.000000    
        6601        7533  1.2446349E-03   1.000000    
        6602        7534  6.2445039E-04   1.000000    
        6603        7535  1.4259692E-03   1.000000    
        6604        7536  1.2549738E-03   1.000000    
        6605        7537  1.2228464E-03   1.000000    
        6606        7538  1.5236668E-03   1.000000    
        6607        7539  1.2249494E-03   1.000000    
        6608        7540  1.5383316E-03   1.000000    
        6609        7541  1.3792097E-03   1.000000    
        6610        7542  1.3966218E-03   1.000000    
        6611        7543  1.1563455E-03   1.000000    
        6612        7544  1.4374679E-03   1.000000    
        6613        7545  1.1680466E-03   1.000000    
        6614        7546  1.4646791E-03   1.000000    
        6615        7547  1.3307809E-03   1.000000    
        6616        7548  1.3575251E-03   1.000000    
        6617        7549  1.5359242E-03   1.000000    
        6618        7550  1.5446267E-03   1.000000    
        6619        7551  1.2097689E-03   1.000000    
        6620        7553  1.5448753E-03   1.000000    
        6621        7554  1.5448267E-03   1.000000    
        6622        7555  1.2150090E-03   1.000000    
        6623        7556  1.8058348E-03   1.000000    
        6624        7557  1.7995978E-03   1.000000    
        6625        7558  1.7178558E-03   1.000000    
        6626        7559  2.2132532E-03   1.000000    
        6627        7560  6.1524293E-04   1.000000    
        6628        7561  1.6807331E-03   1.000000    
        6629        7562  2.1181216E-03   1.000000    
        6630        7563  2.2916328E-03   1.000000    
        6631        7564  1.2796285E-03   1.000000    
        6632        7565  6.0828117E-04   1.000000    
        6633        7566  2.1692286E-03   1.000000    
        6634        7567  1.2374433E-03   1.000000    
        6635        7568  1.8964824E-03   1.000000    
        6636        7569  1.7394120E-03   1.000000    
        6637        7570  1.2351791E-03   1.000000    
        6638        7572  1.8697936E-03   1.000000    
        6639        7573  1.7092171E-03   1.000000    
        6640        7574  1.2195478E-03   1.000000    
        6641        7575  1.0720298E-03   1.000000    
        6642        7576  1.0500788E-03   1.000000    
        6643        7577  1.5257386E-03   1.000000    
        6644        7578  1.0303790E-03   1.000000    
        6645        7580  1.4738520E-03   1.000000    
        6646        7581  9.9465728E-04   1.000000    
        6647        7582  1.3038091E-03   1.000000    
        6648        7583  1.3100187E-03   1.000000    
        6649        7584  2.0861139E-03   1.000000    
        6650        7585  1.4695410E-03   1.000000    
        6651        7586  1.3667545E-03   1.000000    
        6652        7588  2.0888571E-03   1.000000    
        6653        7589  1.4735521E-03   1.000000    
        6654        7590  1.3671260E-03   1.000000    
        6655        7591  1.2962400E-03   1.000000    
        6656        7592  1.2576964E-03   1.000000    
        6657        7593  6.1898452E-04   1.000000    
        6658        7594  1.2963403E-03   1.000000    
        6659        7595  1.2619843E-03   1.000000    
        6660        7596  1.0379051E-03   1.000000    
        6661        7597  1.0411610E-03   1.000000    
        6662        7598  3.4022797E-03   1.000000    
        6663        7599  3.4089463E-03   1.000000    
        6664        7600  1.5744743E-03   1.000000    
        6665        7601  1.5583544E-03   1.000000    
        6666        7602  1.0876684E-03   1.000000    
        6667        7603  1.0724189E-03   1.000000    
        6668        7604  1.7843798E-03   1.000000    
        6669        7605  1.2156233E-03   1.000000    
        6670        7606  1.8791070E-03   1.000000    
        6671        7608  1.7491907E-03   1.000000    
        6672        7609  1.1854164E-03   1.000000    
        6673        7610  1.8468307E-03   1.000000    
        6674        7611  1.2811065E-03   1.000000    
        6675        7612  1.2700710E-03   1.000000    
        6676        7613  1.2775352E-03   1.000000    
        6677        7614  1.2840411E-03   1.000000    
        6678        7615  1.9481719E-03   1.000000    
        6679        7616  2.0681676E-03   1.000000    
        6680        7617  1.2796328E-03   1.000000    
        6681        7619  1.9426475E-03   1.000000    
        6682        7620  2.0580220E-03   1.000000    
        6683        7621  1.2757988E-03   1.000000    
        6684        7622  1.8638709E-03   1.000000    
        6685        7623  1.2269753E-03   1.000000    
        6686        7625  1.8699222E-03   1.000000    
        6687        7626  1.2280545E-03   1.000000    
        6688        7627  2.0603875E-03   1.000000    
        6689        7628  1.7606947E-03   1.000000    
        6690        7629  1.7337437E-03   1.000000    
        6691        7632  1.9969726E-03   1.000000    
        6692        7633  1.7233655E-03   1.000000    
        6693        7634  1.6959957E-03   1.000000    
        6694        7635  2.1257873E-03   1.000000    
        6695        7636  1.3797244E-03   1.000000    
        6696        7638  2.0732305E-03   1.000000    
        6697        7639  1.3339595E-03   1.000000    
        6698        7640  1.2076820E-03   1.000000    
        6699        7641  1.1847579E-03   1.000000    
        6700        7642  1.5430432E-03   1.000000    
        6701        7643  1.5350293E-03   1.000000    
        6702        7644  1.7523742E-03   1.000000    
        6703        7645  1.2189526E-03   1.000000    
        6704        7646  1.8414333E-03   1.000000    
        6705        7647  1.4343146E-03   1.000000    
        6706        7652  1.7474517E-03   1.000000    
        6707        7653  1.2247410E-03   1.000000    
        6708        7654  1.8534835E-03   1.000000    
        6709        7655  1.4345306E-03   1.000000    
        6710        7656  1.3795397E-03   1.000000    
        6711        7657  1.1447213E-03   1.000000    
        6712        7658  1.3760510E-03   1.000000    
        6713        7659  1.1473305E-03   1.000000    
        6714        7660  1.2054818E-03   1.000000    
        6715        7661  1.2163876E-03   1.000000    
        6716        7662  1.8960881E-03   1.000000    
        6717        7663  2.0179742E-03   1.000000    
        6718        7664  1.6530129E-03   1.000000    
        6719        7666  1.8487874E-03   1.000000    
        6720        7667  1.9587663E-03   1.000000    
        6721        7668  1.6056701E-03   1.000000    
        6722        7669  1.3957350E-03   1.000000    
        6723        7670  1.3618765E-03   1.000000    
        6724        7671  1.8301392E-03   1.000000    
        6725        7672  1.1474611E-03   1.000000    
        6726        7673  1.4751118E-03   1.000000    
        6727        7676  1.8449615E-03   1.000000    
        6728        7677  1.1484835E-03   1.000000    
        6729        7678  1.4986397E-03   1.000000    
        6730        7679  1.3695625E-03   1.000000    
        6731        7680  1.2550084E-03   1.000000    
        6732        7681  6.2807457E-04   1.000000    
        6733        7682  1.3960454E-03   1.000000    
        6734        7683  1.2921063E-03   1.000000    
        6735        7684  1.7596706E-03   1.000000    
        6736        7685  1.1917871E-03   1.000000    
        6737        7686  1.9898608E-03   1.000000    
        6738        7689  1.7427206E-03   1.000000    
        6739        7690  1.1813288E-03   1.000000    
        6740        7691  1.9617146E-03   1.000000    
        6741        7692  2.4825428E-03   1.000000    
        6742        7693  1.8547713E-03   1.000000    
        6743        7695  2.4205861E-03   1.000000    
        6744        7696  1.7972122E-03   1.000000    
        6745        7697  1.3023968E-03   1.000000    
        6746        7698  1.1762409E-03   1.000000    
        6747        7699  1.2859469E-03   1.000000    
        6748        7700  1.1566766E-03   1.000000    
        6749        7701  1.2106934E-03   1.000000    
        6750        7702  1.2215683E-03   1.000000    
        6751        7703  1.6193378E-03   1.000000    
        6752        7704  1.0729625E-03   1.000000    
        6753        7706  1.6253298E-03   1.000000    
        6754        7707  1.0771351E-03   1.000000    
        6755        7708  2.0017179E-03   1.000000    
        6756        7709  1.7621219E-03   1.000000    
        6757        7710  1.3191602E-03   1.000000    
        6758        7713  1.9892557E-03   1.000000    
        6759        7714  1.7386287E-03   1.000000    
        6760        7715  1.3079164E-03   1.000000    
        6761        7716  1.9545003E-03   1.000000    
        6762        7717  1.3104513E-03   1.000000    
        6763        7719  1.9502753E-03   1.000000    
        6764        7720  1.3043177E-03   1.000000    
        6765        7721  1.6828536E-03   1.000000    
        6766        7722  1.6856233E-03   1.000000    
        6767        7723  2.3389747E-03   1.000000    
        6768        7724  2.8414556E-03   1.000000    
        6769        7725  1.7078861E-03   1.000000    
        6770        7727  2.2978915E-03   1.000000    
        6771        7728  2.7766819E-03   1.000000    
        6772        7729  1.6639694E-03   1.000000    
        6773        7730  2.3443378E-03   1.000000    
        6774        7731  1.9671137E-03   1.000000    
        6775        7733  2.2785717E-03   1.000000    
        6776        7734  1.8796863E-03   1.000000    
        6777        7735  2.0030059E-03   1.000000    
        6778        7736  1.9797476E-03   1.000000    
        6779        7737  1.9703864E-03   1.000000    
        6780        7738  1.3415187E-03   1.000000    
        6781        7740  1.9550964E-03   1.000000    
        6782        7741  1.3278649E-03   1.000000    
        6783        7742  1.2798547E-03   1.000000    
        6784        7743  1.8681491E-03   1.000000    
        6785        7745  1.2666096E-03   1.000000    
        6786        7746  1.8577984E-03   1.000000    
        6787        7747  1.2586591E-03   1.000000    
        6788        7748  1.2533948E-03   1.000000    
        6789        7749  1.2351652E-03   1.000000    
        6790        7750  1.2332257E-03   1.000000    
        6791        7751  1.1832664E-03   1.000000    
        6792        7752  1.1754041E-03   1.000000    
        6793        7753  1.1920006E-03   1.000000    
        6794        7754  1.1858770E-03   1.000000    
        6795        7755  1.1647913E-03   1.000000    
        6796        7756  1.1761916E-03   1.000000    
        6797        7757  1.8693458E-03   1.000000    
        6798        7758  1.5495513E-03   1.000000    
        6799        7760  1.8389099E-03   1.000000    
        6800        7761  1.5362859E-03   1.000000    
        6801        7762  1.2723382E-03   1.000000    
        6802        7763  1.2533164E-03   1.000000    
        6803        7764  1.1257207E-03   1.000000    
        6804        7765  1.6771362E-03   1.000000    
        6805        7766  1.0816155E-03   1.000000    
        6806        7767  1.5784379E-03   1.000000    
        6807        7768  1.6342808E-03   1.000000    
        6808        7769  1.5599109E-03   1.000000    
        6809        7770  1.2270157E-03   1.000000    
        6810        7771  1.1594339E-03   1.000000    
        6811        7772  1.7928879E-03   1.000000    
        6812        7773  1.1658355E-03   1.000000    
        6813        7775  1.7041009E-03   1.000000    
        6814        7776  1.1073982E-03   1.000000    
        6815        7777  1.0295833E-03   1.000000    
        6816        7778  1.0018108E-03   1.000000    
        6817        7779  1.6697637E-03   1.000000    
        6818        7780  1.3210668E-03   1.000000    
        6819        7782  1.6382511E-03   1.000000    
        6820        7783  1.2875253E-03   1.000000    
        6821        7784  1.5851642E-03   1.000000    
        6822        7785  1.0929002E-03   1.000000    
        6823        7787  1.5319287E-03   1.000000    
        6824        7788  1.0606267E-03   1.000000    
        6825        7789  1.4729921E-03   1.000000    
        6826        7790  1.4998479E-03   1.000000    
        6827        7792  1.4295825E-03   1.000000    
        6828        7793  1.4413390E-03   1.000000    
        6829        7794  1.2668383E-03   1.000000    
        6830        7795  1.2647219E-03   1.000000    
        6831        7796  1.2637158E-03   1.000000    
        6832        7797  1.2641858E-03   1.000000    
        6833        7798  1.8799984E-03   1.000000    
        6834        7799  1.8766882E-03   1.000000    
        6835        7800  2.0474491E-03   1.000000    
        6836        7801  1.3880481E-03   1.000000    
        6837        7802  1.7049264E-03   1.000000    
        6838        7804  1.9330198E-03   1.000000    
        6839        7805  1.3331894E-03   1.000000    
        6840        7806  1.6320425E-03   1.000000    
        6841        7807  2.0381501E-03   1.000000    
        6842        7808  1.3508108E-03   1.000000    
        6843        7810  1.9464944E-03   1.000000    
        6844        7811  1.2766512E-03   1.000000    
        6845        7812  1.6170352E-03   1.000000    
        6846        7813  1.5984866E-03   1.000000    
        6847        7814  1.4656311E-03   1.000000    
        6848        7815  1.4427935E-03   1.000000    
        6849        7816  1.0147190E-03   1.000000    
        6850        7817  1.1640266E-03   1.000000    
        6851        7819  9.9319988E-04   1.000000    
        6852        7820  1.1482454E-03   1.000000    
        6853        7821  1.2409703E-03   1.000000    
        6854        7822  1.3551097E-03   1.000000    
        6855        7823  9.9448755E-04   1.000000    
        6856        7824  6.1685749E-04   1.000000    
        6857        7825  6.2048394E-04   1.000000    
        6858        7826  1.2346569E-03   1.000000    
        6859        7827  1.3415588E-03   1.000000    
        6860        7828  9.8221272E-04   1.000000    
        6861        7829  8.8473031E-04   1.000000    
        6862        7830  8.7477022E-04   1.000000    
        6863        7831  1.5711207E-03   1.000000    
        6864        7832  1.8503941E-03   1.000000    
        6865        7833  1.3865827E-03   1.000000    
        6866        7834  6.2925549E-04   1.000000    
        6867        7836  1.6133385E-03   1.000000    
        6868        7837  1.8938503E-03   1.000000    
        6869        7838  1.4319955E-03   1.000000    
        6870        7839  1.7940492E-03   1.000000    
        6871        7840  1.1551261E-03   1.000000    
        6872        7841  1.7981053E-03   1.000000    
        6873        7842  1.1485683E-03   1.000000    
        6874        7843  1.6921827E-03   1.000000    
        6875        7844  1.8772904E-03   1.000000    
        6876        7845  1.6839892E-03   1.000000    
        6877        7846  1.8549407E-03   1.000000    
        6878        7847  1.7802417E-03   1.000000    
        6879        7848  1.4401745E-03   1.000000    
        6880        7850  1.7245079E-03   1.000000    
        6881        7851  1.3898698E-03   1.000000    
        6882        7852  1.9281721E-03   1.000000    
        6883        7853  1.4651732E-03   1.000000    
        6884        7854  1.8736215E-03   1.000000    
        6885        7855  1.4171257E-03   1.000000    
        6886        7856  1.3328037E-03   1.000000    
        6887        7857  1.6193646E-03   1.000000    
        6888        7858  1.2049621E-03   1.000000    
        6889        7859  1.4786308E-03   1.000000    
        6890        7860  1.4219235E-03   1.000000    
        6891        7861  1.3293765E-03   1.000000    
        6892        7862  6.0126540E-04   1.000000    
        6893        7863  1.3344951E-03   1.000000    
        6894        7864  1.2488329E-03   1.000000    
        6895        7865  1.3314785E-03   1.000000    
        6896        7866  1.3200631E-03   1.000000    
        6897        7867  1.1680707E-03   1.000000    
        6898        7868  1.1798145E-03   1.000000    
        6899        7869  1.7330286E-03   1.000000    
        6900        7870  1.1843788E-03   1.000000    
        6901        7872  1.7335310E-03   1.000000    
        6902        7873  1.1863444E-03   1.000000    
        6903        7874  1.6193530E-03   1.000000    
        6904        7875  1.6994036E-03   1.000000    
        6905        7876  1.3066841E-03   1.000000    
        6906        7878  1.6140740E-03   1.000000    
        6907        7879  1.6948615E-03   1.000000    
        6908        7880  1.3069604E-03   1.000000    
        6909        7881  1.5972075E-03   1.000000    
        6910        7882  1.3173304E-03   1.000000    
        6911        7883  1.5992253E-03   1.000000    
        6912        7884  1.3208452E-03   1.000000    
        6913        7885  1.4070946E-03   1.000000    
        6914        7886  2.3226775E-03   1.000000    
        6915        7888  1.4126078E-03   1.000000    
        6916        7889  2.3265129E-03   1.000000    
        6917        7890  2.0171253E-03   1.000000    
        6918        7891  1.4480748E-03   1.000000    
        6919        7892  2.0173769E-03   1.000000    
        6920        7893  1.4454438E-03   1.000000    
        6921        7894  1.7644508E-03   1.000000    
        6922        7895  1.7634567E-03   1.000000    
        6923        7896  1.4640298E-03   1.000000    
        6924        7897  1.7623493E-03   1.000000    
        6925        7898  1.4354516E-03   1.000000    
        6926        7899  1.7014530E-03   1.000000    
        6927        7900  1.4433480E-03   1.000000    
        6928        7901  1.3745829E-03   1.000000    
        6929        7902  1.9128775E-03   1.000000    
        6930        7903  1.9003967E-03   1.000000    
        6931        7904  1.4481964E-03   1.000000    
        6932        7905  1.1840835E-03   1.000000    
        6933        7906  1.4586658E-03   1.000000    
        6934        7907  1.1919006E-03   1.000000    
        6935        7908  1.6113343E-03   1.000000    
        6936        7909  1.5749964E-03   1.000000    
        6937        7910  1.9444188E-03   1.000000    
        6938        7911  1.2753389E-03   1.000000    
        6939        7913  1.9305523E-03   1.000000    
        6940        7914  1.2657411E-03   1.000000    
        6941        7915  1.6986929E-03   1.000000    
        6942        7916  1.1068425E-03   1.000000    
        6943        7918  1.6247859E-03   1.000000    
        6944        7919  1.0604599E-03   1.000000    
        6945        7920  1.1628413E-03   1.000000    
        6946        7921  1.1128505E-03   1.000000    
        6947        7922  1.6954966E-03   1.000000    
        6948        7923  1.0970024E-03   1.000000    
        6949        7924  1.6366211E-03   1.000000    
        6950        7925  1.0545193E-03   1.000000    
        6951        7926  1.4263719E-03   1.000000    
        6952        7927  1.3905301E-03   1.000000    
        6953        7928  1.3816884E-03   1.000000    
        6954        7929  1.4985742E-03   1.000000    
        6955        7930  1.3313126E-03   1.000000    
        6956        7931  1.4703100E-03   1.000000    
        6957        7932  1.5707870E-03   1.000000    
        6958        7933  1.5554732E-03   1.000000    
        6959        7934  2.0311433E-03   1.000000    
        6960        7935  1.6870365E-03   1.000000    
        6961        7937  1.8640045E-03   1.000000    
        6962        7938  1.5722731E-03   1.000000    
        6963        7939  2.0169886E-03   1.000000    
        6964        7940  1.3501698E-03   1.000000    
        6965        7942  1.8830054E-03   1.000000    
        6966        7943  1.2462940E-03   1.000000    
        6967        7944  1.3169595E-03   1.000000    
        6968        7945  1.5134396E-03   1.000000    
        6969        7946  1.3311782E-03   1.000000    
        6970        7947  1.5256106E-03   1.000000    
        6971        7948  2.0539179E-03   1.000000    
        6972        7949  2.0139934E-03   1.000000    
        6973        7950  1.5896519E-03   1.000000    
        6974        7951  1.5794324E-03   1.000000    
        6975        7952  1.1299651E-03   1.000000    
        6976        7953  1.1236314E-03   1.000000    
        6977        7954  2.3235593E-03   1.000000    
        6978        7955  2.0047375E-03   1.000000    
        6979        7957  2.2710424E-03   1.000000    
        6980        7958  1.9643011E-03   1.000000    
        6981        7959  1.4063346E-03   1.000000    
        6982        7960  1.3823428E-03   1.000000    
        6983        7961  1.7382909E-03   1.000000    
        6984        7962  1.6918743E-03   1.000000    
        6985        7963  1.4690970E-03   1.000000    
        6986        7964  1.3636042E-03   1.000000    
        6987        7965  6.1184476E-04   1.000000    
        6988        7966  1.4236516E-03   1.000000    
        6989        7967  1.3203189E-03   1.000000    
        6990        7968  1.6987910E-03   1.000000    
        6991        7969  1.1378224E-03   1.000000    
        6992        7970  1.3387509E-03   1.000000    
        6993        7972  6.1842235E-04   1.000000    
        6994        7973  1.6993519E-03   1.000000    
        6995        7974  1.1397817E-03   1.000000    
        6996        7975  1.3431468E-03   1.000000    
        6997        7976  1.9869132E-03   1.000000    
        6998        7977  1.3256359E-03   1.000000    
        6999        7979  1.9890235E-03   1.000000    
        7000        7980  1.3273581E-03   1.000000    
        7001        7981  1.8680440E-03   1.000000    
        7002        7982  1.2191382E-03   1.000000    
        7003        7983  1.8627727E-03   1.000000    
        7004        7984  1.2140833E-03   1.000000    
        7005        7985  1.1544307E-03   1.000000    
        7006        7986  1.1543900E-03   1.000000    
        7007        7987  1.1310019E-03   1.000000    
        7008        7988  1.1369936E-03   1.000000    
        7009        7989  1.4258440E-03   1.000000    
        7010        7990  1.4127536E-03   1.000000    
        7011        7991  1.9644417E-03   1.000000    
        7012        7992  1.2964031E-03   1.000000    
        7013        7994  1.9531411E-03   1.000000    
        7014        7995  1.2882047E-03   1.000000    
        7015        7996  1.6080478E-03   1.000000    
        7016        7997  1.0561622E-03   1.000000    
        7017        7998  1.5485430E-03   1.000000    
        7018        7999  1.0176774E-03   1.000000    
        7019        8000  1.0261002E-03   1.000000    
        7020        8001  9.9236565E-04   1.000000    
        7021        8002  2.0428265E-03   1.000000    
        7022        8003  1.3519134E-03   1.000000    
        7023        8004  1.8672617E-03   1.000000    
        7024        8005  1.2496019E-03   1.000000    
        7025        8006  1.3469791E-03   1.000000    
        7026        8007  1.2707466E-03   1.000000    
        7027        8008  1.3569407E-03   1.000000    
        7028        8009  1.6908445E-03   1.000000    
        7029        8010  1.2266437E-03   1.000000    
        7030        8011  1.5380683E-03   1.000000    
        7031        8012  2.0496326E-03   1.000000    
        7032        8013  1.4091659E-03   1.000000    
        7033        8015  2.0737797E-03   1.000000    
        7034        8016  1.4250787E-03   1.000000    
        7035        8017  1.9561648E-03   1.000000    
        7036        8018  1.9736495E-03   1.000000    
        7037        8019  1.4508705E-03   1.000000    
        7038        8020  1.6278417E-03   1.000000    
        7039        8021  1.4916499E-03   1.000000    
        7040        8022  1.6693685E-03   1.000000    
        7041        8023  1.7407782E-03   1.000000    
        7042        8024  1.7082074E-03   1.000000    
        7043        8025  1.4792620E-03   1.000000    
        7044        8026  1.4555929E-03   1.000000    
        7045        8027  1.3571799E-03   1.000000    
        7046        8028  1.2263866E-03   1.000000    
        7047        8029  1.3294094E-03   1.000000    
        7048        8030  1.3348829E-03   1.000000    
        7049        8031  1.3254937E-03   1.000000    
        7050        8032  1.3278195E-03   1.000000    
        7051        8033  1.3117688E-03   1.000000    
        7052        8034  1.6803555E-03   1.000000    
        7053        8035  1.3067498E-03   1.000000    
        7054        8036  1.6765029E-03   1.000000    
        7055        8037  1.4829489E-03   1.000000    
        7056        8038  1.4794809E-03   1.000000    
        7057        8039  1.2651603E-03   1.000000    
        7058        8040  1.2771894E-03   1.000000    
        7059        8041  1.9713573E-03   1.000000    
        7060        8042  1.9643062E-03   1.000000    
        7061        8043  4.3901388E-04   1.000000    
        7062        8044  4.7404430E-04   1.000000    
        7063        8045  4.7092128E-04   1.000000    
        7064        8046  4.5745436E-04   1.000000    
        7065        8047  4.5014074E-04   1.000000    
        7066        8048  4.4404413E-04   1.000000    
        7067        8049  4.4019258E-04   1.000000    
        7068        8050  4.4027489E-04   1.000000    
        7069        8051  4.4471282E-04   1.000000    
        7070        8052  4.5302793E-04   1.000000    
        7071        8053  4.6280591E-04   1.000000    
        7072        8054  4.7777500E-04   1.000000    
        7073        8055  4.9273192E-04   1.000000    
        7074        8056  5.2325823E-04   1.000000    
        7075        8057  3.7224524E-04   1.000000    
        7076        8058  4.3365033E-04   1.000000    
        7077        8059  4.9366837E-04   1.000000    
        7078        8060  5.4256315E-04   1.000000    
        7079        8061  3.8467694E-04   1.000000    
        7080        8062  4.3859892E-04   1.000000    
        7081        8063  4.6943998E-04   1.000000    
        7082        8064  4.8617428E-04   1.000000    
        7083        8065  4.9205177E-04   1.000000    
        7084        8066  4.8739297E-04   1.000000    
        7085        8067  4.7377334E-04   1.000000    
        7086        8068  4.2528592E-04   1.000000    
        7087        8069  4.3051195E-04   1.000000    
        7088        8070  4.4577781E-04   1.000000    
        7089        8071  4.6874696E-04   1.000000    
        7090        8072  4.9207982E-04   1.000000    
        7091        8073  5.3717609E-04   1.000000    
        7092        8074  6.2515796E-04   1.000000    
        7093        8075  3.8774376E-04   1.000000    
        7094        8076  4.2617647E-04   1.000000    
        7095        8077  4.6017533E-04   1.000000    
        7096        8078  4.7161977E-04   1.000000    
        7097        8079  4.3707981E-04   1.000000    
        7098        8080  4.0339632E-04   1.000000    
        7099        8081  3.5572113E-04   1.000000    
        7100        8082  5.0851179E-04   1.000000    
        7101        8083  5.1691616E-04   1.000000    
        7102        8084  5.8167864E-04   1.000000    
        7103        8085  5.0985854E-04   1.000000    
        7104        8086  4.5873443E-04   1.000000    
        7105        8087  4.0742441E-04   1.000000    
        7106        8088  3.4868324E-04   1.000000    
        7107        8089  4.7525924E-04   1.000000    
        7108        8090  4.1865360E-04   1.000000    
        7109        8091  6.0791959E-04   1.000000    
        7110        8092  6.5918016E-04   1.000000    
        7111        8093  5.1162171E-04   1.000000    
        7112        8094  3.9709525E-04   1.000000    
        7113        8095  5.0768151E-04   1.000000    
        7114        8096  3.9025515E-04   1.000000    
        7115        8097  4.8834528E-04   1.000000    
        7116        8098  3.6611655E-04   1.000000    
        7117        8099  4.4216024E-04   1.000000    
        7118        8100  3.3243120E-04   1.000000    
        7119        8101  3.8964450E-04   1.000000    
        7120        8102  4.3753523E-04   1.000000    
        7121        8103  4.7065128E-04   1.000000    
        7122        8104  4.8628412E-04   1.000000    
        7123        8105  4.9374154E-04   1.000000    
        7124        8106  4.9192068E-04   1.000000    
        7125        8107  4.7842410E-04   1.000000    
        7126        8108  4.5642993E-04   1.000000    
        7127        8109  4.2219053E-04   1.000000    
        7128        8110  3.8383499E-04   1.000000    
        7129        8111  5.6231092E-04   1.000000    
        7130        8112  6.3840760E-04   1.000000    
        7131        8113  5.0347293E-04   1.000000    
        7132        8114  3.9366892E-04   1.000000    
        7133        8115  5.0892483E-04   1.000000    
        7134        8116  3.9003784E-04   1.000000    
        7135        8117  4.8880395E-04   1.000000    
        7136        8118  3.7250976E-04   1.000000    
        7137        8119  4.5000171E-04   1.000000    
        7138        8120  3.3892484E-04   1.000000    
        7139        8121  3.9894303E-04   1.000000    
        7140        8122  4.3301468E-04   1.000000    
        7141        8123  4.1229723E-04   1.000000    
        7142        8124  4.3405491E-04   1.000000    
        7143        8125  4.5849945E-04   1.000000    
        7144        8126  4.7843470E-04   1.000000    
        7145        8127  4.9050810E-04   1.000000    
        7146        8128  4.9582787E-04   1.000000    
        7147        8129  4.8967201E-04   1.000000    
        7148        8130  4.8319416E-04   1.000000    
        7149        8131  4.7621492E-04   1.000000    
        7150        8132  4.7277124E-04   1.000000    
        7151        8133  4.8304859E-04   1.000000    
        7152        8134  4.9175043E-04   1.000000    
        7153        8135  4.9925689E-04   1.000000    
        7154        8136  5.0697272E-04   1.000000    
        7155        8137  3.5547977E-04   1.000000    
        7156        8138  4.0403722E-04   1.000000    
        7157        8139  3.0235449E-04   1.000000    
        7158        8140  3.0249832E-04   1.000000    
        7159        8141  6.2120764E-04   1.000000    
        7160        8142  6.6875166E-04   1.000000    
        7161        8143  6.8334956E-04   1.000000    
        7162        8144  6.7871297E-04   1.000000    
        7163        8145  6.7781325E-04   1.000000    
        7164        8146  7.0038234E-04   1.000000    
        7165        8147  6.9040223E-04   1.000000    
        7166        8148  6.6192460E-04   1.000000    
        7167        8149  6.2737142E-04   1.000000    
        7168        8150  5.9075339E-04   1.000000    
        7169        8151  5.5246346E-04   1.000000    
        7170        8152  5.1805988E-04   1.000000    
        7171        8153  5.1023008E-04   1.000000    
        7172        8154  5.7461305E-04   1.000000    
        7173        8155  6.1752507E-04   1.000000    
        7174        8156  6.4116903E-04   1.000000    
        7175        8157  6.5290532E-04   1.000000    
        7176        8158  6.5767620E-04   1.000000    
        7177        8159  6.6161359E-04   1.000000    
        7178        8160  6.7279622E-04   1.000000    
        7179        8161  6.0837512E-04   1.000000    
        7180        8162  5.5517408E-04   1.000000    
        7181        8163  5.3400319E-04   1.000000    
        7182        8164  5.8640609E-04   1.000000    
        7183        8165  6.0655834E-04   1.000000    
        7184        8166  6.0036866E-04   1.000000    
        7185        8167  5.7877705E-04   1.000000    
        7186        8168  5.4646767E-04   1.000000    
        7187        8169  5.1999756E-04   1.000000    
        7188        8170  5.2282400E-04   1.000000    
        7189        8171  6.0877652E-04   1.000000    
        7190        8172  6.8481726E-04   1.000000    
        7191        8173  6.9561257E-04   1.000000    
        7192        8174  6.8801129E-04   1.000000    
        7193        8175  6.8095897E-04   1.000000    
        7194        8176  6.3725456E-04   1.000000    
        7195        8177  6.0296338E-04   1.000000    
        7196        8178  5.8973371E-04   1.000000    
        7197        8179  5.8491464E-04   1.000000    
        7198        8180  5.8025005E-04   1.000000    
        7199        8181  5.7299755E-04   1.000000    
        7200        8182  5.6168938E-04   1.000000    
        7201        8183  5.5689894E-04   1.000000    
        7202        8184  5.9080427E-04   1.000000    
        7203        8185  8.8007323E-04   1.000000    
        7204        8186  7.6545757E-04   1.000000    
        7205        8187  6.9662585E-04   1.000000    
        7206        8188  6.7612971E-04   1.000000    
        7207        8189  6.7797379E-04   1.000000    
        7208        8190  6.1486813E-04   1.000000    
        7209        8191  5.8855396E-04   1.000000    
        7210        8192  5.9447833E-04   1.000000    
        7211        8193  6.0163136E-04   1.000000    
        7212        8194  6.0204224E-04   1.000000    
        7213        8195  5.9717364E-04   1.000000    
        7214        8196  5.9247541E-04   1.000000    
        7215        8197  5.9833552E-04   1.000000    
        7216        8198  6.3497893E-04   1.000000    
        7217        8199  7.4092735E-04   1.000000    
        7218        8200  7.0465112E-04   1.000000    
        7219        8201  6.7696441E-04   1.000000    
        7220        8202  6.6651835E-04   1.000000    
        7221        8203  6.6937535E-04   1.000000    
        7222        8204  6.6468382E-04   1.000000    
        7223        8205  6.5062044E-04   1.000000    
        7224        8206  6.4146460E-04   1.000000    
        7225        8207  6.2751444E-04   1.000000    
        7226        8208  6.0070405E-04   1.000000    
        7227        8209  5.6269503E-04   1.000000    
        7228        8210  5.3602888E-04   1.000000    
        7229        8211  5.1941053E-04   1.000000    
        7230        8212  5.2878691E-04   1.000000    
        7231        8213  5.5376726E-04   1.000000    
        7232        8214  5.8349472E-04   1.000000    
        7233        8215  6.1488256E-04   1.000000    
        7234        8216  6.4462412E-04   1.000000    
        7235        8217  5.0220476E-04   1.000000    
        7236        8218  7.0245529E-04   1.000000    
        7237        8219  7.1978074E-04   1.000000    
        7238        8220  6.7887531E-04   1.000000    
        7239        8221  6.7291735E-04   1.000000    
        7240        8222  7.4827444E-04   1.000000    
        7241        8223  7.3837611E-04   1.000000    
        7242        8224  6.9660071E-04   1.000000    
        7243        8225  6.4873201E-04   1.000000    
        7244        8226  6.0149137E-04   1.000000    
        7245        8227  5.4498698E-04   1.000000    
        7246        8228  4.7788225E-04   1.000000    
        7247        8229  4.2774892E-04   1.000000    
        7248        8230  6.3910236E-04   1.000000    
        7249        8231  6.9254183E-04   1.000000    
        7250        8232  6.9228158E-04   1.000000    
        7251        8233  6.8319897E-04   1.000000    
        7252        8234  6.7217479E-04   1.000000    
        7253        8235  6.6320144E-04   1.000000    
        7254        8236  6.6314999E-04   1.000000    
        7255        8237  6.6601619E-04   1.000000    
        7256        8238  6.8186206E-04   1.000000    
        7257        8239  6.8409694E-04   1.000000    
        7258        8240  6.9074356E-04   1.000000    
        7259        8241  7.1524625E-04   1.000000    
        7260        8242  7.0430752E-04   1.000000    
        7261        8243  6.9926976E-04   1.000000    
        7262        8244  7.9499296E-04   1.000000    
        7263        8245  7.3639909E-04   1.000000    
        7264        8246  4.8583731E-04   1.000000    
        7265        8247  4.2520254E-04   1.000000    
        7266        8248  6.1391882E-04   1.000000    
        7267        8249  6.3428102E-04   1.000000    
        7268        8250  5.5372680E-04   1.000000    
        7269        8251  5.3612073E-04   1.000000    
        7270        8252  5.7674223E-04   1.000000    
        7271        8253  5.7456084E-04   1.000000    
        7272        8254  6.1848370E-04   1.000000    
        7273        8255  6.0169853E-04   1.000000    
        7274        8256  5.9293944E-04   1.000000    
        7275        8257  5.6904048E-04   1.000000    
        7276        8258  7.9716911E-04   1.000000    
        7277        8259  7.2369195E-04   1.000000    
        7278        8260  6.6567026E-04   1.000000    
        7279        8261  6.2938663E-04   1.000000    
        7280        8262  9.7691850E-04   1.000000    
        7281        8263  8.3324459E-04   1.000000    
        7282        8264  6.9063553E-04   1.000000    
        7283        8265  5.9344067E-04   1.000000    
        7284        8266  6.3468551E-04   1.000000    
        7285        8267  6.6661532E-04   1.000000    
        7286        8268  5.6721421E-04   1.000000    
        7287        8269  5.4435566E-04   1.000000    
        7288        8270  6.0037954E-04   1.000000    
        7289        8271  6.3104357E-04   1.000000    
        7290        8272  6.3609128E-04   1.000000    
        7291        8273  6.3053466E-04   1.000000    
        7292        8274  6.2338985E-04   1.000000    
        7293        8275  6.2231551E-04   1.000000    
        7294        8276  6.3534436E-04   1.000000    
        7295        8277  6.6232041E-04   1.000000    
        7296        8278  6.5737829E-04   1.000000    
        7297        8279  6.4799353E-04   1.000000    
        7298        8280  6.4264779E-04   1.000000    
        7299        8281  6.3620822E-04   1.000000    
        7300        8282  6.3357817E-04   1.000000    
        7301        8283  6.2777626E-04   1.000000    
        7302        8284  6.1283831E-04   1.000000    
        7303        8285  5.7135592E-04   1.000000    
        7304        8286  4.9750367E-04   1.000000    
        7305        8287  4.8539389E-04   1.000000    
        7306        8288  4.9761363E-04   1.000000    
        7307        8289  5.2179734E-04   1.000000    
        7308        8290  5.5067259E-04   1.000000    
        7309        8291  5.8127462E-04   1.000000    
        7310        8292  6.1266427E-04   1.000000    
        7311        8293  6.7591754E-04   1.000000    
        7312        8294  6.9952104E-04   1.000000    
        7313        8295  6.8833499E-04   1.000000    
        7314        8296  6.5765291E-04   1.000000    
        7315        8297  6.2138285E-04   1.000000    
        7316        8298  5.9146335E-04   1.000000    
        7317        8299  5.7887635E-04   1.000000    
        7318        8300  5.9036195E-04   1.000000    
        7319        8301  6.0403667E-04   1.000000    
        7320        8302  6.2294578E-04   1.000000    
        7321        8303  6.4139825E-04   1.000000    
        7322        8304  6.3683494E-04   1.000000    
        7323        8305  6.1196845E-04   1.000000    
        7324        8306  6.3447125E-04   1.000000    
        7325        8307  6.5302540E-04   1.000000    
        7326        8308  6.8283110E-04   1.000000    
        7327        8309  7.1381364E-04   1.000000    
        7328        8310  7.5315055E-04   1.000000    
        7329        8311  8.3566294E-04   1.000000    
        7330        8312  9.6487376E-04   1.000000    
        7331        8313  6.5938081E-04   1.000000    
        7332        8314  6.2675338E-04   1.000000    
        7333        8315  6.4899103E-04   1.000000    
        7334        8316  5.6526856E-04   1.000000    
        7335        8317  6.3242239E-04   1.000000    
        7336        8318  6.9525500E-04   1.000000    
        7337        8319  7.4017356E-04   1.000000    
        7338        8320  7.7678688E-04   1.000000    
        7339        8321  8.1303372E-04   1.000000    
        7340        8322  8.4043696E-04   1.000000    
        7341        8323  7.0650061E-04   1.000000    
        7342        8324  6.5861811E-04   1.000000    
        7343        8325  6.5835187E-04   1.000000    
        7344        8326  4.2397721E-04   1.000000    
        7345        8327  6.2372093E-04   1.000000    
        7346        8328  7.3083624E-04   1.000000    
        7347        8329  7.8127335E-04   1.000000    
        7348        8330  8.0548506E-04   1.000000    
        7349        8331  8.0653530E-04   1.000000    
        7350        8332  7.6456566E-04   1.000000    
        7351        8333  6.8091269E-04   1.000000    
        7352        8334  6.4200530E-04   1.000000    
        7353        8335  6.3818845E-04   1.000000    
        7354        8336  4.4756613E-04   1.000000    
        7355        8337  6.2989374E-04   1.000000    
        7356        8338  6.7431200E-04   1.000000    
        7357        8339  6.3330610E-04   1.000000    
        7358        8340  6.0319953E-04   1.000000    
        7359        8341  5.8433524E-04   1.000000    
        7360        8342  5.3747720E-04   1.000000    
        7361        8343  5.5696431E-04   1.000000    
        7362        8344  5.9905992E-04   1.000000    
        7363        8345  7.6634070E-04   1.000000    
        7364        8346  6.2976306E-04   1.000000    
        7365        8347  6.8882975E-04   1.000000    
        7366        8348  7.5061555E-04   1.000000    
        7367        8349  6.7542598E-04   1.000000    
        7368        8350  4.9195392E-04   1.000000    
        7369        8351  4.3281954E-04   1.000000    
        7370        8352  6.3851441E-04   1.000000    
        7371        8353  6.9090020E-04   1.000000    
        7372        8354  6.8683497E-04   1.000000    
        7373        8355  6.7158299E-04   1.000000    
        7374        8356  6.5417000E-04   1.000000    
        7375        8357  6.3886115E-04   1.000000    
        7376        8358  6.2987645E-04   1.000000    
        7377        8359  6.2810717E-04   1.000000    
        7378        8360  6.2320614E-04   1.000000    
        7379        8361  6.1657088E-04   1.000000    
        7380        8362  5.8298360E-04   1.000000    
        7381        8363  6.1954214E-04   1.000000    
        7382        8364  6.2176364E-04   1.000000    
        7383        8365  6.2280893E-04   1.000000    
        7384        8366  5.7953637E-04   1.000000    
        7385        8367  3.7999140E-04   1.000000    
        7386        8368  4.0936939E-04   1.000000    
        7387        8369  4.6066384E-04   1.000000    
        7388        8370  5.0676678E-04   1.000000    
        7389        8371  5.4618722E-04   1.000000    
        7390        8372  5.8252312E-04   1.000000    
        7391        8373  5.6927651E-04   1.000000    
        7392        8374  5.6934776E-04   1.000000    
        7393        8375  5.7040795E-04   1.000000    
        7394        8376  5.7692459E-04   1.000000    
        7395        8377  5.8840599E-04   1.000000    
        7396        8378  5.9909350E-04   1.000000    
        7397        8379  5.7071622E-04   1.000000    
        7398        8380  5.7366991E-04   1.000000    
        7399        8381  5.7753432E-04   1.000000    
        7400        8382  5.8340514E-04   1.000000    
        7401        8383  5.8895315E-04   1.000000    
        7402        8384  5.9283740E-04   1.000000    
        7403        8385  5.8038533E-04   1.000000    
        7404        8386  5.8412791E-04   1.000000    
        7405        8387  5.8917666E-04   1.000000    
        7406        8388  5.9506303E-04   1.000000    
        7407        8389  5.9759163E-04   1.000000    
        7408        8390  5.9486355E-04   1.000000    
        7409        8391  5.9868814E-04   1.000000    
        7410        8392  6.0120469E-04   1.000000    
        7411        8393  6.0704170E-04   1.000000    
        7412        8394  6.1616447E-04   1.000000    
        7413        8395  6.1774882E-04   1.000000    
        7414        8396  6.1054010E-04   1.000000    
        7415        8397  6.2413682E-04   1.000000    
        7416        8398  6.2288973E-04   1.000000    
        7417        8399  6.2832615E-04   1.000000    
        7418        8400  6.5094291E-04   1.000000    
        7419        8401  6.5380096E-04   1.000000    
        7420        8402  6.4212788E-04   1.000000    
        7421        8403  6.6895934E-04   1.000000    
        7422        8404  6.4443651E-04   1.000000    
        7423        8405  6.3999579E-04   1.000000    
        7424        8406  7.1412459E-04   1.000000    
        7425        8407  7.1422901E-04   1.000000    
        7426        8408  6.8749819E-04   1.000000    
        7427        8409  7.4664393E-04   1.000000    
        7428        8410  7.9616549E-04   1.000000    
        7429        8411  7.4483565E-04   1.000000    
        7430        8412  7.6533557E-04   1.000000    
        7431        8413  8.0528617E-04   1.000000    
        7432        8414  6.3811382E-04   1.000000    
        7433        8415  5.9286889E-04   1.000000    
        7434        8416  6.0945982E-04   1.000000    
        7435        8417  4.3847482E-04   1.000000    
        7436        8418  5.0962210E-04   1.000000    
        7437        8419  5.9012586E-04   1.000000    
        7438        8420  9.2028914E-04   1.000000    
        7439        8421  6.1599136E-04   1.000000    
        7440        8422  7.1799109E-04   1.000000    
        7441        8423  9.3498919E-04   1.000000    
        7442        8424  6.4319652E-04   1.000000    
        7443        8425  6.2865345E-04   1.000000    
        7444        8426  6.0156651E-04   1.000000    
        7445        8427  5.8581983E-04   1.000000    
        7446        8428  6.7863654E-04   1.000000    
        7447        8429  5.6780351E-04   1.000000    
        7448        8430  9.0636557E-04   1.000000    
        7449        8431  8.2411262E-04   1.000000    
        7450        8432  7.5597828E-04   1.000000    
        7451        8433  7.1971695E-04   1.000000    
        7452        8434  6.8742840E-04   1.000000    
        7453        8435  6.5224594E-04   1.000000    
        7454        8436  6.2127353E-04   1.000000    
        7455        8437  6.0126919E-04   1.000000    
        7456        8438  5.9038703E-04   1.000000    
        7457        8439  4.6493951E-04   1.000000    
        7458        8440  6.4174726E-04   1.000000    
        7459        8441  6.1705522E-04   1.000000    
        7460        8442  6.8048522E-04   1.000000    
        7461        8443  8.3259842E-04   1.000000    
        7462        8444  4.0963743E-04   1.000000    
        7463        8445  4.5031935E-04   1.000000    
        7464        8446  5.1579706E-04   1.000000    
        7465        8447  5.6524196E-04   1.000000    
        7466        8448  5.5048330E-04   1.000000    
        7467        8449  6.0491130E-04   1.000000    
        7468        8450  5.9180177E-04   1.000000    
        7469        8451  5.1924039E-04   1.000000    
        7470        8452  4.5474499E-04   1.000000    
        7471        8453  6.5848033E-04   1.000000    
        7472        8454  6.7037443E-04   1.000000    
        7473        8455  5.9223373E-04   1.000000    
        7474        8456  6.0389191E-04   1.000000    
        7475        8457  6.3111098E-04   1.000000    
        7476        8458  7.6013390E-04   1.000000    
        7477        8459  6.5041980E-04   1.000000    
        7478        8460  5.8182457E-04   1.000000    
        7479        8461  8.7291363E-04   1.000000    
        7480        8462  8.2177110E-04   1.000000    
        7481        8463  8.3620782E-04   1.000000    
        7482        8464  1.0184589E-03   1.000000    
        7483        8465  6.4203481E-04   1.000000    
        7484        8466  4.4064640E-04   1.000000    
        7485        8467  2.2124648E-04   1.000000    
        7486        8468  5.7623180E-04   1.000000    
        7487        8469  5.7410012E-04   1.000000    
        7488        8470  6.8646169E-04   1.000000    
        7489        8471  4.5874176E-04   1.000000    
        7490        8472  7.5706316E-04   1.000000    
        7491        8473  8.1714260E-04   1.000000    
        7492        8474  8.0145209E-04   1.000000    
        7493        8475  7.7099289E-04   1.000000    
        7494        8476  7.2885543E-04   1.000000    
        7495        8477  6.6538702E-04   1.000000    
        7496        8478  6.0137827E-04   1.000000    
        7497        8479  7.7435840E-04   1.000000    
        7498        8480  8.8880851E-04   1.000000    
        7499        8481  8.7136438E-04   1.000000    
        7500        8482  8.4383745E-04   1.000000    
        7501        8483  8.0236694E-04   1.000000    
        7502        8484  6.8516732E-04   1.000000    
        7503        8485  5.5639172E-04   1.000000    
        7504        8486  9.0666238E-04   1.000000    
        7505        8487  9.6713274E-04   1.000000    
        7506        8488  9.4870100E-04   1.000000    
        7507        8489  9.8111003E-04   1.000000    
        7508        8490  7.4904208E-04   1.000000    
        7509        8491  4.4989353E-04   1.000000    
        7510        8492  9.4276626E-04   1.000000    
        7511        8493  1.0275800E-03   1.000000    
        7512        8494  1.3101298E-03   1.000000    
        7513        8495  1.0599332E-03   1.000000    
        7514        8496  7.5065740E-04   1.000000    
        7515        8497  1.0020882E-03   1.000000    
        7516        8498  1.2355543E-03   1.000000    
        7517        8499  5.0177751E-04   1.000000    
        7518        8500  7.7614863E-04   1.000000    
        7519        8501  6.1149121E-04   1.000000    
        7520        8502  6.5179891E-04   1.000000    
        7521        8503  5.7494402E-04   1.000000    
        7522        8504  7.8396383E-04   1.000000    
        7523        8505  6.5281737E-04   1.000000    
        7524        8506  1.4533988E-03   1.000000    
        7525        8507  7.1811624E-04   1.000000    
        7526        8508  8.3943526E-04   1.000000    
        7527        8509  8.5695379E-04   1.000000    
        7528        8510  8.6369889E-04   1.000000    
        7529        8511  8.4773655E-04   1.000000    
        7530        8512  7.4222789E-04   1.000000    
        7531        8513  6.1899418E-04   1.000000    
        7532        8514  8.8803854E-04   1.000000    
        7533        8515  9.5958251E-04   1.000000    
        7534        8516  9.5692126E-04   1.000000    
        7535        8517  9.9753332E-04   1.000000    
        7536        8518  7.6730456E-04   1.000000    
        7537        8519  4.8391713E-04   1.000000    
        7538        8520  9.3988806E-04   1.000000    
        7539        8521  1.0311498E-03   1.000000    
        7540        8522  1.2953563E-03   1.000000    
        7541        8523  9.6327998E-04   1.000000    
        7542        8524  7.6644839E-04   1.000000    
        7543        8525  1.1587387E-03   1.000000    
        7544        8526  1.2887638E-03   1.000000    
        7545        8527  4.3243295E-04   1.000000    
        7546        8528  6.5307366E-04   1.000000    
        7547        8529  6.6114566E-04   1.000000    
        7548        8530  7.4949424E-04   1.000000    
        7549        8531  8.4324152E-04   1.000000    
        7550        8532  5.7173084E-04   1.000000    
        7551        8533  5.7736709E-04   1.000000    
        7552        8534  5.3988816E-04   1.000000    
        7553        8535  5.4588349E-04   1.000000    
        7554        8536  6.8480801E-04   1.000000    
        7555        8537  2.9411030E-04   1.000000    
        7556        8538  5.0575950E-04   1.000000    
        7557        8539  8.1109500E-04   1.000000    
        7558        8540  1.0150409E-03   1.000000    
        7559        8541  8.8625686E-04   1.000000    
        7560        8542  2.9869820E-04   1.000000    
        7561        8543  2.2404078E-04   1.000000    
        7562        8544  5.6267699E-04   1.000000    
        7563        8545  5.6889688E-04   1.000000    
        7564        8546  5.5688166E-04   1.000000    
        7565        8547  5.3054380E-04   1.000000    
        7566        8548  2.0900820E-04   1.000000    
        7567        8549  2.0408654E-04   1.000000    
        7568        8550  6.4065238E-04   1.000000    
        7569        8551  6.7638472E-04   1.000000    
        7570        8552  5.6289596E-04   1.000000    
        7571        8553  5.4827804E-04   1.000000    
        7572        8554  5.4115511E-04   1.000000    
        7573        8555  5.1863783E-04   1.000000    
        7574        8556  7.3336193E-04   1.000000    
        7575        8557  8.0166501E-04   1.000000    
        7576        8558  7.0809270E-04   1.000000    
        7577        8559  5.8772927E-04   1.000000    
        7578        8560  3.3453503E-04   1.000000    
        7579        8561  5.2448275E-04   1.000000    
        7580        8562  5.5066840E-04   1.000000    
        7581        8563  2.0585528E-04   1.000000    
        7582        8564  2.0831918E-04   1.000000    
        7583        8565  5.0040497E-04   1.000000    
        7584        8566  5.4630626E-04   1.000000    
        7585        8567  6.7662029E-04   1.000000    
        7586        8568  8.1712898E-04   1.000000    
        7587        8569  7.6795317E-04   1.000000    
        7588        8570  5.8196305E-04   1.000000    
        7589        8571  5.6693825E-04   1.000000    
        7590        8572  4.9725472E-04   1.000000    
        7591        8573  5.0593272E-04   1.000000    
        7592        8574  4.0031245E-04   1.000000    
        7593        8575  4.5123164E-04   1.000000    
        7594        8576  6.2103447E-04   1.000000    
        7595        8577  4.0907980E-04   1.000000    
        7596        8578  3.2994209E-04   1.000000    
        7597        8579  4.3548728E-04   1.000000    
        7598        8580  9.2538458E-04   1.000000    
        7599        8581  2.5224796E-04   1.000000    
        7600        8582  7.6002575E-04   1.000000    
        7601        8583  1.0214038E-03   1.000000    
        7602        8584  3.2727449E-04   1.000000    
        7603        8585  3.3370062E-04   1.000000    
        7604        8586  3.6054404E-04   1.000000    
        7605        8587  2.3968738E-04   1.000000    
        7606        8588  5.6752336E-04   1.000000    
        7607        8589  9.5659023E-04   1.000000    
        7608        8590  2.4520309E-04   1.000000    
        7609        8591  6.4522441E-04   1.000000    
        7610        8592  3.5103952E-04   1.000000    
        7611        8593  7.1113784E-04   1.000000    
        7612        8594  7.2567048E-04   1.000000    
        7613        8595  8.0287340E-04   1.000000    
        7614        8596  5.8595900E-04   1.000000    
        7615        8597  5.8307365E-04   1.000000    
        7616        8598  6.5572251E-04   1.000000    
        7617        8599  6.4142235E-04   1.000000    
        7618        8600  4.3955678E-04   1.000000    
        7619        8601  5.0170784E-04   1.000000    
        7620        8602  9.5918175E-04   1.000000    
        7621        8603  6.7698339E-04   1.000000    
        7622        8604  4.5464138E-04   1.000000    
        7623        8605  2.1356055E-04   1.000000    
        7624        8606  2.5266674E-04   1.000000    
        7625        8607  4.4242362E-04   1.000000    
        7626        8608  2.2241588E-04   1.000000    
        7627        8609  2.6355128E-04   1.000000    
        7628        8610  3.5865133E-04   1.000000    
        7629        8611  3.0292402E-04   1.000000    
        7630        8612  5.7492667E-04   1.000000    
        7631        8613  5.6926138E-04   1.000000    
        7632        8614  6.1831099E-04   1.000000    
        7633        8615  2.8783176E-04   1.000000    
        7634        8616  1.5873960E-04   1.000000    
        7635        8617  1.5563949E-04   1.000000    
        7636        8618  1.9799401E-04   1.000000    
        7637        8619  3.3681223E-04   1.000000    
        7638        8620  5.8617064E-04   1.000000    
        7639        8621  5.7345908E-04   1.000000    
        7640        8622  5.5222609E-04   1.000000    
        7641        8623  2.3668481E-04   1.000000    
        7642        8624  2.1160692E-04   1.000000    
        7643        8625  2.4463329E-04   1.000000    
        7644        8626  4.1543829E-04   1.000000    
        7645        8627  2.1127958E-04   1.000000    
        7646        8628  2.2161630E-04   1.000000    
        7647        8629  4.3803203E-04   1.000000    
        7648        8630  1.9072098E-04   1.000000    
        7649        8631  2.3152874E-04   1.000000    
        7650        8632  5.5698375E-04   1.000000    
        7651        8633  6.4150727E-04   1.000000    
        7652        8634  3.9262912E-04   1.000000    
        7653        8635  4.2511043E-04   1.000000    
        7654        8636  4.4944184E-04   1.000000    
        7655        8637  4.5691375E-04   1.000000    
        7656        8638  4.2646902E-04   1.000000    
        7657        8639  2.9750293E-04   1.000000    
        7658        8640  2.9757246E-04   1.000000    
        7659        8641  3.9622455E-04   1.000000    
        7660        8642  3.5186051E-04   1.000000    
        7661        8643  5.0405186E-04   1.000000    
        7662        8644  5.1204488E-04   1.000000    
        7663        8645  5.6416291E-04   1.000000    
        7664        8646  4.8605059E-04   1.000000    
        7665        8647  4.3655417E-04   1.000000    
        7666        8648  3.9016100E-04   1.000000    
        7667        8649  3.3571833E-04   1.000000    
        7668        8650  4.6026765E-04   1.000000    
        7669        8651  4.0611372E-04   1.000000    
        7670        8652  5.9598550E-04   1.000000    
        7671        8653  6.4974307E-04   1.000000    
        7672        8654  5.0856703E-04   1.000000    
        7673        8655  3.9628532E-04   1.000000    
        7674        8656  5.0876813E-04   1.000000    
        7675        8657  3.8789926E-04   1.000000    
        7676        8658  4.8776643E-04   1.000000    
        7677        8659  3.6672072E-04   1.000000    
        7678        8660  4.4443380E-04   1.000000    
        7679        8661  3.3373752E-04   1.000000    
        7680        8662  3.9292304E-04   1.000000    
        7681        8663  4.4118994E-04   1.000000    
        7682        8664  4.7299021E-04   1.000000    
        7683        8665  4.2696032E-04   1.000000    
        7684        8666  4.5818853E-04   1.000000    
        7685        8667  4.6015452E-04   1.000000    
        7686        8668  4.5431903E-04   1.000000    
        7687        8669  4.5471944E-04   1.000000    
        7688        8670  4.5454592E-04   1.000000    
        7689        8671  4.5309585E-04   1.000000    
        7690        8672  4.5331780E-04   1.000000    
        7691        8673  4.5661471E-04   1.000000    
        7692        8674  4.6295676E-04   1.000000    
        7693        8675  4.6920447E-04   1.000000    
        7694        8676  4.7919410E-04   1.000000    
        7695        8677  4.9196015E-04   1.000000    
        7696        8678  5.1955407E-04   1.000000    
        7697        8679  3.6440598E-04   1.000000    
        7698        8680  4.1082455E-04   1.000000    
        7699        8681  4.4811846E-04   1.000000    
        7700        8682  4.6310114E-04   1.000000    
        7701        8683  3.1910665E-04   1.000000    
        7702        8684  3.7624544E-04   1.000000    
        7703        8685  4.2504954E-04   1.000000    
        7704        8686  4.5997501E-04   1.000000    
        7705        8687  4.7915080E-04   1.000000    
        7706        8688  4.8022263E-04   1.000000    
        7707        8689  4.7080661E-04   1.000000    
        7708        8690  4.2738408E-04   1.000000    
        7709        8691  4.3600798E-04   1.000000    
        7710        8692  4.5533016E-04   1.000000    
        7711        8693  4.8465873E-04   1.000000    
        7712        8694  5.1064393E-04   1.000000    
        7713        8695  4.8756110E-04   1.000000    
        7714        8696  4.9346563E-04   1.000000    
        7715        8697  4.9107772E-04   1.000000    
        7716        8698  4.7829168E-04   1.000000    
        7717        8699  4.5781964E-04   1.000000    
        7718        8700  4.2492439E-04   1.000000    
        7719        8701  3.8363095E-04   1.000000    
        7720        8702  5.6074397E-04   1.000000    
        7721        8703  6.3930941E-04   1.000000    
        7722        8704  5.0326186E-04   1.000000    
        7723        8705  3.9457544E-04   1.000000    
        7724        8706  5.1054498E-04   1.000000    
        7725        8707  3.9087620E-04   1.000000    
        7726        8708  4.8989599E-04   1.000000    
        7727        8709  3.7376856E-04   1.000000    
        7728        8710  4.5346437E-04   1.000000    
        7729        8711  3.3780930E-04   1.000000    
        7730        8712  3.9577877E-04   1.000000    
        7731        8713  4.3132840E-04   1.000000    
        7732        8714  4.1226801E-04   1.000000    
        7733        8715  4.3349533E-04   1.000000    
        7734        8716  4.5400541E-04   1.000000    
        7735        8717  4.7102637E-04   1.000000    
        7736        8718  4.8153533E-04   1.000000    
        7737        8719  4.8216089E-04   1.000000    
        7738        8720  4.7321533E-04   1.000000    
        7739        8721  4.6616772E-04   1.000000    
        7740        8722  4.5396519E-04   1.000000    
        7741        8723  4.4504352E-04   1.000000    
        7742        8724  4.5872771E-04   1.000000    
        7743        8725  4.7850586E-04   1.000000    
        7744        8726  4.9477129E-04   1.000000    
        7745        8727  5.0483976E-04   1.000000    
        7746        8728  3.5254145E-04   1.000000    
        7747        8729  3.9737285E-04   1.000000    
        7748        8730  6.6090131E-04   1.000000    
        7749        8731  6.5494032E-04   1.000000    
        7750        8732  6.4704689E-04   1.000000    
        7751        8733  6.3525804E-04   1.000000    
        7752        8734  6.7151967E-04   1.000000    
        7753        8735  6.6499540E-04   1.000000    
        7754        8736  5.9224502E-04   1.000000    
        7755        8737  6.0494954E-04   1.000000    
        7756        8738  6.3993980E-04   1.000000    
        7757        8739  6.7339081E-04   1.000000    
        7758        8740  6.3096709E-04   1.000000    
        7759        8741  7.0590270E-04   1.000000    
        7760        8742  6.5192184E-04   1.000000    
        7761        8743  6.2913325E-04   1.000000    
        7762        8744  6.7220803E-04   1.000000    
        7763        8745  6.3825498E-04   1.000000    
        7764        8746  5.0188799E-04   1.000000    
        7765        8747  5.0939905E-04   1.000000    
        7766        8748  4.8209514E-04   1.000000    
        7767        8749  5.0312706E-04   1.000000    
        7768        8750  6.6370482E-04   1.000000    
        7769        8751  6.7321357E-04   1.000000    
        7770        8752  5.8196275E-04   1.000000    
        7771        8753  5.9160113E-04   1.000000    
        7772        8754  5.4047024E-04   1.000000    
        7773        8755  5.5778964E-04   1.000000    
        7774        8756  6.3446449E-04   1.000000    
        7775        8757  6.4906769E-04   1.000000    
        7776        8758  6.8966288E-04   1.000000    
        7777        8759  6.8155956E-04   1.000000    
        7778        8760  6.2793365E-04   1.000000    
        7779        8761  6.2885083E-04   1.000000    
        7780        8762  5.9266586E-04   1.000000    
        7781        8763  6.0647307E-04   1.000000    
        7782        8764  6.2419649E-04   1.000000    
        7783        8765  6.0503377E-04   1.000000    
        7784        8766  6.6430488E-04   1.000000    
        7785        8767  6.8166724E-04   1.000000    
        7786        8768  6.2588661E-04   1.000000    
        7787        8769  6.0135790E-04   1.000000    
        7788        8770  7.5061148E-04   1.000000    
        7789        8771  6.7223882E-04   1.000000    
        7790        8772  6.7463255E-04   1.000000    
        7791        8773  7.1572710E-04   1.000000    
        7792        8774  5.6716538E-04   1.000000    
        7793        8775  5.1859295E-04   1.000000    
        7794        8776  5.7030417E-04   1.000000    
        7795        8777  5.1995809E-04   1.000000    
        7796        8778  6.9678470E-04   1.000000    
        7797        8779  7.5915986E-04   1.000000    
        7798        8780  8.4989815E-04   1.000000    
        7799        8781  6.2617351E-04   1.000000    
        7800        8782  6.3560653E-04   1.000000    
        7801        8783  6.2097074E-04   1.000000    
        7802        8784  6.0957111E-04   1.000000    
        7803        8785  6.3245243E-04   1.000000    
        7804        8786  7.3459721E-04   1.000000    
        7805        8787  5.8955373E-04   1.000000    
        7806        8788  8.7113195E-04   1.000000    
        7807        8789  6.2048942E-04   1.000000    
        7808        8790  6.3393021E-04   1.000000    
        7809        8791  5.2840303E-04   1.000000    
        7810        8792  4.8946781E-04   1.000000    
        7811        8793  5.2724627E-04   1.000000    
        7812        8794  5.2056328E-04   1.000000    
        7813        8795  4.7368289E-04   1.000000    
        7814        8796  5.2940112E-04   1.000000    
        7815        8797  6.2093401E-04   1.000000    
        7816        8798  6.8763422E-04   1.000000    
        7817        8799  6.8322982E-04   1.000000    
        7818        8800  7.7826669E-04   1.000000    
        7819        8801  7.3658722E-04   1.000000    
        7820        8802  6.5480440E-04   1.000000    
        7821        8803  6.8290596E-04   1.000000    
        7822        8804  8.4218866E-04   1.000000    
        7823        8805  7.0740154E-04   1.000000    
        7824        8806  9.6132589E-04   1.000000    
        7825        8807  6.5599085E-04   1.000000    
        7826        8808  6.8282784E-04   1.000000    
        7827        8809  6.4328505E-04   1.000000    
        7828        8810  6.5787911E-04   1.000000    
        7829        8811  5.9829094E-04   1.000000    
        7830        8812  6.3739339E-04   1.000000    
        7831        8813  5.9188175E-04   1.000000    
        7832        8814  5.9601665E-04   1.000000    
        7833        8815  5.9058139E-04   1.000000    
        7834        8816  6.1848853E-04   1.000000    
        7835        8817  6.6581339E-04   1.000000    
        7836        8818  6.2015781E-04   1.000000    
        7837        8819  7.7281700E-04   1.000000    
        7838        8820  6.8227079E-04   1.000000    
        7839        8821  6.0674892E-04   1.000000    
        7840        8822  9.0061576E-04   1.000000    
        7841        8823  5.7203253E-04   1.000000    
        7842        8824  9.1723388E-04   1.000000    
        7843        8825  7.7395182E-04   1.000000    
        7844        8826  6.9408939E-04   1.000000    
        7845        8827  6.9919275E-04   1.000000    
        7846        8828  5.8263261E-04   1.000000    
        7847        8829  5.4661254E-04   1.000000    
        7848        8830  6.3661352E-04   1.000000    
        7849        8831  5.9595355E-04   1.000000    
        7850        8832  6.4040709E-04   1.000000    
        7851        8833  6.5050978E-04   1.000000    
        7852        8834  6.9136207E-04   1.000000    
        7853        8835  7.5151020E-04   1.000000    
        7854        8836  6.3970644E-04   1.000000    
        7855        8837  6.2907621E-04   1.000000    
        7856        8838  6.2234921E-04   1.000000    
        7857        8839  6.3384377E-04   1.000000    
        7858        8840  5.6144904E-04   1.000000    
        7859        8841  5.3716841E-04   1.000000    
        7860        8842  5.7579298E-04   1.000000    
        7861        8843  5.9216848E-04   1.000000    
        7862        8844  5.5659027E-04   1.000000    
        7863        8845  5.5403489E-04   1.000000    
        7864        8846  5.8204000E-04   1.000000    
        7865        8847  5.9341430E-04   1.000000    
        7866        8848  5.5183587E-04   1.000000    
        7867        8849  5.9254444E-04   1.000000    
        7868        8850  6.3194660E-04   1.000000    
        7869        8851  6.1220501E-04   1.000000    
        7870        8852  6.2086637E-04   1.000000    
        7871        8853  6.4191135E-04   1.000000    
        7872        8854  6.2856224E-04   1.000000    
        7873        8855  5.9313211E-04   1.000000    
        7874        8856  6.0171075E-04   1.000000    
        7875        8857  5.9829437E-04   1.000000    
        7876        8858  5.9382949E-04   1.000000    
        7877        8859  5.9807848E-04   1.000000    
        7878        8860  6.2447478E-04   1.000000    
        7879        8861  6.4594549E-04   1.000000    
        7880        8862  6.0795562E-04   1.000000    
        7881        8863  6.1639771E-04   1.000000    
        7882        8864  6.3137448E-04   1.000000    
        7883        8865  7.0529728E-04   1.000000    
        7884        8866  6.8524212E-04   1.000000    
        7885        8867  6.5698748E-04   1.000000    
        7886        8868  7.9705054E-04   1.000000    
        7887        8869  7.1907579E-04   1.000000    
        7888        8870  6.1678799E-04   1.000000    
        7889        8871  6.5605424E-04   1.000000    
        7890        8872  8.1580458E-04   1.000000    
        7891        8873  8.3597586E-04   1.000000    
        7892        8874  6.2172062E-04   1.000000    
        7893        8875  7.6757564E-04   1.000000    
        7894        8876  6.5585086E-04   1.000000    
        7895        8877  5.1166245E-04   1.000000    
        7896        8878  6.0925848E-04   1.000000    
        7897        8879  6.0896244E-04   1.000000    
        7898        8880  6.0681673E-04   1.000000    
        7899        8881  6.8802712E-04   1.000000    
        7900        8882  5.5301451E-04   1.000000    
        7901        8883  6.6956831E-04   1.000000    
        7902        8884  5.3514604E-04   1.000000    
        7903        8885  4.3025185E-04   1.000000    
        7904        8886  2.1853432E-04   1.000000    
        7905        8887  6.2455167E-04   1.000000    
        7906        8888  6.3350721E-04   1.000000    
        7907        8889  6.3246069E-04   1.000000    
        7908        8890  6.0530636E-04   1.000000    
        7909        8891  6.0194510E-04   1.000000    
        7910        8892  6.6461350E-04   1.000000    
        7911        8893  5.9965975E-04   1.000000    
        7912        8894  6.5767579E-04   1.000000    
        7913        8895  6.2713673E-04   1.000000    
        7914        8896  6.2145846E-04   1.000000    
        7915        8897  6.5735338E-04   1.000000    
        7916        8898  6.0803466E-04   1.000000    
        7917        8899  1.3100901E-03   1.000000    
        7918        8900  1.0300232E-03   1.000000    
        7919        8901  1.2367704E-03   1.000000    
        7920        8902  7.5050321E-04   1.000000    
        7921        8903  4.8905303E-04   1.000000    
        7922        8904  5.0868705E-04   1.000000    
        7923        8905  5.5080059E-04   1.000000    
        7924        8906  4.8809205E-04   1.000000    
        7925        8907  5.7807053E-04   1.000000    
        7926        8908  6.0241343E-04   1.000000    
        7927        8909  6.0875801E-04   1.000000    
        7928        8910  7.3100830E-04   1.000000    
        7929        8911  5.7925761E-04   1.000000    
        7930        8912  6.2270433E-04   1.000000    
        7931        8913  6.0964725E-04   1.000000    
        7932        8914  5.8995467E-04   1.000000    
        7933        8915  5.8863842E-04   1.000000    
        7934        8916  5.9362111E-04   1.000000    
        7935        8917  5.7939522E-04   1.000000    
        7936        8918  5.8276573E-04   1.000000    
        7937        8919  5.9957005E-04   1.000000    
        7938        8920  5.8830302E-04   1.000000    
        7939        8921  6.1963621E-04   1.000000    
        7940        8922  6.0382887E-04   1.000000    
        7941        8923  6.4898952E-04   1.000000    
        7942        8924  6.1843387E-04   1.000000    
        7943        8925  6.3321198E-04   1.000000    
        7944        8926  7.0699642E-04   1.000000    
        7945        8927  5.7300890E-04   1.000000    
        7946        8928  8.5516111E-04   1.000000    
        7947        8929  9.8976097E-04   1.000000    
        7948        8930  8.0762210E-04   1.000000    
        7949        8931  1.3995857E-03   1.000000    
        7950        8932  7.8256550E-04   1.000000    
        7951        8933  7.5618323E-04   1.000000    
        7952        8934  6.4098096E-04   1.000000    
        7953        8935  1.3068437E-03   1.000000    
        7954        8936  1.0404187E-03   1.000000    
        7955        8937  1.2874280E-03   1.000000    
        7956        8938  7.6842064E-04   1.000000    
        7957        8939  4.3966650E-04   1.000000    
        7958        8940  6.3512038E-04   1.000000    
        7959        8941  4.9548392E-04   1.000000    
        7960        8942  5.6134630E-04   1.000000    
        7961        8943  4.1908940E-04   1.000000    
        7962        8944  6.3166633E-04   1.000000    
        7963        8945  6.4132584E-04   1.000000    
        7964        8946  5.5827911E-04   1.000000    
        7965        8947  6.0259277E-04   1.000000    
        7966        8948  6.0701655E-04   1.000000    
        7967        8949  6.6886126E-04   1.000000    
        7968        8950  5.7926617E-04   1.000000    
        7969        8951  6.1166118E-04   1.000000    
        7970        8952  5.4166000E-04   1.000000    
        7971        8953  5.8885239E-04   1.000000    
        7972        8954  6.7245378E-04   1.000000    
        7973        8955  5.9660000E-04   1.000000    
        7974        8956  6.7787082E-04   1.000000    
        7975        8957  6.3542009E-04   1.000000    
        7976        8958  6.4334925E-04   1.000000    
        7977        8959  7.7593955E-04   1.000000    
        7978        8960  7.3170511E-04   1.000000    
        7979        8961  7.2591903E-04   1.000000    
        7980        8962  6.9078495E-04   1.000000    
        7981        8963  5.5200589E-04   1.000000    
        7982        8964  5.9691689E-04   1.000000    
        7983        8965  4.4542440E-04   1.000000    
        7984        8966  4.4289522E-04   1.000000    
        7985        8967  9.5347472E-04   1.000000    
        7986        8968  9.8121574E-04   1.000000    
        7987        8969  9.4702636E-04   1.000000    
        7988        8970  2.9440376E-04   1.000000    
        7989        8971  4.6694491E-04   1.000000    
        7990        8972  5.8432214E-04   1.000000    
        7991        8973  4.4715614E-04   1.000000    
        7992        8974  5.6275463E-04   1.000000    
        7993        8975  9.6007454E-04   1.000000    
        7994        8976  7.8332663E-04   1.000000    
        7995        8977  5.9212046E-04   1.000000    
        7996        8978  6.0375343E-04   1.000000    
        7997        8979  5.8128225E-04   1.000000    
        7998        8980  5.8918766E-04   1.000000    
        7999        8981  6.0543418E-04   1.000000    
        8000        8982  6.2512362E-04   1.000000    
        8001        8983  6.6167075E-04   1.000000    
        8002        8984  6.3634897E-04   1.000000    
        8003        8985  6.8147870E-04   1.000000    
        8004        8986  8.3108718E-04   1.000000    
        8005        8987  6.3939177E-04   1.000000    
        8006        8988  7.4781477E-04   1.000000    
        8007        8989  7.1759516E-04   1.000000    
        8008        8990  8.1039767E-04   1.000000    
        8009        8991  6.2083255E-04   1.000000    
        8010        8992  4.8577398E-04   1.000000    
        8011        8993  9.6492155E-04   1.000000    
        8012        8994  1.0058782E-03   1.000000    
        8013        8995  9.4890746E-04   1.000000    
        8014        8996  3.0003197E-04   1.000000    
        8015        8997  6.1452179E-04   1.000000    
        8016        8998  6.6592090E-04   1.000000    
        8017        8999  5.0061411E-04   1.000000    
        8018        9000  4.6567281E-04   1.000000    
        8019        9001  4.2994856E-04   1.000000    
        8020        9002  4.8575492E-04   1.000000    
        8021        9003  2.2079200E-04   1.000000    
        8022        9004  4.2218805E-04   1.000000    
        8023        9005  7.5635657E-04   1.000000    
        8024        9006  5.9182791E-04   1.000000    
        8025        9007  5.8438641E-04   1.000000    
        8026        9008  5.8226171E-04   1.000000    
        8027        9009  5.7774509E-04   1.000000    
        8028        9010  6.1294716E-04   1.000000    
        8029        9011  5.7382439E-04   1.000000    
        8030        9012  5.8377988E-04   1.000000    
        8031        9013  5.6550483E-04   1.000000    
        8032        9014  6.0001342E-04   1.000000    
        8033        9015  5.7452160E-04   1.000000    
        8034        9016  5.6334195E-04   1.000000    
        8035        9017  6.4031896E-04   1.000000    
        8036        9018  6.0503714E-04   1.000000    
        8037        9019  6.9256389E-04   1.000000    
        8038        9020  6.2400312E-04   1.000000    
        8039        9021  8.1042841E-04   1.000000    
        8040        9022  7.6348934E-04   1.000000    
        8041        9023  6.6534092E-04   1.000000    
        8042        9024  6.5359328E-04   1.000000    
        8043        9025  6.8320322E-04   1.000000    
        8044        9026  7.4502773E-04   1.000000    
        8045        9027  9.7346830E-04   1.000000    
        8046        9028  1.0502213E-03   1.000000    
        8047        9029  2.0757379E-04   1.000000    
        8048        9030  2.0304923E-04   1.000000    
        8049        9031  9.9761214E-04   1.000000    
        8050        9032  5.2438024E-04   1.000000    
        8051        9033  5.4970651E-04   1.000000    
        8052        9034  6.2619103E-04   1.000000    
        8053        9035  5.9668819E-04   1.000000    
        8054        9036  5.3319172E-04   1.000000    
        8055        9037  4.3702178E-04   1.000000    
        8056        9038  4.9950776E-04   1.000000    
        8057        9039  5.4152292E-04   1.000000    
        8058        9040  6.1130244E-04   1.000000    
        8059        9041  6.3843007E-04   1.000000    
        8060        9042  5.3407851E-04   1.000000    
        8061        9043  7.4947858E-04   1.000000    
        8062        9044  6.5087387E-04   1.000000    
        8063        9045  6.9754408E-04   1.000000    
        8064        9046  5.3733122E-04   1.000000    
        8065        9047  3.1655567E-04   1.000000    
        8066        9048  5.8455038E-04   1.000000    
        8067        9049  7.0071412E-04   1.000000    
        8068        9050  6.8570895E-04   1.000000    
        8069        9051  8.1098930E-04   1.000000    
        8070        9052  7.4453652E-04   1.000000    
        8071        9053  7.7126932E-04   1.000000    
        8072        9054  9.6664630E-04   1.000000    
        8073        9055  9.7211823E-04   1.000000    
        8074        9056  2.0883583E-04   1.000000    
        8075        9057  2.1083458E-04   1.000000    
        8076        9058  1.1543293E-03   1.000000    
        8077        9059  5.5344752E-04   1.000000    
        8078        9060  5.3067727E-04   1.000000    
        8079        9061  4.9626769E-04   1.000000    
        8080        9062  8.5061020E-04   1.000000    
        8081        9063  8.1610621E-04   1.000000    
        8082        9064  7.6592143E-04   1.000000    
        8083        9065  9.9121069E-04   1.000000    
        8084        9066  6.2734121E-04   1.000000    
        8085        9067  5.2849454E-04   1.000000    
        8086        9068  5.6857843E-04   1.000000    
        8087        9069  5.8600650E-04   1.000000    
        8088        9070  5.4004008E-04   1.000000    
        8089        9071  4.0638284E-04   1.000000    
        8090        9072  4.5087867E-04   1.000000    
        8091        9073  6.0784502E-04   1.000000    
        8092        9074  6.3519261E-04   1.000000    
        8093        9075  6.9418777E-04   1.000000    
        8094        9076  6.1889866E-04   1.000000    
        8095        9077  8.2797557E-04   1.000000    
        8096        9078  8.3078153E-04   1.000000    
        8097        9079  8.0357306E-04   1.000000    
        8098        9080  9.1060926E-04   1.000000    
        8099        9081  3.3093704E-04   1.000000    
        8100        9082  6.4033078E-04   1.000000    
        8101        9083  6.1258057E-04   1.000000    
        8102        9084  4.2445477E-04   1.000000    
        8103        9085  6.0549803E-04   1.000000    
        8104        9086  5.5721361E-04   1.000000    
        8105        9087  5.8798655E-04   1.000000    
        8106        9088  6.5646140E-04   1.000000    
        8107        9089  4.8054321E-04   1.000000    
        8108        9090  9.0563321E-04   1.000000    
        8109        9091  2.3781239E-04   1.000000    
        8110        9092  5.8042904E-04   1.000000    
        8111        9093  7.4808311E-04   1.000000    
        8112        9094  5.9865456E-04   1.000000    
        8113        9095  6.2412047E-04   1.000000    
        8114        9096  8.7229477E-04   1.000000    
        8115        9097  7.0493133E-04   1.000000    
        8116        9098  6.8432372E-04   1.000000    
        8117        9099  5.9754663E-04   1.000000    
        8118        9100  6.0118199E-04   1.000000    
        8119        9101  6.5733743E-04   1.000000    
        8120        9102  6.3851190E-04   1.000000    
        8121        9103  7.8794308E-04   1.000000    
        8122        9104  8.5201068E-04   1.000000    
        8123        9105  8.9292706E-04   1.000000    
        8124        9106  3.2747569E-04   1.000000    
        8125        9107  8.0001581E-04   1.000000    
        8126        9108  6.3933840E-04   1.000000    
        8127        9109  5.9773552E-04   1.000000    
        8128        9110  6.1096461E-04   1.000000    
        8129        9111  5.2773609E-04   1.000000    
        8130        9112  5.2632682E-04   1.000000    
        8131        9113  3.3381279E-04   1.000000    
        8132        9114  5.3545722E-04   1.000000    
        8133        9115  6.4917823E-04   1.000000    
        8134        9116  6.8135897E-04   1.000000    
        8135        9117  5.9556199E-04   1.000000    
        8136        9118  5.7913439E-04   1.000000    
        8137        9119  5.8929535E-04   1.000000    
        8138        9120  5.5845588E-04   1.000000    
        8139        9121  4.9847888E-04   1.000000    
        8140        9122  4.0134974E-04   1.000000    
        8141        9123  6.1342353E-04   1.000000    
        8142        9124  6.4279814E-04   1.000000    
        8143        9125  6.0683442E-04   1.000000    
        8144        9126  7.6285127E-04   1.000000    
        8145        9127  9.1084803E-04   1.000000    
        8146        9128  8.4872870E-04   1.000000    
        8147        9129  2.3616318E-04   1.000000    
        8148        9130  8.2112919E-04   1.000000    
        8149        9131  4.0175056E-04   1.000000    
        8150        9132  6.1975577E-04   1.000000    
        8151        9133  3.9997438E-04   1.000000    
        8152        9134  6.2238355E-04   1.000000    
        8153        9135  6.1607384E-04   1.000000    
        8154        9136  5.7569589E-04   1.000000    
        8155        9137  5.6709541E-04   1.000000    
        8156        9138  5.6386151E-04   1.000000    
        8157        9139  5.7428476E-04   1.000000    
        8158        9140  5.7413097E-04   1.000000    
        8159        9141  9.3389041E-04   1.000000    
        8160        9142  6.3575286E-04   1.000000    
        8161        9143  5.7238439E-04   1.000000    
        8162        9144  8.6949638E-04   1.000000    
        8163        9145  2.4566773E-04   1.000000    
        8164        9146  4.2966145E-04   1.000000    
        8165        9147  3.5771931E-04   1.000000    
        8166        9148  5.4720812E-04   1.000000    
        8167        9149  5.0620071E-04   1.000000    
        8168        9150  5.9367582E-04   1.000000    
        8169        9151  6.0269423E-04   1.000000    
        8170        9152  5.6790211E-04   1.000000    
        8171        9153  4.5737476E-04   1.000000    
        8172        9154  8.7923609E-04   1.000000    
        8173        9155  6.7384454E-04   1.000000    
        8174        9156  3.7269018E-04   1.000000    
        8175        9157  6.3146692E-04   1.000000    
        8176        9158  6.2589796E-04   1.000000    
        8177        9159  4.8683304E-04   1.000000    
        8178        9160  3.4324784E-04   1.000000    
        8179        9161  8.6135353E-04   1.000000    
        8180        9162  5.7538482E-04   1.000000    
        8181        9163  6.8937679E-04   1.000000    
        8182        9164  6.7538681E-04   1.000000    
        8183        9165  6.4606417E-04   1.000000    
        8184        9166  6.1349169E-04   1.000000    
        8185        9167  2.1219213E-04   1.000000    
        8186        9168  4.3870608E-04   1.000000    
        8187        9169  5.5210403E-04   1.000000    
        8188        9170  8.9849788E-04   1.000000    
        8189        9171  2.5264345E-04   1.000000    
        8190        9172  6.3630473E-04   1.000000    
        8191        9173  4.2967373E-04   1.000000    
        8192        9174  2.1858583E-04   1.000000    
        8193        9175  2.1849600E-04   1.000000    
        8194        9176  4.2705081E-04   1.000000    
        8195        9177  8.4533100E-04   1.000000    
        8196        9178  7.3548447E-04   1.000000    
        8197        9179  3.5223749E-04   1.000000    
        8198        9180  7.4637006E-04   1.000000    
        8199        9181  4.3055610E-04   1.000000    
        8200        9182  6.3855085E-04   1.000000    
        8201        9183  7.8522036E-04   1.000000    
        8202        9184  9.4330835E-04   1.000000    
        8203        9185  5.4880761E-04   1.000000    
        8204        9186  4.3739739E-04   1.000000    
        8205        9187  5.6236458E-04   1.000000    
        8206        9188  4.8765060E-04   1.000000    
        8207        9189  6.1159820E-04   1.000000    
        8208        9190  5.6891283E-04   1.000000    
        8209        9191  4.9642433E-04   1.000000    
        8210        9192  7.8376947E-04   1.000000    
        8211        9193  3.0480238E-04   1.000000    
        8212        9194  5.8280776E-04   1.000000    
        8213        9195  5.7989999E-04   1.000000    
        8214        9196  7.2545966E-04   1.000000    
        8215        9197  6.2992779E-04   1.000000    
        8216        9198  2.8925051E-04   1.000000    
        8217        9199  1.5971917E-04   1.000000    
        8218        9200  1.5666866E-04   1.000000    
        8219        9201  6.1983295E-04   1.000000    
        8220        9202  5.7135092E-04   1.000000    
        8221        9203  5.7156663E-04   1.000000    
        8222        9204  6.0322718E-04   1.000000    
        8223        9205  4.2979719E-04   1.000000    
        8224        9206  1.9948935E-04   1.000000    
        8225        9207  3.2857878E-04   1.000000    
        8226        9208  5.6776020E-04   1.000000    
        8227        9209  5.8676914E-04   1.000000    
        8228        9210  2.3141937E-04   1.000000    
        8229        9211  2.1193788E-04   1.000000    
        8230        9212  2.3688057E-04   1.000000    
        8231        9213  6.1787589E-04   1.000000    
        8232        9214  4.1705451E-04   1.000000    
        8233        9215  5.4202403E-04   1.000000    
        8234        9216  2.0341508E-04   1.000000    
        8235        9217  2.2267747E-04   1.000000    
        8236        9218  4.3167837E-04   1.000000    
        8237        9219  1.8686889E-04   1.000000    
        8238        9220  2.2892409E-04   1.000000    
        8239        9221  1.9898906E-03   1.000000    
        8240        9222  1.3118919E-03   1.000000    
        8241        9223  1.0090568E-03   1.000000    
        8242        9224  1.1365631E-03   1.000000    
        8243        9229  1.9812931E-03   1.000000    
        8244        9230  1.2992809E-03   1.000000    
        8245        9231  9.9622738E-04   1.000000    
        8246        9232  1.1263913E-03   1.000000    
        8247        9233  1.5100783E-03   1.000000    
        8248        9234  1.3310136E-03   1.000000    
        8249        9235  9.5984031E-04   1.000000    
        8250        9238  1.4863468E-03   1.000000    
        8251        9239  1.3214314E-03   1.000000    
        8252        9240  9.4451482E-04   1.000000    
        8253        9241  1.0772941E-03   1.000000    
        8254        9242  1.1153239E-03   1.000000    
        8255        9244  1.0554263E-03   1.000000    
        8256        9245  1.0877654E-03   1.000000    
        8257        9246  1.1402885E-03   1.000000    
        8258        9247  9.5601974E-04   1.000000    
        8259        9248  9.0732571E-04   1.000000    
        8260        9249  7.6582411E-04   1.000000    
        8261        9254  1.1156618E-03   1.000000    
        8262        9255  9.3894359E-04   1.000000    
        8263        9256  8.9056528E-04   1.000000    
        8264        9257  7.4835093E-04   1.000000    
        8265        9258  1.1398572E-03   1.000000    
        8266        9259  7.2388595E-04   1.000000    
        8267        9260  8.5454679E-04   1.000000    
        8268        9263  1.1160367E-03   1.000000    
        8269        9264  7.0582406E-04   1.000000    
        8270        9265  8.3902926E-04   1.000000    
        8271        9266  1.3640980E-03   1.000000    
        8272        9267  1.1563948E-03   1.000000    
        8273        9269  1.3463274E-03   1.000000    
        8274        9270  1.1377259E-03   1.000000    
        8275        9271  1.8885591E-03   1.000000    
        8276        9272  1.2426915E-03   1.000000    
        8277        9273  1.7754654E-03   1.000000    
        8278        9274  1.5442054E-03   1.000000    
        8279        9279  1.8868260E-03   1.000000    
        8280        9280  1.2419756E-03   1.000000    
        8281        9281  1.7783334E-03   1.000000    
        8282        9282  1.5446634E-03   1.000000    
        8283        9283  1.4004522E-03   1.000000    
        8284        9284  1.2893146E-03   1.000000    
        8285        9285  1.1836448E-03   1.000000    
        8286        9286  6.2027940E-04   1.000000    
        8287        9287  6.1876996E-04   1.000000    
        8288        9288  1.4000603E-03   1.000000    
        8289        9289  1.2889548E-03   1.000000    
        8290        9290  1.1866234E-03   1.000000    
        8291        9291  2.0521262E-03   1.000000    
        8292        9292  1.3610220E-03   1.000000    
        8293        9293  2.1087828E-03   1.000000    
        8294        9294  1.3885688E-03   1.000000    
        8295        9299  1.8236118E-03   1.000000    
        8296        9300  1.1990992E-03   1.000000    
        8297        9301  1.8389601E-03   1.000000    
        8298        9302  1.2144448E-03   1.000000    
        8299        9303  2.0548694E-03   1.000000    
        8300        9304  2.2641248E-03   1.000000    
        8301        9305  1.3216269E-03   1.000000    
        8302        9308  1.8280227E-03   1.000000    
        8303        9309  1.9529643E-03   1.000000    
        8304        9310  1.1508671E-03   1.000000    
        8305        9311  1.5700316E-03   1.000000    
        8306        9312  1.7389770E-03   1.000000    
        8307        9313  1.2895348E-03   1.000000    
        8308        9316  1.5616535E-03   1.000000    
        8309        9317  1.7169771E-03   1.000000    
        8310        9318  1.2682076E-03   1.000000    
        8311        9319  1.5421365E-03   1.000000    
        8312        9320  1.0863615E-03   1.000000    
        8313        9322  1.4979248E-03   1.000000    
        8314        9323  1.0583608E-03   1.000000    
        8315        9324  1.8929568E-03   1.000000    
        8316        9325  1.2483011E-03   1.000000    
        8317        9326  1.8748721E-03   1.000000    
        8318        9329  1.8799148E-03   1.000000    
        8319        9330  1.2428081E-03   1.000000    
        8320        9331  1.8714662E-03   1.000000    
        8321        9332  1.6351180E-03   1.000000    
        8322        9333  1.1493408E-03   1.000000    
        8323        9334  1.7835994E-03   1.000000    
        8324        9335  1.5007260E-03   1.000000    
        8325        9340  1.6550684E-03   1.000000    
        8326        9341  1.1629473E-03   1.000000    
        8327        9342  1.7914968E-03   1.000000    
        8328        9343  1.4946508E-03   1.000000    
        8329        9344  1.3928660E-03   1.000000    
        8330        9345  1.1878803E-03   1.000000    
        8331        9346  1.2734905E-03   1.000000    
        8332        9347  6.1256927E-04   1.000000    
        8333        9348  6.1443751E-04   1.000000    
        8334        9349  1.3791204E-03   1.000000    
        8335        9350  1.1802760E-03   1.000000    
        8336        9351  1.2571706E-03   1.000000    
        8337        9352  1.8979824E-03   1.000000    
        8338        9353  1.7097237E-03   1.000000    
        8339        9354  1.4824793E-03   1.000000    
        8340        9357  1.6803365E-03   1.000000    
        8341        9358  1.4543978E-03   1.000000    
        8342        9359  1.2884208E-03   1.000000    
        8343        9360  1.3369955E-03   1.000000    
        8344        9361  1.2487012E-03   1.000000    
        8345        9362  1.0618906E-03   1.000000    
        8346        9363  5.6811864E-04   1.000000    
        8347        9364  5.8585173E-04   1.000000    
        8348        9365  1.2081615E-03   1.000000    
        8349        9366  1.1203107E-03   1.000000    
        8350        9367  9.0457674E-04   1.000000    
        8351        9368  2.1205600E-03   1.000000    
        8352        9369  1.5290760E-03   1.000000    
        8353        9370  2.6023495E-03   1.000000    
        8354        9373  2.1024416E-03   1.000000    
        8355        9374  1.5254872E-03   1.000000    
        8356        9375  2.5985420E-03   1.000000    
        8357        9376  1.3318518E-03   1.000000    
        8358        9377  1.1386783E-03   1.000000    
        8359        9378  9.2254224E-04   1.000000    
        8360        9379  9.9269266E-04   1.000000    
        8361        9384  1.3521393E-03   1.000000    
        8362        9385  1.1460948E-03   1.000000    
        8363        9386  9.3060330E-04   1.000000    
        8364        9387  1.0031034E-03   1.000000    
        8365        9388  1.5393217E-03   1.000000    
        8366        9389  1.2894596E-03   1.000000    
        8367        9390  1.0750509E-03   1.000000    
        8368        9393  1.5499661E-03   1.000000    
        8369        9394  1.3034591E-03   1.000000    
        8370        9395  1.0804643E-03   1.000000    
        8371        9396  1.4267188E-03   1.000000    
        8372        9397  1.5064210E-03   1.000000    
        8373        9399  1.4293431E-03   1.000000    
        8374        9400  1.5109888E-03   1.000000    
        8375        9401  1.6858276E-03   1.000000    
        8376        9402  1.1863438E-03   1.000000    
        8377        9403  1.7585058E-03   1.000000    
        8378        9406  1.7091450E-03   1.000000    
        8379        9407  1.2018060E-03   1.000000    
        8380        9408  1.7808574E-03   1.000000    
        8381        9409  1.5350959E-03   1.000000    
        8382        9410  1.2420617E-03   1.000000    
        8383        9411  1.0783568E-03   1.000000    
        8384        9412  9.5437036E-04   1.000000    
        8385        9417  1.4720490E-03   1.000000    
        8386        9418  1.2105758E-03   1.000000    
        8387        9419  1.0393686E-03   1.000000    
        8388        9420  9.1816450E-04   1.000000    
        8389        9421  1.0703913E-03   1.000000    
        8390        9422  9.4616035E-04   1.000000    
        8391        9423  9.8991545E-04   1.000000    
        8392        9424  6.0650025E-04   1.000000    
        8393        9425  6.0316507E-04   1.000000    
        8394        9426  1.0391378E-03   1.000000    
        8395        9427  9.0517814E-04   1.000000    
        8396        9428  9.5310237E-04   1.000000    
        8397        9429  1.3432303E-03   1.000000    
        8398        9430  9.4490527E-04   1.000000    
        8399        9431  6.0818932E-04   1.000000    
        8400        9432  1.2991352E-03   1.000000    
        8401        9433  9.2295458E-04   1.000000    
        8402        9434  1.5850503E-03   1.000000    
        8403        9435  1.8945627E-03   1.000000    
        8404        9436  1.4704821E-03   1.000000    
        8405        9439  1.5695494E-03   1.000000    
        8406        9440  1.8613286E-03   1.000000    
        8407        9441  1.4350984E-03   1.000000    
        8408        9442  1.7283099E-03   1.000000    
        8409        9443  1.2170846E-03   1.000000    
        8410        9445  1.6585577E-03   1.000000    
        8411        9446  1.1772098E-03   1.000000    
        8412        9447  1.8730310E-03   1.000000    
        8413        9448  1.2275596E-03   1.000000    
        8414        9449  1.8824242E-03   1.000000    
        8415        9452  1.8534790E-03   1.000000    
        8416        9453  1.2165639E-03   1.000000    
        8417        9454  1.8710704E-03   1.000000    
        8418        9455  1.9173282E-03   1.000000    
        8419        9456  2.2798784E-03   1.000000    
        8420        9457  1.3202124E-03   1.000000    
        8421        9459  1.8972773E-03   1.000000    
        8422        9460  2.2552044E-03   1.000000    
        8423        9461  1.3102010E-03   1.000000    
        8424        9462  1.2430018E-03   1.000000    
        8425        9463  1.0657024E-03   1.000000    
        8426        9464  9.9902914E-04   1.000000    
        8427        9465  6.1747577E-04   1.000000    
        8428        9466  6.1662408E-04   1.000000    
        8429        9467  1.2424046E-03   1.000000    
        8430        9468  1.0626495E-03   1.000000    
        8431        9469  1.0006037E-03   1.000000    
        8432        9470  1.2386738E-03   1.000000    
        8433        9471  1.0743957E-03   1.000000    
        8434        9472  6.1692036E-04   1.000000    
        8435        9473  1.2405014E-03   1.000000    
        8436        9474  1.0761286E-03   1.000000    
        8437        9475  1.7613017E-03   1.000000    
        8438        9476  1.4219950E-03   1.000000    
        8439        9477  2.2785945E-03   1.000000    
        8440        9478  1.4300277E-03   1.000000    
        8441        9483  1.6046074E-03   1.000000    
        8442        9484  1.3036373E-03   1.000000    
        8443        9485  2.0945682E-03   1.000000    
        8444        9486  1.2906992E-03   1.000000    
        8445        9487  1.7223196E-03   1.000000    
        8446        9488  2.1020467E-03   1.000000    
        8447        9489  1.3647762E-03   1.000000    
        8448        9492  1.5546757E-03   1.000000    
        8449        9493  1.8968664E-03   1.000000    
        8450        9494  1.2166594E-03   1.000000    
        8451        9495  2.0248452E-03   1.000000    
        8452        9496  1.9925886E-03   1.000000    
        8453        9497  1.8153720E-03   1.000000    
        8454        9498  1.7699095E-03   1.000000    
        8455        9499  2.0522892E-03   1.000000    
        8456        9500  1.4333512E-03   1.000000    
        8457        9501  2.1858597E-03   1.000000    
        8458        9504  2.0089019E-03   1.000000    
        8459        9505  1.4197928E-03   1.000000    
        8460        9506  2.1557603E-03   1.000000    
        8461        9507  2.0934988E-03   1.000000    
        8462        9508  1.4440314E-03   1.000000    
        8463        9509  2.3089461E-03   1.000000    
        8464        9512  2.0810282E-03   1.000000    
        8465        9513  1.4448781E-03   1.000000    
        8466        9514  2.3111054E-03   1.000000    
        8467        9515  1.6974576E-03   1.000000    
        8468        9516  1.1155347E-03   1.000000    
        8469        9517  1.4049022E-03   1.000000    
        8470        9518  1.1404007E-03   1.000000    
        8471        9523  1.7011007E-03   1.000000    
        8472        9524  1.1132831E-03   1.000000    
        8473        9525  1.3912822E-03   1.000000    
        8474        9526  1.1418727E-03   1.000000    
        8475        9527  1.7195160E-03   1.000000    
        8476        9528  1.7471797E-03   1.000000    
        8477        9529  1.4516115E-03   1.000000    
        8478        9532  1.7316107E-03   1.000000    
        8479        9533  1.7378973E-03   1.000000    
        8480        9534  1.4685685E-03   1.000000    
        8481        9535  1.8040437E-03   1.000000    
        8482        9536  1.1082984E-03   1.000000    
        8483        9538  1.7809137E-03   1.000000    
        8484        9539  1.0932114E-03   1.000000    
        8485        9540  1.8680269E-03   1.000000    
        8486        9541  1.2556399E-03   1.000000    
        8487        9543  1.8512063E-03   1.000000    
        8488        9544  1.2516755E-03   1.000000    
        8489        9545  2.5223405E-03   1.000000    
        8490        9546  1.5117064E-03   1.000000    
        8491        9547  2.1087569E-03   1.000000    
        8492        9550  2.5395819E-03   1.000000    
        8493        9551  1.5203950E-03   1.000000    
        8494        9552  2.1182834E-03   1.000000    
        8495        9553  1.4166236E-03   1.000000    
        8496        9554  1.2825070E-03   1.000000    
        8497        9555  1.5126461E-03   1.000000    
        8498        9556  1.2521480E-03   1.000000    
        8499        9557  6.0311571E-04   1.000000    
        8500        9558  6.0699700E-04   1.000000    
        8501        9561  1.3730515E-03   1.000000    
        8502        9562  1.2378775E-03   1.000000    
        8503        9563  1.4582085E-03   1.000000    
        8504        9564  1.1937227E-03   1.000000    
        8505        9565  1.3927849E-03   1.000000    
        8506        9566  1.7277311E-03   1.000000    
        8507        9567  1.2483710E-03   1.000000    
        8508        9568  6.0264277E-04   1.000000    
        8509        9570  1.3304782E-03   1.000000    
        8510        9571  1.6404713E-03   1.000000    
        8511        9572  1.1696635E-03   1.000000    
        8512        9573  2.0396181E-03   1.000000    
        8513        9574  1.3571413E-03   1.000000    
        8514        9575  2.1717502E-03   1.000000    
        8515        9578  1.8874831E-03   1.000000    
        8516        9579  1.2633093E-03   1.000000    
        8517        9580  2.0334793E-03   1.000000    
        8518        9581  1.9857101E-03   1.000000    
        8519        9582  1.2951971E-03   1.000000    
        8520        9583  2.1656812E-03   1.000000    
        8521        9586  1.9805562E-03   1.000000    
        8522        9587  1.3002395E-03   1.000000    
        8523        9588  2.1661024E-03   1.000000    
        8524        9589  1.7760716E-03   1.000000    
        8525        9590  1.4027928E-03   1.000000    
        8526        9591  1.2530636E-03   1.000000    
        8527        9592  1.0925364E-03   1.000000    
        8528        9597  1.6790465E-03   1.000000    
        8529        9598  1.3481932E-03   1.000000    
        8530        9599  1.2178334E-03   1.000000    
        8531        9600  1.0438428E-03   1.000000    
        8532        9601  1.1473914E-03   1.000000    
        8533        9602  1.0691809E-03   1.000000    
        8534        9603  1.1325534E-03   1.000000    
        8535        9604  6.1258336E-04   1.000000    
        8536        9605  6.0255232E-04   1.000000    
        8537        9606  1.1141265E-03   1.000000    
        8538        9607  1.0066108E-03   1.000000    
        8539        9608  1.1078173E-03   1.000000    
        8540        9609  1.6640646E-03   1.000000    
        8541        9610  1.0212557E-03   1.000000    
        8542        9611  6.1804085E-04   1.000000    
        8543        9612  1.6469136E-03   1.000000    
        8544        9613  1.0141442E-03   1.000000    
        8545        9614  1.3428249E-03   1.000000    
        8546        9615  1.1556176E-03   1.000000    
        8547        9616  1.1809978E-03   1.000000    
        8548        9617  6.2139740E-04   1.000000    
        8549        9618  6.2589481E-04   1.000000    
        8550        9619  1.3612120E-03   1.000000    
        8551        9620  1.1791114E-03   1.000000    
        8552        9621  1.1897980E-03   1.000000    
        8553        9622  1.3611565E-03   1.000000    
        8554        9623  1.4879138E-03   1.000000    
        8555        9624  1.2166831E-03   1.000000    
        8556        9625  6.1526708E-04   1.000000    
        8557        9627  1.3610997E-03   1.000000    
        8558        9628  1.4789428E-03   1.000000    
        8559        9629  1.2058862E-03   1.000000    
        8560        9630  1.6139192E-03   1.000000    
        8561        9631  1.4802798E-03   1.000000    
        8562        9632  1.0151634E-03   1.000000    
        8563        9633  1.0751361E-03   1.000000    
        8564        9638  1.6304576E-03   1.000000    
        8565        9639  1.4856274E-03   1.000000    
        8566        9640  1.0153644E-03   1.000000    
        8567        9641  1.0860285E-03   1.000000    
        8568        9642  1.1383222E-03   1.000000    
        8569        9643  1.2779984E-03   1.000000    
        8570        9644  9.2560839E-04   1.000000    
        8571        9645  6.1749778E-04   1.000000    
        8572        9646  6.1978534E-04   1.000000    
        8573        9647  1.1452383E-03   1.000000    
        8574        9648  1.2906401E-03   1.000000    
        8575        9649  9.2371780E-04   1.000000    
        8576        9650  1.1148298E-03   1.000000    
        8577        9651  8.6704048E-04   1.000000    
        8578        9652  6.1575812E-04   1.000000    
        8579        9653  1.1066224E-03   1.000000    
        8580        9654  8.6162356E-04   1.000000    
        8581        9655  1.5375796E-03   1.000000    
        8582        9656  1.7241347E-03   1.000000    
        8583        9657  1.1566894E-03   1.000000    
        8584        9658  9.8268036E-04   1.000000    
        8585        9663  1.5191925E-03   1.000000    
        8586        9664  1.7096581E-03   1.000000    
        8587        9665  1.1332593E-03   1.000000    
        8588        9666  9.6234033E-04   1.000000    
        8589        9667  1.3859763E-03   1.000000    
        8590        9668  1.1602629E-03   1.000000    
        8591        9669  1.0367829E-03   1.000000    
        8592        9672  1.3402990E-03   1.000000    
        8593        9673  1.1321972E-03   1.000000    
        8594        9674  1.0111809E-03   1.000000    
        8595        9675  2.0113457E-03   1.000000    
        8596        9676  1.3643259E-03   1.000000    
        8597        9678  1.9537804E-03   1.000000    
        8598        9679  1.2972651E-03   1.000000    
        8599        9680  1.9532104E-03   1.000000    
        8600        9681  1.9160793E-03   1.000000    
        8601        9682  1.6216956E-03   1.000000    
        8602        9683  1.4538210E-03   1.000000    
        8603        9688  1.9344453E-03   1.000000    
        8604        9689  1.9142310E-03   1.000000    
        8605        9690  1.6053106E-03   1.000000    
        8606        9691  1.4202716E-03   1.000000    
        8607        9692  2.3010627E-03   1.000000    
        8608        9693  1.7494273E-03   1.000000    
        8609        9694  1.4605772E-03   1.000000    
        8610        9697  2.2233063E-03   1.000000    
        8611        9698  1.6886857E-03   1.000000    
        8612        9699  1.3944509E-03   1.000000    
        8613        9700  1.9391484E-03   1.000000    
        8614        9701  1.2766381E-03   1.000000    
        8615        9702  2.0230690E-03   1.000000    
        8616        9705  1.8134423E-03   1.000000    
        8617        9706  1.1979871E-03   1.000000    
        8618        9707  1.9166271E-03   1.000000    
        8619        9708  1.2688723E-03   1.000000    
        8620        9709  1.2278409E-03   1.000000    
        8621        9710  1.7562552E-03   1.000000    
        8622        9711  1.2990648E-03   1.000000    
        8623        9716  1.2869206E-03   1.000000    
        8624        9717  1.2399891E-03   1.000000    
        8625        9718  1.7795699E-03   1.000000    
        8626        9719  1.3164842E-03   1.000000    
        8627        9720  1.2375657E-03   1.000000    
        8628        9721  1.0661770E-03   1.000000    
        8629        9722  1.1260115E-03   1.000000    
        8630        9723  6.2015915E-04   1.000000    
        8631        9724  6.2012381E-04   1.000000    
        8632        9725  1.2478179E-03   1.000000    
        8633        9726  1.0788840E-03   1.000000    
        8634        9727  1.1384108E-03   1.000000    
        8635        9728  2.0618257E-03   1.000000    
        8636        9729  1.3939791E-03   1.000000    
        8637        9730  2.1804196E-03   1.000000    
        8638        9733  2.0581398E-03   1.000000    
        8639        9734  1.3952998E-03   1.000000    
        8640        9735  2.1936407E-03   1.000000    
        8641        9736  1.8200336E-03   1.000000    
        8642        9737  1.4335249E-03   1.000000    
        8643        9739  1.7828641E-03   1.000000    
        8644        9740  1.4062426E-03   1.000000    
        8645        9741  1.3529792E-03   1.000000    
        8646        9742  1.4125798E-03   1.000000    
        8647        9744  1.3224670E-03   1.000000    
        8648        9745  1.3652279E-03   1.000000    
        8649        9746  1.3296067E-03   1.000000    
        8650        9747  9.9026412E-04   1.000000    
        8651        9748  1.0069011E-03   1.000000    
        8652        9751  1.3027970E-03   1.000000    
        8653        9752  9.7305526E-04   1.000000    
        8654        9753  9.8230224E-04   1.000000    
        8655        9754  1.3082763E-03   1.000000    
        8656        9755  8.8488177E-04   1.000000    
        8657        9757  1.2749512E-03   1.000000    
        8658        9758  8.5920660E-04   1.000000    
        8659        9759  1.9814596E-03   1.000000    
        8660        9760  1.6861471E-03   1.000000    
        8661        9761  2.5210374E-03   1.000000    
        8662        9764  2.0056402E-03   1.000000    
        8663        9765  1.7086152E-03   1.000000    
        8664        9766  2.5487067E-03   1.000000    
        8665        9767  2.3101636E-03   1.000000    
        8666        9768  1.4402923E-03   1.000000    
        8667        9769  2.0851605E-03   1.000000    
        8668        9772  2.3326504E-03   1.000000    
        8669        9773  1.4524477E-03   1.000000    
        8670        9774  2.1000423E-03   1.000000    
        8671        9775  1.8698273E-03   1.000000    
        8672        9776  1.2247765E-03   1.000000    
        8673        9777  1.7948608E-03   1.000000    
        8674        9780  1.8833721E-03   1.000000    
        8675        9781  1.2355585E-03   1.000000    
        8676        9782  1.8157299E-03   1.000000    
        8677        9783  1.6041754E-03   1.000000    
        8678        9784  1.0286514E-03   1.000000    
        8679        9785  1.0681819E-03   1.000000    
        8680        9788  1.5755505E-03   1.000000    
        8681        9789  1.0111850E-03   1.000000    
        8682        9790  1.0382993E-03   1.000000    
        8683        9791  1.4401234E-03   1.000000    
        8684        9792  1.3734552E-03   1.000000    
        8685        9793  1.3977162E-03   1.000000    
        8686        9794  1.3252753E-03   1.000000    
        8687        9795  1.4133936E-03   1.000000    
        8688        9796  1.8265164E-03   1.000000    
        8689        9797  1.3077370E-03   1.000000    
        8690        9798  6.0903013E-04   1.000000    
        8691        9800  1.3427167E-03   1.000000    
        8692        9801  1.7072250E-03   1.000000    
        8693        9802  1.2285858E-03   1.000000    
        8694        9803  2.1503253E-03   1.000000    
        8695        9804  2.3293442E-03   1.000000    
        8696        9805  1.8150377E-03   1.000000    
        8697        9808  2.0226659E-03   1.000000    
        8698        9809  2.2317045E-03   1.000000    
        8699        9810  1.7487252E-03   1.000000    
        8700        9811  1.4408134E-03   1.000000    
        8701        9812  9.3663600E-04   1.000000    
        8702        9813  1.0079183E-03   1.000000    
        8703        9816  1.4560021E-03   1.000000    
        8704        9817  9.4847800E-04   1.000000    
        8705        9818  1.0163639E-03   1.000000    
        8706        9819  1.1128837E-03   1.000000    
        8707        9820  1.2324923E-03   1.000000    
        8708        9821  8.8290375E-04   1.000000    
        8709        9822  6.1901915E-04   1.000000    
        8710        9823  6.1844196E-04   1.000000    
        8711        9824  1.1165995E-03   1.000000    
        8712        9825  1.2429022E-03   1.000000    
        8713        9826  8.9032366E-04   1.000000    
        8714        9827  8.5219019E-04   1.000000    
        8715        9828  8.5670885E-04   1.000000    
        8716        9829  2.1046365E-03   1.000000    
        8717        9830  1.4106660E-03   1.000000    
        8718        9831  1.9980702E-03   1.000000    
        8719        9834  2.1180175E-03   1.000000    
        8720        9835  1.4216254E-03   1.000000    
        8721        9836  2.0108607E-03   1.000000    
        8722        9837  1.6707620E-03   1.000000    
        8723        9838  2.0731962E-03   1.000000    
        8724        9839  1.6120551E-03   1.000000    
        8725        9842  1.6470021E-03   1.000000    
        8726        9843  2.0276543E-03   1.000000    
        8727        9844  1.5651585E-03   1.000000    
        8728        9845  1.8800861E-03   1.000000    
        8729        9846  1.3255531E-03   1.000000    
        8730        9847  1.7912772E-03   1.000000    
        8731        9848  1.2743670E-03   1.000000    
        8732        9849  1.7097767E-03   1.000000    
        8733        9850  1.1355898E-03   1.000000    
        8734        9851  1.1385076E-03   1.000000    
        8735        9854  1.7216208E-03   1.000000    
        8736        9855  1.1420191E-03   1.000000    
        8737        9856  1.1474238E-03   1.000000    
        8738        9857  1.7114956E-03   1.000000    
        8739        9858  1.4303031E-03   1.000000    
        8740        9860  1.7309290E-03   1.000000    
        8741        9861  1.4576393E-03   1.000000    
        8742        9862  1.3251633E-03   1.000000    
        8743        9863  1.2259712E-03   1.000000    
        8744        9864  1.5632081E-03   1.000000    
        8745        9865  1.0772888E-03   1.000000    
        8746        9866  6.0867780E-04   1.000000    
        8747        9867  6.0604839E-04   1.000000    
        8748        9870  1.2890022E-03   1.000000    
        8749        9871  1.1867149E-03   1.000000    
        8750        9872  1.5115524E-03   1.000000    
        8751        9873  1.0471785E-03   1.000000    
        8752        9874  1.2845334E-03   1.000000    
        8753        9875  1.1978056E-03   1.000000    
        8754        9876  1.0022860E-03   1.000000    
        8755        9877  6.1429589E-04   1.000000    
        8756        9878  6.1566080E-04   1.000000    
        8757        9879  1.2657491E-03   1.000000    
        8758        9880  1.1731962E-03   1.000000    
        8759        9881  9.9006377E-04   1.000000    
        8760        9882  1.5771348E-03   1.000000    
        8761        9883  9.2011306E-04   1.000000    
        8762        9885  1.5504278E-03   1.000000    
        8763        9886  9.0385083E-04   1.000000    
        8764        9887  1.9479854E-03   1.000000    
        8765        9888  1.2101062E-03   1.000000    
        8766        9890  1.9395890E-03   1.000000    
        8767        9891  1.2106630E-03   1.000000    
        8768        9892  2.6599315E-03   1.000000    
        8769        9893  1.6674037E-03   1.000000    
        8770        9894  2.4585002E-03   1.000000    
        8771        9897  2.6856021E-03   1.000000    
        8772        9898  1.6849852E-03   1.000000    
        8773        9899  2.4897624E-03   1.000000    
        8774        9900  2.2022575E-03   1.000000    
        8775        9901  1.3891874E-03   1.000000    
        8776        9902  2.0402691E-03   1.000000    
        8777        9905  2.2232917E-03   1.000000    
        8778        9906  1.4019442E-03   1.000000    
        8779        9907  2.0589130E-03   1.000000    
        8780        9908  1.5604995E-03   1.000000    
        8781        9909  1.4189802E-03   1.000000    
        8782        9910  1.6642477E-03   1.000000    
        8783        9911  1.0578695E-03   1.000000    
        8784        9916  1.5608814E-03   1.000000    
        8785        9917  1.4250384E-03   1.000000    
        8786        9918  1.6710213E-03   1.000000    
        8787        9919  1.0588455E-03   1.000000    
        8788        9920  1.4836217E-03   1.000000    
        8789        9921  1.6174082E-03   1.000000    
        8790        9922  1.3160334E-03   1.000000    
        8791        9925  1.4864849E-03   1.000000    
        8792        9926  1.6210965E-03   1.000000    
        8793        9927  1.3168344E-03   1.000000    
        8794        9928  2.4783807E-03   1.000000    
        8795        9929  2.1701441E-03   1.000000    
        8796        9930  1.7210025E-03   1.000000    
        8797        9932  2.4695662E-03   1.000000    
        8798        9933  2.1305811E-03   1.000000    
        8799        9934  1.7081377E-03   1.000000    
        8800        9935  2.2533929E-03   1.000000    
        8801        9936  1.7095420E-03   1.000000    
        8802        9938  2.2570896E-03   1.000000    
        8803        9939  1.7130499E-03   1.000000    
        8804        9940  1.0234839E-03   1.000000    
        8805        9941  8.0092601E-04   1.000000    
        8806        9942  7.0627977E-04   1.000000    
        8807        9943  7.0950802E-04   1.000000    
        8808        9944  6.2684360E-04   1.000000    
        8809        9945  6.2202767E-04   1.000000    
        8810        9948  1.0341300E-03   1.000000    
        8811        9949  8.0805441E-04   1.000000    
        8812        9950  7.1182422E-04   1.000000    
        8813        9951  7.1831222E-04   1.000000    
        8814        9952  1.6143384E-03   1.000000    
        8815        9953  8.3763432E-04   1.000000    
        8816        9954  9.2830654E-04   1.000000    
        8817        9957  1.6522933E-03   1.000000    
        8818        9958  8.4479491E-04   1.000000    
        8819        9959  9.3654112E-04   1.000000    
        8820        9960  1.3731356E-03   1.000000    
        8821        9961  1.2593151E-03   1.000000    
        8822        9962  5.6787749E-04   1.000000    
        8823        9964  1.3673374E-03   1.000000    
        8824        9965  1.2647185E-03   1.000000    
        8825        9966  5.6901993E-04   1.000000    
        8826        9967  1.0175186E-03   1.000000    
        8827        9968  1.0153410E-03   1.000000    
        8828        9969  1.9152593E-03   1.000000    
        8829        9970  1.8139714E-03   1.000000    
        8830        9971  1.3463519E-03   1.000000    
        8831        9972  1.3428304E-03   1.000000    
        8832        9976  1.9315673E-03   1.000000    
        8833        9977  1.8301355E-03   1.000000    
        8834        9978  1.3601662E-03   1.000000    
        8835        9979  1.3500946E-03   1.000000    
        8836        9980  1.2572458E-03   1.000000    
        8837        9981  1.4649739E-03   1.000000    
        8838        9982  1.1453006E-03   1.000000    
        8839        9983  6.1812910E-04   1.000000    
        8840        9984  6.1644200E-04   1.000000    
        8841        9985  1.2590467E-03   1.000000    
        8842        9986  1.4659408E-03   1.000000    
        8843        9987  1.1520915E-03   1.000000    
        8844        9988  9.5427432E-04   1.000000    
        8845        9989  9.5839490E-04   1.000000    
        8846        9990  1.5497340E-03   1.000000    
        8847        9991  1.5582128E-03   1.000000    
        8848        9992  2.2964887E-03   1.000000    
        8849        9993  1.5134042E-03   1.000000    
        8850        9994  2.1601366E-03   1.000000    
        8851        9997  2.3124167E-03   1.000000    
        8852        9998  1.5285558E-03   1.000000    
        8853        9999  2.1790247E-03   1.000000    
        8854       10000  2.0274692E-03   1.000000    
        8855       10001  1.3512588E-03   1.000000    
        8856       10002  2.0873458E-03   1.000000    
        8857       10005  2.0225320E-03   1.000000    
        8858       10006  1.3521394E-03   1.000000    
        8859       10007  2.0959205E-03   1.000000    
        8860       10008  1.7200270E-03   1.000000    
        8861       10009  1.1429213E-03   1.000000    
        8862       10010  1.4248559E-03   1.000000    
        8863       10013  1.7399692E-03   1.000000    
        8864       10014  1.1548036E-03   1.000000    
        8865       10015  1.4543858E-03   1.000000    
        8866       10016  1.3237739E-03   1.000000    
        8867       10017  1.1417000E-03   1.000000    
        8868       10018  1.1407627E-03   1.000000    
        8869       10019  6.2783516E-04   1.000000    
        8870       10020  6.2825059E-04   1.000000    
        8871       10021  1.3518779E-03   1.000000    
        8872       10022  1.1703600E-03   1.000000    
        8873       10023  1.1696315E-03   1.000000    
        8874       10024  1.3288840E-03   1.000000    
        8875       10025  1.3555667E-03   1.000000    
        8876       10026  1.7159447E-03   1.000000    
        8877       10027  1.1713747E-03   1.000000    
        8878       10028  1.7061661E-03   1.000000    
        8879       10029  1.1076628E-03   1.000000    
        8880       10034  1.6264698E-03   1.000000    
        8881       10035  1.1030317E-03   1.000000    
        8882       10036  1.6210610E-03   1.000000    
        8883       10037  1.0556517E-03   1.000000    
        8884       10038  1.5981861E-03   1.000000    
        8885       10039  1.6186701E-03   1.000000    
        8886       10040  1.0551789E-03   1.000000    
        8887       10043  1.5375823E-03   1.000000    
        8888       10044  1.5555688E-03   1.000000    
        8889       10045  1.0153513E-03   1.000000    
        8890       10046  1.9944685E-03   1.000000    
        8891       10047  1.4142913E-03   1.000000    
        8892       10048  1.3907023E-03   1.000000    
        8893       10051  2.0105408E-03   1.000000    
        8894       10052  1.4278506E-03   1.000000    
        8895       10053  1.3983154E-03   1.000000    
        8896       10054  1.2740537E-03   1.000000    
        8897       10055  1.4749134E-03   1.000000    
        8898       10056  1.1852004E-03   1.000000    
        8899       10057  6.1928935E-04   1.000000    
        8900       10058  6.1909086E-04   1.000000    
        8901       10059  1.2760336E-03   1.000000    
        8902       10060  1.4788667E-03   1.000000    
        8903       10061  1.1926614E-03   1.000000    
        8904       10062  9.7025308E-04   1.000000    
        8905       10063  9.7536814E-04   1.000000    
        8906       10064  2.5876653E-03   1.000000    
        8907       10065  1.6088608E-03   1.000000    
        8908       10066  2.3705210E-03   1.000000    
        8909       10069  2.6081046E-03   1.000000    
        8910       10070  1.6189385E-03   1.000000    
        8911       10071  2.3910101E-03   1.000000    
        8912       10072  1.0308444E-03   1.000000    
        8913       10073  1.3550281E-03   1.000000    
        8914       10074  1.0455202E-03   1.000000    
        8915       10075  1.3631247E-03   1.000000    
        8916       10076  1.3224761E-03   1.000000    
        8917       10077  1.3201927E-03   1.000000    
        8918       10078  1.1981704E-03   1.000000    
        8919       10079  1.8437147E-03   1.000000    
        8920       10080  1.5840505E-03   1.000000    
        8921       10083  1.2045006E-03   1.000000    
        8922       10084  1.8435699E-03   1.000000    
        8923       10085  1.5713582E-03   1.000000    
        8924       10086  1.4427583E-03   1.000000    
        8925       10087  1.3218919E-03   1.000000    
        8926       10088  6.1096787E-04   1.000000    
        8927       10089  1.4263483E-03   1.000000    
        8928       10090  1.3018530E-03   1.000000    
        8929       10091  1.0888370E-03   1.000000    
        8930       10092  1.0314365E-03   1.000000    
        8931       10093  1.6365229E-03   1.000000    
        8932       10094  1.5306132E-03   1.000000    
        8933       10095  1.4774357E-03   1.000000    
        8934       10096  1.4064609E-03   1.000000    
        8935       10097  1.5266178E-03   1.000000    
        8936       10098  1.2723996E-03   1.000000    
        8937       10099  1.1864472E-03   1.000000    
        8938       10102  1.5381159E-03   1.000000    
        8939       10103  1.2839349E-03   1.000000    
        8940       10104  1.1868631E-03   1.000000    
        8941       10105  1.3744449E-03   1.000000    
        8942       10106  1.3708207E-03   1.000000    
        8943       10107  1.4660023E-03   1.000000    
        8944       10108  1.7025634E-03   1.000000    
        8945       10109  1.3815870E-03   1.000000    
        8946       10110  6.1635382E-04   1.000000    
        8947       10111  1.4130870E-03   1.000000    
        8948       10112  1.6055508E-03   1.000000    
        8949       10113  1.3276137E-03   1.000000    
        8950       10114  1.5136481E-03   1.000000    
        8951       10115  1.4843753E-03   1.000000    
        8952       10116  6.2047323E-04   1.000000    
        8953       10117  1.4874395E-03   1.000000    
        8954       10118  1.4570552E-03   1.000000    
        8955       10119  1.8016020E-03   1.000000    
        8956       10120  2.2914680E-03   1.000000    
        8957       10121  1.6385830E-03   1.000000    
        8958       10122  6.3054066E-04   1.000000    
        8959       10124  1.8512328E-03   1.000000    
        8960       10125  2.3439659E-03   1.000000    
        8961       10126  1.6888576E-03   1.000000    
        8962       10127  1.5472063E-03   1.000000    
        8963       10128  1.6512423E-03   1.000000    
        8964       10129  1.4519488E-03   1.000000    
        8965       10132  1.5421407E-03   1.000000    
        8966       10133  1.6330108E-03   1.000000    
        8967       10134  1.4214064E-03   1.000000    
        8968       10135  1.3121044E-03   1.000000    
        8969       10136  1.4719567E-03   1.000000    
        8970       10137  6.0891395E-04   1.000000    
        8971       10138  1.2813595E-03   1.000000    
        8972       10139  1.4370462E-03   1.000000    
        8973       10140  2.2405086E-03   1.000000    
        8974       10141  1.1613290E-03   1.000000    
        8975       10142  6.0989929E-04   1.000000    
        8976       10143  2.2079260E-03   1.000000    
        8977       10144  1.1427416E-03   1.000000    
        8978       10145  2.1556281E-03   1.000000    
        8979       10146  1.8157616E-03   1.000000    
        8980       10147  2.5583345E-03   1.000000    
        8981       10150  2.1701460E-03   1.000000    
        8982       10151  1.8257676E-03   1.000000    
        8983       10152  2.5701069E-03   1.000000    
        8984       10153  1.6287462E-03   1.000000    
        8985       10154  1.6386207E-03   1.000000    
        8986       10155  1.4282144E-03   1.000000    
        8987       10156  1.2953512E-03   1.000000    
        8988       10157  1.1137770E-03   1.000000    
        8989       10160  1.2011223E-03   1.000000    
        8990       10161  1.0758690E-03   1.000000    
        8991       10162  9.2598877E-04   1.000000    
        8992       10163  1.1457450E-03   1.000000    
        8993       10164  1.2024833E-03   1.000000    
        8994       10165  5.5256882E-04   1.000000    
        8995       10166  1.0004394E-03   1.000000    
        8996       10167  9.9366368E-04   1.000000    
        8997       10168  1.7682634E-03   1.000000    
        8998       10169  1.0207838E-03   1.000000    
        8999       10170  5.6211738E-04   1.000000    
        9000       10171  1.5030572E-03   1.000000    
        9001       10172  8.9157693E-04   1.000000    
        9002       10173  1.9055688E-03   1.000000    
        9003       10174  1.5052491E-03   1.000000    
        9004       10175  1.8169107E-03   1.000000    
        9005       10176  1.2484033E-03   1.000000    
        9006       10181  1.8967109E-03   1.000000    
        9007       10182  1.5015148E-03   1.000000    
        9008       10183  1.8188300E-03   1.000000    
        9009       10184  1.2446565E-03   1.000000    
        9010       10185  1.9525551E-03   1.000000    
        9011       10186  1.8482042E-03   1.000000    
        9012       10187  1.2651788E-03   1.000000    
        9013       10190  1.9402299E-03   1.000000    
        9014       10191  1.8505452E-03   1.000000    
        9015       10192  1.2599754E-03   1.000000    
        9016       10193  1.0834718E-03   1.000000    
        9017       10194  9.7988721E-04   1.000000    
        9018       10195  1.0495391E-03   1.000000    
        9019       10196  6.1698369E-04   1.000000    
        9020       10198  1.0682388E-03   1.000000    
        9021       10199  9.5556024E-04   1.000000    
        9022       10200  1.0340317E-03   1.000000    
        9023       10201  2.0249730E-03   1.000000    
        9024       10202  9.9278975E-04   1.000000    
        9025       10203  1.1524763E-03   1.000000    
        9026       10205  6.1969378E-04   1.000000    
        9027       10206  1.9991542E-03   1.000000    
        9028       10207  9.8589482E-04   1.000000    
        9029       10208  1.1269773E-03   1.000000    
        9030       10209  1.6493215E-03   1.000000    
        9031       10210  1.6032632E-03   1.000000    
        9032       10211  1.9573432E-03   1.000000    
        9033       10212  1.2818150E-03   1.000000    
        9034       10213  1.6358205E-03   1.000000    
        9035       10216  1.9528617E-03   1.000000    
        9036       10217  1.2727722E-03   1.000000    
        9037       10218  1.6334507E-03   1.000000    
        9038       10219  1.4570419E-03   1.000000    
        9039       10220  1.3478749E-03   1.000000    
        9040       10221  6.1817560E-04   1.000000    
        9041       10222  1.4561308E-03   1.000000    
        9042       10223  1.3455648E-03   1.000000    
        9043       10224  1.5949184E-03   1.000000    
        9044       10225  1.2567753E-03   1.000000    
        9045       10226  1.2580063E-03   1.000000    
        9046       10227  1.0565026E-03   1.000000    
        9047       10231  1.5960658E-03   1.000000    
        9048       10232  1.2512346E-03   1.000000    
        9049       10233  1.2526965E-03   1.000000    
        9050       10234  1.0611031E-03   1.000000    
        9051       10235  1.1474066E-03   1.000000    
        9052       10236  9.9221652E-04   1.000000    
        9053       10237  1.1882163E-03   1.000000    
        9054       10238  6.1894418E-04   1.000000    
        9055       10239  6.2125741E-04   1.000000    
        9056       10240  1.1528110E-03   1.000000    
        9057       10241  9.9788676E-04   1.000000    
        9058       10242  1.1849843E-03   1.000000    
        9059       10243  1.9559604E-03   1.000000    
        9060       10244  1.0671252E-03   1.000000    
        9061       10245  6.1782345E-04   1.000000    
        9062       10246  1.9477613E-03   1.000000    
        9063       10247  1.0615692E-03   1.000000    
        9064       10248  2.1972281E-03   1.000000    
        9065       10249  1.8387683E-03   1.000000    
        9066       10251  2.2112168E-03   1.000000    
        9067       10252  1.8521796E-03   1.000000    
        9068       10253  2.5068845E-03   1.000000    
        9069       10254  1.5105216E-03   1.000000    
        9070       10255  2.2635462E-03   1.000000    
        9071       10258  2.5157321E-03   1.000000    
        9072       10259  1.5152402E-03   1.000000    
        9073       10260  2.2753775E-03   1.000000    
        9074       10261  2.1112175E-03   1.000000    
        9075       10262  1.3400373E-03   1.000000    
        9076       10263  1.9883907E-03   1.000000    
        9077       10266  2.1262425E-03   1.000000    
        9078       10267  1.3478949E-03   1.000000    
        9079       10268  2.0046982E-03   1.000000    
        9080       10269  1.1983835E-03   1.000000    
        9081       10270  1.2080066E-03   1.000000    
        9082       10271  1.2420751E-03   1.000000    
        9083       10272  1.0560780E-03   1.000000    
        9084       10273  8.8811666E-04   1.000000    
        9085       10274  9.4187527E-04   1.000000    
        9086       10279  1.2388347E-03   1.000000    
        9087       10280  1.0577698E-03   1.000000    
        9088       10281  8.8662386E-04   1.000000    
        9089       10282  9.3566329E-04   1.000000    
        9090       10283  1.4766864E-03   1.000000    
        9091       10284  1.2362892E-03   1.000000    
        9092       10285  1.0513887E-03   1.000000    
        9093       10288  1.4591836E-03   1.000000    
        9094       10289  1.2257005E-03   1.000000    
        9095       10290  1.0441489E-03   1.000000    
        9096       10291  1.1559353E-03   1.000000    
        9097       10292  1.5724386E-03   1.000000    
        9098       10294  1.1549018E-03   1.000000    
        9099       10295  1.5641782E-03   1.000000    
        9100       10296  1.7173172E-03   1.000000    
        9101       10297  1.3920348E-03   1.000000    
        9102       10298  1.1348629E-03   1.000000    
        9103       10301  1.7291369E-03   1.000000    
        9104       10302  1.3894775E-03   1.000000    
        9105       10303  1.1424399E-03   1.000000    
        9106       10304  1.7209626E-03   1.000000    
        9107       10305  1.7316511E-03   1.000000    
        9108       10306  1.4441635E-03   1.000000    
        9109       10309  1.7378266E-03   1.000000    
        9110       10310  1.7420400E-03   1.000000    
        9111       10311  1.4575444E-03   1.000000    
        9112       10312  1.0990012E-03   1.000000    
        9113       10313  1.1926556E-03   1.000000    
        9114       10314  1.0513534E-03   1.000000    
        9115       10315  1.1270260E-03   1.000000    
        9116       10316  1.8301049E-03   1.000000    
        9117       10317  1.7184909E-03   1.000000    
        9118       10318  1.8654839E-03   1.000000    
        9119       10319  1.4373442E-03   1.000000    
        9120       10320  1.9173231E-03   1.000000    
        9121       10321  1.2037744E-03   1.000000    
        9122       10326  1.8866386E-03   1.000000    
        9123       10327  1.4448145E-03   1.000000    
        9124       10328  1.9420723E-03   1.000000    
        9125       10329  1.2113499E-03   1.000000    
        9126       10330  1.8079991E-03   1.000000    
        9127       10331  1.4218838E-03   1.000000    
        9128       10332  1.3003213E-03   1.000000    
        9129       10334  1.8175154E-03   1.000000    
        9130       10335  1.4336519E-03   1.000000    
        9131       10336  1.3013933E-03   1.000000    
        9132       10337  2.0818531E-03   1.000000    
        9133       10338  2.8108959E-03   1.000000    
        9134       10339  2.1990554E-03   1.000000    
        9135       10340  6.1186141E-04   1.000000    
        9136       10342  2.0573470E-03   1.000000    
        9137       10343  2.7981070E-03   1.000000    
        9138       10344  2.1771556E-03   1.000000    
        9139       10345  2.8618574E-03   1.000000    
        9140       10346  1.8218642E-03   1.000000    
        9141       10347  2.5955120E-03   1.000000    
        9142       10350  2.8860562E-03   1.000000    
        9143       10351  1.8342100E-03   1.000000    
        9144       10352  2.6137654E-03   1.000000    
        9145       10353  1.6595984E-03   1.000000    
        9146       10354  2.3962224E-03   1.000000    
        9147       10356  1.6692010E-03   1.000000    
        9148       10357  2.4177572E-03   1.000000    
        9149       10358  1.7844952E-03   1.000000    
        9150       10359  1.7913112E-03   1.000000    
        9151       10360  1.6518818E-03   1.000000    
        9152       10361  1.3845855E-03   1.000000    
        9153       10366  1.7230777E-03   1.000000    
        9154       10367  1.7103666E-03   1.000000    
        9155       10368  1.6016420E-03   1.000000    
        9156       10369  1.3508862E-03   1.000000    
        9157       10370  1.7724318E-03   1.000000    
        9158       10371  1.7006459E-03   1.000000    
        9159       10372  1.4624611E-03   1.000000    
        9160       10375  1.7394024E-03   1.000000    
        9161       10376  1.6640410E-03   1.000000    
        9162       10377  1.4347391E-03   1.000000    
        9163       10378  2.7817497E-03   1.000000    
        9164       10379  1.7269283E-03   1.000000    
        9165       10381  2.7137240E-03   1.000000    
        9166       10382  1.6985462E-03   1.000000    
        9167       10383  1.8107708E-03   1.000000    
        9168       10384  1.7142564E-03   1.000000    
        9169       10385  1.5849231E-03   1.000000    
        9170       10388  1.6527366E-03   1.000000    
        9171       10389  1.6128321E-03   1.000000    
        9172       10390  1.4767465E-03   1.000000    
        9173       10391  1.3876773E-03   1.000000    
        9174       10392  1.4472648E-03   1.000000    
        9175       10393  5.8602332E-04   1.000000    
        9176       10394  1.3131452E-03   1.000000    
        9177       10395  1.3052037E-03   1.000000    
        9178       10396  1.5943322E-03   1.000000    
        9179       10397  2.4001896E-03   1.000000    
        9180       10398  1.4511076E-03   1.000000    
        9181       10399  6.1878248E-04   1.000000    
        9182       10401  1.5860250E-03   1.000000    
        9183       10402  2.3606194E-03   1.000000    
        9184       10403  1.4405472E-03   1.000000    
        9185       10404  1.7810167E-03   1.000000    
        9186       10405  1.4906781E-03   1.000000    
        9187       10406  1.8123970E-03   1.000000    
        9188       10407  1.1873975E-03   1.000000    
        9189       10412  1.7966403E-03   1.000000    
        9190       10413  1.5079468E-03   1.000000    
        9191       10414  1.8271945E-03   1.000000    
        9192       10415  1.2005183E-03   1.000000    
        9193       10416  1.7729801E-03   1.000000    
        9194       10417  1.7802371E-03   1.000000    
        9195       10418  1.1733823E-03   1.000000    
        9196       10421  1.7887638E-03   1.000000    
        9197       10422  1.7928932E-03   1.000000    
        9198       10423  1.1843761E-03   1.000000    
        9199       10424  1.7457635E-03   1.000000    
        9200       10425  1.1785582E-03   1.000000    
        9201       10426  1.4451194E-03   1.000000    
        9202       10427  1.1481254E-03   1.000000    
        9203       10431  1.7554943E-03   1.000000    
        9204       10432  1.1825328E-03   1.000000    
        9205       10433  1.4426979E-03   1.000000    
        9206       10434  1.1534499E-03   1.000000    
        9207       10435  1.7170594E-03   1.000000    
        9208       10436  1.6845874E-03   1.000000    
        9209       10437  1.7296817E-03   1.000000    
        9210       10438  1.6871516E-03   1.000000    
        9211       10439  2.0287612E-03   1.000000    
        9212       10440  1.5161824E-03   1.000000    
        9213       10441  1.6716031E-03   1.000000    
        9214       10444  1.9750115E-03   1.000000    
        9215       10445  1.4711941E-03   1.000000    
        9216       10446  1.6241939E-03   1.000000    
        9217       10447  1.4164024E-03   1.000000    
        9218       10448  1.2670781E-03   1.000000    
        9219       10449  6.0949725E-04   1.000000    
        9220       10450  1.3826702E-03   1.000000    
        9221       10451  1.2383286E-03   1.000000    
        9222       10452  1.5142997E-03   1.000000    
        9223       10453  1.5595566E-03   1.000000    
        9224       10454  1.0461673E-03   1.000000    
        9225       10457  1.4664187E-03   1.000000    
        9226       10458  1.5044687E-03   1.000000    
        9227       10459  1.0104725E-03   1.000000    
        9228       10460  1.9332786E-03   1.000000    
        9229       10461  1.2665329E-03   1.000000    
        9230       10463  1.9166686E-03   1.000000    
        9231       10464  1.2502900E-03   1.000000    
        9232       10465  1.4506193E-03   1.000000    
        9233       10466  9.0422953E-04   1.000000    
        9234       10468  1.4196149E-03   1.000000    
        9235       10469  8.8455639E-04   1.000000    
        9236       10470  1.7497697E-03   1.000000    
        9237       10471  2.1845459E-03   1.000000    
        9238       10472  1.3587564E-03   1.000000    
        9239       10475  1.7260492E-03   1.000000    
        9240       10476  2.1638691E-03   1.000000    
        9241       10477  1.3419115E-03   1.000000    
        9242       10478  1.4496049E-03   1.000000    
        9243       10479  1.2450484E-03   1.000000    
        9244       10481  1.4315562E-03   1.000000    
        9245       10482  1.2321008E-03   1.000000    
        9246       10483  1.9577038E-03   1.000000    
        9247       10484  2.5968701E-03   1.000000    
        9248       10485  2.0776161E-03   1.000000    
        9249       10486  6.1914884E-04   1.000000    
        9250       10488  1.9567534E-03   1.000000    
        9251       10489  2.5910758E-03   1.000000    
        9252       10490  2.0784875E-03   1.000000    
        9253       10491  2.8619259E-03   1.000000    
        9254       10492  1.7966672E-03   1.000000    
        9255       10494  2.8804259E-03   1.000000    
        9256       10495  1.8058843E-03   1.000000    
        9257       10496  1.5851649E-03   1.000000    
        9258       10497  1.4095181E-03   1.000000    
        9259       10498  1.5938440E-03   1.000000    
        9260       10499  1.4066161E-03   1.000000    
        9261       10500  1.2517555E-03   1.000000    
        9262       10501  1.2462632E-03   1.000000    
        9263       10502  2.0097385E-03   1.000000    
        9264       10503  1.2920270E-03   1.000000    
        9265       10504  1.9370477E-03   1.000000    
        9266       10507  2.0154649E-03   1.000000    
        9267       10508  1.2954042E-03   1.000000    
        9268       10509  1.9424269E-03   1.000000    
        9269       10510  1.6126833E-03   1.000000    
        9270       10511  1.6503653E-03   1.000000    
        9271       10512  1.9924676E-03   1.000000    
        9272       10513  1.3125850E-03   1.000000    
        9273       10518  1.5156217E-03   1.000000    
        9274       10519  1.5346578E-03   1.000000    
        9275       10520  1.8634829E-03   1.000000    
        9276       10521  1.2412799E-03   1.000000    
        9277       10522  1.9315046E-03   1.000000    
        9278       10523  2.0048283E-03   1.000000    
        9279       10524  1.3271819E-03   1.000000    
        9280       10527  1.8455202E-03   1.000000    
        9281       10528  1.9125461E-03   1.000000    
        9282       10529  1.2788440E-03   1.000000    
        9283       10530  1.1815153E-03   1.000000    
        9284       10531  1.7571696E-03   1.000000    
        9285       10532  1.1830736E-03   1.000000    
        9286       10535  1.1946816E-03   1.000000    
        9287       10536  1.7770707E-03   1.000000    
        9288       10537  1.1968685E-03   1.000000    
        9289       10538  1.7762040E-03   1.000000    
        9290       10539  1.7897248E-03   1.000000    
        9291       10540  1.2201315E-03   1.000000    
        9292       10541  1.3408896E-03   1.000000    
        9293       10542  9.6312165E-04   1.000000    
        9294       10544  1.2179666E-03   1.000000    
        9295       10545  1.3392082E-03   1.000000    
        9296       10546  9.6412504E-04   1.000000    
        9297       10547  1.1922721E-03   1.000000    
        9298       10548  1.1961785E-03   1.000000    
        9299       10549  1.4936589E-03   1.000000    
        9300       10550  1.4380300E-03   1.000000    
        9301       10551  1.1223193E-03   1.000000    
        9302       10554  1.5082497E-03   1.000000    
        9303       10555  1.4508324E-03   1.000000    
        9304       10556  1.1282207E-03   1.000000    
        9305       10557  1.6889698E-03   1.000000    
        9306       10558  1.3875993E-03   1.000000    
        9307       10560  1.7011048E-03   1.000000    
        9308       10561  1.3900350E-03   1.000000    
        9309       10562  2.3923262E-03   1.000000    
        9310       10563  2.6057123E-03   1.000000    
        9311       10564  1.6150880E-03   1.000000    
        9312       10567  2.4214797E-03   1.000000    
        9313       10568  2.6285423E-03   1.000000    
        9314       10569  1.6344186E-03   1.000000    
        9315       10570  2.1518550E-03   1.000000    
        9316       10571  2.3277283E-03   1.000000    
        9317       10572  1.4296890E-03   1.000000    
        9318       10575  2.1753744E-03   1.000000    
        9319       10576  2.3449182E-03   1.000000    
        9320       10577  1.4462495E-03   1.000000    
        9321       10578  1.7829295E-03   1.000000    
        9322       10579  9.4354845E-04   1.000000    
        9323       10581  1.7438944E-03   1.000000    
        9324       10582  9.3575474E-04   1.000000    
        9325       10583  1.5409359E-03   1.000000    
        9326       10584  1.1136240E-03   1.000000    
        9327       10586  1.5209659E-03   1.000000    
        9328       10587  1.1171979E-03   1.000000    
        9329       10588  1.6232224E-03   1.000000    
        9330       10589  1.0110470E-03   1.000000    
        9331       10590  1.1380910E-03   1.000000    
        9332       10591  1.3242214E-03   1.000000    
        9333       10596  1.6221324E-03   1.000000    
        9334       10597  1.0055299E-03   1.000000    
        9335       10598  1.1302048E-03   1.000000    
        9336       10599  1.3305107E-03   1.000000    
        9337       10600  1.3013073E-03   1.000000    
        9338       10601  1.1459622E-03   1.000000    
        9339       10602  1.0577558E-03   1.000000    
        9340       10603  6.2417687E-04   1.000000    
        9341       10604  6.2600756E-04   1.000000    
        9342       10605  1.3146887E-03   1.000000    
        9343       10606  1.1651347E-03   1.000000    
        9344       10607  1.0655443E-03   1.000000    
        9345       10608  1.5137114E-03   1.000000    
        9346       10609  1.2261694E-03   1.000000    
        9347       10610  1.3737114E-03   1.000000    
        9348       10613  1.4341619E-03   1.000000    
        9349       10614  1.1831352E-03   1.000000    
        9350       10615  1.3076982E-03   1.000000    
        9351       10616  1.2830765E-03   1.000000    
        9352       10617  1.5661506E-03   1.000000    
        9353       10618  6.0355669E-04   1.000000    
        9354       10619  1.2363050E-03   1.000000    
        9355       10620  1.4815337E-03   1.000000    
        9356       10621  1.8529324E-03   1.000000    
        9357       10622  1.2133551E-03   1.000000    
        9358       10624  1.8658495E-03   1.000000    
        9359       10625  1.2257920E-03   1.000000    
        9360       10626  1.3725531E-03   1.000000    
        9361       10627  1.2309458E-03   1.000000    
        9362       10628  1.0376837E-03   1.000000    
        9363       10629  1.0273784E-03   1.000000    
        9364       10634  1.3777456E-03   1.000000    
        9365       10635  1.2358800E-03   1.000000    
        9366       10636  1.0418962E-03   1.000000    
        9367       10637  1.0284521E-03   1.000000    
        9368       10638  1.2800582E-03   1.000000    
        9369       10639  1.2140488E-03   1.000000    
        9370       10640  1.2862092E-03   1.000000    
        9371       10641  1.2195915E-03   1.000000    
        9372       10642  1.7548837E-03   1.000000    
        9373       10643  1.6138077E-03   1.000000    
        9374       10645  1.7629300E-03   1.000000    
        9375       10646  1.6262132E-03   1.000000    
        9376       10647  3.0175287E-03   1.000000    
        9377       10648  1.7722064E-03   1.000000    
        9378       10649  2.6085791E-03   1.000000    
        9379       10652  3.0400266E-03   1.000000    
        9380       10653  1.7827442E-03   1.000000    
        9381       10654  2.6232034E-03   1.000000    
        9382       10655  1.6284378E-03   1.000000    
        9383       10656  2.4409618E-03   1.000000    
        9384       10658  1.6348612E-03   1.000000    
        9385       10659  2.4528347E-03   1.000000    
        9386       10660  1.2811676E-03   1.000000    
        9387       10661  1.9046438E-03   1.000000    
        9388       10662  1.5181924E-03   1.000000    
        9389       10665  1.2930791E-03   1.000000    
        9390       10666  1.9218097E-03   1.000000    
        9391       10667  1.5340747E-03   1.000000    
        9392       10668  1.3689190E-03   1.000000    
        9393       10669  1.5950419E-03   1.000000    
        9394       10670  6.1970425E-04   1.000000    
        9395       10671  1.3776280E-03   1.000000    
        9396       10672  1.6044658E-03   1.000000    
        9397       10673  1.9928264E-03   1.000000    
        9398       10674  1.3151059E-03   1.000000    
        9399       10675  1.9942555E-03   1.000000    
        9400       10677  1.9930871E-03   1.000000    
        9401       10678  1.3198945E-03   1.000000    
        9402       10679  2.0022620E-03   1.000000    
        9403       10680  1.8090262E-03   1.000000    
        9404       10681  1.3513688E-03   1.000000    
        9405       10682  2.2773123E-03   1.000000    
        9406       10683  1.7709414E-03   1.000000    
        9407       10687  1.6495119E-03   1.000000    
        9408       10688  1.2488414E-03   1.000000    
        9409       10689  2.0357093E-03   1.000000    
        9410       10690  1.5639215E-03   1.000000    
        9411       10691  1.3579439E-03   1.000000    
        9412       10692  1.5487175E-03   1.000000    
        9413       10693  1.1934766E-03   1.000000    
        9414       10694  1.3331958E-03   1.000000    
        9415       10695  1.6239588E-03   1.000000    
        9416       10696  2.5525079E-03   1.000000    
        9417       10697  1.4600875E-03   1.000000    
        9418       10698  2.2404564E-03   1.000000    
        9419       10699  1.7841023E-03   1.000000    
        9420       10700  1.9920468E-03   1.000000    
        9421       10701  1.7432729E-03   1.000000    
        9422       10702  1.9303969E-03   1.000000    
        9423       10703  1.8891750E-03   1.000000    
        9424       10704  1.8061134E-03   1.000000    
        9425       10705  1.8003996E-03   1.000000    
        9426       10706  1.1843690E-03   1.000000    
        9427       10707  1.7493052E-03   1.000000    
        9428       10708  1.4718607E-03   1.000000    
        9429       10713  1.8087672E-03   1.000000    
        9430       10714  1.1914931E-03   1.000000    
        9431       10715  1.7645916E-03   1.000000    
        9432       10716  1.4930618E-03   1.000000    
        9433       10717  1.3503194E-03   1.000000    
        9434       10718  1.1961181E-03   1.000000    
        9435       10719  1.1605204E-03   1.000000    
        9436       10720  6.2783272E-04   1.000000    
        9437       10721  6.2661752E-04   1.000000    
        9438       10722  1.3728113E-03   1.000000    
        9439       10723  1.2162088E-03   1.000000    
        9440       10724  1.1855911E-03   1.000000    
        9441       10725  1.7407604E-03   1.000000    
        9442       10726  1.1589738E-03   1.000000    
        9443       10727  1.1476777E-03   1.000000    
        9444       10730  1.7571035E-03   1.000000    
        9445       10731  1.1685552E-03   1.000000    
        9446       10732  1.1575388E-03   1.000000    
        9447       10733  1.7278271E-03   1.000000    
        9448       10734  1.7432409E-03   1.000000    
        9449       10735  1.6080717E-03   1.000000    
        9450       10736  1.4074327E-03   1.000000    
        9451       10738  1.5872467E-03   1.000000    
        9452       10739  1.3981421E-03   1.000000    
        9453       10740  1.4703366E-03   1.000000    
        9454       10741  1.1289584E-03   1.000000    
        9455       10743  1.4562502E-03   1.000000    
        9456       10744  1.1096227E-03   1.000000    
        9457       10745  1.1970741E-03   1.000000    
        9458       10746  1.9192368E-03   1.000000    
        9459       10747  1.2153288E-03   1.000000    
        9460       10749  1.1373083E-03   1.000000    
        9461       10750  1.8488156E-03   1.000000    
        9462       10751  1.1749262E-03   1.000000    
        9463       10752  1.5584889E-03   1.000000    
        9464       10753  1.5266220E-03   1.000000    
        9465       10754  1.6894030E-03   1.000000    
        9466       10755  1.2993480E-03   1.000000    
        9467       10756  1.5531044E-03   1.000000    
        9468       10757  1.2079274E-03   1.000000    
        9469       10758  1.8926765E-03   1.000000    
        9470       10759  1.2374936E-03   1.000000    
        9471       10761  1.7774759E-03   1.000000    
        9472       10762  1.1579240E-03   1.000000    
        9473       10763  1.5954496E-03   1.000000    
        9474       10764  1.5681506E-03   1.000000    
        9475       10765  1.1050013E-03   1.000000    
        9476       10768  1.5532514E-03   1.000000    
        9477       10769  1.5186304E-03   1.000000    
        9478       10770  1.0725658E-03   1.000000    
        9479       10771  1.9065855E-03   1.000000    
        9480       10772  1.2345276E-03   1.000000    
        9481       10774  1.8866052E-03   1.000000    
        9482       10775  1.2169159E-03   1.000000    
        9483       10776  1.4651774E-03   1.000000    
        9484       10777  9.6189720E-04   1.000000    
        9485       10779  1.4245367E-03   1.000000    
        9486       10780  9.3409669E-04   1.000000    
        9487       10781  1.3779389E-03   1.000000    
        9488       10782  1.3840867E-03   1.000000    
        9489       10783  1.1165445E-03   1.000000    
        9490       10784  9.9468243E-04   1.000000    
        9491       10785  1.0809633E-03   1.000000    
        9492       10788  1.1032679E-03   1.000000    
        9493       10789  9.8281645E-04   1.000000    
        9494       10790  1.0643512E-03   1.000000    
        9495       10791  1.2609077E-03   1.000000    
        9496       10792  1.2467421E-03   1.000000    
        9497       10793  1.6751739E-03   1.000000    
        9498       10794  1.6285627E-03   1.000000    
        9499       10796  1.6637961E-03   1.000000    
        9500       10797  1.6187178E-03   1.000000    
        9501       10798  2.9774657E-03   1.000000    
        9502       10799  1.7141300E-03   1.000000    
        9503       10801  2.9851501E-03   1.000000    
        9504       10802  1.7143586E-03   1.000000    
        9505       10803  2.2707696E-03   1.000000    
        9506       10804  1.3432946E-03   1.000000    
        9507       10805  2.0994535E-03   1.000000    
        9508       10808  2.2692757E-03   1.000000    
        9509       10809  1.3416231E-03   1.000000    
        9510       10810  2.1035362E-03   1.000000    
        9511       10811  1.6608892E-03   1.000000    
        9512       10812  1.6782993E-03   1.000000    
        9513       10813  1.9051329E-03   1.000000    
        9514       10814  1.2534412E-03   1.000000    
        9515       10815  1.8991875E-03   1.000000    
        9516       10818  1.9057156E-03   1.000000    
        9517       10819  1.2510591E-03   1.000000    
        9518       10820  1.8998021E-03   1.000000    
        9519       10821  1.3083271E-03   1.000000    
        9520       10822  1.3157672E-03   1.000000    
        9521       10823  1.9598154E-03   1.000000    
        9522       10824  2.0676607E-03   1.000000    
        9523       10825  1.3598788E-03   1.000000    
        9524       10828  1.9042313E-03   1.000000    
        9525       10829  2.0120300E-03   1.000000    
        9526       10830  1.3335203E-03   1.000000    
        9527       10831  1.8299888E-03   1.000000    
        9528       10832  1.2885688E-03   1.000000    
        9529       10833  1.6513247E-03   1.000000    
        9530       10834  1.1649313E-03   1.000000    
        9531       10838  1.8273410E-03   1.000000    
        9532       10839  1.2839087E-03   1.000000    
        9533       10840  1.6525805E-03   1.000000    
        9534       10841  1.1686117E-03   1.000000    
        9535       10842  1.7768597E-03   1.000000    
        9536       10843  1.6643093E-03   1.000000    
        9537       10844  1.1515698E-03   1.000000    
        9538       10847  1.7865014E-03   1.000000    
        9539       10848  1.6701944E-03   1.000000    
        9540       10849  1.1583481E-03   1.000000    
        9541       10850  1.3718707E-03   1.000000    
        9542       10851  9.7395870E-04   1.000000    
        9543       10852  1.5075176E-03   1.000000    
        9544       10855  1.3614241E-03   1.000000    
        9545       10856  9.6762407E-04   1.000000    
        9546       10857  1.4882503E-03   1.000000    
        9547       10858  2.0108765E-03   1.000000    
        9548       10859  1.3114227E-03   1.000000    
        9549       10860  1.7502902E-03   1.000000    
        9550       10863  1.9754719E-03   1.000000    
        9551       10864  1.2903787E-03   1.000000    
        9552       10865  1.7240817E-03   1.000000    
        9553       10866  2.3815611E-03   1.000000    
        9554       10867  1.4496810E-03   1.000000    
        9555       10869  2.3500959E-03   1.000000    
        9556       10870  1.4225196E-03   1.000000    
        9557       10871  1.0340641E-03   1.000000    
        9558       10872  1.0356677E-03   1.000000    
        9559       10873  1.0899964E-03   1.000000    
        9560       10874  1.0902249E-03   1.000000    
        9561       10875  1.4598881E-03   1.000000    
        9562       10876  1.1554332E-03   1.000000    
        9563       10878  1.4749651E-03   1.000000    
        9564       10879  1.1670005E-03   1.000000    
        9565       10880  1.7163282E-03   1.000000    
        9566       10881  1.4358489E-03   1.000000    
        9567       10883  1.7347536E-03   1.000000    
        9568       10884  1.4517599E-03   1.000000    
        9569       10885  1.1547473E-03   1.000000    
        9570       10886  1.1693430E-03   1.000000    
        9571       10887  1.1669091E-03   1.000000    
        9572       10888  1.1778072E-03   1.000000    
        9573       10889  1.4708984E-03   1.000000    
        9574       10890  1.2066131E-03   1.000000    
        9575       10892  1.4774920E-03   1.000000    
        9576       10893  1.2093225E-03   1.000000    
        9577       10894  2.0950038E-03   1.000000    
        9578       10895  1.5233236E-03   1.000000    
        9579       10896  1.6661392E-03   1.000000    
        9580       10898  2.1159155E-03   1.000000    
        9581       10899  1.5317847E-03   1.000000    
        9582       10900  1.6831353E-03   1.000000    
        9583       10901  1.8241963E-03   1.000000    
        9584       10902  1.2553665E-03   1.000000    
        9585       10903  1.8455298E-03   1.000000    
        9586       10904  1.2699279E-03   1.000000    
        9587       10905  1.7992067E-03   1.000000    
        9588       10906  1.2486923E-03   1.000000    
        9589       10908  1.7425714E-03   1.000000    
        9590       10909  1.2161169E-03   1.000000    
        9591       10910  1.9940191E-03   1.000000    
        9592       10911  1.4295737E-03   1.000000    
        9593       10913  1.9475941E-03   1.000000    
        9594       10914  1.4044804E-03   1.000000    
        9595       10915  1.1827218E-03   1.000000    
        9596       10916  1.0350752E-03   1.000000    
        9597       10917  6.1650696E-04   1.000000    
        9598       10918  1.1902918E-03   1.000000    
        9599       10919  1.0304236E-03   1.000000    
        9600       10920  1.2521418E-03   1.000000    
        9601       10921  1.3392520E-03   1.000000    
        9602       10922  1.0464832E-03   1.000000    
        9603       10923  6.2175927E-04   1.000000    
        9604       10925  1.2579012E-03   1.000000    
        9605       10926  1.3371544E-03   1.000000    
        9606       10927  1.0449656E-03   1.000000    
        9607       10928  1.3188598E-03   1.000000    
        9608       10929  1.3167277E-03   1.000000    
        9609       10930  1.2432323E-03   1.000000    
        9610       10931  6.1874819E-04   1.000000    
        9611       10933  1.3152605E-03   1.000000    
        9612       10934  1.3027504E-03   1.000000    
        9613       10935  1.2276861E-03   1.000000    
        9614       10936  1.0076569E-03   1.000000    
        9615       10937  9.7580842E-04   1.000000    
        9616       10938  1.9323364E-03   1.000000    
        9617       10939  1.2951491E-03   1.000000    
        9618       10941  1.8871424E-03   1.000000    
        9619       10942  1.2759175E-03   1.000000    
        9620       10943  1.7919093E-03   1.000000    
        9621       10944  1.1486668E-03   1.000000    
        9622       10946  1.8143688E-03   1.000000    
        9623       10947  1.1609935E-03   1.000000    
        9624       10948  1.8168924E-03   1.000000    
        9625       10949  1.8224958E-03   1.000000    
        9626       10950  2.1403015E-03   1.000000    
        9627       10951  1.5436314E-03   1.000000    
        9628       10952  1.4876273E-03   1.000000    
        9629       10955  2.1626253E-03   1.000000    
        9630       10956  1.5521684E-03   1.000000    
        9631       10957  1.4953116E-03   1.000000    
        9632       10958  1.3265747E-03   1.000000    
        9633       10959  1.5139066E-03   1.000000    
        9634       10960  1.2930016E-03   1.000000    
        9635       10961  6.1619777E-04   1.000000    
        9636       10962  6.1738794E-04   1.000000    
        9637       10963  1.3269649E-03   1.000000    
        9638       10964  1.5203862E-03   1.000000    
        9639       10965  1.2906415E-03   1.000000    
        9640       10966  1.0252522E-03   1.000000    
        9641       10967  1.0219994E-03   1.000000    
        9642       10968  2.8069380E-03   1.000000    
        9643       10969  1.4769728E-03   1.000000    
        9644       10970  2.4268797E-03   1.000000    
        9645       10972  2.8278006E-03   1.000000    
        9646       10973  1.4835964E-03   1.000000    
        9647       10974  2.4369778E-03   1.000000    
        9648       10975  1.4901094E-03   1.000000    
        9649       10976  2.3865851E-03   1.000000    
        9650       10978  1.4938997E-03   1.000000    
        9651       10979  2.3973684E-03   1.000000    
        9652       10980  1.5769769E-03   1.000000    
        9653       10981  2.2768080E-03   1.000000    
        9654       10983  1.5896623E-03   1.000000    
        9655       10984  2.3003824E-03   1.000000    
        9656       10985  1.3716113E-03   1.000000    
        9657       10986  1.3818577E-03   1.000000    
        9658       10987  1.9726881E-03   1.000000    
        9659       10988  1.3026077E-03   1.000000    
        9660       10990  1.9822090E-03   1.000000    
        9661       10991  1.3090888E-03   1.000000    
        9662       10992  1.5336400E-03   1.000000    
        9663       10993  2.0936737E-03   1.000000    
        9664       10994  1.3291216E-03   1.000000    
        9665       10997  1.4113721E-03   1.000000    
        9666       10998  1.9422037E-03   1.000000    
        9667       10999  1.1934588E-03   1.000000    
        9668       11000  1.5106704E-03   1.000000    
        9669       11001  1.3606232E-03   1.000000    
        9670       11002  2.1518590E-03   1.000000    
        9671       11003  1.8627559E-03   1.000000    
        9672       11004  1.3057915E-03   1.000000    
        9673       11005  1.9757471E-03   1.000000    
        9674       11006  1.7186736E-03   1.000000    
        9675       11009  1.2785936E-03   1.000000    
        9676       11010  1.9399815E-03   1.000000    
        9677       11011  1.6960962E-03   1.000000    
        9678       11012  1.4758556E-03   1.000000    
        9679       11013  1.3209324E-03   1.000000    
        9680       11014  6.2075007E-04   1.000000    
        9681       11015  1.4701886E-03   1.000000    
        9682       11016  1.3177813E-03   1.000000    
        9683       11017  1.8565522E-03   1.000000    
        9684       11018  1.2100529E-03   1.000000    
        9685       11019  1.7921815E-03   1.000000    
        9686       11020  1.2066909E-03   1.000000    
        9687       11024  1.8579649E-03   1.000000    
        9688       11025  1.2176917E-03   1.000000    
        9689       11026  1.8047853E-03   1.000000    
        9690       11027  1.2137361E-03   1.000000    
        9691       11028  1.8344293E-03   1.000000    
        9692       11029  1.7770486E-03   1.000000    
        9693       11030  1.1945830E-03   1.000000    
        9694       11033  1.8359968E-03   1.000000    
        9695       11034  1.7906147E-03   1.000000    
        9696       11035  1.2009644E-03   1.000000    
        9697       11036  1.8105101E-03   1.000000    
        9698       11037  1.7608386E-03   1.000000    
        9699       11038  1.8157569E-03   1.000000    
        9700       11039  1.7738141E-03   1.000000    
        9701       11040  1.7594851E-03   1.000000    
        9702       11041  1.7732332E-03   1.000000    
        9703       11042  2.1898367E-03   1.000000    
        9704       11043  1.2645388E-03   1.000000    
        9705       11044  1.1236602E-03   1.000000    
        9706       11045  1.2337085E-03   1.000000    
        9707       11049  2.0920448E-03   1.000000    
        9708       11050  1.2052342E-03   1.000000    
        9709       11051  1.0574004E-03   1.000000    
        9710       11052  1.1574582E-03   1.000000    
        9711       11053  1.3146864E-03   1.000000    
        9712       11054  1.3533444E-03   1.000000    
        9713       11055  1.0360410E-03   1.000000    
        9714       11058  1.2519842E-03   1.000000    
        9715       11059  1.2682779E-03   1.000000    
        9716       11060  9.7636733E-04   1.000000    
        9717       11061  1.1948745E-03   1.000000    
        9718       11062  1.1518720E-03   1.000000    
        9719       11063  2.0308418E-03   1.000000    
        9720       11064  1.2227533E-03   1.000000    
        9721       11065  1.9794474E-03   1.000000    
        9722       11066  6.1962992E-04   1.000000    
        9723       11067  1.9916759E-03   1.000000    
        9724       11068  1.2145264E-03   1.000000    
        9725       11069  1.9323590E-03   1.000000    
        9726       11070  1.8003420E-03   1.000000    
        9727       11071  1.6951039E-03   1.000000    
        9728       11072  1.8494999E-03   1.000000    
        9729       11073  1.1628071E-03   1.000000    
        9730       11075  1.8286584E-03   1.000000    
        9731       11076  1.1444576E-03   1.000000    
        9732       11077  1.5227930E-03   1.000000    
        9733       11078  9.6847716E-04   1.000000    
        9734       11079  1.1864178E-03   1.000000    
        9735       11082  1.4948407E-03   1.000000    
        9736       11083  9.5442031E-04   1.000000    
        9737       11084  1.1548846E-03   1.000000    
        9738       11085  1.4584028E-03   1.000000    
        9739       11086  1.0013372E-03   1.000000    
        9740       11088  1.4114687E-03   1.000000    
        9741       11089  9.7004481E-04   1.000000    
        9742       11090  1.6583592E-03   1.000000    
        9743       11091  1.6481737E-03   1.000000    
        9744       11092  2.1523789E-03   1.000000    
        9745       11093  1.5550408E-03   1.000000    
        9746       11094  1.4969957E-03   1.000000    
        9747       11097  2.1641897E-03   1.000000    
        9748       11098  1.5612901E-03   1.000000    
        9749       11099  1.5047040E-03   1.000000    
        9750       11100  1.3297137E-03   1.000000    
        9751       11101  1.5176120E-03   1.000000    
        9752       11102  1.2964699E-03   1.000000    
        9753       11103  6.1932340E-04   1.000000    
        9754       11104  6.1938463E-04   1.000000    
        9755       11105  1.3330452E-03   1.000000    
        9756       11106  1.5250201E-03   1.000000    
        9757       11107  1.3005520E-03   1.000000    
        9758       11108  1.0270526E-03   1.000000    
        9759       11109  1.0293560E-03   1.000000    
        9760       11110  2.7796712E-03   1.000000    
        9761       11111  1.3998983E-03   1.000000    
        9762       11112  2.7701934E-03   1.000000    
        9763       11113  1.3944753E-03   1.000000    
        9764       11114  1.7311109E-03   1.000000    
        9765       11115  1.1716939E-03   1.000000    
        9766       11116  1.8252841E-03   1.000000    
        9767       11117  1.2296888E-03   1.000000    
        9768       11121  1.7125329E-03   1.000000    
        9769       11122  1.1533510E-03   1.000000    
        9770       11123  1.8099881E-03   1.000000    
        9771       11124  1.2222078E-03   1.000000    
        9772       11125  1.8897143E-03   1.000000    
        9773       11126  1.3175735E-03   1.000000    
        9774       11127  1.8844072E-03   1.000000    
        9775       11128  1.3183930E-03   1.000000    
        9776       11129  1.5604808E-03   1.000000    
        9777       11130  1.5775028E-03   1.000000    
        9778       11131  1.2306032E-03   1.000000    
        9779       11132  1.8848976E-03   1.000000    
        9780       11134  1.2149897E-03   1.000000    
        9781       11135  1.8773299E-03   1.000000    
        9782       11136  1.3169638E-03   1.000000    
        9783       11137  1.9120815E-03   1.000000    
        9784       11139  1.3271177E-03   1.000000    
        9785       11140  1.9259794E-03   1.000000    
        9786       11141  1.9938657E-03   1.000000    
        9787       11142  2.2256183E-03   1.000000    
        9788       11143  1.3635632E-03   1.000000    
        9789       11146  1.9675440E-03   1.000000    
        9790       11147  2.1993397E-03   1.000000    
        9791       11148  1.3535785E-03   1.000000    
        9792       11149  1.2326476E-03   1.000000    
        9793       11150  1.8087412E-03   1.000000    
        9794       11152  1.2401269E-03   1.000000    
        9795       11153  1.8236454E-03   1.000000    
        9796       11154  1.8000721E-03   1.000000    
        9797       11155  1.1640310E-03   1.000000    
        9798       11156  1.7299105E-03   1.000000    
        9799       11157  1.1762514E-03   1.000000    
        9800       11161  1.8070947E-03   1.000000    
        9801       11162  1.1683105E-03   1.000000    
        9802       11163  1.7376316E-03   1.000000    
        9803       11164  1.1830244E-03   1.000000    
        9804       11165  1.7470894E-03   1.000000    
        9805       11166  1.7647159E-03   1.000000    
        9806       11167  1.2615285E-03   1.000000    
        9807       11168  1.2572901E-03   1.000000    
        9808       11169  1.7010610E-03   1.000000    
        9809       11170  1.1253806E-03   1.000000    
        9810       11171  1.7056962E-03   1.000000    
        9811       11172  1.1290842E-03   1.000000    
        9812       11173  1.4199005E-03   1.000000    
        9813       11174  1.1431164E-03   1.000000    
        9814       11175  1.4312440E-03   1.000000    
        9815       11176  1.1531545E-03   1.000000    
        9816       11177  1.7907822E-03   1.000000    
        9817       11178  1.4220582E-03   1.000000    
        9818       11180  1.7831400E-03   1.000000    
        9819       11181  1.4146168E-03   1.000000    
        9820       11182  1.4433956E-03   1.000000    
        9821       11183  1.4138296E-03   1.000000    
        9822       11184  1.6116720E-03   1.000000    
        9823       11185  1.6182432E-03   1.000000    
        9824       11186  1.3171005E-03   1.000000    
        9825       11187  1.2055365E-03   1.000000    
        9826       11188  6.0941593E-04   1.000000    
        9827       11189  1.3011515E-03   1.000000    
        9828       11190  1.1779540E-03   1.000000    
        9829       11191  1.6532817E-03   1.000000    
        9830       11192  1.1434832E-03   1.000000    
        9831       11193  1.4824128E-03   1.000000    
        9832       11196  1.6461787E-03   1.000000    
        9833       11197  1.1331668E-03   1.000000    
        9834       11198  1.4680354E-03   1.000000    
        9835       11199  2.0889551E-03   1.000000    
        9836       11200  1.3674420E-03   1.000000    
        9837       11201  2.0507101E-03   1.000000    
        9838       11202  1.3836370E-03   1.000000    
        9839       11207  1.9805455E-03   1.000000    
        9840       11208  1.2736698E-03   1.000000    
        9841       11209  1.8824816E-03   1.000000    
        9842       11210  1.2950226E-03   1.000000    
        9843       11211  2.1407811E-03   1.000000    
        9844       11212  2.0551975E-03   1.000000    
        9845       11213  1.3823392E-03   1.000000    
        9846       11216  2.0411878E-03   1.000000    
        9847       11217  1.8950026E-03   1.000000    
        9848       11218  1.2984689E-03   1.000000    
        9849       11219  2.3269586E-03   1.000000    
        9850       11220  1.2976240E-03   1.000000    
        9851       11221  8.2840590E-04   1.000000    
        9852       11224  2.3538801E-03   1.000000    
        9853       11225  1.3148311E-03   1.000000    
        9854       11226  8.4316591E-04   1.000000    
        9855       11227  1.1029629E-03   1.000000    
        9856       11228  1.1515155E-03   1.000000    
        9857       11230  1.1166551E-03   1.000000    
        9858       11231  1.1629792E-03   1.000000    
        9859       11232  1.0272450E-03   1.000000    
        9860       11233  1.0357714E-03   1.000000    
        9861       11234  2.0200973E-03   1.000000    
        9862       11235  2.0359466E-03   1.000000    
        9863       11236  1.8566515E-03   1.000000    
        9864       11237  3.1508591E-03   1.000000    
        9865       11238  1.4979853E-03   1.000000    
        9866       11239  6.1445148E-04   1.000000    
        9867       11241  1.8427001E-03   1.000000    
        9868       11242  3.1497164E-03   1.000000    
        9869       11243  1.4926504E-03   1.000000    
        9870       11244  2.2471494E-03   1.000000    
        9871       11245  2.2670927E-03   1.000000    
        9872       11246  2.2579769E-03   1.000000    
        9873       11247  2.0787856E-03   1.000000    
        9874       11249  2.2847978E-03   1.000000    
        9875       11250  2.0973401E-03   1.000000    
        9876       11251  1.1617077E-03   1.000000    
        9877       11252  2.0040858E-03   1.000000    
        9878       11254  1.1663401E-03   1.000000    
        9879       11255  2.0090903E-03   1.000000    
        9880       11256  1.3217912E-03   1.000000    
        9881       11257  2.1586102E-03   1.000000    
        9882       11259  1.3242710E-03   1.000000    
        9883       11260  2.1652512E-03   1.000000    
        9884       11261  1.6098802E-03   1.000000    
        9885       11262  2.3892834E-03   1.000000    
        9886       11264  1.6187836E-03   1.000000    
        9887       11265  2.3991435E-03   1.000000    
        9888       11266  1.4506003E-03   1.000000    
        9889       11267  1.4639061E-03   1.000000    
        9890       11268  1.3539128E-03   1.000000    
        9891       11269  1.3821441E-03   1.000000    
        9892       11271  1.2627300E-03   1.000000    
        9893       11272  1.2962110E-03   1.000000    
        9894       11273  1.6855515E-03   1.000000    
        9895       11274  1.6277139E-03   1.000000    
        9896       11275  1.5919424E-03   1.000000    
        9897       11276  1.5460390E-03   1.000000    
        9898       11277  2.4529654E-03   1.000000    
        9899       11278  2.3402730E-03   1.000000    
        9900       11279  1.6747183E-03   1.000000    
        9901       11280  1.5954953E-03   1.000000    
        9902       11281  1.3278247E-03   1.000000    
        9903       11284  1.6657816E-03   1.000000    
        9904       11285  1.5857063E-03   1.000000    
        9905       11286  1.3173915E-03   1.000000    
        9906       11287  2.1182455E-03   1.000000    
        9907       11288  1.3584979E-03   1.000000    
        9908       11290  2.1011622E-03   1.000000    
        9909       11291  1.3451327E-03   1.000000    
        9910       11292  1.4458906E-03   1.000000    
        9911       11293  1.7760376E-03   1.000000    
        9912       11294  1.1999377E-03   1.000000    
        9913       11297  1.4510342E-03   1.000000    
        9914       11298  1.7857560E-03   1.000000    
        9915       11299  1.2064973E-03   1.000000    
        9916       11300  1.7925990E-03   1.000000    
        9917       11301  1.8044227E-03   1.000000    
        9918       11302  1.3237310E-03   1.000000    
        9919       11303  1.2911534E-03   1.000000    
        9920       11304  1.4848264E-03   1.000000    
        9921       11305  1.4495314E-03   1.000000    
        9922       11306  2.0998935E-03   1.000000    
        9923       11307  1.4332421E-03   1.000000    
        9924       11308  2.0864415E-03   1.000000    
        9925       11311  2.0122705E-03   1.000000    
        9926       11312  1.3467978E-03   1.000000    
        9927       11313  1.9723806E-03   1.000000    
        9928       11314  1.3918601E-03   1.000000    
        9929       11315  1.3738488E-03   1.000000    
        9930       11316  1.8091497E-03   1.000000    
        9931       11317  1.6408121E-03   1.000000    
        9932       11318  1.1764240E-03   1.000000    
        9933       11321  1.7732852E-03   1.000000    
        9934       11322  1.6000390E-03   1.000000    
        9935       11323  1.1510688E-03   1.000000    
        9936       11324  2.4073550E-03   1.000000    
        9937       11325  1.3374351E-03   1.000000    
        9938       11326  8.5760601E-04   1.000000    
        9939       11329  2.3962026E-03   1.000000    
        9940       11330  1.3340372E-03   1.000000    
        9941       11331  8.4973709E-04   1.000000    
        9942       11332  1.0999900E-03   1.000000    
        9943       11333  1.1081080E-03   1.000000    
        9944       11335  1.0957483E-03   1.000000    
        9945       11336  1.1001382E-03   1.000000    
        9946       11337  9.9344261E-04   1.000000    
        9947       11338  9.9364051E-04   1.000000    
        9948       11339  2.0002059E-03   1.000000    
        9949       11340  2.0045021E-03   1.000000    
        9950       11341  1.8120578E-03   1.000000    
        9951       11342  3.0775242E-03   1.000000    
        9952       11343  1.4573138E-03   1.000000    
        9953       11344  6.1885390E-04   1.000000    
        9954       11346  1.8145739E-03   1.000000    
        9955       11347  3.0829094E-03   1.000000    
        9956       11348  1.4585203E-03   1.000000    
        9957       11349  2.2598184E-03   1.000000    
        9958       11350  2.2583695E-03   1.000000    
        9959       11351  2.2539238E-03   1.000000    
        9960       11352  2.0746957E-03   1.000000    
        9961       11354  2.2632258E-03   1.000000    
        9962       11355  2.0828685E-03   1.000000    
        9963       11356  1.0610784E-03   1.000000    
        9964       11357  1.8284252E-03   1.000000    
        9965       11359  1.0528124E-03   1.000000    
        9966       11360  1.8195155E-03   1.000000    
        9967       11361  1.1732868E-03   1.000000    
        9968       11362  1.1645379E-03   1.000000    
        9969       11363  1.4108304E-03   1.000000    
        9970       11364  1.4166874E-03   1.000000    
        9971       11365  1.4884600E-03   1.000000    
        9972       11366  1.4997862E-03   1.000000    
        9973       11367  1.5424028E-03   1.000000    
        9974       11368  1.5713619E-03   1.000000    
        9975       11369  1.2660926E-03   1.000000    
        9976       11372  1.4745091E-03   1.000000    
        9977       11373  1.4912116E-03   1.000000    
        9978       11374  1.2198295E-03   1.000000    
        9979       11375  1.8601164E-03   1.000000    
        9980       11376  1.2783916E-03   1.000000    
        9981       11378  1.8045949E-03   1.000000    
        9982       11379  1.2497808E-03   1.000000    
        9983       11380  1.2994395E-03   1.000000    
        9984       11381  1.9035271E-03   1.000000    
        9985       11383  1.3100746E-03   1.000000    
        9986       11384  1.9161985E-03   1.000000    
        9987       11385  1.8796958E-03   1.000000    
        9988       11386  1.2169136E-03   1.000000    
        9989       11387  1.7814271E-03   1.000000    
        9990       11388  1.2247709E-03   1.000000    
        9991       11390  1.8950482E-03   1.000000    
        9992       11391  1.2246993E-03   1.000000    
        9993       11392  1.7932432E-03   1.000000    
        9994       11393  1.2329018E-03   1.000000    
        9995       11394  1.4417701E-03   1.000000    
        9996       11395  1.4582371E-03   1.000000    
        9997       11396  1.4606952E-03   1.000000    
        9998       11397  1.3380869E-03   1.000000    
        9999       11398  1.9149045E-03   1.000000    
       10000       11399  1.3140143E-03   1.000000    
       10001       11400  6.0722901E-04   1.000000    
       10002       11401  6.0761423E-04   1.000000    
       10003       11404  1.4246400E-03   1.000000    
       10004       11405  1.3065799E-03   1.000000    
       10005       11406  1.8740636E-03   1.000000    
       10006       11407  1.2725632E-03   1.000000    
       10007       11408  1.4402225E-03   1.000000    
       10008       11409  1.8610441E-03   1.000000    
       10009       11410  1.4033483E-03   1.000000    
       10010       11411  1.8061121E-03   1.000000    
       10011       11412  1.9678953E-03   1.000000    
       10012       11413  1.6023717E-03   1.000000    
       10013       11415  1.9901129E-03   1.000000    
       10014       11416  1.6213234E-03   1.000000    
       10015       11417  1.2814183E-03   1.000000    
       10016       11418  1.0011944E-03   1.000000    
       10017       11419  1.3941497E-03   1.000000    
       10018       11420  1.0708725E-03   1.000000    
       10019       11421  6.0966593E-04   1.000000    
       10020       11422  6.1375712E-04   1.000000    
       10021       11423  6.1469496E-04   1.000000    
       10022       11425  1.2644422E-03   1.000000    
       10023       11426  9.8974793E-04   1.000000    
       10024       11427  1.3697431E-03   1.000000    
       10025       11428  1.0452364E-03   1.000000    
       10026       11429  1.3202893E-03   1.000000    
       10027       11430  1.3215009E-03   1.000000    
       10028       11431  1.2114411E-03   1.000000    
       10029       11432  6.0721231E-04   1.000000    
       10030       11434  1.2896520E-03   1.000000    
       10031       11435  1.2849325E-03   1.000000    
       10032       11436  1.1753209E-03   1.000000    
       10033       11437  1.5505350E-03   1.000000    
       10034       11438  9.9955522E-04   1.000000    
       10035       11439  1.1075146E-03   1.000000    
       10036       11442  1.5154534E-03   1.000000    
       10037       11443  9.8511309E-04   1.000000    
       10038       11444  1.0886417E-03   1.000000    
       10039       11445  1.2644182E-03   1.000000    
       10040       11446  9.4325759E-04   1.000000    
       10041       11447  1.2449439E-03   1.000000    
       10042       11448  9.3374989E-04   1.000000    
       10043       11449  1.4546509E-03   1.000000    
       10044       11450  2.1440925E-03   1.000000    
       10045       11451  1.3527160E-03   1.000000    
       10046       11452  6.1597052E-04   1.000000    
       10047       11454  1.4375253E-03   1.000000    
       10048       11455  2.0957596E-03   1.000000    
       10049       11456  1.3260946E-03   1.000000    
       10050       11457  2.1013175E-03   1.000000    
       10051       11458  2.0043931E-03   1.000000    
       10052       11459  1.6956840E-03   1.000000    
       10053       11462  2.0035531E-03   1.000000    
       10054       11463  1.8480842E-03   1.000000    
       10055       11464  1.6131970E-03   1.000000    
       10056       11465  9.9392328E-04   1.000000    
       10057       11466  9.6999784E-04   1.000000    
       10058       11467  1.9026696E-03   1.000000    
       10059       11468  1.2580404E-03   1.000000    
       10060       11470  1.8904188E-03   1.000000    
       10061       11471  1.2584386E-03   1.000000    
       10062       11472  1.6604089E-03   1.000000    
       10063       11473  1.0267985E-03   1.000000    
       10064       11475  1.6731599E-03   1.000000    
       10065       11476  1.0328374E-03   1.000000    
       10066       11477  2.1081988E-03   1.000000    
       10067       11478  1.4795322E-03   1.000000    
       10068       11479  1.3900193E-03   1.000000    
       10069       11481  2.1302551E-03   1.000000    
       10070       11482  1.4954540E-03   1.000000    
       10071       11483  1.3994236E-03   1.000000    
       10072       11484  1.3130046E-03   1.000000    
       10073       11485  1.2707256E-03   1.000000    
       10074       11486  6.1681576E-04   1.000000    
       10075       11487  1.3127541E-03   1.000000    
       10076       11488  1.2740238E-03   1.000000    
       10077       11489  1.0374410E-03   1.000000    
       10078       11490  1.0395761E-03   1.000000    
       10079       11491  3.4221793E-03   1.000000    
       10080       11492  3.4454304E-03   1.000000    
       10081       11493  1.3917171E-03   1.000000    
       10082       11494  1.7794220E-03   1.000000    
       10083       11496  1.3969161E-03   1.000000    
       10084       11497  1.7856086E-03   1.000000    
       10085       11498  1.5562831E-03   1.000000    
       10086       11499  1.9618897E-03   1.000000    
       10087       11501  1.5577779E-03   1.000000    
       10088       11502  1.9673202E-03   1.000000    
       10089       11503  1.5619037E-03   1.000000    
       10090       11504  2.5465791E-03   1.000000    
       10091       11506  1.5697757E-03   1.000000    
       10092       11507  2.5540325E-03   1.000000    
       10093       11508  1.5357771E-03   1.000000    
       10094       11509  1.5454972E-03   1.000000    
       10095       11510  1.9997784E-03   1.000000    
       10096       11511  1.1162671E-03   1.000000    
       10097       11512  6.1924971E-04   1.000000    
       10098       11513  2.0059918E-03   1.000000    
       10099       11514  1.1191529E-03   1.000000    
       10100       11515  2.8745767E-03   1.000000    
       10101       11516  2.2971777E-03   1.000000    
       10102       11517  2.2496439E-03   1.000000    
       10103       11520  2.7702709E-03   1.000000    
       10104       11521  2.2228295E-03   1.000000    
       10105       11522  2.1217528E-03   1.000000    
       10106       11523  1.5606879E-03   1.000000    
       10107       11524  1.4636618E-03   1.000000    
       10108       11525  1.9433347E-03   1.000000    
       10109       11526  1.7817121E-03   1.000000    
       10110       11527  1.5263353E-03   1.000000    
       10111       11530  1.9190899E-03   1.000000    
       10112       11531  1.7729591E-03   1.000000    
       10113       11532  1.5106532E-03   1.000000    
       10114       11533  2.2043656E-03   1.000000    
       10115       11534  2.1881158E-03   1.000000    
       10116       11535  1.4921918E-03   1.000000    
       10117       11537  2.1625378E-03   1.000000    
       10118       11538  2.1614884E-03   1.000000    
       10119       11539  1.4714304E-03   1.000000    
       10120       11540  1.2879660E-03   1.000000    
       10121       11541  1.8988713E-03   1.000000    
       10122       11543  1.2669294E-03   1.000000    
       10123       11544  1.8698518E-03   1.000000    
       10124       11545  1.2699282E-03   1.000000    
       10125       11546  1.8728257E-03   1.000000    
       10126       11547  1.5994924E-03   1.000000    
       10127       11550  1.2542271E-03   1.000000    
       10128       11551  1.8625540E-03   1.000000    
       10129       11552  1.5939298E-03   1.000000    
       10130       11553  1.4198956E-03   1.000000    
       10131       11554  1.2446326E-03   1.000000    
       10132       11555  6.2445534E-04   1.000000    
       10133       11556  1.4259649E-03   1.000000    
       10134       11557  1.2549943E-03   1.000000    
       10135       11558  1.2228481E-03   1.000000    
       10136       11559  1.5236586E-03   1.000000    
       10137       11560  1.2249515E-03   1.000000    
       10138       11561  1.5383451E-03   1.000000    
       10139       11562  1.3792103E-03   1.000000    
       10140       11563  1.3966331E-03   1.000000    
       10141       11564  1.1563497E-03   1.000000    
       10142       11565  1.4374751E-03   1.000000    
       10143       11566  1.1680414E-03   1.000000    
       10144       11567  1.4646818E-03   1.000000    
       10145       11568  1.3307793E-03   1.000000    
       10146       11569  1.3575166E-03   1.000000    
       10147       11570  1.5359272E-03   1.000000    
       10148       11571  1.5446295E-03   1.000000    
       10149       11572  1.2097713E-03   1.000000    
       10150       11574  1.5448704E-03   1.000000    
       10151       11575  1.5448211E-03   1.000000    
       10152       11576  1.2150276E-03   1.000000    
       10153       11577  1.8058439E-03   1.000000    
       10154       11578  1.7996035E-03   1.000000    
       10155       11579  1.7178572E-03   1.000000    
       10156       11580  2.2132639E-03   1.000000    
       10157       11581  6.1523152E-04   1.000000    
       10158       11582  1.6807176E-03   1.000000    
       10159       11583  2.1181179E-03   1.000000    
       10160       11584  2.2916531E-03   1.000000    
       10161       11585  1.2796378E-03   1.000000    
       10162       11586  6.0828484E-04   1.000000    
       10163       11587  2.1692168E-03   1.000000    
       10164       11588  1.2374491E-03   1.000000    
       10165       11589  1.8964753E-03   1.000000    
       10166       11590  1.7394101E-03   1.000000    
       10167       11591  1.2351921E-03   1.000000    
       10168       11593  1.8697967E-03   1.000000    
       10169       11594  1.7092201E-03   1.000000    
       10170       11595  1.2195782E-03   1.000000    
       10171       11596  1.0720307E-03   1.000000    
       10172       11597  1.0500710E-03   1.000000    
       10173       11598  1.5257400E-03   1.000000    
       10174       11599  1.0303669E-03   1.000000    
       10175       11601  1.4738619E-03   1.000000    
       10176       11602  9.9464564E-04   1.000000    
       10177       11603  1.3038111E-03   1.000000    
       10178       11604  1.3100365E-03   1.000000    
       10179       11605  2.0861083E-03   1.000000    
       10180       11606  1.4695595E-03   1.000000    
       10181       11607  1.3667705E-03   1.000000    
       10182       11609  2.0888499E-03   1.000000    
       10183       11610  1.4735528E-03   1.000000    
       10184       11611  1.3671370E-03   1.000000    
       10185       11612  1.2962469E-03   1.000000    
       10186       11613  1.2576785E-03   1.000000    
       10187       11614  6.1898131E-04   1.000000    
       10188       11615  1.2963522E-03   1.000000    
       10189       11616  1.2619916E-03   1.000000    
       10190       11617  1.0379053E-03   1.000000    
       10191       11618  1.0411725E-03   1.000000    
       10192       11619  3.4022827E-03   1.000000    
       10193       11620  3.4089512E-03   1.000000    
       10194       11621  1.5744863E-03   1.000000    
       10195       11622  1.5583434E-03   1.000000    
       10196       11623  1.0876702E-03   1.000000    
       10197       11624  1.0724131E-03   1.000000    
       10198       11625  1.7843848E-03   1.000000    
       10199       11626  1.2156136E-03   1.000000    
       10200       11627  1.8791030E-03   1.000000    
       10201       11629  1.7491870E-03   1.000000    
       10202       11630  1.1854175E-03   1.000000    
       10203       11631  1.8468277E-03   1.000000    
       10204       11632  1.2811098E-03   1.000000    
       10205       11633  1.2700626E-03   1.000000    
       10206       11634  1.2775256E-03   1.000000    
       10207       11635  1.2840269E-03   1.000000    
       10208       11636  1.9481721E-03   1.000000    
       10209       11637  2.0681617E-03   1.000000    
       10210       11638  1.2796354E-03   1.000000    
       10211       11640  1.9426305E-03   1.000000    
       10212       11641  2.0580159E-03   1.000000    
       10213       11642  1.2758111E-03   1.000000    
       10214       11643  1.8638967E-03   1.000000    
       10215       11644  1.2269677E-03   1.000000    
       10216       11646  1.8699318E-03   1.000000    
       10217       11647  1.2280421E-03   1.000000    
       10218       11648  2.0603957E-03   1.000000    
       10219       11649  1.7606789E-03   1.000000    
       10220       11650  1.7337524E-03   1.000000    
       10221       11653  1.9969761E-03   1.000000    
       10222       11654  1.7233621E-03   1.000000    
       10223       11655  1.6959910E-03   1.000000    
       10224       11656  2.1257992E-03   1.000000    
       10225       11657  1.3797315E-03   1.000000    
       10226       11659  2.0732374E-03   1.000000    
       10227       11660  1.3339543E-03   1.000000    
       10228       11661  1.2076882E-03   1.000000    
       10229       11662  1.1847524E-03   1.000000    
       10230       11663  1.5430577E-03   1.000000    
       10231       11664  1.5350407E-03   1.000000    
       10232       11665  1.7523641E-03   1.000000    
       10233       11666  1.2189538E-03   1.000000    
       10234       11667  1.8414400E-03   1.000000    
       10235       11668  1.4343213E-03   1.000000    
       10236       11673  1.7474523E-03   1.000000    
       10237       11674  1.2247404E-03   1.000000    
       10238       11675  1.8534827E-03   1.000000    
       10239       11676  1.4345223E-03   1.000000    
       10240       11677  1.3795277E-03   1.000000    
       10241       11678  1.1447299E-03   1.000000    
       10242       11679  1.3760615E-03   1.000000    
       10243       11680  1.1473283E-03   1.000000    
       10244       11681  1.2054798E-03   1.000000    
       10245       11682  1.2163923E-03   1.000000    
       10246       11683  1.8960943E-03   1.000000    
       10247       11684  2.0179818E-03   1.000000    
       10248       11685  1.6530053E-03   1.000000    
       10249       11687  1.8487748E-03   1.000000    
       10250       11688  1.9587569E-03   1.000000    
       10251       11689  1.6056534E-03   1.000000    
       10252       11690  1.3957323E-03   1.000000    
       10253       11691  1.3618553E-03   1.000000    
       10254       11692  1.8301347E-03   1.000000    
       10255       11693  1.1474623E-03   1.000000    
       10256       11694  1.4751245E-03   1.000000    
       10257       11697  1.8449770E-03   1.000000    
       10258       11698  1.1484815E-03   1.000000    
       10259       11699  1.4986442E-03   1.000000    
       10260       11700  1.3695727E-03   1.000000    
       10261       11701  1.2550154E-03   1.000000    
       10262       11702  6.2806805E-04   1.000000    
       10263       11703  1.3960496E-03   1.000000    
       10264       11704  1.2921013E-03   1.000000    
       10265       11705  1.7596758E-03   1.000000    
       10266       11706  1.1917916E-03   1.000000    
       10267       11707  1.9898466E-03   1.000000    
       10268       11710  1.7427250E-03   1.000000    
       10269       11711  1.1813273E-03   1.000000    
       10270       11712  1.9617029E-03   1.000000    
       10271       11713  2.4825591E-03   1.000000    
       10272       11714  1.8547771E-03   1.000000    
       10273       11716  2.4205968E-03   1.000000    
       10274       11717  1.7972068E-03   1.000000    
       10275       11718  1.3023885E-03   1.000000    
       10276       11719  1.1762485E-03   1.000000    
       10277       11720  1.2859391E-03   1.000000    
       10278       11721  1.1566777E-03   1.000000    
       10279       11722  1.2106852E-03   1.000000    
       10280       11723  1.2215410E-03   1.000000    
       10281       11724  1.6193270E-03   1.000000    
       10282       11725  1.0729621E-03   1.000000    
       10283       11727  1.6253163E-03   1.000000    
       10284       11728  1.0771323E-03   1.000000    
       10285       11729  2.0017133E-03   1.000000    
       10286       11730  1.7621218E-03   1.000000    
       10287       11731  1.3191506E-03   1.000000    
       10288       11734  1.9892415E-03   1.000000    
       10289       11735  1.7386114E-03   1.000000    
       10290       11736  1.3079189E-03   1.000000    
       10291       11737  1.9545138E-03   1.000000    
       10292       11738  1.3104668E-03   1.000000    
       10293       11740  1.9502771E-03   1.000000    
       10294       11741  1.3043263E-03   1.000000    
       10295       11742  1.6828468E-03   1.000000    
       10296       11743  1.6856359E-03   1.000000    
       10297       11744  2.3389682E-03   1.000000    
       10298       11745  2.8414445E-03   1.000000    
       10299       11746  1.7078881E-03   1.000000    
       10300       11748  2.2978953E-03   1.000000    
       10301       11749  2.7766908E-03   1.000000    
       10302       11750  1.6639783E-03   1.000000    
       10303       11751  2.3443478E-03   1.000000    
       10304       11752  1.9671146E-03   1.000000    
       10305       11754  2.2785806E-03   1.000000    
       10306       11755  1.8796758E-03   1.000000    
       10307       11756  2.0030031E-03   1.000000    
       10308       11757  1.9797378E-03   1.000000    
       10309       11758  1.9703824E-03   1.000000    
       10310       11759  1.3415409E-03   1.000000    
       10311       11761  1.9550894E-03   1.000000    
       10312       11762  1.3278708E-03   1.000000    
       10313       11763  1.2798586E-03   1.000000    
       10314       11764  1.8681409E-03   1.000000    
       10315       11766  1.2665926E-03   1.000000    
       10316       11767  1.8577946E-03   1.000000    
       10317       11768  1.2586565E-03   1.000000    
       10318       11769  1.2533928E-03   1.000000    
       10319       11770  1.2351574E-03   1.000000    
       10320       11771  1.2332303E-03   1.000000    
       10321       11772  1.1832690E-03   1.000000    
       10322       11773  1.1754014E-03   1.000000    
       10323       11774  1.1920014E-03   1.000000    
       10324       11775  1.1858700E-03   1.000000    
       10325       11776  1.1647963E-03   1.000000    
       10326       11777  1.1761907E-03   1.000000    
       10327       11778  1.8693346E-03   1.000000    
       10328       11779  1.5495565E-03   1.000000    
       10329       11781  1.8388960E-03   1.000000    
       10330       11782  1.5362740E-03   1.000000    
       10331       11783  1.2723297E-03   1.000000    
       10332       11784  1.2533159E-03   1.000000    
       10333       11785  1.1257315E-03   1.000000    
       10334       11786  1.6771307E-03   1.000000    
       10335       11787  1.0816077E-03   1.000000    
       10336       11788  1.5784353E-03   1.000000    
       10337       11789  1.6342836E-03   1.000000    
       10338       11790  1.5599264E-03   1.000000    
       10339       11791  1.2270118E-03   1.000000    
       10340       11792  1.1594365E-03   1.000000    
       10341       11793  1.7928845E-03   1.000000    
       10342       11794  1.1658360E-03   1.000000    
       10343       11796  1.7040904E-03   1.000000    
       10344       11797  1.1073899E-03   1.000000    
       10345       11798  1.0295999E-03   1.000000    
       10346       11799  1.0018119E-03   1.000000    
       10347       11800  1.6697679E-03   1.000000    
       10348       11801  1.3210669E-03   1.000000    
       10349       11803  1.6382476E-03   1.000000    
       10350       11804  1.2875278E-03   1.000000    
       10351       11805  1.5851659E-03   1.000000    
       10352       11806  1.0929059E-03   1.000000    
       10353       11808  1.5319325E-03   1.000000    
       10354       11809  1.0606355E-03   1.000000    
       10355       11810  1.4729927E-03   1.000000    
       10356       11811  1.4998704E-03   1.000000    
       10357       11813  1.4295829E-03   1.000000    
       10358       11814  1.4413261E-03   1.000000    
       10359       11815  1.2668358E-03   1.000000    
       10360       11816  1.2647280E-03   1.000000    
       10361       11817  1.2637149E-03   1.000000    
       10362       11818  1.2641873E-03   1.000000    
       10363       11819  1.8799896E-03   1.000000    
       10364       11820  1.8766976E-03   1.000000    
       10365       11821  2.0474803E-03   1.000000    
       10366       11822  1.3880554E-03   1.000000    
       10367       11823  1.7049304E-03   1.000000    
       10368       11825  1.9330258E-03   1.000000    
       10369       11826  1.3331803E-03   1.000000    
       10370       11827  1.6320425E-03   1.000000    
       10371       11828  2.0381571E-03   1.000000    
       10372       11829  1.3508179E-03   1.000000    
       10373       11831  1.9464876E-03   1.000000    
       10374       11832  1.2766413E-03   1.000000    
       10375       11833  1.6170329E-03   1.000000    
       10376       11834  1.5984884E-03   1.000000    
       10377       11835  1.4656293E-03   1.000000    
       10378       11836  1.4427993E-03   1.000000    
       10379       11837  1.0147250E-03   1.000000    
       10380       11838  1.1640314E-03   1.000000    
       10381       11840  9.9320279E-04   1.000000    
       10382       11841  1.1482465E-03   1.000000    
       10383       11842  1.2409749E-03   1.000000    
       10384       11843  1.3551147E-03   1.000000    
       10385       11844  9.9448604E-04   1.000000    
       10386       11845  6.1685435E-04   1.000000    
       10387       11846  6.2049122E-04   1.000000    
       10388       11847  1.2346661E-03   1.000000    
       10389       11848  1.3415685E-03   1.000000    
       10390       11849  9.8221959E-04   1.000000    
       10391       11850  8.8472699E-04   1.000000    
       10392       11851  8.7476138E-04   1.000000    
       10393       11852  1.5711315E-03   1.000000    
       10394       11853  1.8504042E-03   1.000000    
       10395       11854  1.3865833E-03   1.000000    
       10396       11855  6.2926125E-04   1.000000    
       10397       11857  1.6133366E-03   1.000000    
       10398       11858  1.8938538E-03   1.000000    
       10399       11859  1.4319968E-03   1.000000    
       10400       11860  1.7940549E-03   1.000000    
       10401       11861  1.1551230E-03   1.000000    
       10402       11862  1.7980945E-03   1.000000    
       10403       11863  1.1485753E-03   1.000000    
       10404       11864  1.6921842E-03   1.000000    
       10405       11865  1.8772811E-03   1.000000    
       10406       11866  1.6839820E-03   1.000000    
       10407       11867  1.8549577E-03   1.000000    
       10408       11868  1.7802279E-03   1.000000    
       10409       11869  1.4401714E-03   1.000000    
       10410       11871  1.7245222E-03   1.000000    
       10411       11872  1.3898652E-03   1.000000    
       10412       11873  1.9281844E-03   1.000000    
       10413       11874  1.4651822E-03   1.000000    
       10414       11875  1.8736313E-03   1.000000    
       10415       11876  1.4171299E-03   1.000000    
       10416       11877  1.3327909E-03   1.000000    
       10417       11878  1.6193648E-03   1.000000    
       10418       11879  1.2049559E-03   1.000000    
       10419       11880  1.4786253E-03   1.000000    
       10420       11881  1.4219375E-03   1.000000    
       10421       11882  1.3293863E-03   1.000000    
       10422       11883  6.0127891E-04   1.000000    
       10423       11884  1.3344805E-03   1.000000    
       10424       11885  1.2488381E-03   1.000000    
       10425       11886  1.3314912E-03   1.000000    
       10426       11887  1.3200613E-03   1.000000    
       10427       11888  1.1680707E-03   1.000000    
       10428       11889  1.1798218E-03   1.000000    
       10429       11890  1.7330365E-03   1.000000    
       10430       11891  1.1843927E-03   1.000000    
       10431       11893  1.7335326E-03   1.000000    
       10432       11894  1.1863469E-03   1.000000    
       10433       11895  1.6193754E-03   1.000000    
       10434       11896  1.6994058E-03   1.000000    
       10435       11897  1.3066897E-03   1.000000    
       10436       11899  1.6140776E-03   1.000000    
       10437       11900  1.6948765E-03   1.000000    
       10438       11901  1.3069543E-03   1.000000    
       10439       11902  1.5971838E-03   1.000000    
       10440       11903  1.3173176E-03   1.000000    
       10441       11904  1.5992379E-03   1.000000    
       10442       11905  1.3208314E-03   1.000000    
       10443       11906  1.4070997E-03   1.000000    
       10444       11907  2.3226845E-03   1.000000    
       10445       11909  1.4125907E-03   1.000000    
       10446       11910  2.3265134E-03   1.000000    
       10447       11911  2.0171127E-03   1.000000    
       10448       11912  1.4480649E-03   1.000000    
       10449       11913  2.0173569E-03   1.000000    
       10450       11914  1.4454563E-03   1.000000    
       10451       11915  1.7644454E-03   1.000000    
       10452       11916  1.7634522E-03   1.000000    
       10453       11917  1.4640439E-03   1.000000    
       10454       11918  1.7623411E-03   1.000000    
       10455       11919  1.4354618E-03   1.000000    
       10456       11920  1.7014556E-03   1.000000    
       10457       11921  1.4433262E-03   1.000000    
       10458       11922  1.3745985E-03   1.000000    
       10459       11923  1.9128904E-03   1.000000    
       10460       11924  1.9004040E-03   1.000000    
       10461       11925  1.4481848E-03   1.000000    
       10462       11926  1.1840843E-03   1.000000    
       10463       11927  1.4586702E-03   1.000000    
       10464       11928  1.1918964E-03   1.000000    
       10465       11929  1.6113203E-03   1.000000    
       10466       11930  1.5750071E-03   1.000000    
       10467       11931  1.9444098E-03   1.000000    
       10468       11932  1.2753317E-03   1.000000    
       10469       11934  1.9305794E-03   1.000000    
       10470       11935  1.2657408E-03   1.000000    
       10471       11936  1.6986885E-03   1.000000    
       10472       11937  1.1068445E-03   1.000000    
       10473       11939  1.6247771E-03   1.000000    
       10474       11940  1.0604768E-03   1.000000    
       10475       11941  1.1628547E-03   1.000000    
       10476       11942  1.1128492E-03   1.000000    
       10477       11943  1.6954956E-03   1.000000    
       10478       11944  1.0970172E-03   1.000000    
       10479       11945  1.6366307E-03   1.000000    
       10480       11946  1.0545045E-03   1.000000    
       10481       11947  1.4263629E-03   1.000000    
       10482       11948  1.3905371E-03   1.000000    
       10483       11949  1.3816940E-03   1.000000    
       10484       11950  1.4985582E-03   1.000000    
       10485       11951  1.3313100E-03   1.000000    
       10486       11952  1.4703084E-03   1.000000    
       10487       11953  1.5707992E-03   1.000000    
       10488       11954  1.5554621E-03   1.000000    
       10489       11955  2.0311475E-03   1.000000    
       10490       11956  1.6870496E-03   1.000000    
       10491       11958  1.8640101E-03   1.000000    
       10492       11959  1.5722741E-03   1.000000    
       10493       11960  2.0169788E-03   1.000000    
       10494       11961  1.3501571E-03   1.000000    
       10495       11963  1.8829904E-03   1.000000    
       10496       11964  1.2462949E-03   1.000000    
       10497       11965  1.3169673E-03   1.000000    
       10498       11966  1.5134369E-03   1.000000    
       10499       11967  1.3311801E-03   1.000000    
       10500       11968  1.5256173E-03   1.000000    
       10501       11969  2.0539185E-03   1.000000    
       10502       11970  2.0139881E-03   1.000000    
       10503       11971  1.5896602E-03   1.000000    
       10504       11972  1.5794431E-03   1.000000    
       10505       11973  1.1299627E-03   1.000000    
       10506       11974  1.1236387E-03   1.000000    
       10507       11975  2.3235448E-03   1.000000    
       10508       11976  2.0047342E-03   1.000000    
       10509       11978  2.2710396E-03   1.000000    
       10510       11979  1.9642862E-03   1.000000    
       10511       11980  1.4063374E-03   1.000000    
       10512       11981  1.3823478E-03   1.000000    
       10513       11982  1.7382841E-03   1.000000    
       10514       11983  1.6918770E-03   1.000000    
       10515       11984  1.4691122E-03   1.000000    
       10516       11985  1.3636015E-03   1.000000    
       10517       11986  6.1184907E-04   1.000000    
       10518       11987  1.4236612E-03   1.000000    
       10519       11988  1.3203273E-03   1.000000    
       10520       11989  1.6987920E-03   1.000000    
       10521       11990  1.1378194E-03   1.000000    
       10522       11991  1.3387500E-03   1.000000    
       10523       11993  6.1841228E-04   1.000000    
       10524       11994  1.6993401E-03   1.000000    
       10525       11995  1.1397676E-03   1.000000    
       10526       11996  1.3431640E-03   1.000000    
       10527       11997  1.9868982E-03   1.000000    
       10528       11998  1.3256260E-03   1.000000    
       10529       12000  1.9890270E-03   1.000000    
       10530       12001  1.3273754E-03   1.000000    
       10531       12002  1.8680330E-03   1.000000    
       10532       12003  1.2191382E-03   1.000000    
       10533       12004  1.8627733E-03   1.000000    
       10534       12005  1.2140895E-03   1.000000    
       10535       12006  1.1544301E-03   1.000000    
       10536       12007  1.1543850E-03   1.000000    
       10537       12008  1.1310037E-03   1.000000    
       10538       12009  1.1369938E-03   1.000000    
       10539       12010  1.4258273E-03   1.000000    
       10540       12011  1.4127458E-03   1.000000    
       10541       12012  1.9644285E-03   1.000000    
       10542       12013  1.2964035E-03   1.000000    
       10543       12015  1.9531308E-03   1.000000    
       10544       12016  1.2881975E-03   1.000000    
       10545       12017  1.6080560E-03   1.000000    
       10546       12018  1.0561622E-03   1.000000    
       10547       12019  1.5485408E-03   1.000000    
       10548       12020  1.0176731E-03   1.000000    
       10549       12021  1.0261093E-03   1.000000    
       10550       12022  9.9237333E-04   1.000000    
       10551       12023  2.0428442E-03   1.000000    
       10552       12024  1.3519202E-03   1.000000    
       10553       12025  1.8672652E-03   1.000000    
       10554       12026  1.2496146E-03   1.000000    
       10555       12027  1.3469628E-03   1.000000    
       10556       12028  1.2707354E-03   1.000000    
       10557       12029  1.3569385E-03   1.000000    
       10558       12030  1.6908336E-03   1.000000    
       10559       12031  1.2266301E-03   1.000000    
       10560       12032  1.5380821E-03   1.000000    
       10561       12033  2.0496165E-03   1.000000    
       10562       12034  1.4091593E-03   1.000000    
       10563       12036  2.0737825E-03   1.000000    
       10564       12037  1.4250752E-03   1.000000    
       10565       12038  1.9561676E-03   1.000000    
       10566       12039  1.9736444E-03   1.000000    
       10567       12040  1.4508661E-03   1.000000    
       10568       12041  1.6278211E-03   1.000000    
       10569       12042  1.4916335E-03   1.000000    
       10570       12043  1.6693623E-03   1.000000    
       10571       12044  1.7407940E-03   1.000000    
       10572       12045  1.7082136E-03   1.000000    
       10573       12046  1.4792612E-03   1.000000    
       10574       12047  1.4555996E-03   1.000000    
       10575       12048  1.3571669E-03   1.000000    
       10576       12049  1.2263884E-03   1.000000    
       10577       12050  1.3294166E-03   1.000000    
       10578       12051  1.3348778E-03   1.000000    
       10579       12052  1.3254875E-03   1.000000    
       10580       12053  1.3278307E-03   1.000000    
       10581       12054  1.3117741E-03   1.000000    
       10582       12055  1.6803428E-03   1.000000    
       10583       12056  1.3067579E-03   1.000000    
       10584       12057  1.6764924E-03   1.000000    
       10585       12058  1.4829321E-03   1.000000    
       10586       12059  1.4794722E-03   1.000000    
       10587       12060  1.2651543E-03   1.000000    
       10588       12061  1.2771877E-03   1.000000    
       10589       12062  1.9713752E-03   1.000000    
       10590       12063  1.9643288E-03   1.000000    
