      1     21    270    271    587    589    764    765   1176   1178   1179   1180   1181   1182   1183   1184   1185   1186   1187   1188   1189   1190
      2     21    187    188    270    589    901    902    764   1178   1191   1192   1182   1193   1194   1195   1183   1186   1196   1197   1190   1198
      3     21    587    186    187    589   1176    958    901   1178   1199   1200   1193   1181   1185   1201   1194   1186   1202   1203   1198   1189
      4     21    577    402    401    588   1165   1089   1088   1177   1204   1205   1206   1207   1208   1209   1210   1211   1212   1213   1214   1215
      5     21    325    326    577    588   1114   1091   1165   1177   1216   1217   1207   1218   1219   1220   1208   1211   1221   1222   1215   1223
      6     21    401    324    325    588   1088   1160   1114   1177   1224   1225   1218   1206   1210   1226   1219   1211   1227   1228   1223   1214
      7     21    239    240    321    320   1130   1115   1090    930   1229   1230   1231   1232   1233   1234   1235   1236   1237   1238   1239   1240
      8     21     66     65    239    320    657    656   1130    930   1241   1242   1232   1243   1244   1245   1233   1236   1246   1247   1240   1248
      9     21    101    102    178    177    721    723   1057   1053   1249   1250   1251   1252   1253   1254   1255   1256   1257   1258   1259   1260
     10     21    100    101    177    176    720    721   1053   1052   1261   1252   1262   1263   1264   1253   1256   1265   1266   1260   1267   1268
     11     21    587    271    272    580   1176    765    832   1173   1180   1269   1270   1271   1185   1184   1272   1273   1188   1274   1275   1276
     12     21    185    186    587    580   1070    958   1176   1173   1277   1199   1271   1278   1279   1201   1185   1273   1280   1202   1276   1281
     13     21    240    241    322    321   1115   1092   1159   1090   1282   1283   1284   1230   1234   1285   1286   1235   1287   1288   1289   1238
     14     21    226    227    149    148   1148   1127   1108   1147   1290   1291   1292   1293   1294   1295   1296   1297   1298   1299   1300   1301
     15     21     84     83    226    148    675    674   1148   1147   1302   1303   1293   1304   1305   1306   1294   1297   1307   1308   1301   1309
     16     21     99    100    176    175    840    720   1052   1134   1310   1263   1311   1312   1313   1264   1265   1314   1315   1268   1316   1317
     17     21     20     21     99    175    642    643    840   1134   1318   1319   1312   1320   1321   1322   1313   1314   1323   1324   1317   1325
     18     21    188    189    269    270    902    839    831    764   1326   1327   1328   1192   1195   1329   1330   1183   1331   1332   1333   1197
     19     21    309    308    584    586   1126   1149   1172   1175   1334   1335   1336   1337   1338   1339   1340   1341   1342   1343   1344   1345
     20     21    388    310    309    586   1085   1082   1126   1175   1346   1347   1337   1348   1349   1350   1338   1341   1351   1352   1345   1353
     21     21    584    387    388    586   1172   1110   1085   1175   1354   1355   1348   1336   1340   1356   1349   1341   1357   1358   1353   1344
     22     21    227    228    150    149   1127   1083   1109   1108   1359   1360   1361   1291   1295   1362   1363   1296   1364   1365   1366   1299
     23     21    294    295    370    585   1104   1068   1138   1174   1367   1368   1369   1370   1371   1372   1373   1374   1375   1376   1377   1378
     24     21     46     45    294    585    607    606   1104   1174   1379   1380   1370   1381   1382   1383   1371   1374   1384   1385   1378   1386
     25     21    370     47     46    585   1138    608    607   1174   1387   1388   1381   1369   1373   1389   1382   1374   1390   1391   1386   1377
     26     21    580    272    273    572   1173    832    892   1162   1270   1392   1393   1394   1273   1272   1395   1396   1275   1397   1398   1399
     27     21    184    185    580    572   1120   1070   1173   1162   1400   1278   1394   1401   1402   1279   1273   1396   1403   1281   1399   1404
     28     21    241    242    323    322   1092   1043   1171   1159   1405   1406   1407   1283   1285   1408   1409   1286   1410   1411   1412   1288
     29     21    323    324    401    400   1171   1160   1088   1113   1413   1224   1414   1415   1409   1226   1210   1416   1417   1227   1418   1419
     30     21     81     80    387    584    672    671   1110   1172   1420   1421   1354   1422   1423   1424   1356   1340   1425   1426   1357   1427
     31     21     82     81    584    308    673    672   1172   1149   1428   1422   1335   1429   1430   1423   1340   1339   1431   1427   1343   1432
     32     21    104    105    181    180    740    748    824    943   1433   1434   1435   1436   1437   1438   1439   1440   1441   1442   1443   1444
     33     21    103    104    180    179    742    740    943   1058   1445   1436   1446   1447   1448   1437   1440   1449   1450   1444   1451   1452
     34     21    102    103    179    178    723    742   1058   1057   1453   1447   1454   1250   1254   1448   1449   1255   1455   1452   1456   1258
     35     21    295    296    371    370   1068    956   1065   1138   1457   1458   1459   1368   1372   1460   1461   1373   1462   1463   1464   1376
     36     21    189    190    268    269    839    716    891    831   1465   1466   1467   1327   1329   1468   1469   1330   1470   1471   1472   1332
     37     21    571    510    511    579   1161   1096    997   1166   1473   1474   1475   1476   1477   1478   1479   1480   1481   1482   1483   1484
     38     21    570    571    579    578   1152   1161   1166   1167   1485   1476   1486   1487   1488   1477   1480   1489   1490   1484   1491   1492
     39     21    242    243    324    323   1043    932   1160   1171   1493   1494   1413   1406   1408   1495   1226   1409   1496   1497   1417   1411
     40     21    322    323    400    399   1159   1171   1113   1041   1407   1415   1498   1499   1286   1409   1416   1500   1412   1419   1501   1502
     41     21    388    389    311    310   1085   1036   1033   1082   1503   1504   1505   1346   1349   1506   1507   1350   1508   1509   1510   1351
     42     21     89     88    119    554    680    679    911   1145   1511   1512   1513   1514   1515   1516   1517   1518   1519   1520   1521   1522
     43     21     90     89    554    555    681    680   1145   1143   1523   1514   1524   1525   1526   1515   1518   1527   1528   1522   1529   1530
     44     21    105    106    182    181    748   1093    825    824   1531   1532   1533   1434   1438   1534   1535   1439   1536   1537   1538   1442
     45     21    296    297    372    371    956    898   1066   1065   1539   1540   1541   1458   1460   1542   1543   1461   1544   1545   1546   1463
     46     21    513    514    547    583   1117   1003   1099   1170   1547   1548   1549   1550   1551   1552   1553   1554   1555   1556   1557   1558
     47     21     15     16    513    583    637    638   1117   1170   1559   1560   1550   1561   1562   1563   1551   1554   1564   1565   1558   1566
     48     21    547     14     15    583   1099    636    637   1170   1567   1568   1561   1549   1553   1569   1562   1554   1570   1571   1566   1557
     49     21      5      6    570    578    627    628   1152   1167   1572   1573   1487   1574   1575   1576   1488   1489   1577   1578   1492   1579
     50     21      4      5    578    407    626    627   1167    993   1580   1574   1581   1582   1583   1575   1489   1584   1585   1579   1586   1587
     51     21    437    430    429    582   1150   1084   1111   1169   1588   1589   1590   1591   1592   1593   1594   1595   1596   1597   1598   1599
     52     21     78     77    437    582    669    668   1150   1169   1600   1601   1591   1602   1603   1604   1592   1595   1605   1606   1599   1607
     53     21    429     79     78    582   1111    670    669   1169   1608   1609   1602   1590   1594   1610   1603   1595   1611   1612   1607   1598
     54     21    558    557    560    581   1139   1140   1142   1168   1613   1614   1615   1616   1617   1618   1619   1620   1621   1622   1623   1624
     55     21    562    559    558    581   1144   1146   1139   1168   1625   1626   1616   1627   1628   1629   1617   1620   1630   1631   1624   1632
     56     21    560    561    562    581   1142   1123   1144   1168   1633   1634   1627   1615   1619   1635   1628   1620   1636   1637   1632   1623
     57     21    553    527    219    218   1141   1022   1024   1073   1638   1639   1640   1641   1642   1643   1644   1645   1646   1647   1648   1649
     58     21    552    553    218    217   1121   1141   1073    784   1650   1641   1651   1652   1653   1642   1645   1654   1655   1649   1656   1657
     59     21    106    107    183    182   1093   1045    828    825   1658   1659   1660   1532   1534   1661   1662   1535   1663   1664   1665   1537
     60     21    284    285    275    274   1163   1155   1060   1101   1666   1667   1668   1669   1670   1671   1672   1673   1674   1675   1676   1677
     61     21     60     59    284    274    621    620   1163   1101   1678   1679   1669   1680   1681   1682   1670   1673   1683   1684   1677   1685
     62     21    190    191    267    268    716    717    947    891   1686   1687   1688   1466   1468   1689   1690   1469   1691   1692   1693   1471
     63     21    408    407    578    579   1094    993   1167   1166   1694   1581   1486   1695   1696   1584   1489   1480   1697   1586   1491   1698
     64     21    511    409    408    579    997    996   1094   1166   1699   1700   1695   1475   1479   1701   1696   1480   1702   1703   1698   1483
     65     21    537    403    402    577   1042    924   1089   1165   1704   1705   1204   1706   1707   1708   1209   1208   1709   1710   1212   1711
     66     21    326    327    537    577   1091    931   1042   1165   1712   1713   1706   1217   1220   1714   1707   1208   1715   1716   1711   1222
     67     21    437    438    431    430   1150   1128   1035   1084   1717   1718   1719   1588   1592   1720   1721   1593   1722   1723   1724   1596
     68     21    389    390    312    311   1036    980    977   1033   1725   1726   1727   1504   1506   1728   1729   1507   1730   1731   1732   1509
     69     21    228    229    151    150   1083   1032   1031   1109   1733   1734   1735   1360   1362   1736   1737   1363   1738   1739   1740   1365
     70     21    120    121    558    559    910   1025   1139   1146   1741   1742   1626   1743   1744   1745   1617   1629   1746   1747   1631   1748
     71     21    119    120    559    554    911    910   1146   1145   1749   1743   1750   1513   1517   1744   1629   1518   1751   1748   1752   1521
     72     21     91     90    555    556    682    681   1143   1124   1753   1525   1754   1755   1756   1526   1527   1757   1758   1530   1759   1760
     73     21    551    552    217    216   1122   1121    784    783   1761   1652   1762   1763   1764   1653   1654   1765   1766   1657   1767   1768
     74     21    465    285    284    576   1154   1155   1163   1164   1769   1666   1770   1771   1772   1671   1670   1773   1774   1674   1775   1776
     75     21     58     57    465    576    619    618   1154   1164   1777   1778   1771   1779   1780   1781   1772   1773   1782   1783   1776   1784
     76     21    284     59     58    576   1163    620    619   1164   1679   1785   1779   1770   1670   1682   1780   1773   1684   1786   1784   1775
     77     21    285    286    276    275   1155   1136   1007   1060   1787   1788   1789   1667   1671   1790   1791   1672   1792   1793   1794   1675
     78     21    572    273    252    251   1162    892    756    829   1393   1795   1796   1797   1396   1395   1798   1799   1398   1800   1801   1802
     79     21    183    184    572    251    828   1120   1162    829   1803   1401   1797   1804   1662   1402   1396   1799   1805   1404   1802   1806
     80     21    332    333    510    571   1097   1098   1096   1161   1807   1808   1473   1809   1810   1811   1478   1477   1812   1813   1481   1814
     81     21    331    332    571    570   1153   1097   1161   1152   1815   1809   1485   1816   1817   1810   1477   1488   1818   1814   1490   1819
     82     21      1      2    549    565    623    624   1116   1131   1820   1821   1822   1823   1824   1825   1826   1827   1828   1829   1830   1831
     83     21     98      1    565     38    598    623   1131    599   1832   1823   1833   1834   1835   1824   1827   1836   1837   1831   1838   1839
     84     21    243    244    325    324    932    864   1114   1160   1840   1841   1225   1494   1495   1842   1219   1226   1843   1844   1228   1497
     85     21    321    322    399    398   1090   1159   1041   1040   1284   1499   1845   1846   1235   1286   1500   1847   1289   1502   1848   1849
     86     21    438    439    432    431   1128   1112    979   1035   1850   1851   1852   1718   1720   1853   1854   1721   1855   1856   1857   1723
     87     21    390    391    313    312    980    919    914    977   1858   1859   1860   1726   1728   1861   1862   1729   1863   1864   1865   1731
     88     21    531    126    125    493   1107    787    786   1106   1866   1867   1868   1869   1870   1871   1872   1873   1874   1875   1876   1877
     89     21    530    531    493    492   1079   1107   1106   1028   1878   1869   1879   1880   1881   1870   1873   1882   1883   1877   1884   1885
     90     21    526    527    553    560   1021   1022   1141   1142   1886   1638   1887   1888   1889   1643   1642   1619   1890   1646   1891   1892
     91     21    525    526    560    557   1074   1021   1142   1140   1893   1888   1614   1894   1895   1889   1619   1618   1896   1892   1622   1897
     92     21     32     33    543    574    591    592   1071   1157   1898   1899   1900   1901   1902   1903   1904   1905   1906   1907   1908   1909
     93     21    220     32    574    575   1023    591   1157   1158   1910   1901   1911   1912   1913   1902   1905   1914   1915   1909   1916   1917
     94     21    544    219    220    575   1105   1024   1023   1158   1918   1919   1912   1920   1921   1644   1913   1914   1922   1923   1917   1924
     95     21    543    544    575    574   1071   1105   1158   1157   1925   1920   1911   1900   1904   1921   1914   1905   1926   1924   1916   1908
     96     21    472    466    465    573   1063   1135   1154   1156   1927   1928   1929   1930   1931   1932   1772   1933   1934   1935   1936   1937
     97     21     56     55    472    573    617    616   1063   1156   1938   1939   1930   1940   1941   1942   1931   1933   1943   1944   1937   1945
     98     21    465     57     56    573   1154    618    617   1156   1778   1946   1940   1929   1772   1781   1941   1933   1783   1947   1945   1936
     99     21    465    466    286    285   1154   1135   1136   1155   1928   1948   1787   1769   1772   1932   1790   1671   1935   1949   1792   1774
    100     21    286    287    277    276   1136   1061    946   1007   1950   1951   1952   1788   1790   1953   1954   1791   1955   1956   1957   1793
    101     21    191    192    266    267    717    692   1008    947   1958   1959   1960   1687   1689   1961   1962   1690   1963   1964   1965   1692
    102     21    337    338    332    331    937    875   1097   1153   1966   1967   1815   1968   1969   1970   1810   1817   1971   1972   1818   1973
    103     21      7      8    337    331    629    630    937   1153   1974   1975   1968   1976   1977   1978   1969   1817   1979   1980   1973   1981
    104     21      6      7    331    570    628    629   1153   1152   1982   1976   1816   1573   1576   1977   1817   1488   1983   1981   1819   1578
    105     21    109    108    172    171   1069   1044    806    754   1984   1985   1986   1987   1988   1989   1990   1991   1992   1993   1994   1995
    106     21    110    109    171    170    957   1069    754    705   1996   1987   1997   1998   1999   1988   1991   2000   2001   1995   2002   2003
    107     21    444    438    437    569   1038   1128   1150   1151   2004   1717   2005   2006   2007   1720   1592   2008   2009   1722   2010   2011
    108     21     76     75    444    569    667    666   1038   1151   2012   2013   2006   2014   2015   2016   2007   2008   2017   2018   2011   2019
    109     21    437     77     76    569   1150    668    667   1151   1601   2020   2014   2005   1592   1604   2015   2008   1606   2021   2019   2010
    110     21    439    440    433    432   1112   1086    917    979   2022   2023   2024   1851   1853   2025   2026   1854   2027   2028   2029   1856
    111     21    308    309    227    226   1149   1126   1127   1148   1334   2030   1290   2031   1339   1338   1295   1294   1342   2032   1298   2033
    112     21     83     82    308    226    674    673   1149   1148   2034   1429   2031   1303   1306   1430   1339   1294   2035   1432   2033   1308
    113     21    148    149    135    134   1147   1108    848    847   1292   2036   2037   2038   1297   1296   2039   2040   1300   2041   2042   2043
    114     21     85     84    148    134    676    675   1147    847   2044   1304   2038   2045   2046   1305   1297   2040   2047   1309   2043   2048
    115     21    555    554    559    562   1143   1145   1146   1144   1524   1750   1625   2049   1527   1518   1629   1628   1529   1752   1630   2050
    116     21    556    555    562    561   1124   1143   1144   1123   1754   2049   1634   2051   1757   1527   1628   1635   1759   2050   1637   2052
    117     21    553    552    561    560   1141   1121   1123   1142   1650   2053   1633   1887   1642   1653   1635   1619   1655   2054   1636   1891
    118     21    122    123    525    557   1077    968   1074   1140   2055   2056   1894   2057   2058   2059   1895   1618   2060   2061   1897   2062
    119     21    121    122    557    558   1025   1077   1140   1139   2063   2057   1613   1742   1745   2058   1618   1617   2064   2062   1621   1747
    120     21     92     91    556    551    683    682   1124   1122   2065   1755   2066   2067   2068   1756   1757   1764   2069   1760   2070   2071
    121     21     93     92    551    216    684    683   1122    783   2072   2067   1763   2073   2074   2068   1764   1765   2075   2071   1768   2076
    122     21     31     32    220    221    590    591   1023    738   2077   1910   2078   2079   2080   1902   1913   2081   2082   1915   2083   2084
    123     21    370    371    483    568   1138   1065   1016   1137   1459   2085   2086   2087   1373   1461   2088   2089   1464   2090   2091   2092
    124     21     48     47    370    568    609    608   1138   1137   2093   1387   2087   2094   2095   1389   1373   2089   2096   1390   2092   2097
    125     21    483     49     48    568   1016    610    609   1137   2098   2099   2094   2086   2088   2100   2095   2089   2101   2102   2097   2091
    126     21    472    473    467    466   1063   1012   1119   1135   2103   2104   2105   1927   1931   2106   2107   1932   2108   2109   2110   1934
    127     21    466    467    287    286   1135   1119   1061   1136   2105   2111   1950   1948   1932   2107   1953   1790   2110   2112   1955   1949
    128     21    175    176    541    567   1134   1052   1054   1133   1311   2113   2114   2115   1314   1265   2116   2117   1316   2118   2119   2120
    129     21     19     20    175    567    641    642   1134   1133   2121   1320   2115   2122   2123   1321   1314   2117   2124   1325   2120   2125
    130     21    541     18     19    567   1054    640    641   1133   2126   2127   2122   2114   2116   2128   2123   2117   2129   2130   2125   2119
    131     21    360    255    256    354    999    774    711    998   2131   2132   2133   2134   2135   2136   2137   2138   2139   2140   2141   2142
    132     21    359    360    354    353    881    999    998    882   2143   2134   2144   2145   2146   2135   2138   2147   2148   2142   2149   2150
    133     21     39     38    565    566    600    599   1131   1132   2151   1833   2152   2153   2154   1836   1827   2155   2156   1838   2157   2158
    134     21    538     40     39    566   1048    601    600   1132   2159   2160   2153   2161   2162   2163   2154   2155   2164   2165   2158   2166
    135     21    565    549    538    566   1131   1116   1048   1132   1822   2167   2161   2152   1827   1826   2162   2155   1830   2168   2166   2157
    136     21    162    163    240    239    708    690   1115   1130   2169   2170   1229   2171   2172   2173   1234   1233   2174   2175   1237   2176
    137     21     65     64    162    239    656    655    708   1130   2177   2178   2171   1242   1245   2179   2172   1233   2180   2181   2176   1247
    138     21    397    398    455    564    929   1040    989   1129   2182   2183   2184   2185   2186   1847   2187   2188   2189   2190   2191   2192
    139     21     68     67    397    564    659    658    929   1129   2193   2194   2185   2195   2196   2197   2186   2188   2198   2199   2192   2200
    140     21    455     69     68    564    989    660    659   1129   2201   2202   2195   2184   2187   2203   2196   2188   2204   2205   2200   2191
    141     21    444    445    439    438   1038    985   1112   1128   2206   2207   1850   2004   2007   2208   1853   1720   2209   2210   1855   2009
    142     21    440    441    434    433   1086   1037    918    917   2211   2212   2213   2023   2025   2214   2215   2026   2216   2217   2218   2028
    143     21    391    392    314    313    919    920    852    914   2219   2220   2221   1859   1861   2222   2223   1862   2224   2225   2226   1864
    144     21    309    310    228    227   1126   1082   1083   1127   1347   2227   1359   2030   1338   1350   1362   1295   1352   2228   1364   2032
    145     21    535    533    532    563   1029   1030   1080   1125   2229   2230   2231   2232   2233   2234   2235   2236   2237   2238   2239   2240
    146     21    143    534    535    563    746   1081   1029   1125   2241   2242   2232   2243   2244   2245   2233   2236   2246   2247   2240   2248
    147     21    532    142    143    563   1080    745    746   1125   2249   2250   2243   2231   2235   2251   2244   2236   2252   2253   2248   2239
    148     21    427    122    121    529   1076   1077   1025   1026   2254   2063   2255   2256   2257   2058   1745   2258   2259   2064   2260   2261
    149     21    426    427    529    528    966   1076   1026   1027   2262   2256   2263   2264   2265   2257   2258   2266   2267   2261   2268   2269
    150     21    552    551    556    561   1121   1122   1124   1123   1761   2066   2051   2053   1653   1764   1757   1635   1766   2070   2052   2054
    151     21    108    109    185    184   1044   1069   1070   1120   1984   2270   1400   2271   1989   1988   1279   1402   1992   2272   1403   2273
    152     21    107    108    184    183   1045   1044   1120    828   2274   2271   1803   1659   1661   1989   1402   1662   2275   2273   1805   1664
    153     21    373    374    481    519   1067    955   1013   1018   2276   2277   2278   2279   2280   2281   2282   2283   2284   2285   2286   2287
    154     21    372    373    519    520   1066   1067   1018   1017   2288   2279   2289   2290   1543   2280   2283   2291   2292   2287   2293   2294
    155     21     50     49    483    484    611    610   1016    895   2295   2098   2296   2297   2298   2100   2088   2299   2300   2101   2301   2302
    156     21    473    474    468    467   1012    951   1102   1119   2303   2304   2305   2104   2106   2306   2307   2107   2308   2309   2310   2109
    157     21    467    468    288    287   1119   1102   1009   1061   2305   2311   2312   2111   2107   2307   2313   1953   2310   2314   2315   2112
    158     21    463    462    464    550   1100   1001    889   1118   2316   2317   2318   2319   2320   2321   2322   2323   2324   2325   2326   2327
    159     21    418    417    463    550    885    942   1100   1118   2328   2329   2319   2330   2331   2332   2320   2323   2333   2334   2327   2335
    160     21    464    419    418    550    889    886    885   1118   2336   2337   2330   2318   2322   2338   2331   2323   2339   2340   2335   2326
    161     21    540    516    514    513   1056   1002   1003   1117   2341   2342   1547   2343   2344   2345   1552   1551   2346   2347   1555   2348
    162     21     16     17    540    513    638    639   1056   1117   2349   2350   2343   1560   1563   2351   2344   1551   2352   2353   2348   1565
    163     21     13     14    547    416    635    636   1099   1051   2354   1567   2355   2356   2357   1569   1553   2358   2359   1570   2360   2361
    164     21    342    258    259    336    817    772    836    936   2362   2363   2364   2365   2366   2367   2368   2369   2370   2371   2372   2373
    165     21    341    342    336    335    816    817    936    935   2374   2365   2375   2376   2377   2366   2369   2378   2379   2373   2380   2381
    166     21    334    335    413    546   1050    935    872   1095   2382   2383   2384   2385   2386   2378   2387   2388   2389   2390   2391   2392
    167     21    333    334    546    510   1098   1050   1095   1096   2393   2385   2394   1808   1811   2386   2388   1478   2395   2392   2396   1813
    168     21    508    509    538    549    992   1046   1048   1116   2397   2398   2167   2399   2400   2401   2162   1826   2402   2403   2168   2404
    169     21      2      3    508    549    624    625    992   1116   2405   2406   2399   1821   1825   2407   2400   1826   2408   2409   2404   1829
    170     21    111    110    170    169    899    957    705    704   2410   1998   2411   2412   2413   1999   2000   2414   2415   2003   2416   2417
    171     21    163    164    241    240    690    691   1092   1115   2418   2419   1282   2170   2173   2420   1285   1234   2421   2422   1287   2175
    172     21    244    245    326    325    864    753   1091   1114   2423   2424   1216   1841   1842   2425   1220   1219   2426   2427   1221   1844
    173     21    400    401    453    504   1113   1088    986    991   1414   2428   2429   2430   1416   1210   2431   2432   1418   2433   2434   2435
    174     21    399    400    504    505   1041   1113    991    990   1498   2430   2436   2437   1500   1416   2432   2438   1501   2435   2439   2440
    175     21     70     69    455    456    661    660    989    859   2441   2201   2442   2443   2444   2203   2187   2445   2446   2204   2447   2448
    176     21    445    446    440    439    985    925   1086   1112   2449   2450   2022   2207   2208   2451   2025   1853   2452   2453   2027   2210
    177     21    429    430    388    387   1111   1084   1085   1110   1589   2454   1355   2455   1594   1593   1349   1356   1597   2456   1358   2457
    178     21     80     79    429    387    671    670   1111   1110   2458   1608   2455   1421   1424   1610   1594   1356   2459   1611   2457   1426
    179     21    392    393    315    314    920    982    794    852   2460   2461   2462   2220   2222   2463   2464   2223   2465   2466   2467   2225
    180     21    238    174    161    160    867    866    747    701   2468   2469   2470   2471   2472   2473   2474   2475   2476   2477   2478   2479
    181     21    237    238    160    159    978    867    701    700   2480   2471   2481   2482   2483   2472   2475   2484   2485   2479   2486   2487
    182     21    150    151    137    136   1109   1031    964   1075   1735   2488   2489   2490   1363   1737   2491   2492   1740   2493   2494   2495
    183     21    149    150    136    135   1108   1109   1075    848   1361   2490   2496   2036   1296   1363   2492   2039   1366   2495   2497   2041
    184     21    533    127    126    531   1030    733    787   1107   2498   2499   1866   2500   2234   2501   1871   1870   2502   2503   1874   2504
    185     21    532    533    531    530   1080   1030   1107   1079   2230   2500   1878   2505   2235   2234   1870   1881   2238   2504   1883   2506
    186     21    493    125    124    503   1106    786    906    969   1868   2507   2508   2509   1873   1872   2510   2511   1876   2512   2513   2514
    187     21    492    493    503    502   1028   1106    969    971   1879   2509   2515   2516   1882   1873   2511   2517   1884   2514   2518   2519
    188     21    306    221    220    489    737    738   1023   1020   2520   2078   2521   2522   2523   2081   1913   2524   2525   2083   2526   2527
    189     21    305    306    489    488    736    737   1020    963   2528   2522   2529   2530   2531   2523   2524   2532   2533   2527   2534   2535
    190     21    524    218    219    544   1072   1073   1024   1105   2536   1640   1918   2537   2538   1645   1644   1921   2539   1648   1922   2540
    191     21    523    524    544    543   1019   1072   1105   1071   2541   2537   1925   2542   2543   2538   1921   1904   2544   2540   1926   2545
    192     21    208    209    205    204    904    842    962    960   2546   2547   2548   2549   2550   2551   2552   2553   2554   2555   2556   2557
    193     21     27     28    208    204    649    650    904    960   2558   2559   2549   2560   2561   2562   2550   2553   2563   2564   2557   2565
    194     21    263    262    295    294    869    809   1068   1104   2566   2567   1367   2568   2569   2570   1372   1371   2571   2572   1375   2573
    195     21     45     44    263    294    606    605    869   1104   2574   2575   2568   1380   1383   2576   2569   1371   2577   2578   2573   1385
    196     21    297    298    373    372    898    837   1067   1066   2579   2580   2288   1540   1542   2581   2280   1543   2582   2583   2292   1545
    197     21    375    376    477    548    897    835    950   1103   2584   2585   2586   2587   2588   2589   2590   2591   2592   2593   2594   2595
    198     21    481    374    375    548   1013    955    897   1103   2277   2596   2587   2597   2282   2281   2588   2591   2285   2598   2595   2599
    199     21    477    476    481    548    950   1011   1013   1103   2600   2601   2597   2586   2590   2602   2282   2591   2603   2604   2599   2594
    200     21    474    475    469    468    951    952   1062   1102   2605   2606   2607   2304   2306   2608   2609   2307   2610   2611   2612   2309
    201     21    468    469    289    288   1102   1062    948   1009   2607   2613   2614   2311   2307   2609   2615   2313   2612   2616   2617   2314
    202     21    274    275    265    264   1101   1060   1059    945   1668   2618   2619   2620   1673   1672   2621   2622   1676   2623   2624   2625
    203     21     61     60    274    264    622    621   1101    945   2626   1680   2620   2627   2628   1681   1673   2622   2629   1685   2625   2630
    204     21    192    193    265    266    692    693   1059   1008   2631   2632   2633   1959   1961   2634   2621   1962   2635   2636   2637   1964
    205     21    460    461    516    515   1006   1000   1002   1055   2638   2639   2640   2641   2642   2643   2345   2644   2645   2646   2647   2648
    206     21    177    178    460    515   1053   1057   1006   1055   1251   2649   2641   2650   1256   1255   2642   2644   1259   2651   2648   2652
    207     21     17     18    541    540    639    640   1054   1056   2653   2126   2654   2350   2351   2128   2116   2344   2655   2129   2656   2353
    208     21    463    417    416    547   1100    942   1051   1099   2329   2657   2355   2658   2320   2332   2358   1553   2334   2659   2360   2660
    209     21    514    462    463    547   1003   1001   1100   1099   2661   2316   2658   1548   1552   2321   2320   1553   2662   2324   2660   1556
    210     21    349    350    344    343    939    880    873    938   2663   2664   2665   2666   2667   2668   2669   2670   2671   2672   2673   2674
    211     21      9     10    349    343    631    632    939    938   2675   2676   2666   2677   2678   2679   2667   2670   2680   2681   2674   2682
    212     21    339    340    334    333    876    878   1050   1098   2683   2684   2393   2685   2686   2687   2386   1811   2688   2689   2395   2690
    213     21    338    339    333    332    875    876   1098   1097   2691   2685   1807   1967   1970   2686   1811   1810   2692   2690   1812   1972
    214     21    512    511    510    546    994    997   1096   1095   2693   1474   2394   2694   2695   1479   1478   2388   2696   1482   2396   2697
    215     21    413    414    512    546    872    813    994   1095   2698   2699   2694   2384   2387   2700   2695   2388   2701   2702   2697   2391
    216     21    408    409    496    509   1094    996   1047   1046   1700   2703   2704   2705   1696   1701   2706   2401   1703   2707   2708   2709
    217     21    407    408    509    508    993   1094   1046    992   1694   2705   2397   2710   1584   1696   2401   2400   1697   2709   2402   2711
    218     21    106    105    161    174   1093    748    747    866   1531   2712   2469   2713   1534   1438   2474   2473   1536   2714   2477   2715
    219     21    107    106    174    173   1045   1093    866    865   1658   2713   2716   2717   1661   1534   2473   2718   1663   2715   2719   2720
    220     21    112    111    169    168    900    899    704    752   2721   2412   2722   2723   2724   2413   2414   2725   2726   2417   2727   2728
    221     21    164    165    242    241    691    755   1043   1092   2729   2730   1405   2419   2420   2731   1408   1285   2732   2733   1410   2422
    222     21    245    246    327    326    753    706    931   1091   2734   2735   1712   2424   2425   2736   1714   1220   2737   2738   1715   2427
    223     21    320    321    398    397    930   1090   1040    929   1231   1846   2182   2739   1236   1235   1847   2186   1239   1849   2189   2740
    224     21    402    403    449    545   1089    924    923   1087   1705   2741   2742   2743   1209   1708   2744   2745   1710   2746   2747   2748
    225     21    453    401    402    545    986   1088   1089   1087   2428   1205   2743   2749   2431   1210   1209   2745   2433   1213   2748   2750
    226     21    449    448    453    545    923    984    986   1087   2751   2752   2749   2742   2744   2753   2431   2745   2754   2755   2750   2747
    227     21    446    447    441    440    925    926   1037   1086   2756   2757   2211   2450   2451   2758   2214   2025   2759   2760   2216   2453
    228     21    441    442    435    434   1037    983    981    918   2761   2762   2763   2212   2214   2764   2765   2215   2766   2767   2768   2217
    229     21    430    431    389    388   1084   1035   1036   1085   1719   2769   1503   2454   1593   1721   1506   1349   1724   2770   1508   2456
    230     21    393    394    316    315    982   1034    795    794   2771   2772   2773   2461   2463   2774   2775   2464   2776   2777   2778   2466
    231     21    310    311    229    228   1082   1033   1032   1083   1505   2779   1733   2227   1350   1507   1736   1362   1510   2780   1738   2228
    232     21    236    237    159    158    916    978    700    792   2781   2482   2782   2783   2784   2483   2484   2785   2786   2487   2787   2788
    233     21    155    156    142    141    851    743    745   1078   2789   2790   2791   2792   2793   2794   2251   2795   2796   2797   2798   2799
    234     21    154    155    141    140    913    851   1078    974   2800   2792   2801   2802   2803   2793   2795   2804   2805   2799   2806   2807
    235     21    129    128    535    534    727    735   1029   1081   2808   2809   2242   2810   2811   2812   2233   2245   2813   2814   2247   2815
    236     21    494    130    129    534    912    729    727   1081   2816   2817   2810   2818   2819   2820   2811   2245   2821   2822   2815   2823
    237     21    143    144    494    534    746    793    912   1081   2824   2825   2818   2241   2244   2826   2819   2245   2827   2828   2823   2246
    238     21    141    142    532    530   1078    745   1080   1079   2791   2249   2505   2829   2795   2251   2235   1881   2798   2252   2506   2830
    239     21    140    141    530    492    974   1078   1079   1028   2801   2829   1880   2831   2804   2795   1881   1882   2806   2830   1885   2832
    240     21    491    123    122    427    970    968   1077   1076   2833   2055   2254   2834   2835   2059   2058   2257   2836   2060   2259   2837
    241     21    490    491    427    426    967    970   1076    966   2838   2834   2262   2839   2840   2835   2257   2265   2841   2837   2267   2842
    242     21    136    137    426    528   1075    964    966   1027   2489   2843   2264   2844   2492   2491   2265   2266   2494   2845   2269   2846
    243     21    135    136    528    384    848   1075   1027    849   2496   2844   2847   2848   2039   2492   2266   2849   2497   2846   2850   2851
    244     21    487    488    526    525    907    963   1021   1074   2852   2853   1893   2854   2855   2532   1889   1895   2856   2857   1896   2858
    245     21    123    124    487    525    968    906    907   1074   2859   2860   2854   2056   2059   2510   2855   1895   2861   2862   2858   2061
    246     21    380    217    218    524    785    784   1073   1072   2863   1651   2536   2864   2865   1654   1645   2538   2866   1656   2539   2867
    247     21    379    380    524    523    905    785   1072   1019   2868   2864   2541   2869   2870   2865   2538   2543   2871   2867   2544   2872
    248     21     33     34    523    543    592    593   1019   1071   2873   2874   2542   1899   1903   2875   2543   1904   2876   2877   2545   1907
    249     21     26     27    204    485    648    649    960    959   2878   2560   2879   2880   2881   2561   2553   2882   2883   2565   2884   2885
    250     21     25     26    485    486    647    648    959    903   2886   2880   2887   2888   2889   2881   2882   2890   2891   2885   2892   2893
    251     21    109    110    186    185   1069    957    958   1070   1996   2894   1277   2270   1988   1999   1201   1279   2001   2895   1280   2272
    252     21    262    261    296    295    809    808    956   1068   2896   2897   1457   2567   2570   2898   1460   1372   2899   2900   1462   2572
    253     21    298    299    374    373    837    773    955   1067   2901   2902   2276   2580   2581   2903   2281   2280   2904   2905   2284   2583
    254     21    371    372    520    483   1065   1066   1017   1016   1541   2290   2906   2085   1461   1543   2291   2088   1546   2294   2907   2090
    255     21    478    473    472    542    953   1012   1063   1064   2908   2103   2909   2910   2911   2106   1931   2912   2913   2108   2914   2915
    256     21     54     53    478    542    615    614    953   1064   2916   2917   2910   2918   2919   2920   2911   2912   2921   2922   2915   2923
    257     21    472     55     54    542   1063    616    615   1064   1939   2924   2918   2909   1931   1942   2919   2912   1944   2925   2923   2914
    258     21    475    476    470    469    952   1011   1010   1062   2926   2927   2928   2606   2608   2602   2929   2609   2930   2931   2932   2611
    259     21    469    470    290    289   1062   1010    833    948   2928   2933   2934   2613   2609   2929   2935   2615   2932   2936   2937   2616
    260     21    287    288    278    277   1061   1009    890    946   2312   2938   2939   1951   1953   2313   2940   1954   2315   2941   2942   1956
    261     21    275    276    266    265   1060   1007   1008   1059   1789   2943   2633   2618   1672   1791   1962   2621   1794   2944   2637   2623
    262     21    193    194    264    265    693    775    945   1059   2945   2946   2619   2632   2634   2947   2622   2621   2948   2949   2624   2636
    263     21    179    180    499    517   1058    943    944   1004   1446   2950   2951   2952   1449   1440   2953   2954   1451   2955   2956   2957
    264     21    178    179    517    460   1057   1058   1004   1006   1454   2952   2958   2649   1255   1449   2954   2642   1456   2957   2959   2651
    265     21    515    516    540    541   1055   1002   1056   1054   2640   2341   2654   2960   2644   2345   2344   2116   2647   2346   2656   2961
    266     21    176    177    515    541   1052   1053   1055   1054   1262   2650   2960   2113   1265   1256   2644   2116   1267   2652   2961   2118
    267     21    416    417    362    361   1051    942    883    941   2657   2962   2963   2964   2358   2332   2965   2966   2659   2967   2968   2969
    268     21     12     13    416    361    634    635   1051    941   2970   2356   2964   2971   2972   2357   2358   2966   2973   2361   2969   2974
    269     21    352    353    347    346    821    882    814    877   2975   2976   2977   2978   2979   2147   2980   2981   2982   2983   2984   2985
    270     21    351    352    346    345    820    821    877    874   2986   2978   2987   2988   2989   2979   2981   2990   2991   2985   2992   2993
    271     21    350    351    345    344    880    820    874    873   2994   2988   2995   2664   2668   2989   2990   2669   2996   2993   2997   2672
    272     21    340    341    335    334    878    816    935   1050   2998   2376   2382   2684   2687   2377   2378   2386   2999   2381   2389   2689
    273     21    498    497    496    539    933    934   1047   1049   3000   3001   3002   3003   3004   3005   2706   3006   3007   3008   3009   3010
    274     21    410    411    498    539    995    812    933   1049   3011   3012   3003   3013   3014   3015   3004   3006   3016   3017   3010   3018
    275     21    496    409    410    539   1047    996    995   1049   2703   3019   3013   3002   2706   1701   3014   3006   2707   3020   3018   3009
    276     21    497     41     40    538    934    602    601   1048   3021   3022   2159   3023   3005   3024   2163   2162   3025   3026   2164   3027
    277     21    509    496    497    538   1046   1047    934   1048   2704   3001   3023   2398   2401   2706   3005   2162   2708   3008   3027   2403
    278     21    108    107    173    172   1044   1045    865    806   2274   2717   3028   1985   1989   1661   2718   1990   2275   2720   3029   1993
    279     21    165    166    243    242    755    807    932   1043   3030   3031   1493   2730   2731   3032   1495   1408   3033   3034   1496   2733
    280     21    457    404    403    537    861    862    924   1042   3035   3036   1704   3037   3038   3039   1708   1707   3040   3041   1709   3042
    281     21    327    328    457    537    931    750    861   1042   3043   3044   3037   1713   1714   3045   3038   1707   3046   3047   3042   1716
    282     21    398    399    505    455   1040   1041    990    989   1845   2437   3048   2183   1847   1500   2438   2187   1848   2440   3049   2190
    283     21    450    445    444    536    927    985   1038   1039   3050   2206   3051   3052   3053   2208   2007   3054   3055   2209   3056   3057
    284     21     74     73    450    536    665    664    927   1039   3058   3059   3052   3060   3061   3062   3053   3054   3063   3064   3057   3065
    285     21    444     75     74    536   1038    666    665   1039   2013   3066   3060   3051   2007   2016   3061   3054   2018   3067   3065   3056
    286     21    447    448    442    441    926    984    983   1037   3068   3069   2761   2757   2758   2753   2764   2214   3070   3071   2766   2760
    287     21    436    405    395    394    922    802    801   1034   3072   3073   3074   3075   3076   3077   3078   2774   3079   3080   3081   3082
    288     21    435    436    394    393    981    922   1034    982   3083   3075   2771   3084   2765   3076   2774   2463   3085   3082   2776   3086
    289     21    431    432    390    389   1035    979    980   1036   1852   3087   1725   2769   1721   1854   1728   1506   1857   3088   1730   2770
    290     21    394    395    317    316   1034    801    854    795   3074   3089   3090   2772   2774   3078   3091   2775   3081   3092   3093   2777
    291     21    311    312    230    229   1033    977    975   1032   1727   3094   3095   2779   1507   1729   3096   1736   1732   3097   3098   2780
    292     21    235    236    158    157    855    916    792    744   3099   2783   3100   3101   3102   2784   2785   3103   3104   2788   3105   3106
    293     21    229    230    152    151   1032    975    976   1031   3095   3107   3108   1734   1736   3096   3109   1737   3098   3110   3111   1739
    294     21    152    153    139    138    976    972    973    965   3112   3113   3114   3115   3109   3116   3117   3118   3119   3120   3121   3122
    295     21    151    152    138    137   1031    976    965    964   3108   3115   3123   2488   1737   3109   3118   2491   3111   3122   3124   2493
    296     21    128    127    533    535    735    733   1030   1029   3125   2498   2229   2809   2812   2501   2234   2233   3126   2502   2237   2814
    297     21    139    140    492    502    973    974   1028    971   3127   2831   2516   3128   3117   2804   1882   2517   3129   2832   2519   3130
    298     21    138    139    502    490    965    973    971    967   3114   3128   3131   3132   3118   3117   2517   2840   3121   3130   3133   3134
    299     21    385    384    528    529    908    849   1027   1026   3135   2847   2263   3136   3137   2849   2266   2258   3138   2850   2268   3139
    300     21    121    120    385    529   1025    910    908   1026   1741   3140   3136   2255   1745   1744   3137   2258   1746   3141   3139   2260
    301     21    489    220    219    527   1020   1023   1024   1022   2521   1919   1639   3142   2524   1913   1644   1643   2526   1923   1647   3143
    302     21    488    489    527    526    963   1020   1022   1021   2529   3142   1886   2853   2532   2524   1643   1889   2534   3143   1890   2857
    303     21     34     35    379    523    593    594    905   1019   3144   3145   2869   2874   2875   3146   2870   2543   3147   3148   2872   2877
    304     21    209    210    206    205    842    781    779    962   3149   3150   3151   2547   2551   3152   3153   2552   3154   3155   3156   2555
    305     21    200    132    133    197    841    791    722    719   3157   3158   3159   3160   3161   3162   3163   3164   3165   3166   3167   3168
    306     21    199    200    197    196    778    841    719    718   3169   3160   3170   3171   3172   3161   3164   3173   3174   3168   3175   3176
    307     21    519    481    480    521   1018   1013    893   1014   2278   3177   3178   3179   2283   2282   3180   3181   2286   3182   3183   3184
    308     21    520    519    521    522   1017   1018   1014   1015   2289   3179   3185   3186   2291   2283   3181   3187   2293   3184   3188   3189
    309     21    484    483    520    522    895   1016   1017   1015   2296   2906   3186   3190   2299   2088   2291   3187   2301   2907   3189   3191
    310     21    480    484    522    521    893    895   1015   1014   3192   3190   3185   3178   3180   2299   3187   3181   3193   3191   3188   3183
    311     21     51     50    484    482    612    611    895    896   3194   2297   3195   3196   3197   2298   2299   3198   3199   2302   3200   3201
    312     21    480    481    476    475    893   1013   1011    952   3177   2601   2926   3202   3180   2282   2602   2608   3182   2604   2930   3203
    313     21    478    479    474    473    953    894    951   1012   3204   3205   2303   2908   2911   3206   2306   2106   3207   3208   2308   2913
    314     21    476    477    471    470   1011    950    949   1010   2600   3209   3210   2927   2602   2590   3211   2929   2603   3212   3213   2931
    315     21    470    471    291    290   1010    949    766    833   3210   3214   3215   2933   2929   3211   3216   2935   3213   3217   3218   2936
    316     21    288    289    279    278   1009    948    830    890   2614   3219   3220   2938   2313   2615   3221   2940   2617   3222   3223   2941
    317     21    276    277    267    266   1007    946    947   1008   1952   3224   1960   2943   1791   1954   1690   1962   1957   3225   1965   2944
    318     21    461    460    517    518   1000   1006   1004   1005   2638   2958   3226   3227   2643   2642   2954   3228   2645   2959   3229   3230
    319     21    464    462    461    518    889   1001   1000   1005   2317   3231   3227   3232   2322   2321   2643   3228   2325   3233   3230   3234
    320     21    517    499    464    518   1004    944    889   1005   2951   3235   3232   3226   2954   2953   2322   3228   2956   3236   3234   3229
    321     21    461    462    514    516   1000   1001   1003   1002   3231   2661   2342   2639   2643   2321   1552   2345   3233   2662   2347   2646
    322     21    366    254    255    360    761    760    774    999   3237   3238   2131   3239   3240   3241   2136   2135   3242   3243   2139   3244
    323     21    365    366    360    359    884    761    999    881   3245   3239   2143   3246   3247   3240   2135   2146   3248   3244   2148   3249
    324     21    354    256    257    348    998    711    710    815   2133   3250   3251   3252   2138   2137   3253   3254   2141   3255   3256   3257
    325     21    353    354    348    347    882    998    815    814   2144   3252   3258   2976   2147   2138   3254   2980   2149   3257   3259   2983
    326     21    410    409    511    512    995    996    997    994   3019   1699   2693   3260   3014   1701   1479   2695   3020   1702   2696   3261
    327     21    414    411    410    512    813    812    995    994   3262   3011   3260   2699   2700   3015   3014   2695   3263   3016   3261   2702
    328     21    411    412    458    498    812    811    868    933   3264   3265   3266   3012   3015   3267   3268   3004   3269   3270   3271   3017
    329     21      3      4    407    508    625    626    993    992   3272   1582   2710   2406   2407   1583   1584   2400   3273   1587   2711   2409
    330     21    113    112    168    167    838    900    752    863   3274   2723   3275   3276   3277   2724   2725   3278   3279   2728   3280   3281
    331     21    504    453    452    506    991    986    857    987   2429   3282   3283   3284   2432   2431   3285   3286   2434   3287   3288   3289
    332     21    505    504    506    507    990    991    987    988   2436   3284   3290   3291   2438   2432   3286   3292   2439   3289   3293   3294
    333     21    456    455    505    507    859    989    990    988   2442   3048   3291   3295   2445   2187   2438   3292   2447   3049   3294   3296
    334     21    452    456    507    506    857    859    988    987   3297   3295   3290   3283   3285   2445   3292   3286   3298   3296   3293   3288
    335     21     71     70    456    454    662    661    859    860   3299   2443   3300   3301   3302   2444   2445   3303   3304   2448   3305   3306
    336     21    452    453    448    447    857    986    984    926   3282   2752   3068   3307   3285   2431   2753   2758   3287   2755   3070   3308
    337     21    450    451    446    445    927    858    925    985   3309   3310   2449   3050   3053   3311   2451   2208   3312   3313   2452   3055
    338     21    448    449    443    442    984    923    921    983   2751   3314   3315   3069   2753   2744   3316   2764   2754   3317   3318   3071
    339     21    442    443    436    435    983    921    922    981   3315   3319   3083   2762   2764   3316   3076   2765   3318   3320   3085   2767
    340     21    434    435    393    392    918    981    982    920   2763   3084   2460   3321   2215   2765   2463   2222   2768   3086   2465   3322
    341     21    432    433    391    390    979    917    919    980   2024   3323   1858   3087   1854   2026   1861   1728   2029   3324   1863   3088
    342     21    319    250    238    237    805    804    867    978   3325   3326   2480   3327   3328   3329   2472   2483   3330   3331   2485   3332
    343     21    318    319    237    236    856    805    978    916   3333   3327   2781   3334   3335   3328   2483   2784   3336   3332   2786   3337
    344     21    312    313    231    230    977    914    915    975   1860   3338   3339   3094   1729   1862   3340   3096   1865   3341   3342   3097
    345     21    231    232    154    153    915    853    913    972   3343   3344   3345   3346   3340   3347   2803   3116   3348   3349   3350   3351
    346     21    230    231    153    152    975    915    972    976   3339   3346   3112   3107   3096   3340   3116   3109   3342   3351   3119   3110
    347     21    153    154    140    139    972    913    974    973   3345   2802   3127   3113   3116   2803   2804   3117   3350   2807   3129   3120
    348     21    491    490    502    503    970    967    971    969   2838   3131   2515   3352   2835   2840   2517   2511   2841   3133   2518   3353
    349     21    124    123    491    503    906    968    970    969   2859   2833   3352   2508   2510   2059   2835   2511   2861   2836   3353   2513
    350     21    137    138    490    426    964    965    967    966   3123   3132   2839   2843   2491   3118   2840   2265   3124   3134   2842   2845
    351     21     87     86    382    383    678    677    846    909   3354   3355   3356   3357   3358   3359   3360   3361   3362   3363   3364   3365
    352     21     88     87    383    119    679    678    909    911   3366   3357   3367   1512   1516   3358   3361   1517   3368   3365   3369   1520
    353     21    304    305    488    487    788    736    963    907   3370   2530   2852   3371   3372   2531   2532   2855   3373   2535   2856   3374
    354     21     37     97     96    424    596    597    687    843   3375   3376   3377   3378   3379   3380   3381   3382   3383   3384   3385   3386
    355     21     36     37    424    423    595    596    843    845   3387   3378   3388   3389   3390   3379   3382   3391   3392   3386   3393   3394
    356     21    378    486    485    501    780    903    959    961   3395   2887   3396   3397   3398   2890   2882   3399   3400   2892   3401   3402
    357     21    205    206    378    501    962    779    780    961   3151   3403   3397   3404   2552   3153   3398   3399   3156   3405   3402   3406
    358     21    485    204    205    501    959    960    962    961   2879   2548   3404   3396   2882   2553   2552   3399   2884   2556   3406   3401
    359     21     24     25    486    201    646    647    903    725   3407   2888   3408   3409   3410   2889   2890   3411   3412   2893   3413   3414
    360     21    198    199    196    195    724    778    718    776   3415   3171   3416   3417   3418   3172   3173   3419   3420   3176   3421   3422
    361     21    110    111    187    186    957    899    901    958   2410   3423   1200   2894   1999   2413   1194   1201   2415   3424   1203   2895
    362     21    261    260    297    296    808    870    898    956   3425   3426   1539   2897   2898   3427   1542   1460   3428   3429   1544   2900
    363     21    299    300    375    374    773    712    897    955   3430   3431   2596   2902   2903   3432   2588   2281   3433   3434   2598   2905
    364     21    482    479    478    500    896    894    953    954   3435   3204   3436   3437   3198   3206   2911   3438   3439   3207   3440   3441
    365     21     52     51    482    500    613    612    896    954   3442   3196   3437   3443   3444   3197   3198   3438   3445   3201   3441   3446
    366     21    478     53     52    500    953    614    613    954   2917   3447   3443   3436   2911   2920   3444   3438   2922   3448   3446   3440
    367     21    479    480    475    474    894    893    952    951   3449   3202   2605   3205   3206   3180   2608   2306   3450   3203   2610   3208
    368     21    477    376    377    471    950    835    771    949   2585   3451   3452   3209   2590   2589   3453   3211   2593   3454   3455   3212
    369     21    471    377    292    291    949    771    767    766   3452   3456   3457   3214   3211   3453   3458   3216   3455   3459   3460   3217
    370     21    289    290    280    279    948    833    762    830   2934   3461   3462   3219   2615   2935   3463   3221   2937   3464   3465   3222
    371     21    277    278    268    267    946    890    891    947   2939   3466   1688   3224   1954   2940   1469   1690   2942   3467   1693   3225
    372     21    194     62     61    264    775    653    622    945   3468   3469   2627   2946   2947   3470   2628   2622   3471   3472   2630   2949
    373     21    421    422    464    499    826    887    889    944   3473   3474   3235   3475   3476   3477   2322   2953   3478   3479   3236   3480
    374     21    180    181    421    499    943    824    826    944   1435   3481   3475   2950   1440   1439   3476   2953   1443   3482   3480   2955
    375     21    420    369    366    365    888    759    761    884   3483   3484   3245   3485   3486   3487   3240   3247   3488   3489   3248   3490
    376     21    419    420    365    364    886    888    884    823   3491   3485   3492   3493   2338   3486   3247   3494   3495   3490   3496   3497
    377     21    417    418    363    362    942    885    822    883   2328   3498   3499   2962   2332   2331   3500   2965   2333   3501   3502   2967
    378     21    361    362    356    355    941    883    879    940   2963   3503   3504   3505   2966   2965   3506   3507   2968   3508   3509   3510
    379     21     11     12    361    355    633    634    941    940   3511   2971   3505   3512   3513   2972   2966   3507   3514   2974   3510   3515
    380     21    355    356    350    349    940    879    880    939   3504   3516   2663   3517   3507   3506   2668   2667   3509   3518   2671   3519
    381     21     10     11    355    349    632    633    940    939   3520   3512   3517   2676   2679   3513   3507   2667   3521   3515   3519   2681
    382     21    343    344    338    337    938    873    875    937   2665   3522   1966   3523   2670   2669   1970   1969   2673   3524   1971   3525
    383     21      8      9    343    337    630    631    938    937   3526   2677   3523   1975   1978   2678   2670   1969   3527   2682   3525   1980
    384     21    336    259    260    459    936    836    870    871   2364   3528   3529   3530   2369   2368   3427   3531   2372   3532   3533   3534
    385     21    335    336    459    413    935    936    871    872   2375   3530   3535   2383   2378   2369   3531   2387   2380   3534   3536   2390
    386     21     42     41    497    498    603    602    934    933   3537   3021   3000   3538   3539   3024   3005   3004   3540   3025   3007   3541
    387     21    458     43     42    498    868    604    603    933   3542   3543   3538   3266   3268   3544   3539   3004   3545   3546   3541   3271
    388     21    114    113    167    166    714    838    863    807   3547   3276   3548   3549   3550   3277   3278   3032   3551   3281   3552   3553
    389     21    166    167    244    243    807    863    864    932   3548   3554   1840   3031   3032   3278   1842   1495   3552   3555   1843   3034
    390     21    246    247    328    327    706    707    750    931   3556   3557   3043   2735   2736   3558   3045   1714   3559   3560   3046   2738
    391     21     67     66    320    397    658    657    930    929   3561   1243   2739   2194   2197   1244   1236   2186   3562   1248   2740   2199
    392     21    454    451    450    495    860    858    927    928   3563   3309   3564   3565   3303   3311   3053   3566   3567   3312   3568   3569
    393     21     72     71    454    495    663    662    860    928   3570   3301   3565   3571   3572   3302   3303   3566   3573   3306   3569   3574
    394     21    450     73     72    495    927    664    663    928   3059   3575   3571   3564   3053   3062   3572   3566   3064   3576   3574   3568
    395     21    451    452    447    446    858    857    926    925   3577   3307   2756   3310   3311   3285   2758   2451   3578   3308   2759   3313
    396     21    449    403    404    443    923    924    862    921   2741   3036   3579   3314   2744   1708   3039   3316   2746   3041   3580   3317
    397     21    443    404    405    436    921    862    802    922   3579   3581   3072   3319   3316   3039   3077   3076   3580   3582   3079   3320
    398     21    433    434    392    391    917    918    920    919   2213   3321   2219   3323   2026   2215   2222   1861   2218   3322   2224   3324
    399     21    395    396    318    317    801    800    856    854   3583   3584   3585   3089   3078   3586   3335   3091   3587   3588   3589   3092
    400     21    317    318    236    235    854    856    916    855   3585   3334   3099   3590   3091   3335   2784   3102   3589   3337   3104   3591
    401     21    313    314    232    231    914    852    853    915   2221   3592   3343   3338   1862   2223   3347   3340   2226   3593   3348   3341
    402     21    234    235    157    156    797    855    744    743   3594   3101   3595   3596   3597   3102   3103   2794   3598   3106   3599   3600
    403     21    232    233    155    154    853    796    851    913   3601   3602   2800   3344   3347   3603   2793   2803   3604   3605   2805   3349
    404     21    428    131    130    494    850    730    729    912   3606   3607   2816   3608   3609   3610   2820   2819   3611   3612   2821   3613
    405     21    144    145    428    494    793    702    850    912   3614   3615   3608   2825   2826   3616   3609   2819   3617   3618   3613   2828
    406     21    385    120    119    383    908    910    911    909   3140   1749   3367   3619   3137   1744   1517   3361   3141   1751   3369   3620
    407     21    384    385    383    382    849    908    909    846   3135   3619   3356   3621   2849   3137   3361   3360   3138   3620   3364   3622
    408     21    215    214    224    223    732    694    696    789   3623   3624   3625   3626   3627   3628   3629   3630   3631   3632   3633   3634
    409     21    126    127    215    223    787    733    732    789   2499   3635   3626   3636   1871   2501   3627   3630   2503   3637   3634   3638
    410     21    124    125    304    487    906    786    788    907   2507   3639   3371   2860   2510   1872   3372   2855   2512   3640   3374   2862
    411     21    423    381    380    379    845    782    785    905   3641   3642   2868   3643   3391   3644   2865   2870   3645   3646   2871   3647
    412     21     35     36    423    379    594    595    845    905   3648   3389   3643   3145   3146   3390   3391   2870   3649   3394   3647   3148
    413     21    212    213    209    208    698    695    842    904   3650   3651   2546   3652   3653   3654   2551   2550   3655   3656   2554   3657
    414     21     28     29    212    208    650    651    698    904   3658   3659   3652   2559   2562   3660   3653   2550   3661   3662   3657   2564
    415     21    210    211    207    206    781    734    726    779   3663   3664   3665   3150   3152   3666   3667   3153   3668   3669   3670   3155
    416     21    378    202    201    486    780    777    725    903   3671   3672   3408   3395   3398   3673   3411   2890   3674   3675   3413   3400
    417     21    112    113    189    188    900    838    839    902   3274   3676   1326   3677   2724   3277   1329   1195   3279   3678   1331   3679
    418     21    111    112    188    187    899    900    902    901   2721   3677   1191   3423   2413   2724   1195   1194   2726   3679   1196   3424
    419     21    260    259    298    297    870    836    837    898   3528   3680   2579   3426   3427   2368   2581   1542   3532   3681   2582   3429
    420     21    300    301    376    375    712    713    835    897   3682   3683   2584   3431   3432   3684   2589   2588   3685   3686   2592   3434
    421     21    480    479    482    484    893    894    896    895   3449   3435   3195   3192   3180   3206   3198   2299   3450   3439   3200   3193
    422     21    283    253    252    273    834    757    756    892   3687   3688   1795   3689   3690   3691   1798   1395   3692   3693   1800   3694
    423     21    282    283    273    272    768    834    892    832   3695   3689   1392   3696   3697   3690   1395   1272   3698   3694   1397   3699
    424     21    278    279    269    268    890    830    831    891   3220   3700   1467   3466   2940   3221   1330   1469   3223   3701   1472   3467
    425     21    368    369    420    422    758    759    888    887   3702   3483   3703   3704   3705   3487   3486   3477   3706   3488   3707   3708
    426     21    367    368    422    421    827    758    887    826   3709   3704   3473   3710   3711   3705   3477   3476   3712   3708   3478   3713
    427     21    422    420    419    464    887    888    886    889   3703   3491   2336   3474   3477   3486   2338   2322   3707   3495   2339   3479
    428     21    418    419    364    363    885    886    823    822   2337   3493   3714   3498   2331   2338   3494   3500   2340   3497   3715   3501
    429     21    364    365    359    358    823    884    881    819   3492   3246   3716   3717   3494   3247   2146   3718   3496   3249   3719   3720
    430     21    362    363    357    356    883    822    818    879   3499   3721   3722   3503   2965   3500   3723   3506   3502   3724   3725   3508
    431     21    358    359    353    352    819    881    882    821   3716   2145   2975   3726   3718   2146   2147   2979   3719   2150   2982   3727
    432     21    356    357    351    350    879    818    820    880   3722   3728   2994   3516   3506   3723   2989   2668   3725   3729   2996   3518
    433     21    346    347    341    340    877    814    816    878   2977   3730   2998   3731   2981   2980   2377   2687   2984   3732   2999   3733
    434     21    345    346    340    339    874    877    878    876   2987   3731   2683   3734   2990   2981   2687   2686   2992   3733   2688   3735
    435     21    344    345    339    338    873    874    876    875   2995   3734   2691   3522   2669   2990   2686   1970   2997   3735   2692   3524
    436     21    415    414    413    459    810    813    872    871   3736   2698   3535   3737   3738   2700   2387   3531   3739   2701   3536   3740
    437     21    260    261    415    459    870    808    810    871   3425   3741   3737   3529   3427   2898   3738   3531   3428   3742   3740   3533
    438     21    263     44     43    458    869    605    604    868   2575   3743   3542   3744   2569   2576   3544   3268   2578   3745   3545   3746
    439     21    412    262    263    458    811    809    869    868   3747   2566   3744   3265   3267   2570   2569   3268   3748   2571   3746   3270
    440     21    173    174    238    250    865    866    867    804   2716   2468   3326   3749   2718   2473   2472   3329   2719   2476   3331   3750
    441     21    172    173    250    249    806    865    804    803   3028   3749   3751   3752   1990   2718   3329   3753   3029   3750   3754   3755
    442     21    167    168    245    244    863    752    753    864   3275   3756   2423   3554   3278   2725   2425   1842   3280   3757   2426   3555
    443     21    406    405    404    457    799    802    862    861   3758   3581   3035   3759   3760   3077   3039   3038   3761   3582   3040   3762
    444     21    328    329    406    457    750    751    799    861   3763   3764   3759   3044   3045   3765   3760   3038   3766   3767   3762   3047
    445     21    452    451    454    456    857    858    860    859   3577   3563   3300   3297   3285   3311   3303   2445   3578   3567   3305   3298
    446     21    396    330    319    318    800    798    805    856   3768   3769   3333   3584   3586   3770   3328   3335   3771   3772   3336   3588
    447     21    316    317    235    234    795    854    855    797   3090   3590   3594   3773   2775   3091   3102   3597   3093   3591   3598   3774
    448     21    314    315    233    232    852    794    796    853   2462   3775   3601   3592   2223   2464   3603   3347   2467   3776   3604   3593
    449     21    233    234    156    155    796    797    743    851   3777   3596   2789   3602   3603   3597   2794   2793   3778   3600   2796   3605
    450     21    386    132    131    428    790    791    730    850   3779   3780   3606   3781   3782   3162   3610   3609   3783   3784   3611   3785
    451     21    145    146    386    428    702    703    790    850   3786   3787   3781   3615   3616   3788   3782   3609   3789   3790   3785   3618
    452     21    134    135    384    382    847    848    849    846   2037   2848   3621   3791   2040   2039   2849   3360   2042   2851   3622   3792
    453     21     86     85    134    382    677    676    847    846   3793   2045   3791   3355   3359   2046   2040   3360   3794   2048   3792   3363
    454     21    381    423    424    425    782    845    843    844   3641   3388   3795   3796   3644   3391   3382   3797   3645   3393   3798   3799
    455     21     95     94    381    425    686    685    782    844   3800   3801   3796   3802   3803   3804   3644   3797   3805   3806   3799   3807
    456     21    424     96     95    425    843    687    686    844   3377   3808   3802   3795   3382   3381   3803   3797   3385   3809   3807   3798
    457     21     30     31    221    222    652    590    738    699   3810   2079   3811   3812   3813   2080   2081   3814   3815   2084   3816   3817
    458     21    213    214    210    209    695    694    781    842   3818   3819   3149   3651   3654   3628   3152   2551   3820   3821   3154   3656
    459     21    211    128    129    207    734    735    727    726   3822   2808   3823   3664   3666   2812   2811   3667   3824   2813   3825   3669
    460     21    203    131    132    200    731    730    791    841   3826   3780   3157   3827   3828   3610   3162   3161   3829   3784   3165   3830
    461     21    202    203    200    199    777    731    841    778   3831   3827   3169   3832   3673   3828   3161   3172   3833   3830   3174   3834
    462     21    195    196    100     99    776    718    720    840   3416   3835   1310   3836   3419   3173   1264   1313   3421   3837   1315   3838
    463     21     21     22    195     99    643    644    776    840   3839   3840   3836   1319   1322   3841   3419   1313   3842   3843   3838   1324
    464     21    113    114    190    189    838    714    716    839   3547   3844   1465   3676   3277   3550   1468   1329   3551   3845   1470   3678
    465     21    259    258    299    298    836    772    773    837   2363   3846   2901   3680   2368   2367   2903   2581   2371   3847   2904   3681
    466     21    301    302    377    376    713    769    771    835   3848   3849   3451   3683   3684   3850   3453   2589   3851   3852   3454   3686
    467     21    293    254    253    283    770    760    757    834   3853   3854   3687   3855   3856   3241   3691   3690   3857   3858   3692   3859
    468     21    292    293    283    282    767    770    834    768   3860   3855   3695   3861   3458   3856   3690   3697   3862   3859   3698   3863
    469     21    290    291    281    280    833    766    763    762   3215   3864   3865   3461   2935   3216   3866   3463   3218   3867   3868   3464
    470     21    281    282    272    271    763    768    832    765   3869   3696   1269   3870   3866   3697   1272   1184   3871   3699   1274   3872
    471     21    279    280    270    269    830    762    764    831   3462   3873   1328   3700   3221   3463   1183   1330   3465   3874   1333   3701
    472     21    251    252    368    367    829    756    758    827   1796   3875   3709   3876   1799   1798   3705   3711   1801   3877   3712   3878
    473     21    182    183    251    367    825    828    829    827   1660   1804   3876   3879   1535   1662   1799   3711   1665   1806   3878   3880
    474     21    181    182    367    421    824    825    827    826   1533   3879   3710   3481   1439   1535   3711   3476   1538   3880   3713   3482
    475     21    363    364    358    357    822    823    819    818   3714   3717   3881   3721   3500   3494   3718   3723   3715   3720   3882   3724
    476     21    357    358    352    351    818    819    821    820   3881   3726   2986   3728   3723   3718   2979   2989   3882   3727   2991   3729
    477     21    348    257    258    342    815    710    772    817   3251   3883   2362   3884   3254   3253   2367   2366   3256   3885   2370   3886
    478     21    347    348    342    341    814    815    817    816   3258   3884   2374   3730   2980   3254   2366   2377   3259   3886   2379   3732
    479     21    412    411    414    415    811    812    813    810   3264   3262   3736   3887   3267   3015   2700   3738   3269   3263   3739   3888
    480     21    261    262    412    415    808    809    811    810   2896   3747   3887   3741   2898   2570   3267   3738   2899   3748   3888   3742
    481     21    115    114    166    165    715    714    807    755   3889   3549   3030   3890   3891   3550   3032   2731   3892   3553   3033   3893
    482     21    171    172    249    248    754    806    803    749   1986   3752   3894   3895   1991   1990   3753   3896   1994   3755   3897   3898
    483     21    249    250    319    330    803    804    805    798   3751   3325   3769   3899   3753   3329   3328   3770   3754   3330   3772   3900
    484     21    248    249    330    329    749    803    798    751   3894   3899   3901   3902   3896   3753   3770   3765   3897   3900   3903   3904
    485     21    396    395    405    406    800    801    802    799   3583   3073   3758   3905   3586   3078   3077   3760   3587   3080   3761   3906
    486     21    329    330    396    406    751    798    800    799   3901   3768   3905   3764   3765   3770   3586   3760   3903   3771   3906   3767
    487     21    315    316    234    233    794    795    797    796   2773   3773   3777   3775   2464   2775   3597   3603   2778   3774   3778   3776
    488     21    158    159    145    144    792    700    702    793   2782   3907   3614   3908   2785   2484   3616   2826   2787   3909   3617   3910
    489     21    157    158    144    143    744    792    793    746   3100   3908   2824   3911   3103   2785   2826   2244   3105   3910   2827   3912
    490     21    307    133    132    386    741    722    791    790   3913   3158   3779   3914   3915   3163   3162   3782   3916   3166   3783   3917
    491     21    146    147    307    386    703    739    741    790   3918   3919   3914   3787   3788   3920   3915   3782   3921   3922   3917   3790
    492     21    223    224    305    304    789    696    736    788   3625   3923   3370   3924   3630   3629   2531   3372   3633   3925   3373   3926
    493     21    125    126    223    304    786    787    789    788   1867   3636   3924   3639   1872   1871   3630   3372   1875   3638   3926   3640
    494     21    216    217    380    381    783    784    785    782   1762   2863   3642   3927   1765   1654   2865   3644   1767   2866   3646   3928
    495     21     94     93    216    381    685    684    783    782   3929   2073   3927   3801   3804   2074   1765   3644   3930   2076   3928   3806
    496     21    214    215    211    210    694    732    734    781   3623   3931   3663   3819   3628   3627   3666   3152   3631   3932   3668   3821
    497     21    303    203    202    378    728    731    777    780   3933   3831   3671   3934   3935   3828   3673   3398   3936   3833   3674   3937
    498     21    206    207    303    378    779    726    728    780   3665   3938   3934   3403   3153   3667   3935   3398   3670   3939   3937   3405
    499     21    201    202    199    198    725    777    778    724   3672   3832   3415   3940   3411   3673   3172   3418   3675   3834   3420   3941
    500     21     22     23    198    195    644    645    724    776   3942   3943   3417   3840   3841   3944   3418   3419   3945   3946   3422   3843
    501     21    118     63     62    194    709    654    653    775   3947   3948   3468   3949   3950   3951   3470   2947   3952   3953   3471   3954
    502     21    117    118    194    193    688    709    775    693   3955   3949   2945   3956   3957   3950   2947   2634   3958   3954   2948   3959
    503     21    255    254    293    302    774    760    770    769   3238   3853   3960   3961   2136   3241   3856   3850   3243   3857   3962   3963
    504     21    256    255    302    301    711    774    769    713   2132   3961   3848   3964   2137   2136   3850   3684   2140   3963   3851   3965
    505     21    258    257    300    299    772    710    712    773   3883   3966   3430   3846   2367   3253   3432   2903   3885   3967   3433   3847
    506     21    302    293    292    377    769    770    767    771   3960   3860   3456   3849   3850   3856   3458   3453   3962   3862   3459   3852
    507     21    291    292    282    281    766    767    768    763   3457   3861   3869   3864   3216   3458   3697   3866   3460   3863   3871   3867
    508     21    280    281    271    270    762    763    765    764   3865   3870   1179   3873   3463   3866   1184   1183   3868   3872   1187   3874
    509     21    253    254    366    369    757    760    761    759   3854   3237   3484   3968   3691   3241   3240   3487   3858   3242   3489   3969
    510     21    252    253    369    368    756    757    759    758   3688   3968   3702   3875   1798   3691   3487   3705   3693   3969   3706   3877
    511     21    116    115    165    164    689    715    755    691   3970   3890   2729   3971   3972   3891   2731   2420   3973   3893   2732   3974
    512     21    170    171    248    247    705    754    749    707   1997   3895   3975   3976   2000   1991   3896   3558   2002   3898   3977   3978
    513     21    168    169    246    245    752    704    706    753   2722   3979   2734   3756   2725   2414   2736   2425   2727   3980   2737   3757
    514     21    247    248    329    328    707    749    751    750   3975   3902   3763   3557   3558   3896   3765   3045   3977   3904   3766   3560
    515     21    161    105    104    147    747    748    740    739   2712   1433   3981   3982   2474   1438   1437   3920   2714   1441   3983   3984
    516     21    160    161    147    146    701    747    739    703   2470   3982   3918   3985   2475   2474   3920   3788   2478   3984   3921   3986
    517     21    156    157    143    142    743    744    746    745   3595   3911   2250   2790   2794   3103   2244   2251   3599   3912   2253   2797
    518     21    103    102    133    307    742    723    722    741   1453   3987   3913   3988   1448   1254   3163   3915   1455   3989   3916   3990
    519     21    147    104    103    307    739    740    742    741   3981   1445   3988   3919   3920   1437   1448   3915   3983   1450   3990   3922
    520     21    225    222    221    306    697    699    738    737   3991   3811   2520   3992   3993   3814   2081   2523   3994   3816   2525   3995
    521     21    224    225    306    305    696    697    737    736   3996   3992   2528   3923   3629   3993   2523   2531   3997   3995   2533   3925
    522     21     29     30    222    212    651    652    699    698   3998   3812   3999   3659   3660   3813   3814   3653   4000   3817   4001   3662
    523     21    215    127    128    211    732    733    735    734   3635   3125   3822   3931   3627   2501   2812   3666   3637   3126   3824   3932
    524     21    130    131    203    303    729    730    731    728   3607   3826   3933   4002   2820   3610   3828   3935   3612   3829   3936   4003
    525     21    207    129    130    303    726    727    729    728   3823   2817   4002   3938   3667   2811   2820   3935   3825   2822   4003   3939
    526     21     23     24    201    198    645    646    725    724   4004   3409   3940   3943   3944   3410   3411   3418   4005   3414   3941   3946
    527     21    197    133    102    101    719    722    723    721   3159   3987   1249   4006   3164   3163   1254   1253   3167   3989   1257   4007
    528     21    196    197    101    100    718    719    721    720   3170   4006   1261   3835   3173   3164   1253   1264   3175   4007   1266   3837
    529     21    115    116    192    191    715    689    692    717   3970   4008   1958   4009   3891   3972   1961   1689   3973   4010   1963   4011
    530     21    114    115    191    190    714    715    717    716   3889   4009   1686   3844   3550   3891   1689   1468   3892   4011   1691   3845
    531     21    257    256    301    300    710    711    713    712   3250   3964   3682   3966   3253   2137   3684   3432   3255   3965   3685   3967
    532     21    118    117    163    162    709    688    690    708   3955   4012   2169   4013   3950   3957   2173   2172   3958   4014   2174   4015
    533     21     64     63    118    162    655    654    709    708   4016   3947   4013   2178   2179   3951   3950   2172   4017   3952   4015   2181
    534     21    169    170    247    246    704    705    707    706   2411   3976   3556   3979   2414   2000   3558   2736   2416   3978   3559   3980
    535     21    159    160    146    145    700    701    703    702   2481   3985   3786   3907   2484   2475   3788   3616   2486   3986   3789   3909
    536     21    213    212    222    225    695    698    699    697   3650   3999   3991   4018   3654   3653   3814   3993   3655   4001   3994   4019
    537     21    214    213    225    224    694    695    697    696   3818   4018   3996   3624   3628   3654   3993   3629   3820   4019   3997   3632
    538     21    116    117    193    192    689    688    693    692   4020   3956   2631   4008   3972   3957   2634   1961   4021   3959   2635   4010
    539     21    117    116    164    163    688    689    691    690   4020   3971   2418   4012   3957   3972   2420   2173   4021   3974   2421   4014
    540     21   4291   4292   4608   4610   4785   4786   5197   5199   5200   5201   5202   5203   5204   5205   5206   5207   5208   5209   5210   5211
    541     21   4208   4209   4291   4610   4922   4923   4785   5199   5212   5213   5203   5214   5215   5216   5204   5207   5217   5218   5211   5219
    542     21   4608   4207   4208   4610   5197   4979   4922   5199   5220   5221   5214   5202   5206   5222   5215   5207   5223   5224   5219   5210
    543     21   4598   4423   4422   4609   5186   5110   5109   5198   5225   5226   5227   5228   5229   5230   5231   5232   5233   5234   5235   5236
    544     21   4346   4347   4598   4609   5135   5112   5186   5198   5237   5238   5228   5239   5240   5241   5229   5232   5242   5243   5236   5244
    545     21   4422   4345   4346   4609   5109   5181   5135   5198   5245   5246   5239   5227   5231   5247   5240   5232   5248   5249   5244   5235
    546     21   4260   4261   4342   4341   5151   5136   5111   4951   5250   5251   5252   5253   5254   5255   5256   5257   5258   5259   5260   5261
    547     21   4087   4086   4260   4341   4678   4677   5151   4951   5262   5263   5253   5264   5265   5266   5254   5257   5267   5268   5261   5269
    548     21   4122   4123   4199   4198   4742   4744   5078   5074   5270   5271   5272   5273   5274   5275   5276   5277   5278   5279   5280   5281
    549     21   4121   4122   4198   4197   4741   4742   5074   5073   5282   5273   5283   5284   5285   5274   5277   5286   5287   5281   5288   5289
    550     21   4608   4292   4293   4601   5197   4786   4853   5194   5201   5290   5291   5292   5206   5205   5293   5294   5209   5295   5296   5297
    551     21   4206   4207   4608   4601   5091   4979   5197   5194   5298   5220   5292   5299   5300   5222   5206   5294   5301   5223   5297   5302
    552     21   4261   4262   4343   4342   5136   5113   5180   5111   5303   5304   5305   5251   5255   5306   5307   5256   5308   5309   5310   5259
    553     21   4247   4248   4170   4169   5169   5148   5129   5168   5311   5312   5313   5314   5315   5316   5317   5318   5319   5320   5321   5322
    554     21   4105   4104   4247   4169   4696   4695   5169   5168   5323   5324   5314   5325   5326   5327   5315   5318   5328   5329   5322   5330
    555     21   4120   4121   4197   4196   4861   4741   5073   5155   5331   5284   5332   5333   5334   5285   5286   5335   5336   5289   5337   5338
    556     21   4041   4042   4120   4196   4663   4664   4861   5155   5339   5340   5333   5341   5342   5343   5334   5335   5344   5345   5338   5346
    557     21   4209   4210   4290   4291   4923   4860   4852   4785   5347   5348   5349   5213   5216   5350   5351   5204   5352   5353   5354   5218
    558     21   4330   4329   4605   4607   5147   5170   5193   5196   5355   5356   5357   5358   5359   5360   5361   5362   5363   5364   5365   5366
    559     21   4409   4331   4330   4607   5106   5103   5147   5196   5367   5368   5358   5369   5370   5371   5359   5362   5372   5373   5366   5374
    560     21   4605   4408   4409   4607   5193   5131   5106   5196   5375   5376   5369   5357   5361   5377   5370   5362   5378   5379   5374   5365
    561     21   4248   4249   4171   4170   5148   5104   5130   5129   5380   5381   5382   5312   5316   5383   5384   5317   5385   5386   5387   5320
    562     21   4315   4316   4391   4606   5125   5089   5159   5195   5388   5389   5390   5391   5392   5393   5394   5395   5396   5397   5398   5399
    563     21   4067   4066   4315   4606   4628   4627   5125   5195   5400   5401   5391   5402   5403   5404   5392   5395   5405   5406   5399   5407
    564     21   4391   4068   4067   4606   5159   4629   4628   5195   5408   5409   5402   5390   5394   5410   5403   5395   5411   5412   5407   5398
    565     21   4601   4293   4294   4593   5194   4853   4913   5183   5291   5413   5414   5415   5294   5293   5416   5417   5296   5418   5419   5420
    566     21   4205   4206   4601   4593   5141   5091   5194   5183   5421   5299   5415   5422   5423   5300   5294   5417   5424   5302   5420   5425
    567     21   4262   4263   4344   4343   5113   5064   5192   5180   5426   5427   5428   5304   5306   5429   5430   5307   5431   5432   5433   5309
    568     21   4344   4345   4422   4421   5192   5181   5109   5134   5434   5245   5435   5436   5430   5247   5231   5437   5438   5248   5439   5440
    569     21   4102   4101   4408   4605   4693   4692   5131   5193   5441   5442   5375   5443   5444   5445   5377   5361   5446   5447   5378   5448
    570     21   4103   4102   4605   4329   4694   4693   5193   5170   5449   5443   5356   5450   5451   5444   5361   5360   5452   5448   5364   5453
    571     21   4125   4126   4202   4201   4761   4769   4845   4964   5454   5455   5456   5457   5458   5459   5460   5461   5462   5463   5464   5465
    572     21   4124   4125   4201   4200   4763   4761   4964   5079   5466   5457   5467   5468   5469   5458   5461   5470   5471   5465   5472   5473
    573     21   4123   4124   4200   4199   4744   4763   5079   5078   5474   5468   5475   5271   5275   5469   5470   5276   5476   5473   5477   5279
    574     21   4316   4317   4392   4391   5089   4977   5086   5159   5478   5479   5480   5389   5393   5481   5482   5394   5483   5484   5485   5397
    575     21   4210   4211   4289   4290   4860   4737   4912   4852   5486   5487   5488   5348   5350   5489   5490   5351   5491   5492   5493   5353
    576     21   4592   4531   4532   4600   5182   5117   5018   5187   5494   5495   5496   5497   5498   5499   5500   5501   5502   5503   5504   5505
    577     21   4591   4592   4600   4599   5173   5182   5187   5188   5506   5497   5507   5508   5509   5498   5501   5510   5511   5505   5512   5513
    578     21   4263   4264   4345   4344   5064   4953   5181   5192   5514   5515   5434   5427   5429   5516   5247   5430   5517   5518   5438   5432
    579     21   4343   4344   4421   4420   5180   5192   5134   5062   5428   5436   5519   5520   5307   5430   5437   5521   5433   5440   5522   5523
    580     21   4409   4410   4332   4331   5106   5057   5054   5103   5524   5525   5526   5367   5370   5527   5528   5371   5529   5530   5531   5372
    581     21   4110   4109   4140   4575   4701   4700   4932   5166   5532   5533   5534   5535   5536   5537   5538   5539   5540   5541   5542   5543
    582     21   4111   4110   4575   4576   4702   4701   5166   5164   5544   5535   5545   5546   5547   5536   5539   5548   5549   5543   5550   5551
    583     21   4126   4127   4203   4202   4769   5114   4846   4845   5552   5553   5554   5455   5459   5555   5556   5460   5557   5558   5559   5463
    584     21   4317   4318   4393   4392   4977   4919   5087   5086   5560   5561   5562   5479   5481   5563   5564   5482   5565   5566   5567   5484
    585     21   4534   4535   4568   4604   5138   5024   5120   5191   5568   5569   5570   5571   5572   5573   5574   5575   5576   5577   5578   5579
    586     21   4036   4037   4534   4604   4658   4659   5138   5191   5580   5581   5571   5582   5583   5584   5572   5575   5585   5586   5579   5587
    587     21   4568   4035   4036   4604   5120   4657   4658   5191   5588   5589   5582   5570   5574   5590   5583   5575   5591   5592   5587   5578
    588     21   4026   4027   4591   4599   4648   4649   5173   5188   5593   5594   5508   5595   5596   5597   5509   5510   5598   5599   5513   5600
    589     21   4025   4026   4599   4428   4647   4648   5188   5014   5601   5595   5602   5603   5604   5596   5510   5605   5606   5600   5607   5608
    590     21   4458   4451   4450   4603   5171   5105   5132   5190   5609   5610   5611   5612   5613   5614   5615   5616   5617   5618   5619   5620
    591     21   4099   4098   4458   4603   4690   4689   5171   5190   5621   5622   5612   5623   5624   5625   5613   5616   5626   5627   5620   5628
    592     21   4450   4100   4099   4603   5132   4691   4690   5190   5629   5630   5623   5611   5615   5631   5624   5616   5632   5633   5628   5619
    593     21   4579   4578   4581   4602   5160   5161   5163   5189   5634   5635   5636   5637   5638   5639   5640   5641   5642   5643   5644   5645
    594     21   4583   4580   4579   4602   5165   5167   5160   5189   5646   5647   5637   5648   5649   5650   5638   5641   5651   5652   5645   5653
    595     21   4581   4582   4583   4602   5163   5144   5165   5189   5654   5655   5648   5636   5640   5656   5649   5641   5657   5658   5653   5644
    596     21   4574   4548   4240   4239   5162   5043   5045   5094   5659   5660   5661   5662   5663   5664   5665   5666   5667   5668   5669   5670
    597     21   4573   4574   4239   4238   5142   5162   5094   4805   5671   5662   5672   5673   5674   5663   5666   5675   5676   5670   5677   5678
    598     21   4127   4128   4204   4203   5114   5066   4849   4846   5679   5680   5681   5553   5555   5682   5683   5556   5684   5685   5686   5558
    599     21   4305   4306   4296   4295   5184   5176   5081   5122   5687   5688   5689   5690   5691   5692   5693   5694   5695   5696   5697   5698
    600     21   4081   4080   4305   4295   4642   4641   5184   5122   5699   5700   5690   5701   5702   5703   5691   5694   5704   5705   5698   5706
    601     21   4211   4212   4288   4289   4737   4738   4968   4912   5707   5708   5709   5487   5489   5710   5711   5490   5712   5713   5714   5492
    602     21   4429   4428   4599   4600   5115   5014   5188   5187   5715   5602   5507   5716   5717   5605   5510   5501   5718   5607   5512   5719
    603     21   4532   4430   4429   4600   5018   5017   5115   5187   5720   5721   5716   5496   5500   5722   5717   5501   5723   5724   5719   5504
    604     21   4558   4424   4423   4598   5063   4945   5110   5186   5725   5726   5225   5727   5728   5729   5230   5229   5730   5731   5233   5732
    605     21   4347   4348   4558   4598   5112   4952   5063   5186   5733   5734   5727   5238   5241   5735   5728   5229   5736   5737   5732   5243
    606     21   4458   4459   4452   4451   5171   5149   5056   5105   5738   5739   5740   5609   5613   5741   5742   5614   5743   5744   5745   5617
    607     21   4410   4411   4333   4332   5057   5001   4998   5054   5746   5747   5748   5525   5527   5749   5750   5528   5751   5752   5753   5530
    608     21   4249   4250   4172   4171   5104   5053   5052   5130   5754   5755   5756   5381   5383   5757   5758   5384   5759   5760   5761   5386
    609     21   4141   4142   4579   4580   4931   5046   5160   5167   5762   5763   5647   5764   5765   5766   5638   5650   5767   5768   5652   5769
    610     21   4140   4141   4580   4575   4932   4931   5167   5166   5770   5764   5771   5534   5538   5765   5650   5539   5772   5769   5773   5542
    611     21   4112   4111   4576   4577   4703   4702   5164   5145   5774   5546   5775   5776   5777   5547   5548   5778   5779   5551   5780   5781
    612     21   4572   4573   4238   4237   5143   5142   4805   4804   5782   5673   5783   5784   5785   5674   5675   5786   5787   5678   5788   5789
    613     21   4486   4306   4305   4597   5175   5176   5184   5185   5790   5687   5791   5792   5793   5692   5691   5794   5795   5695   5796   5797
    614     21   4079   4078   4486   4597   4640   4639   5175   5185   5798   5799   5792   5800   5801   5802   5793   5794   5803   5804   5797   5805
    615     21   4305   4080   4079   4597   5184   4641   4640   5185   5700   5806   5800   5791   5691   5703   5801   5794   5705   5807   5805   5796
    616     21   4306   4307   4297   4296   5176   5157   5028   5081   5808   5809   5810   5688   5692   5811   5812   5693   5813   5814   5815   5696
    617     21   4593   4294   4273   4272   5183   4913   4777   4850   5414   5816   5817   5818   5417   5416   5819   5820   5419   5821   5822   5823
    618     21   4204   4205   4593   4272   4849   5141   5183   4850   5824   5422   5818   5825   5683   5423   5417   5820   5826   5425   5823   5827
    619     21   4353   4354   4531   4592   5118   5119   5117   5182   5828   5829   5494   5830   5831   5832   5499   5498   5833   5834   5502   5835
    620     21   4352   4353   4592   4591   5174   5118   5182   5173   5836   5830   5506   5837   5838   5831   5498   5509   5839   5835   5511   5840
    621     21   4022   4023   4570   4586   4644   4645   5137   5152   5841   5842   5843   5844   5845   5846   5847   5848   5849   5850   5851   5852
    622     21   4119   4022   4586   4059   4619   4644   5152   4620   5853   5844   5854   5855   5856   5845   5848   5857   5858   5852   5859   5860
    623     21   4264   4265   4346   4345   4953   4885   5135   5181   5861   5862   5246   5515   5516   5863   5240   5247   5864   5865   5249   5518
    624     21   4342   4343   4420   4419   5111   5180   5062   5061   5305   5520   5866   5867   5256   5307   5521   5868   5310   5523   5869   5870
    625     21   4459   4460   4453   4452   5149   5133   5000   5056   5871   5872   5873   5739   5741   5874   5875   5742   5876   5877   5878   5744
    626     21   4411   4412   4334   4333   5001   4940   4935   4998   5879   5880   5881   5747   5749   5882   5883   5750   5884   5885   5886   5752
    627     21   4552   4147   4146   4514   5128   4808   4807   5127   5887   5888   5889   5890   5891   5892   5893   5894   5895   5896   5897   5898
    628     21   4551   4552   4514   4513   5100   5128   5127   5049   5899   5890   5900   5901   5902   5891   5894   5903   5904   5898   5905   5906
    629     21   4547   4548   4574   4581   5042   5043   5162   5163   5907   5659   5908   5909   5910   5664   5663   5640   5911   5667   5912   5913
    630     21   4546   4547   4581   4578   5095   5042   5163   5161   5914   5909   5635   5915   5916   5910   5640   5639   5917   5913   5643   5918
    631     21   4053   4054   4564   4595   4612   4613   5092   5178   5919   5920   5921   5922   5923   5924   5925   5926   5927   5928   5929   5930
    632     21   4241   4053   4595   4596   5044   4612   5178   5179   5931   5922   5932   5933   5934   5923   5926   5935   5936   5930   5937   5938
    633     21   4565   4240   4241   4596   5126   5045   5044   5179   5939   5940   5933   5941   5942   5665   5934   5935   5943   5944   5938   5945
    634     21   4564   4565   4596   4595   5092   5126   5179   5178   5946   5941   5932   5921   5925   5942   5935   5926   5947   5945   5937   5929
    635     21   4493   4487   4486   4594   5084   5156   5175   5177   5948   5949   5950   5951   5952   5953   5793   5954   5955   5956   5957   5958
    636     21   4077   4076   4493   4594   4638   4637   5084   5177   5959   5960   5951   5961   5962   5963   5952   5954   5964   5965   5958   5966
    637     21   4486   4078   4077   4594   5175   4639   4638   5177   5799   5967   5961   5950   5793   5802   5962   5954   5804   5968   5966   5957
    638     21   4486   4487   4307   4306   5175   5156   5157   5176   5949   5969   5808   5790   5793   5953   5811   5692   5956   5970   5813   5795
    639     21   4307   4308   4298   4297   5157   5082   4967   5028   5971   5972   5973   5809   5811   5974   5975   5812   5976   5977   5978   5814
    640     21   4212   4213   4287   4288   4738   4713   5029   4968   5979   5980   5981   5708   5710   5982   5983   5711   5984   5985   5986   5713
    641     21   4358   4359   4353   4352   4958   4896   5118   5174   5987   5988   5836   5989   5990   5991   5831   5838   5992   5993   5839   5994
    642     21   4028   4029   4358   4352   4650   4651   4958   5174   5995   5996   5989   5997   5998   5999   5990   5838   6000   6001   5994   6002
    643     21   4027   4028   4352   4591   4649   4650   5174   5173   6003   5997   5837   5594   5597   5998   5838   5509   6004   6002   5840   5599
    644     21   4130   4129   4193   4192   5090   5065   4827   4775   6005   6006   6007   6008   6009   6010   6011   6012   6013   6014   6015   6016
    645     21   4131   4130   4192   4191   4978   5090   4775   4726   6017   6008   6018   6019   6020   6009   6012   6021   6022   6016   6023   6024
    646     21   4465   4459   4458   4590   5059   5149   5171   5172   6025   5738   6026   6027   6028   5741   5613   6029   6030   5743   6031   6032
    647     21   4097   4096   4465   4590   4688   4687   5059   5172   6033   6034   6027   6035   6036   6037   6028   6029   6038   6039   6032   6040
    648     21   4458   4098   4097   4590   5171   4689   4688   5172   5622   6041   6035   6026   5613   5625   6036   6029   5627   6042   6040   6031
    649     21   4460   4461   4454   4453   5133   5107   4938   5000   6043   6044   6045   5872   5874   6046   6047   5875   6048   6049   6050   5877
    650     21   4329   4330   4248   4247   5170   5147   5148   5169   5355   6051   5311   6052   5360   5359   5316   5315   5363   6053   5319   6054
    651     21   4104   4103   4329   4247   4695   4694   5170   5169   6055   5450   6052   5324   5327   5451   5360   5315   6056   5453   6054   5329
    652     21   4169   4170   4156   4155   5168   5129   4869   4868   5313   6057   6058   6059   5318   5317   6060   6061   5321   6062   6063   6064
    653     21   4106   4105   4169   4155   4697   4696   5168   4868   6065   5325   6059   6066   6067   5326   5318   6061   6068   5330   6064   6069
    654     21   4576   4575   4580   4583   5164   5166   5167   5165   5545   5771   5646   6070   5548   5539   5650   5649   5550   5773   5651   6071
    655     21   4577   4576   4583   4582   5145   5164   5165   5144   5775   6070   5655   6072   5778   5548   5649   5656   5780   6071   5658   6073
    656     21   4574   4573   4582   4581   5162   5142   5144   5163   5671   6074   5654   5908   5663   5674   5656   5640   5676   6075   5657   5912
    657     21   4143   4144   4546   4578   5098   4989   5095   5161   6076   6077   5915   6078   6079   6080   5916   5639   6081   6082   5918   6083
    658     21   4142   4143   4578   4579   5046   5098   5161   5160   6084   6078   5634   5763   5766   6079   5639   5638   6085   6083   5642   5768
    659     21   4113   4112   4577   4572   4704   4703   5145   5143   6086   5776   6087   6088   6089   5777   5778   5785   6090   5781   6091   6092
    660     21   4114   4113   4572   4237   4705   4704   5143   4804   6093   6088   5784   6094   6095   6089   5785   5786   6096   6092   5789   6097
    661     21   4052   4053   4241   4242   4611   4612   5044   4759   6098   5931   6099   6100   6101   5923   5934   6102   6103   5936   6104   6105
    662     21   4391   4392   4504   4589   5159   5086   5037   5158   5480   6106   6107   6108   5394   5482   6109   6110   5485   6111   6112   6113
    663     21   4069   4068   4391   4589   4630   4629   5159   5158   6114   5408   6108   6115   6116   5410   5394   6110   6117   5411   6113   6118
    664     21   4504   4070   4069   4589   5037   4631   4630   5158   6119   6120   6115   6107   6109   6121   6116   6110   6122   6123   6118   6112
    665     21   4493   4494   4488   4487   5084   5033   5140   5156   6124   6125   6126   5948   5952   6127   6128   5953   6129   6130   6131   5955
    666     21   4487   4488   4308   4307   5156   5140   5082   5157   6126   6132   5971   5969   5953   6128   5974   5811   6131   6133   5976   5970
    667     21   4196   4197   4562   4588   5155   5073   5075   5154   5332   6134   6135   6136   5335   5286   6137   6138   5337   6139   6140   6141
    668     21   4040   4041   4196   4588   4662   4663   5155   5154   6142   5341   6136   6143   6144   5342   5335   6138   6145   5346   6141   6146
    669     21   4562   4039   4040   4588   5075   4661   4662   5154   6147   6148   6143   6135   6137   6149   6144   6138   6150   6151   6146   6140
    670     21   4381   4276   4277   4375   5020   4795   4732   5019   6152   6153   6154   6155   6156   6157   6158   6159   6160   6161   6162   6163
    671     21   4380   4381   4375   4374   4902   5020   5019   4903   6164   6155   6165   6166   6167   6156   6159   6168   6169   6163   6170   6171
    672     21   4060   4059   4586   4587   4621   4620   5152   5153   6172   5854   6173   6174   6175   5857   5848   6176   6177   5859   6178   6179
    673     21   4559   4061   4060   4587   5069   4622   4621   5153   6180   6181   6174   6182   6183   6184   6175   6176   6185   6186   6179   6187
    674     21   4586   4570   4559   4587   5152   5137   5069   5153   5843   6188   6182   6173   5848   5847   6183   6176   5851   6189   6187   6178
    675     21   4183   4184   4261   4260   4729   4711   5136   5151   6190   6191   5250   6192   6193   6194   5255   5254   6195   6196   5258   6197
    676     21   4086   4085   4183   4260   4677   4676   4729   5151   6198   6199   6192   5263   5266   6200   6193   5254   6201   6202   6197   5268
    677     21   4418   4419   4476   4585   4950   5061   5010   5150   6203   6204   6205   6206   6207   5868   6208   6209   6210   6211   6212   6213
    678     21   4089   4088   4418   4585   4680   4679   4950   5150   6214   6215   6206   6216   6217   6218   6207   6209   6219   6220   6213   6221
    679     21   4476   4090   4089   4585   5010   4681   4680   5150   6222   6223   6216   6205   6208   6224   6217   6209   6225   6226   6221   6212
    680     21   4465   4466   4460   4459   5059   5006   5133   5149   6227   6228   5871   6025   6028   6229   5874   5741   6230   6231   5876   6030
    681     21   4461   4462   4455   4454   5107   5058   4939   4938   6232   6233   6234   6044   6046   6235   6236   6047   6237   6238   6239   6049
    682     21   4412   4413   4335   4334   4940   4941   4873   4935   6240   6241   6242   5880   5882   6243   6244   5883   6245   6246   6247   5885
    683     21   4330   4331   4249   4248   5147   5103   5104   5148   5368   6248   5380   6051   5359   5371   5383   5316   5373   6249   5385   6053
    684     21   4556   4554   4553   4584   5050   5051   5101   5146   6250   6251   6252   6253   6254   6255   6256   6257   6258   6259   6260   6261
    685     21   4164   4555   4556   4584   4767   5102   5050   5146   6262   6263   6253   6264   6265   6266   6254   6257   6267   6268   6261   6269
    686     21   4553   4163   4164   4584   5101   4766   4767   5146   6270   6271   6264   6252   6256   6272   6265   6257   6273   6274   6269   6260
    687     21   4448   4143   4142   4550   5097   5098   5046   5047   6275   6084   6276   6277   6278   6079   5766   6279   6280   6085   6281   6282
    688     21   4447   4448   4550   4549   4987   5097   5047   5048   6283   6277   6284   6285   6286   6278   6279   6287   6288   6282   6289   6290
    689     21   4573   4572   4577   4582   5142   5143   5145   5144   5782   6087   6072   6074   5674   5785   5778   5656   5787   6091   6073   6075
    690     21   4129   4130   4206   4205   5065   5090   5091   5141   6005   6291   5421   6292   6010   6009   5300   5423   6013   6293   5424   6294
    691     21   4128   4129   4205   4204   5066   5065   5141   4849   6295   6292   5824   5680   5682   6010   5423   5683   6296   6294   5826   5685
    692     21   4394   4395   4502   4540   5088   4976   5034   5039   6297   6298   6299   6300   6301   6302   6303   6304   6305   6306   6307   6308
    693     21   4393   4394   4540   4541   5087   5088   5039   5038   6309   6300   6310   6311   5564   6301   6304   6312   6313   6308   6314   6315
    694     21   4071   4070   4504   4505   4632   4631   5037   4916   6316   6119   6317   6318   6319   6121   6109   6320   6321   6122   6322   6323
    695     21   4494   4495   4489   4488   5033   4972   5123   5140   6324   6325   6326   6125   6127   6327   6328   6128   6329   6330   6331   6130
    696     21   4488   4489   4309   4308   5140   5123   5030   5082   6326   6332   6333   6132   6128   6328   6334   5974   6331   6335   6336   6133
    697     21   4484   4483   4485   4571   5121   5022   4910   5139   6337   6338   6339   6340   6341   6342   6343   6344   6345   6346   6347   6348
    698     21   4439   4438   4484   4571   4906   4963   5121   5139   6349   6350   6340   6351   6352   6353   6341   6344   6354   6355   6348   6356
    699     21   4485   4440   4439   4571   4910   4907   4906   5139   6357   6358   6351   6339   6343   6359   6352   6344   6360   6361   6356   6347
    700     21   4561   4537   4535   4534   5077   5023   5024   5138   6362   6363   5568   6364   6365   6366   5573   5572   6367   6368   5576   6369
    701     21   4037   4038   4561   4534   4659   4660   5077   5138   6370   6371   6364   5581   5584   6372   6365   5572   6373   6374   6369   5586
    702     21   4034   4035   4568   4437   4656   4657   5120   5072   6375   5588   6376   6377   6378   5590   5574   6379   6380   5591   6381   6382
    703     21   4363   4279   4280   4357   4838   4793   4857   4957   6383   6384   6385   6386   6387   6388   6389   6390   6391   6392   6393   6394
    704     21   4362   4363   4357   4356   4837   4838   4957   4956   6395   6386   6396   6397   6398   6387   6390   6399   6400   6394   6401   6402
    705     21   4355   4356   4434   4567   5071   4956   4893   5116   6403   6404   6405   6406   6407   6399   6408   6409   6410   6411   6412   6413
    706     21   4354   4355   4567   4531   5119   5071   5116   5117   6414   6406   6415   5829   5832   6407   6409   5499   6416   6413   6417   5834
    707     21   4529   4530   4559   4570   5013   5067   5069   5137   6418   6419   6188   6420   6421   6422   6183   5847   6423   6424   6189   6425
    708     21   4023   4024   4529   4570   4645   4646   5013   5137   6426   6427   6420   5842   5846   6428   6421   5847   6429   6430   6425   5850
    709     21   4132   4131   4191   4190   4920   4978   4726   4725   6431   6019   6432   6433   6434   6020   6021   6435   6436   6024   6437   6438
    710     21   4184   4185   4262   4261   4711   4712   5113   5136   6439   6440   5303   6191   6194   6441   5306   5255   6442   6443   5308   6196
    711     21   4265   4266   4347   4346   4885   4774   5112   5135   6444   6445   5237   5862   5863   6446   5241   5240   6447   6448   5242   5865
    712     21   4421   4422   4474   4525   5134   5109   5007   5012   5435   6449   6450   6451   5437   5231   6452   6453   5439   6454   6455   6456
    713     21   4420   4421   4525   4526   5062   5134   5012   5011   5519   6451   6457   6458   5521   5437   6453   6459   5522   6456   6460   6461
    714     21   4091   4090   4476   4477   4682   4681   5010   4880   6462   6222   6463   6464   6465   6224   6208   6466   6467   6225   6468   6469
    715     21   4466   4467   4461   4460   5006   4946   5107   5133   6470   6471   6043   6228   6229   6472   6046   5874   6473   6474   6048   6231
    716     21   4450   4451   4409   4408   5132   5105   5106   5131   5610   6475   5376   6476   5615   5614   5370   5377   5618   6477   5379   6478
    717     21   4101   4100   4450   4408   4692   4691   5132   5131   6479   5629   6476   5442   5445   5631   5615   5377   6480   5632   6478   5447
    718     21   4413   4414   4336   4335   4941   5003   4815   4873   6481   6482   6483   6241   6243   6484   6485   6244   6486   6487   6488   6246
    719     21   4259   4195   4182   4181   4888   4887   4768   4722   6489   6490   6491   6492   6493   6494   6495   6496   6497   6498   6499   6500
    720     21   4258   4259   4181   4180   4999   4888   4722   4721   6501   6492   6502   6503   6504   6493   6496   6505   6506   6500   6507   6508
    721     21   4171   4172   4158   4157   5130   5052   4985   5096   5756   6509   6510   6511   5384   5758   6512   6513   5761   6514   6515   6516
    722     21   4170   4171   4157   4156   5129   5130   5096   4869   5382   6511   6517   6057   5317   5384   6513   6060   5387   6516   6518   6062
    723     21   4554   4148   4147   4552   5051   4754   4808   5128   6519   6520   5887   6521   6255   6522   5892   5891   6523   6524   5895   6525
    724     21   4553   4554   4552   4551   5101   5051   5128   5100   6251   6521   5899   6526   6256   6255   5891   5902   6259   6525   5904   6527
    725     21   4514   4146   4145   4524   5127   4807   4927   4990   5889   6528   6529   6530   5894   5893   6531   6532   5897   6533   6534   6535
    726     21   4513   4514   4524   4523   5049   5127   4990   4992   5900   6530   6536   6537   5903   5894   6532   6538   5905   6535   6539   6540
    727     21   4327   4242   4241   4510   4758   4759   5044   5041   6541   6099   6542   6543   6544   6102   5934   6545   6546   6104   6547   6548
    728     21   4326   4327   4510   4509   4757   4758   5041   4984   6549   6543   6550   6551   6552   6544   6545   6553   6554   6548   6555   6556
    729     21   4545   4239   4240   4565   5093   5094   5045   5126   6557   5661   5939   6558   6559   5666   5665   5942   6560   5669   5943   6561
    730     21   4544   4545   4565   4564   5040   5093   5126   5092   6562   6558   5946   6563   6564   6559   5942   5925   6565   6561   5947   6566
    731     21   4229   4230   4226   4225   4925   4863   4983   4981   6567   6568   6569   6570   6571   6572   6573   6574   6575   6576   6577   6578
    732     21   4048   4049   4229   4225   4670   4671   4925   4981   6579   6580   6570   6581   6582   6583   6571   6574   6584   6585   6578   6586
    733     21   4284   4283   4316   4315   4890   4830   5089   5125   6587   6588   5388   6589   6590   6591   5393   5392   6592   6593   5396   6594
    734     21   4066   4065   4284   4315   4627   4626   4890   5125   6595   6596   6589   5401   5404   6597   6590   5392   6598   6599   6594   5406
    735     21   4318   4319   4394   4393   4919   4858   5088   5087   6600   6601   6309   5561   5563   6602   6301   5564   6603   6604   6313   5566
    736     21   4396   4397   4498   4569   4918   4856   4971   5124   6605   6606   6607   6608   6609   6610   6611   6612   6613   6614   6615   6616
    737     21   4502   4395   4396   4569   5034   4976   4918   5124   6298   6617   6608   6618   6303   6302   6609   6612   6306   6619   6616   6620
    738     21   4498   4497   4502   4569   4971   5032   5034   5124   6621   6622   6618   6607   6611   6623   6303   6612   6624   6625   6620   6615
    739     21   4495   4496   4490   4489   4972   4973   5083   5123   6626   6627   6628   6325   6327   6629   6630   6328   6631   6632   6633   6330
    740     21   4489   4490   4310   4309   5123   5083   4969   5030   6628   6634   6635   6332   6328   6630   6636   6334   6633   6637   6638   6335
    741     21   4295   4296   4286   4285   5122   5081   5080   4966   5689   6639   6640   6641   5694   5693   6642   6643   5697   6644   6645   6646
    742     21   4082   4081   4295   4285   4643   4642   5122   4966   6647   5701   6641   6648   6649   5702   5694   6643   6650   5706   6646   6651
    743     21   4213   4214   4286   4287   4713   4714   5080   5029   6652   6653   6654   5980   5982   6655   6642   5983   6656   6657   6658   5985
    744     21   4481   4482   4537   4536   5027   5021   5023   5076   6659   6660   6661   6662   6663   6664   6366   6665   6666   6667   6668   6669
    745     21   4198   4199   4481   4536   5074   5078   5027   5076   5272   6670   6662   6671   5277   5276   6663   6665   5280   6672   6669   6673
    746     21   4038   4039   4562   4561   4660   4661   5075   5077   6674   6147   6675   6371   6372   6149   6137   6365   6676   6150   6677   6374
    747     21   4484   4438   4437   4568   5121   4963   5072   5120   6350   6678   6376   6679   6341   6353   6379   5574   6355   6680   6381   6681
    748     21   4535   4483   4484   4568   5024   5022   5121   5120   6682   6337   6679   5569   5573   6342   6341   5574   6683   6345   6681   5577
    749     21   4370   4371   4365   4364   4960   4901   4894   4959   6684   6685   6686   6687   6688   6689   6690   6691   6692   6693   6694   6695
    750     21   4030   4031   4370   4364   4652   4653   4960   4959   6696   6697   6687   6698   6699   6700   6688   6691   6701   6702   6695   6703
    751     21   4360   4361   4355   4354   4897   4899   5071   5119   6704   6705   6414   6706   6707   6708   6407   5832   6709   6710   6416   6711
    752     21   4359   4360   4354   4353   4896   4897   5119   5118   6712   6706   5828   5988   5991   6707   5832   5831   6713   6711   5833   5993
    753     21   4533   4532   4531   4567   5015   5018   5117   5116   6714   5495   6415   6715   6716   5500   5499   6409   6717   5503   6417   6718
    754     21   4434   4435   4533   4567   4893   4834   5015   5116   6719   6720   6715   6405   6408   6721   6716   6409   6722   6723   6718   6412
    755     21   4429   4430   4517   4530   5115   5017   5068   5067   5721   6724   6725   6726   5717   5722   6727   6422   5724   6728   6729   6730
    756     21   4428   4429   4530   4529   5014   5115   5067   5013   5715   6726   6418   6731   5605   5717   6422   6421   5718   6730   6423   6732
    757     21   4127   4126   4182   4195   5114   4769   4768   4887   5552   6733   6490   6734   5555   5459   6495   6494   5557   6735   6498   6736
    758     21   4128   4127   4195   4194   5066   5114   4887   4886   5679   6734   6737   6738   5682   5555   6494   6739   5684   6736   6740   6741
    759     21   4133   4132   4190   4189   4921   4920   4725   4773   6742   6433   6743   6744   6745   6434   6435   6746   6747   6438   6748   6749
    760     21   4185   4186   4263   4262   4712   4776   5064   5113   6750   6751   5426   6440   6441   6752   5429   5306   6753   6754   5431   6443
    761     21   4266   4267   4348   4347   4774   4727   4952   5112   6755   6756   5733   6445   6446   6757   5735   5241   6758   6759   5736   6448
    762     21   4341   4342   4419   4418   4951   5111   5061   4950   5252   5867   6203   6760   5257   5256   5868   6207   5260   5870   6210   6761
    763     21   4423   4424   4470   4566   5110   4945   4944   5108   5726   6762   6763   6764   5230   5729   6765   6766   5731   6767   6768   6769
    764     21   4474   4422   4423   4566   5007   5109   5110   5108   6449   5226   6764   6770   6452   5231   5230   6766   6454   5234   6769   6771
    765     21   4470   4469   4474   4566   4944   5005   5007   5108   6772   6773   6770   6763   6765   6774   6452   6766   6775   6776   6771   6768
    766     21   4467   4468   4462   4461   4946   4947   5058   5107   6777   6778   6232   6471   6472   6779   6235   6046   6780   6781   6237   6474
    767     21   4462   4463   4456   4455   5058   5004   5002   4939   6782   6783   6784   6233   6235   6785   6786   6236   6787   6788   6789   6238
    768     21   4451   4452   4410   4409   5105   5056   5057   5106   5740   6790   5524   6475   5614   5742   5527   5370   5745   6791   5529   6477
    769     21   4414   4415   4337   4336   5003   5055   4816   4815   6792   6793   6794   6482   6484   6795   6796   6485   6797   6798   6799   6487
    770     21   4331   4332   4250   4249   5103   5054   5053   5104   5526   6800   5754   6248   5371   5528   5757   5383   5531   6801   5759   6249
    771     21   4257   4258   4180   4179   4937   4999   4721   4813   6802   6503   6803   6804   6805   6504   6505   6806   6807   6508   6808   6809
    772     21   4176   4177   4163   4162   4872   4764   4766   5099   6810   6811   6812   6813   6814   6815   6272   6816   6817   6818   6819   6820
    773     21   4175   4176   4162   4161   4934   4872   5099   4995   6821   6813   6822   6823   6824   6814   6816   6825   6826   6820   6827   6828
    774     21   4150   4149   4556   4555   4748   4756   5050   5102   6829   6830   6263   6831   6832   6833   6254   6266   6834   6835   6268   6836
    775     21   4515   4151   4150   4555   4933   4750   4748   5102   6837   6838   6831   6839   6840   6841   6832   6266   6842   6843   6836   6844
    776     21   4164   4165   4515   4555   4767   4814   4933   5102   6845   6846   6839   6262   6265   6847   6840   6266   6848   6849   6844   6267
    777     21   4162   4163   4553   4551   5099   4766   5101   5100   6812   6270   6526   6850   6816   6272   6256   5902   6819   6273   6527   6851
    778     21   4161   4162   4551   4513   4995   5099   5100   5049   6822   6850   5901   6852   6825   6816   5902   5903   6827   6851   5906   6853
    779     21   4512   4144   4143   4448   4991   4989   5098   5097   6854   6076   6275   6855   6856   6080   6079   6278   6857   6081   6280   6858
    780     21   4511   4512   4448   4447   4988   4991   5097   4987   6859   6855   6283   6860   6861   6856   6278   6286   6862   6858   6288   6863
    781     21   4157   4158   4447   4549   5096   4985   4987   5048   6510   6864   6285   6865   6513   6512   6286   6287   6515   6866   6290   6867
    782     21   4156   4157   4549   4405   4869   5096   5048   4870   6517   6865   6868   6869   6060   6513   6287   6870   6518   6867   6871   6872
    783     21   4508   4509   4547   4546   4928   4984   5042   5095   6873   6874   5914   6875   6876   6553   5910   5916   6877   6878   5917   6879
    784     21   4144   4145   4508   4546   4989   4927   4928   5095   6880   6881   6875   6077   6080   6531   6876   5916   6882   6883   6879   6082
    785     21   4401   4238   4239   4545   4806   4805   5094   5093   6884   5672   6557   6885   6886   5675   5666   6559   6887   5677   6560   6888
    786     21   4400   4401   4545   4544   4926   4806   5093   5040   6889   6885   6562   6890   6891   6886   6559   6564   6892   6888   6565   6893
    787     21   4054   4055   4544   4564   4613   4614   5040   5092   6894   6895   6563   5920   5924   6896   6564   5925   6897   6898   6566   5928
    788     21   4047   4048   4225   4506   4669   4670   4981   4980   6899   6581   6900   6901   6902   6582   6574   6903   6904   6586   6905   6906
    789     21   4046   4047   4506   4507   4668   4669   4980   4924   6907   6901   6908   6909   6910   6902   6903   6911   6912   6906   6913   6914
    790     21   4130   4131   4207   4206   5090   4978   4979   5091   6017   6915   5298   6291   6009   6020   5222   5300   6022   6916   5301   6293
    791     21   4283   4282   4317   4316   4830   4829   4977   5089   6917   6918   5478   6588   6591   6919   5481   5393   6920   6921   5483   6593
    792     21   4319   4320   4395   4394   4858   4794   4976   5088   6922   6923   6297   6601   6602   6924   6302   6301   6925   6926   6305   6604
    793     21   4392   4393   4541   4504   5086   5087   5038   5037   5562   6311   6927   6106   5482   5564   6312   6109   5567   6315   6928   6111
    794     21   4499   4494   4493   4563   4974   5033   5084   5085   6929   6124   6930   6931   6932   6127   5952   6933   6934   6129   6935   6936
    795     21   4075   4074   4499   4563   4636   4635   4974   5085   6937   6938   6931   6939   6940   6941   6932   6933   6942   6943   6936   6944
    796     21   4493   4076   4075   4563   5084   4637   4636   5085   5960   6945   6939   6930   5952   5963   6940   6933   5965   6946   6944   6935
    797     21   4496   4497   4491   4490   4973   5032   5031   5083   6947   6948   6949   6627   6629   6623   6950   6630   6951   6952   6953   6632
    798     21   4490   4491   4311   4310   5083   5031   4854   4969   6949   6954   6955   6634   6630   6950   6956   6636   6953   6957   6958   6637
    799     21   4308   4309   4299   4298   5082   5030   4911   4967   6333   6959   6960   5972   5974   6334   6961   5975   6336   6962   6963   5977
    800     21   4296   4297   4287   4286   5081   5028   5029   5080   5810   6964   6654   6639   5693   5812   5983   6642   5815   6965   6658   6644
    801     21   4214   4215   4285   4286   4714   4796   4966   5080   6966   6967   6640   6653   6655   6968   6643   6642   6969   6970   6645   6657
    802     21   4200   4201   4520   4538   5079   4964   4965   5025   5467   6971   6972   6973   5470   5461   6974   6975   5472   6976   6977   6978
    803     21   4199   4200   4538   4481   5078   5079   5025   5027   5475   6973   6979   6670   5276   5470   6975   6663   5477   6978   6980   6672
    804     21   4536   4537   4561   4562   5076   5023   5077   5075   6661   6362   6675   6981   6665   6366   6365   6137   6668   6367   6677   6982
    805     21   4197   4198   4536   4562   5073   5074   5076   5075   5283   6671   6981   6134   5286   5277   6665   6137   5288   6673   6982   6139
    806     21   4437   4438   4383   4382   5072   4963   4904   4962   6678   6983   6984   6985   6379   6353   6986   6987   6680   6988   6989   6990
    807     21   4033   4034   4437   4382   4655   4656   5072   4962   6991   6377   6985   6992   6993   6378   6379   6987   6994   6382   6990   6995
    808     21   4373   4374   4368   4367   4842   4903   4835   4898   6996   6997   6998   6999   7000   6168   7001   7002   7003   7004   7005   7006
    809     21   4372   4373   4367   4366   4841   4842   4898   4895   7007   6999   7008   7009   7010   7000   7002   7011   7012   7006   7013   7014
    810     21   4371   4372   4366   4365   4901   4841   4895   4894   7015   7009   7016   6685   6689   7010   7011   6690   7017   7014   7018   6693
    811     21   4361   4362   4356   4355   4899   4837   4956   5071   7019   6397   6403   6705   6708   6398   6399   6407   7020   6402   6410   6710
    812     21   4519   4518   4517   4560   4954   4955   5068   5070   7021   7022   7023   7024   7025   7026   6727   7027   7028   7029   7030   7031
    813     21   4431   4432   4519   4560   5016   4833   4954   5070   7032   7033   7024   7034   7035   7036   7025   7027   7037   7038   7031   7039
    814     21   4517   4430   4431   4560   5068   5017   5016   5070   6724   7040   7034   7023   6727   5722   7035   7027   6728   7041   7039   7030
    815     21   4518   4062   4061   4559   4955   4623   4622   5069   7042   7043   6180   7044   7026   7045   6184   6183   7046   7047   6185   7048
    816     21   4530   4517   4518   4559   5067   5068   4955   5069   6725   7022   7044   6419   6422   6727   7026   6183   6729   7029   7048   6424
    817     21   4129   4128   4194   4193   5065   5066   4886   4827   6295   6738   7049   6006   6010   5682   6739   6011   6296   6741   7050   6014
    818     21   4186   4187   4264   4263   4776   4828   4953   5064   7051   7052   5514   6751   6752   7053   5516   5429   7054   7055   5517   6754
    819     21   4478   4425   4424   4558   4882   4883   4945   5063   7056   7057   5725   7058   7059   7060   5729   5728   7061   7062   5730   7063
    820     21   4348   4349   4478   4558   4952   4771   4882   5063   7064   7065   7058   5734   5735   7066   7059   5728   7067   7068   7063   5737
    821     21   4419   4420   4526   4476   5061   5062   5011   5010   5866   6458   7069   6204   5868   5521   6459   6208   5869   6461   7070   6211
    822     21   4471   4466   4465   4557   4948   5006   5059   5060   7071   6227   7072   7073   7074   6229   6028   7075   7076   6230   7077   7078
    823     21   4095   4094   4471   4557   4686   4685   4948   5060   7079   7080   7073   7081   7082   7083   7074   7075   7084   7085   7078   7086
    824     21   4465   4096   4095   4557   5059   4687   4686   5060   6034   7087   7081   7072   6028   6037   7082   7075   6039   7088   7086   7077
    825     21   4468   4469   4463   4462   4947   5005   5004   5058   7089   7090   6782   6778   6779   6774   6785   6235   7091   7092   6787   6781
    826     21   4457   4426   4416   4415   4943   4823   4822   5055   7093   7094   7095   7096   7097   7098   7099   6795   7100   7101   7102   7103
    827     21   4456   4457   4415   4414   5002   4943   5055   5003   7104   7096   6792   7105   6786   7097   6795   6484   7106   7103   6797   7107
    828     21   4452   4453   4411   4410   5056   5000   5001   5057   5873   7108   5746   6790   5742   5875   5749   5527   5878   7109   5751   6791
    829     21   4415   4416   4338   4337   5055   4822   4875   4816   7095   7110   7111   6793   6795   7099   7112   6796   7102   7113   7114   6798
    830     21   4332   4333   4251   4250   5054   4998   4996   5053   5748   7115   7116   6800   5528   5750   7117   5757   5753   7118   7119   6801
    831     21   4256   4257   4179   4178   4876   4937   4813   4765   7120   6804   7121   7122   7123   6805   6806   7124   7125   6809   7126   7127
    832     21   4250   4251   4173   4172   5053   4996   4997   5052   7116   7128   7129   5755   5757   7117   7130   5758   7119   7131   7132   5760
    833     21   4173   4174   4160   4159   4997   4993   4994   4986   7133   7134   7135   7136   7130   7137   7138   7139   7140   7141   7142   7143
    834     21   4172   4173   4159   4158   5052   4997   4986   4985   7129   7136   7144   6509   5758   7130   7139   6512   7132   7143   7145   6514
    835     21   4149   4148   4554   4556   4756   4754   5051   5050   7146   6519   6250   6830   6833   6522   6255   6254   7147   6523   6258   6835
    836     21   4160   4161   4513   4523   4994   4995   5049   4992   7148   6852   6537   7149   7138   6825   5903   6538   7150   6853   6540   7151
    837     21   4159   4160   4523   4511   4986   4994   4992   4988   7135   7149   7152   7153   7139   7138   6538   6861   7142   7151   7154   7155
    838     21   4406   4405   4549   4550   4929   4870   5048   5047   7156   6868   6284   7157   7158   6870   6287   6279   7159   6871   6289   7160
    839     21   4142   4141   4406   4550   5046   4931   4929   5047   5762   7161   7157   6276   5766   5765   7158   6279   5767   7162   7160   6281
    840     21   4510   4241   4240   4548   5041   5044   5045   5043   6542   5940   5660   7163   6545   5934   5665   5664   6547   5944   5668   7164
    841     21   4509   4510   4548   4547   4984   5041   5043   5042   6550   7163   5907   6874   6553   6545   5664   5910   6555   7164   5911   6878
    842     21   4055   4056   4400   4544   4614   4615   4926   5040   7165   7166   6890   6895   6896   7167   6891   6564   7168   7169   6893   6898
    843     21   4230   4231   4227   4226   4863   4802   4800   4983   7170   7171   7172   6568   6572   7173   7174   6573   7175   7176   7177   6576
    844     21   4221   4153   4154   4218   4862   4812   4743   4740   7178   7179   7180   7181   7182   7183   7184   7185   7186   7187   7188   7189
    845     21   4220   4221   4218   4217   4799   4862   4740   4739   7190   7181   7191   7192   7193   7182   7185   7194   7195   7189   7196   7197
    846     21   4540   4502   4501   4542   5039   5034   4914   5035   6299   7198   7199   7200   6304   6303   7201   7202   6307   7203   7204   7205
    847     21   4541   4540   4542   4543   5038   5039   5035   5036   6310   7200   7206   7207   6312   6304   7202   7208   6314   7205   7209   7210
    848     21   4505   4504   4541   4543   4916   5037   5038   5036   6317   6927   7207   7211   6320   6109   6312   7208   6322   6928   7210   7212
    849     21   4501   4505   4543   4542   4914   4916   5036   5035   7213   7211   7206   7199   7201   6320   7208   7202   7214   7212   7209   7204
    850     21   4072   4071   4505   4503   4633   4632   4916   4917   7215   6318   7216   7217   7218   6319   6320   7219   7220   6323   7221   7222
    851     21   4501   4502   4497   4496   4914   5034   5032   4973   7198   6622   6947   7223   7201   6303   6623   6629   7203   6625   6951   7224
    852     21   4499   4500   4495   4494   4974   4915   4972   5033   7225   7226   6324   6929   6932   7227   6327   6127   7228   7229   6329   6934
    853     21   4497   4498   4492   4491   5032   4971   4970   5031   6621   7230   7231   6948   6623   6611   7232   6950   6624   7233   7234   6952
    854     21   4491   4492   4312   4311   5031   4970   4787   4854   7231   7235   7236   6954   6950   7232   7237   6956   7234   7238   7239   6957
    855     21   4309   4310   4300   4299   5030   4969   4851   4911   6635   7240   7241   6959   6334   6636   7242   6961   6638   7243   7244   6962
    856     21   4297   4298   4288   4287   5028   4967   4968   5029   5973   7245   5981   6964   5812   5975   5711   5983   5978   7246   5986   6965
    857     21   4482   4481   4538   4539   5021   5027   5025   5026   6659   6979   7247   7248   6664   6663   6975   7249   6666   6980   7250   7251
    858     21   4485   4483   4482   4539   4910   5022   5021   5026   6338   7252   7248   7253   6343   6342   6664   7249   6346   7254   7251   7255
    859     21   4538   4520   4485   4539   5025   4965   4910   5026   6972   7256   7253   7247   6975   6974   6343   7249   6977   7257   7255   7250
    860     21   4482   4483   4535   4537   5021   5022   5024   5023   7252   6682   6363   6660   6664   6342   5573   6366   7254   6683   6368   6667
    861     21   4387   4275   4276   4381   4782   4781   4795   5020   7258   7259   6152   7260   7261   7262   6157   6156   7263   7264   6160   7265
    862     21   4386   4387   4381   4380   4905   4782   5020   4902   7266   7260   6164   7267   7268   7261   6156   6167   7269   7265   6169   7270
    863     21   4375   4277   4278   4369   5019   4732   4731   4836   6154   7271   7272   7273   6159   6158   7274   7275   6162   7276   7277   7278
    864     21   4374   4375   4369   4368   4903   5019   4836   4835   6165   7273   7279   6997   6168   6159   7275   7001   6170   7278   7280   7004
    865     21   4431   4430   4532   4533   5016   5017   5018   5015   7040   5720   6714   7281   7035   5722   5500   6716   7041   5723   6717   7282
    866     21   4435   4432   4431   4533   4834   4833   5016   5015   7283   7032   7281   6720   6721   7036   7035   6716   7284   7037   7282   6723
    867     21   4432   4433   4479   4519   4833   4832   4889   4954   7285   7286   7287   7033   7036   7288   7289   7025   7290   7291   7292   7038
    868     21   4024   4025   4428   4529   4646   4647   5014   5013   7293   5603   6731   6427   6428   5604   5605   6421   7294   5608   6732   6430
    869     21   4134   4133   4189   4188   4859   4921   4773   4884   7295   6744   7296   7297   7298   6745   6746   7299   7300   6749   7301   7302
    870     21   4525   4474   4473   4527   5012   5007   4878   5008   6450   7303   7304   7305   6453   6452   7306   7307   6455   7308   7309   7310
    871     21   4526   4525   4527   4528   5011   5012   5008   5009   6457   7305   7311   7312   6459   6453   7307   7313   6460   7310   7314   7315
    872     21   4477   4476   4526   4528   4880   5010   5011   5009   6463   7069   7312   7316   6466   6208   6459   7313   6468   7070   7315   7317
    873     21   4473   4477   4528   4527   4878   4880   5009   5008   7318   7316   7311   7304   7306   6466   7313   7307   7319   7317   7314   7309
    874     21   4092   4091   4477   4475   4683   4682   4880   4881   7320   6464   7321   7322   7323   6465   6466   7324   7325   6469   7326   7327
    875     21   4473   4474   4469   4468   4878   5007   5005   4947   7303   6773   7089   7328   7306   6452   6774   6779   7308   6776   7091   7329
    876     21   4471   4472   4467   4466   4948   4879   4946   5006   7330   7331   6470   7071   7074   7332   6472   6229   7333   7334   6473   7076
    877     21   4469   4470   4464   4463   5005   4944   4942   5004   6772   7335   7336   7090   6774   6765   7337   6785   6775   7338   7339   7092
    878     21   4463   4464   4457   4456   5004   4942   4943   5002   7336   7340   7104   6783   6785   7337   7097   6786   7339   7341   7106   6788
    879     21   4455   4456   4414   4413   4939   5002   5003   4941   6784   7105   6481   7342   6236   6786   6484   6243   6789   7107   6486   7343
    880     21   4453   4454   4412   4411   5000   4938   4940   5001   6045   7344   5879   7108   5875   6047   5882   5749   6050   7345   5884   7109
    881     21   4340   4271   4259   4258   4826   4825   4888   4999   7346   7347   6501   7348   7349   7350   6493   6504   7351   7352   6506   7353
    882     21   4339   4340   4258   4257   4877   4826   4999   4937   7354   7348   6802   7355   7356   7349   6504   6805   7357   7353   6807   7358
    883     21   4333   4334   4252   4251   4998   4935   4936   4996   5881   7359   7360   7115   5750   5883   7361   7117   5886   7362   7363   7118
    884     21   4252   4253   4175   4174   4936   4874   4934   4993   7364   7365   7366   7367   7361   7368   6824   7137   7369   7370   7371   7372
    885     21   4251   4252   4174   4173   4996   4936   4993   4997   7360   7367   7133   7128   7117   7361   7137   7130   7363   7372   7140   7131
    886     21   4174   4175   4161   4160   4993   4934   4995   4994   7366   6823   7148   7134   7137   6824   6825   7138   7371   6828   7150   7141
    887     21   4512   4511   4523   4524   4991   4988   4992   4990   6859   7152   6536   7373   6856   6861   6538   6532   6862   7154   6539   7374
    888     21   4145   4144   4512   4524   4927   4989   4991   4990   6880   6854   7373   6529   6531   6080   6856   6532   6882   6857   7374   6534
    889     21   4158   4159   4511   4447   4985   4986   4988   4987   7144   7153   6860   6864   6512   7139   6861   6286   7145   7155   6863   6866
    890     21   4108   4107   4403   4404   4699   4698   4867   4930   7375   7376   7377   7378   7379   7380   7381   7382   7383   7384   7385   7386
    891     21   4109   4108   4404   4140   4700   4699   4930   4932   7387   7378   7388   5533   5537   7379   7382   5538   7389   7386   7390   5541
    892     21   4325   4326   4509   4508   4809   4757   4984   4928   7391   6551   6873   7392   7393   6552   6553   6876   7394   6556   6877   7395
    893     21   4058   4118   4117   4445   4617   4618   4708   4864   7396   7397   7398   7399   7400   7401   7402   7403   7404   7405   7406   7407
    894     21   4057   4058   4445   4444   4616   4617   4864   4866   7408   7399   7409   7410   7411   7400   7403   7412   7413   7407   7414   7415
    895     21   4399   4507   4506   4522   4801   4924   4980   4982   7416   6908   7417   7418   7419   6911   6903   7420   7421   6913   7422   7423
    896     21   4226   4227   4399   4522   4983   4800   4801   4982   7172   7424   7418   7425   6573   7174   7419   7420   7177   7426   7423   7427
    897     21   4506   4225   4226   4522   4980   4981   4983   4982   6900   6569   7425   7417   6903   6574   6573   7420   6905   6577   7427   7422
    898     21   4045   4046   4507   4222   4667   4668   4924   4746   7428   6909   7429   7430   7431   6910   6911   7432   7433   6914   7434   7435
    899     21   4219   4220   4217   4216   4745   4799   4739   4797   7436   7192   7437   7438   7439   7193   7194   7440   7441   7197   7442   7443
    900     21   4131   4132   4208   4207   4978   4920   4922   4979   6431   7444   5221   6915   6020   6434   5215   5222   6436   7445   5224   6916
    901     21   4282   4281   4318   4317   4829   4891   4919   4977   7446   7447   5560   6918   6919   7448   5563   5481   7449   7450   5565   6921
    902     21   4320   4321   4396   4395   4794   4733   4918   4976   7451   7452   6617   6923   6924   7453   6609   6302   7454   7455   6619   6926
    903     21   4503   4500   4499   4521   4917   4915   4974   4975   7456   7225   7457   7458   7219   7227   6932   7459   7460   7228   7461   7462
    904     21   4073   4072   4503   4521   4634   4633   4917   4975   7463   7217   7458   7464   7465   7218   7219   7459   7466   7222   7462   7467
    905     21   4499   4074   4073   4521   4974   4635   4634   4975   6938   7468   7464   7457   6932   6941   7465   7459   6943   7469   7467   7461
    906     21   4500   4501   4496   4495   4915   4914   4973   4972   7470   7223   6626   7226   7227   7201   6629   6327   7471   7224   6631   7229
    907     21   4498   4397   4398   4492   4971   4856   4792   4970   6606   7472   7473   7230   6611   6610   7474   7232   6614   7475   7476   7233
    908     21   4492   4398   4313   4312   4970   4792   4788   4787   7473   7477   7478   7235   7232   7474   7479   7237   7476   7480   7481   7238
    909     21   4310   4311   4301   4300   4969   4854   4783   4851   6955   7482   7483   7240   6636   6956   7484   7242   6958   7485   7486   7243
    910     21   4298   4299   4289   4288   4967   4911   4912   4968   6960   7487   5709   7245   5975   6961   5490   5711   6963   7488   5714   7246
    911     21   4215   4083   4082   4285   4796   4674   4643   4966   7489   7490   6648   6967   6968   7491   6649   6643   7492   7493   6651   6970
    912     21   4442   4443   4485   4520   4847   4908   4910   4965   7494   7495   7256   7496   7497   7498   6343   6974   7499   7500   7257   7501
    913     21   4201   4202   4442   4520   4964   4845   4847   4965   5456   7502   7496   6971   5461   5460   7497   6974   5464   7503   7501   6976
    914     21   4441   4390   4387   4386   4909   4780   4782   4905   7504   7505   7266   7506   7507   7508   7261   7268   7509   7510   7269   7511
    915     21   4440   4441   4386   4385   4907   4909   4905   4844   7512   7506   7513   7514   6359   7507   7268   7515   7516   7511   7517   7518
    916     21   4438   4439   4384   4383   4963   4906   4843   4904   6349   7519   7520   6983   6353   6352   7521   6986   6354   7522   7523   6988
    917     21   4382   4383   4377   4376   4962   4904   4900   4961   6984   7524   7525   7526   6987   6986   7527   7528   6989   7529   7530   7531
    918     21   4032   4033   4382   4376   4654   4655   4962   4961   7532   6992   7526   7533   7534   6993   6987   7528   7535   6995   7531   7536
    919     21   4376   4377   4371   4370   4961   4900   4901   4960   7525   7537   6684   7538   7528   7527   6689   6688   7530   7539   6692   7540
    920     21   4031   4032   4376   4370   4653   4654   4961   4960   7541   7533   7538   6697   6700   7534   7528   6688   7542   7536   7540   6702
    921     21   4364   4365   4359   4358   4959   4894   4896   4958   6686   7543   5987   7544   6691   6690   5991   5990   6694   7545   5992   7546
    922     21   4029   4030   4364   4358   4651   4652   4959   4958   7547   6698   7544   5996   5999   6699   6691   5990   7548   6703   7546   6001
    923     21   4357   4280   4281   4480   4957   4857   4891   4892   6385   7549   7550   7551   6390   6389   7448   7552   6393   7553   7554   7555
    924     21   4356   4357   4480   4434   4956   4957   4892   4893   6396   7551   7556   6404   6399   6390   7552   6408   6401   7555   7557   6411
    925     21   4063   4062   4518   4519   4624   4623   4955   4954   7558   7042   7021   7559   7560   7045   7026   7025   7561   7046   7028   7562
    926     21   4479   4064   4063   4519   4889   4625   4624   4954   7563   7564   7559   7287   7289   7565   7560   7025   7566   7567   7562   7292
    927     21   4135   4134   4188   4187   4735   4859   4884   4828   7568   7297   7569   7570   7571   7298   7299   7053   7572   7302   7573   7574
    928     21   4187   4188   4265   4264   4828   4884   4885   4953   7569   7575   5861   7052   7053   7299   5863   5516   7573   7576   5864   7055
    929     21   4267   4268   4349   4348   4727   4728   4771   4952   7577   7578   7064   6756   6757   7579   7066   5735   7580   7581   7067   6759
    930     21   4088   4087   4341   4418   4679   4678   4951   4950   7582   5264   6760   6215   6218   5265   5257   6207   7583   5269   6761   6220
    931     21   4475   4472   4471   4516   4881   4879   4948   4949   7584   7330   7585   7586   7324   7332   7074   7587   7588   7333   7589   7590
    932     21   4093   4092   4475   4516   4684   4683   4881   4949   7591   7322   7586   7592   7593   7323   7324   7587   7594   7327   7590   7595
    933     21   4471   4094   4093   4516   4948   4685   4684   4949   7080   7596   7592   7585   7074   7083   7593   7587   7085   7597   7595   7589
    934     21   4472   4473   4468   4467   4879   4878   4947   4946   7598   7328   6777   7331   7332   7306   6779   6472   7599   7329   6780   7334
    935     21   4470   4424   4425   4464   4944   4945   4883   4942   6762   7057   7600   7335   6765   5729   7060   7337   6767   7062   7601   7338
    936     21   4464   4425   4426   4457   4942   4883   4823   4943   7600   7602   7093   7340   7337   7060   7098   7097   7601   7603   7100   7341
    937     21   4454   4455   4413   4412   4938   4939   4941   4940   6234   7342   6240   7344   6047   6236   6243   5882   6239   7343   6245   7345
    938     21   4416   4417   4339   4338   4822   4821   4877   4875   7604   7605   7606   7110   7099   7607   7356   7112   7608   7609   7610   7113
    939     21   4338   4339   4257   4256   4875   4877   4937   4876   7606   7355   7120   7611   7112   7356   6805   7123   7610   7358   7125   7612
    940     21   4334   4335   4253   4252   4935   4873   4874   4936   6242   7613   7364   7359   5883   6244   7368   7361   6247   7614   7369   7362
    941     21   4255   4256   4178   4177   4818   4876   4765   4764   7615   7122   7616   7617   7618   7123   7124   6815   7619   7127   7620   7621
    942     21   4253   4254   4176   4175   4874   4817   4872   4934   7622   7623   6821   7365   7368   7624   6814   6824   7625   7626   6826   7370
    943     21   4449   4152   4151   4515   4871   4751   4750   4933   7627   7628   6837   7629   7630   7631   6841   6840   7632   7633   6842   7634
    944     21   4165   4166   4449   4515   4814   4723   4871   4933   7635   7636   7629   6846   6847   7637   7630   6840   7638   7639   7634   6849
    945     21   4406   4141   4140   4404   4929   4931   4932   4930   7161   5770   7388   7640   7158   5765   5538   7382   7162   5772   7390   7641
    946     21   4405   4406   4404   4403   4870   4929   4930   4867   7156   7640   7377   7642   6870   7158   7382   7381   7159   7641   7385   7643
    947     21   4236   4235   4245   4244   4753   4715   4717   4810   7644   7645   7646   7647   7648   7649   7650   7651   7652   7653   7654   7655
    948     21   4147   4148   4236   4244   4808   4754   4753   4810   6520   7656   7647   7657   5892   6522   7648   7651   6524   7658   7655   7659
    949     21   4145   4146   4325   4508   4927   4807   4809   4928   6528   7660   7392   6881   6531   5893   7393   6876   6533   7661   7395   6883
    950     21   4444   4402   4401   4400   4866   4803   4806   4926   7662   7663   6889   7664   7412   7665   6886   6891   7666   7667   6892   7668
    951     21   4056   4057   4444   4400   4615   4616   4866   4926   7669   7410   7664   7166   7167   7411   7412   6891   7670   7415   7668   7169
    952     21   4233   4234   4230   4229   4719   4716   4863   4925   7671   7672   6567   7673   7674   7675   6572   6571   7676   7677   6575   7678
    953     21   4049   4050   4233   4229   4671   4672   4719   4925   7679   7680   7673   6580   6583   7681   7674   6571   7682   7683   7678   6585
    954     21   4231   4232   4228   4227   4802   4755   4747   4800   7684   7685   7686   7171   7173   7687   7688   7174   7689   7690   7691   7176
    955     21   4399   4223   4222   4507   4801   4798   4746   4924   7692   7693   7429   7416   7419   7694   7432   6911   7695   7696   7434   7421
    956     21   4133   4134   4210   4209   4921   4859   4860   4923   7295   7697   5347   7698   6745   7298   5350   5216   7300   7699   5352   7700
    957     21   4132   4133   4209   4208   4920   4921   4923   4922   6742   7698   5212   7444   6434   6745   5216   5215   6747   7700   5217   7445
    958     21   4281   4280   4319   4318   4891   4857   4858   4919   7549   7701   6600   7447   7448   6389   6602   5563   7553   7702   6603   7450
    959     21   4321   4322   4397   4396   4733   4734   4856   4918   7703   7704   6605   7452   7453   7705   6610   6609   7706   7707   6613   7455
    960     21   4501   4500   4503   4505   4914   4915   4917   4916   7470   7456   7216   7213   7201   7227   7219   6320   7471   7460   7221   7214
    961     21   4304   4274   4273   4294   4855   4778   4777   4913   7708   7709   5816   7710   7711   7712   5819   5416   7713   7714   5821   7715
    962     21   4303   4304   4294   4293   4789   4855   4913   4853   7716   7710   5413   7717   7718   7711   5416   5293   7719   7715   5418   7720
    963     21   4299   4300   4290   4289   4911   4851   4852   4912   7241   7721   5488   7487   6961   7242   5351   5490   7244   7722   5493   7488
    964     21   4389   4390   4441   4443   4779   4780   4909   4908   7723   7504   7724   7725   7726   7508   7507   7498   7727   7509   7728   7729
    965     21   4388   4389   4443   4442   4848   4779   4908   4847   7730   7725   7494   7731   7732   7726   7498   7497   7733   7729   7499   7734
    966     21   4443   4441   4440   4485   4908   4909   4907   4910   7724   7512   6357   7495   7498   7507   6359   6343   7728   7516   6360   7500
    967     21   4439   4440   4385   4384   4906   4907   4844   4843   6358   7514   7735   7519   6352   6359   7515   7521   6361   7518   7736   7522
    968     21   4385   4386   4380   4379   4844   4905   4902   4840   7513   7267   7737   7738   7515   7268   6167   7739   7517   7270   7740   7741
    969     21   4383   4384   4378   4377   4904   4843   4839   4900   7520   7742   7743   7524   6986   7521   7744   7527   7523   7745   7746   7529
    970     21   4379   4380   4374   4373   4840   4902   4903   4842   7737   6166   6996   7747   7739   6167   6168   7000   7740   6171   7003   7748
    971     21   4377   4378   4372   4371   4900   4839   4841   4901   7743   7749   7015   7537   7527   7744   7010   6689   7746   7750   7017   7539
    972     21   4367   4368   4362   4361   4898   4835   4837   4899   6998   7751   7019   7752   7002   7001   6398   6708   7005   7753   7020   7754
    973     21   4366   4367   4361   4360   4895   4898   4899   4897   7008   7752   6704   7755   7011   7002   6708   6707   7013   7754   6709   7756
    974     21   4365   4366   4360   4359   4894   4895   4897   4896   7016   7755   6712   7543   6690   7011   6707   5991   7018   7756   6713   7545
    975     21   4436   4435   4434   4480   4831   4834   4893   4892   7757   6719   7556   7758   7759   6721   6408   7552   7760   6722   7557   7761
    976     21   4281   4282   4436   4480   4891   4829   4831   4892   7446   7762   7758   7550   7448   6919   7759   7552   7449   7763   7761   7554
    977     21   4284   4065   4064   4479   4890   4626   4625   4889   6596   7764   7563   7765   6590   6597   7565   7289   6599   7766   7566   7767
    978     21   4433   4283   4284   4479   4832   4830   4890   4889   7768   6587   7765   7286   7288   6591   6590   7289   7769   6592   7767   7291
    979     21   4194   4195   4259   4271   4886   4887   4888   4825   6737   6489   7347   7770   6739   6494   6493   7350   6740   6497   7352   7771
    980     21   4193   4194   4271   4270   4827   4886   4825   4824   7049   7770   7772   7773   6011   6739   7350   7774   7050   7771   7775   7776
    981     21   4188   4189   4266   4265   4884   4773   4774   4885   7296   7777   6444   7575   7299   6746   6446   5863   7301   7778   6447   7576
    982     21   4427   4426   4425   4478   4820   4823   4883   4882   7779   7602   7056   7780   7781   7098   7060   7059   7782   7603   7061   7783
    983     21   4349   4350   4427   4478   4771   4772   4820   4882   7784   7785   7780   7065   7066   7786   7781   7059   7787   7788   7783   7068
    984     21   4473   4472   4475   4477   4878   4879   4881   4880   7598   7584   7321   7318   7306   7332   7324   6466   7599   7588   7326   7319
    985     21   4417   4351   4340   4339   4821   4819   4826   4877   7789   7790   7354   7605   7607   7791   7349   7356   7792   7793   7357   7609
    986     21   4337   4338   4256   4255   4816   4875   4876   4818   7111   7611   7615   7794   6796   7112   7123   7618   7114   7612   7619   7795
    987     21   4335   4336   4254   4253   4873   4815   4817   4874   6483   7796   7622   7613   6244   6485   7624   7368   6488   7797   7625   7614
    988     21   4254   4255   4177   4176   4817   4818   4764   4872   7798   7617   6810   7623   7624   7618   6815   6814   7799   7621   6817   7626
    989     21   4407   4153   4152   4449   4811   4812   4751   4871   7800   7801   7627   7802   7803   7183   7631   7630   7804   7805   7632   7806
    990     21   4166   4167   4407   4449   4723   4724   4811   4871   7807   7808   7802   7636   7637   7809   7803   7630   7810   7811   7806   7639
    991     21   4155   4156   4405   4403   4868   4869   4870   4867   6058   6869   7642   7812   6061   6060   6870   7381   6063   6872   7643   7813
    992     21   4107   4106   4155   4403   4698   4697   4868   4867   7814   6066   7812   7376   7380   6067   6061   7381   7815   6069   7813   7384
    993     21   4402   4444   4445   4446   4803   4866   4864   4865   7662   7409   7816   7817   7665   7412   7403   7818   7666   7414   7819   7820
    994     21   4116   4115   4402   4446   4707   4706   4803   4865   7821   7822   7817   7823   7824   7825   7665   7818   7826   7827   7820   7828
    995     21   4445   4117   4116   4446   4864   4708   4707   4865   7398   7829   7823   7816   7403   7402   7824   7818   7406   7830   7828   7819
    996     21   4051   4052   4242   4243   4673   4611   4759   4720   7831   6100   7832   7833   7834   6101   6102   7835   7836   6105   7837   7838
    997     21   4234   4235   4231   4230   4716   4715   4802   4863   7839   7840   7170   7672   7675   7649   7173   6572   7841   7842   7175   7677
    998     21   4232   4149   4150   4228   4755   4756   4748   4747   7843   6829   7844   7685   7687   6833   6832   7688   7845   6834   7846   7690
    999     21   4224   4152   4153   4221   4752   4751   4812   4862   7847   7801   7178   7848   7849   7631   7183   7182   7850   7805   7186   7851
   1000     21   4223   4224   4221   4220   4798   4752   4862   4799   7852   7848   7190   7853   7694   7849   7182   7193   7854   7851   7195   7855
   1001     21   4216   4217   4121   4120   4797   4739   4741   4861   7437   7856   5331   7857   7440   7194   5285   5334   7442   7858   5336   7859
   1002     21   4042   4043   4216   4120   4664   4665   4797   4861   7860   7861   7857   5340   5343   7862   7440   5334   7863   7864   7859   5345
   1003     21   4134   4135   4211   4210   4859   4735   4737   4860   7568   7865   5486   7697   7298   7571   5489   5350   7572   7866   5491   7699
   1004     21   4280   4279   4320   4319   4857   4793   4794   4858   6384   7867   6922   7701   6389   6388   6924   6602   6392   7868   6925   7702
   1005     21   4322   4323   4398   4397   4734   4790   4792   4856   7869   7870   7472   7704   7705   7871   7474   6610   7872   7873   7475   7707
   1006     21   4314   4275   4274   4304   4791   4781   4778   4855   7874   7875   7708   7876   7877   7262   7712   7711   7878   7879   7713   7880
   1007     21   4313   4314   4304   4303   4788   4791   4855   4789   7881   7876   7716   7882   7479   7877   7711   7718   7883   7880   7719   7884
   1008     21   4311   4312   4302   4301   4854   4787   4784   4783   7236   7885   7886   7482   6956   7237   7887   7484   7239   7888   7889   7485
   1009     21   4302   4303   4293   4292   4784   4789   4853   4786   7890   7717   5290   7891   7887   7718   5293   5205   7892   7720   5295   7893
   1010     21   4300   4301   4291   4290   4851   4783   4785   4852   7483   7894   5349   7721   7242   7484   5204   5351   7486   7895   5354   7722
   1011     21   4272   4273   4389   4388   4850   4777   4779   4848   5817   7896   7730   7897   5820   5819   7726   7732   5822   7898   7733   7899
   1012     21   4203   4204   4272   4388   4846   4849   4850   4848   5681   5825   7897   7900   5556   5683   5820   7732   5686   5827   7899   7901
   1013     21   4202   4203   4388   4442   4845   4846   4848   4847   5554   7900   7731   7502   5460   5556   7732   7497   5559   7901   7734   7503
   1014     21   4384   4385   4379   4378   4843   4844   4840   4839   7735   7738   7902   7742   7521   7515   7739   7744   7736   7741   7903   7745
   1015     21   4378   4379   4373   4372   4839   4840   4842   4841   7902   7747   7007   7749   7744   7739   7000   7010   7903   7748   7012   7750
   1016     21   4369   4278   4279   4363   4836   4731   4793   4838   7272   7904   6383   7905   7275   7274   6388   6387   7277   7906   6391   7907
   1017     21   4368   4369   4363   4362   4835   4836   4838   4837   7279   7905   6395   7751   7001   7275   6387   6398   7280   7907   6400   7753
   1018     21   4433   4432   4435   4436   4832   4833   4834   4831   7285   7283   7757   7908   7288   7036   6721   7759   7290   7284   7760   7909
   1019     21   4282   4283   4433   4436   4829   4830   4832   4831   6917   7768   7908   7762   6919   6591   7288   7759   6920   7769   7909   7763
   1020     21   4136   4135   4187   4186   4736   4735   4828   4776   7910   7570   7051   7911   7912   7571   7053   6752   7913   7574   7054   7914
   1021     21   4192   4193   4270   4269   4775   4827   4824   4770   6007   7773   7915   7916   6012   6011   7774   7917   6015   7776   7918   7919
   1022     21   4270   4271   4340   4351   4824   4825   4826   4819   7772   7346   7790   7920   7774   7350   7349   7791   7775   7351   7793   7921
   1023     21   4269   4270   4351   4350   4770   4824   4819   4772   7915   7920   7922   7923   7917   7774   7791   7786   7918   7921   7924   7925
   1024     21   4417   4416   4426   4427   4821   4822   4823   4820   7604   7094   7779   7926   7607   7099   7098   7781   7608   7101   7782   7927
   1025     21   4350   4351   4417   4427   4772   4819   4821   4820   7922   7789   7926   7785   7786   7791   7607   7781   7924   7792   7927   7788
   1026     21   4336   4337   4255   4254   4815   4816   4818   4817   6794   7794   7798   7796   6485   6796   7618   7624   6799   7795   7799   7797
   1027     21   4179   4180   4166   4165   4813   4721   4723   4814   6803   7928   7635   7929   6806   6505   7637   6847   6808   7930   7638   7931
   1028     21   4178   4179   4165   4164   4765   4813   4814   4767   7121   7929   6845   7932   7124   6806   6847   6265   7126   7931   6848   7933
   1029     21   4328   4154   4153   4407   4762   4743   4812   4811   7934   7179   7800   7935   7936   7184   7183   7803   7937   7187   7804   7938
   1030     21   4167   4168   4328   4407   4724   4760   4762   4811   7939   7940   7935   7808   7809   7941   7936   7803   7942   7943   7938   7811
   1031     21   4244   4245   4326   4325   4810   4717   4757   4809   7646   7944   7391   7945   7651   7650   6552   7393   7654   7946   7394   7947
   1032     21   4146   4147   4244   4325   4807   4808   4810   4809   5888   7657   7945   7660   5893   5892   7651   7393   5896   7659   7947   7661
   1033     21   4237   4238   4401   4402   4804   4805   4806   4803   5783   6884   7663   7948   5786   5675   6886   7665   5788   6887   7667   7949
   1034     21   4115   4114   4237   4402   4706   4705   4804   4803   7950   6094   7948   7822   7825   6095   5786   7665   7951   6097   7949   7827
   1035     21   4235   4236   4232   4231   4715   4753   4755   4802   7644   7952   7684   7840   7649   7648   7687   7173   7652   7953   7689   7842
   1036     21   4324   4224   4223   4399   4749   4752   4798   4801   7954   7852   7692   7955   7956   7849   7694   7419   7957   7854   7695   7958
   1037     21   4227   4228   4324   4399   4800   4747   4749   4801   7686   7959   7955   7424   7174   7688   7956   7419   7691   7960   7958   7426
   1038     21   4222   4223   4220   4219   4746   4798   4799   4745   7693   7853   7436   7961   7432   7694   7193   7439   7696   7855   7441   7962
   1039     21   4043   4044   4219   4216   4665   4666   4745   4797   7963   7964   7438   7861   7862   7965   7439   7440   7966   7967   7443   7864
   1040     21   4139   4084   4083   4215   4730   4675   4674   4796   7968   7969   7489   7970   7971   7972   7491   6968   7973   7974   7492   7975
   1041     21   4138   4139   4215   4214   4709   4730   4796   4714   7976   7970   6966   7977   7978   7971   6968   6655   7979   7975   6969   7980
   1042     21   4276   4275   4314   4323   4795   4781   4791   4790   7259   7874   7981   7982   6157   7262   7877   7871   7264   7878   7983   7984
   1043     21   4277   4276   4323   4322   4732   4795   4790   4734   6153   7982   7869   7985   6158   6157   7871   7705   6161   7984   7872   7986
   1044     21   4279   4278   4321   4320   4793   4731   4733   4794   7904   7987   7451   7867   6388   7274   7453   6924   7906   7988   7454   7868
   1045     21   4323   4314   4313   4398   4790   4791   4788   4792   7981   7881   7477   7870   7871   7877   7479   7474   7983   7883   7480   7873
   1046     21   4312   4313   4303   4302   4787   4788   4789   4784   7478   7882   7890   7885   7237   7479   7718   7887   7481   7884   7892   7888
   1047     21   4301   4302   4292   4291   4783   4784   4786   4785   7886   7891   5200   7894   7484   7887   5205   5204   7889   7893   5208   7895
   1048     21   4274   4275   4387   4390   4778   4781   4782   4780   7875   7258   7505   7989   7712   7262   7261   7508   7879   7263   7510   7990
   1049     21   4273   4274   4390   4389   4777   4778   4780   4779   7709   7989   7723   7896   5819   7712   7508   7726   7714   7990   7727   7898
   1050     21   4137   4136   4186   4185   4710   4736   4776   4712   7991   7911   6750   7992   7993   7912   6752   6441   7994   7914   6753   7995
   1051     21   4191   4192   4269   4268   4726   4775   4770   4728   6018   7916   7996   7997   6021   6012   7917   7579   6023   7919   7998   7999
   1052     21   4189   4190   4267   4266   4773   4725   4727   4774   6743   8000   6755   7777   6746   6435   6757   6446   6748   8001   6758   7778
   1053     21   4268   4269   4350   4349   4728   4770   4772   4771   7996   7923   7784   7578   7579   7917   7786   7066   7998   7925   7787   7581
   1054     21   4182   4126   4125   4168   4768   4769   4761   4760   6733   5454   8002   8003   6495   5459   5458   7941   6735   5462   8004   8005
   1055     21   4181   4182   4168   4167   4722   4768   4760   4724   6491   8003   7939   8006   6496   6495   7941   7809   6499   8005   7942   8007
   1056     21   4177   4178   4164   4163   4764   4765   4767   4766   7616   7932   6271   6811   6815   7124   6265   6272   7620   7933   6274   6818
   1057     21   4124   4123   4154   4328   4763   4744   4743   4762   5474   8008   7934   8009   5469   5275   7184   7936   5476   8010   7937   8011
   1058     21   4168   4125   4124   4328   4760   4761   4763   4762   8002   5466   8009   7940   7941   5458   5469   7936   8004   5471   8011   7943
   1059     21   4246   4243   4242   4327   4718   4720   4759   4758   8012   7832   6541   8013   8014   7835   6102   6544   8015   7837   6546   8016
   1060     21   4245   4246   4327   4326   4717   4718   4758   4757   8017   8013   6549   7944   7650   8014   6544   6552   8018   8016   6554   7946
   1061     21   4050   4051   4243   4233   4672   4673   4720   4719   8019   7833   8020   7680   7681   7834   7835   7674   8021   7838   8022   7683
   1062     21   4236   4148   4149   4232   4753   4754   4756   4755   7656   7146   7843   7952   7648   6522   6833   7687   7658   7147   7845   7953
   1063     21   4151   4152   4224   4324   4750   4751   4752   4749   7628   7847   7954   8023   6841   7631   7849   7956   7633   7850   7957   8024
   1064     21   4228   4150   4151   4324   4747   4748   4750   4749   7844   6838   8023   7959   7688   6832   6841   7956   7846   6843   8024   7960
   1065     21   4044   4045   4222   4219   4666   4667   4746   4745   8025   7430   7961   7964   7965   7431   7432   7439   8026   7435   7962   7967
   1066     21   4218   4154   4123   4122   4740   4743   4744   4742   7180   8008   5270   8027   7185   7184   5275   5274   7188   8010   5278   8028
   1067     21   4217   4218   4122   4121   4739   4740   4742   4741   7191   8027   5282   7856   7194   7185   5274   5285   7196   8028   5287   7858
   1068     21   4136   4137   4213   4212   4736   4710   4713   4738   7991   8029   5979   8030   7912   7993   5982   5710   7994   8031   5984   8032
   1069     21   4135   4136   4212   4211   4735   4736   4738   4737   7910   8030   5707   7865   7571   7912   5710   5489   7913   8032   5712   7866
   1070     21   4278   4277   4322   4321   4731   4732   4734   4733   7271   7985   7703   7987   7274   6158   7705   7453   7276   7986   7706   7988
   1071     21   4139   4138   4184   4183   4730   4709   4711   4729   7976   8033   6190   8034   7971   7978   6194   6193   7979   8035   6195   8036
   1072     21   4085   4084   4139   4183   4676   4675   4730   4729   8037   7968   8034   6199   6200   7972   7971   6193   8038   7973   8036   6202
   1073     21   4190   4191   4268   4267   4725   4726   4728   4727   6432   7997   7577   8000   6435   6021   7579   6757   6437   7999   7580   8001
   1074     21   4180   4181   4167   4166   4721   4722   4724   4723   6502   8006   7807   7928   6505   6496   7809   7637   6507   8007   7810   7930
   1075     21   4234   4233   4243   4246   4716   4719   4720   4718   7671   8020   8012   8039   7675   7674   7835   8014   7676   8022   8015   8040
   1076     21   4235   4234   4246   4245   4715   4716   4718   4717   7839   8039   8017   7645   7649   7675   8014   7650   7841   8040   8018   7653
   1077     21   4137   4138   4214   4213   4710   4709   4714   4713   8041   7977   6652   8029   7993   7978   6655   5982   8042   7980   6656   8031
   1078     21   4138   4137   4185   4184   4709   4710   4712   4711   8041   7992   6439   8033   7978   7993   6441   6194   8042   7995   6442   8035
   1079     21   8312   8313   8629   8631   8806   8807   9218   9220   9221   9222   9223   9224   9225   9226   9227   9228   9229   9230   9231   9232
   1080     21   8229   8230   8312   8631   8943   8944   8806   9220   9233   9234   9224   9235   9236   9237   9225   9228   9238   9239   9232   9240
   1081     21   8629   8228   8229   8631   9218   9000   8943   9220   9241   9242   9235   9223   9227   9243   9236   9228   9244   9245   9240   9231
   1082     21   8619   8444   8443   8630   9207   9131   9130   9219   9246   9247   9248   9249   9250   9251   9252   9253   9254   9255   9256   9257
   1083     21   8367   8368   8619   8630   9156   9133   9207   9219   9258   9259   9249   9260   9261   9262   9250   9253   9263   9264   9257   9265
   1084     21   8443   8366   8367   8630   9130   9202   9156   9219   9266   9267   9260   9248   9252   9268   9261   9253   9269   9270   9265   9256
   1085     21   8281   8282   8363   8362   9172   9157   9132   8972   9271   9272   9273   9274   9275   9276   9277   9278   9279   9280   9281   9282
   1086     21   8108   8107   8281   8362   8699   8698   9172   8972   9283   9284   9274   9285   9286   9287   9275   9278   9288   9289   9282   9290
   1087     21   8143   8144   8220   8219   8763   8765   9099   9095   9291   9292   9293   9294   9295   9296   9297   9298   9299   9300   9301   9302
   1088     21   8142   8143   8219   8218   8762   8763   9095   9094   9303   9294   9304   9305   9306   9295   9298   9307   9308   9302   9309   9310
   1089     21   8629   8313   8314   8622   9218   8807   8874   9215   9222   9311   9312   9313   9227   9226   9314   9315   9230   9316   9317   9318
   1090     21   8227   8228   8629   8622   9112   9000   9218   9215   9319   9241   9313   9320   9321   9243   9227   9315   9322   9244   9318   9323
   1091     21   8282   8283   8364   8363   9157   9134   9201   9132   9324   9325   9326   9272   9276   9327   9328   9277   9329   9330   9331   9280
   1092     21   8268   8269   8191   8190   9190   9169   9150   9189   9332   9333   9334   9335   9336   9337   9338   9339   9340   9341   9342   9343
   1093     21   8126   8125   8268   8190   8717   8716   9190   9189   9344   9345   9335   9346   9347   9348   9336   9339   9349   9350   9343   9351
   1094     21   8141   8142   8218   8217   8882   8762   9094   9176   9352   9305   9353   9354   9355   9306   9307   9356   9357   9310   9358   9359
   1095     21   8062   8063   8141   8217   8684   8685   8882   9176   9360   9361   9354   9362   9363   9364   9355   9356   9365   9366   9359   9367
   1096     21   8230   8231   8311   8312   8944   8881   8873   8806   9368   9369   9370   9234   9237   9371   9372   9225   9373   9374   9375   9239
   1097     21   8351   8350   8626   8628   9168   9191   9214   9217   9376   9377   9378   9379   9380   9381   9382   9383   9384   9385   9386   9387
   1098     21   8430   8352   8351   8628   9127   9124   9168   9217   9388   9389   9379   9390   9391   9392   9380   9383   9393   9394   9387   9395
   1099     21   8626   8429   8430   8628   9214   9152   9127   9217   9396   9397   9390   9378   9382   9398   9391   9383   9399   9400   9395   9386
   1100     21   8269   8270   8192   8191   9169   9125   9151   9150   9401   9402   9403   9333   9337   9404   9405   9338   9406   9407   9408   9341
   1101     21   8336   8337   8412   8627   9146   9110   9180   9216   9409   9410   9411   9412   9413   9414   9415   9416   9417   9418   9419   9420
   1102     21   8088   8087   8336   8627   8649   8648   9146   9216   9421   9422   9412   9423   9424   9425   9413   9416   9426   9427   9420   9428
   1103     21   8412   8089   8088   8627   9180   8650   8649   9216   9429   9430   9423   9411   9415   9431   9424   9416   9432   9433   9428   9419
   1104     21   8622   8314   8315   8614   9215   8874   8934   9204   9312   9434   9435   9436   9315   9314   9437   9438   9317   9439   9440   9441
   1105     21   8226   8227   8622   8614   9162   9112   9215   9204   9442   9320   9436   9443   9444   9321   9315   9438   9445   9323   9441   9446
   1106     21   8283   8284   8365   8364   9134   9085   9213   9201   9447   9448   9449   9325   9327   9450   9451   9328   9452   9453   9454   9330
   1107     21   8365   8366   8443   8442   9213   9202   9130   9155   9455   9266   9456   9457   9451   9268   9252   9458   9459   9269   9460   9461
   1108     21   8123   8122   8429   8626   8714   8713   9152   9214   9462   9463   9396   9464   9465   9466   9398   9382   9467   9468   9399   9469
   1109     21   8124   8123   8626   8350   8715   8714   9214   9191   9470   9464   9377   9471   9472   9465   9382   9381   9473   9469   9385   9474
   1110     21   8146   8147   8223   8222   8782   8790   8866   8985   9475   9476   9477   9478   9479   9480   9481   9482   9483   9484   9485   9486
   1111     21   8145   8146   8222   8221   8784   8782   8985   9100   9487   9478   9488   9489   9490   9479   9482   9491   9492   9486   9493   9494
   1112     21   8144   8145   8221   8220   8765   8784   9100   9099   9495   9489   9496   9292   9296   9490   9491   9297   9497   9494   9498   9300
   1113     21   8337   8338   8413   8412   9110   8998   9107   9180   9499   9500   9501   9410   9414   9502   9503   9415   9504   9505   9506   9418
   1114     21   8231   8232   8310   8311   8881   8758   8933   8873   9507   9508   9509   9369   9371   9510   9511   9372   9512   9513   9514   9374
   1115     21   8613   8552   8553   8621   9203   9138   9039   9208   9515   9516   9517   9518   9519   9520   9521   9522   9523   9524   9525   9526
   1116     21   8612   8613   8621   8620   9194   9203   9208   9209   9527   9518   9528   9529   9530   9519   9522   9531   9532   9526   9533   9534
   1117     21   8284   8285   8366   8365   9085   8974   9202   9213   9535   9536   9455   9448   9450   9537   9268   9451   9538   9539   9459   9453
   1118     21   8364   8365   8442   8441   9201   9213   9155   9083   9449   9457   9540   9541   9328   9451   9458   9542   9454   9461   9543   9544
   1119     21   8430   8431   8353   8352   9127   9078   9075   9124   9545   9546   9547   9388   9391   9548   9549   9392   9550   9551   9552   9393
   1120     21   8131   8130   8161   8596   8722   8721   8953   9187   9553   9554   9555   9556   9557   9558   9559   9560   9561   9562   9563   9564
   1121     21   8132   8131   8596   8597   8723   8722   9187   9185   9565   9556   9566   9567   9568   9557   9560   9569   9570   9564   9571   9572
   1122     21   8147   8148   8224   8223   8790   9135   8867   8866   9573   9574   9575   9476   9480   9576   9577   9481   9578   9579   9580   9484
   1123     21   8338   8339   8414   8413   8998   8940   9108   9107   9581   9582   9583   9500   9502   9584   9585   9503   9586   9587   9588   9505
   1124     21   8555   8556   8589   8625   9159   9045   9141   9212   9589   9590   9591   9592   9593   9594   9595   9596   9597   9598   9599   9600
   1125     21   8057   8058   8555   8625   8679   8680   9159   9212   9601   9602   9592   9603   9604   9605   9593   9596   9606   9607   9600   9608
   1126     21   8589   8056   8057   8625   9141   8678   8679   9212   9609   9610   9603   9591   9595   9611   9604   9596   9612   9613   9608   9599
   1127     21   8047   8048   8612   8620   8669   8670   9194   9209   9614   9615   9529   9616   9617   9618   9530   9531   9619   9620   9534   9621
   1128     21   8046   8047   8620   8449   8668   8669   9209   9035   9622   9616   9623   9624   9625   9617   9531   9626   9627   9621   9628   9629
   1129     21   8479   8472   8471   8624   9192   9126   9153   9211   9630   9631   9632   9633   9634   9635   9636   9637   9638   9639   9640   9641
   1130     21   8120   8119   8479   8624   8711   8710   9192   9211   9642   9643   9633   9644   9645   9646   9634   9637   9647   9648   9641   9649
   1131     21   8471   8121   8120   8624   9153   8712   8711   9211   9650   9651   9644   9632   9636   9652   9645   9637   9653   9654   9649   9640
   1132     21   8600   8599   8602   8623   9181   9182   9184   9210   9655   9656   9657   9658   9659   9660   9661   9662   9663   9664   9665   9666
   1133     21   8604   8601   8600   8623   9186   9188   9181   9210   9667   9668   9658   9669   9670   9671   9659   9662   9672   9673   9666   9674
   1134     21   8602   8603   8604   8623   9184   9165   9186   9210   9675   9676   9669   9657   9661   9677   9670   9662   9678   9679   9674   9665
   1135     21   8595   8569   8261   8260   9183   9064   9066   9115   9680   9681   9682   9683   9684   9685   9686   9687   9688   9689   9690   9691
   1136     21   8594   8595   8260   8259   9163   9183   9115   8826   9692   9683   9693   9694   9695   9684   9687   9696   9697   9691   9698   9699
   1137     21   8148   8149   8225   8224   9135   9087   8870   8867   9700   9701   9702   9574   9576   9703   9704   9577   9705   9706   9707   9579
   1138     21   8326   8327   8317   8316   9205   9197   9102   9143   9708   9709   9710   9711   9712   9713   9714   9715   9716   9717   9718   9719
   1139     21   8102   8101   8326   8316   8663   8662   9205   9143   9720   9721   9711   9722   9723   9724   9712   9715   9725   9726   9719   9727
   1140     21   8232   8233   8309   8310   8758   8759   8989   8933   9728   9729   9730   9508   9510   9731   9732   9511   9733   9734   9735   9513
   1141     21   8450   8449   8620   8621   9136   9035   9209   9208   9736   9623   9528   9737   9738   9626   9531   9522   9739   9628   9533   9740
   1142     21   8553   8451   8450   8621   9039   9038   9136   9208   9741   9742   9737   9517   9521   9743   9738   9522   9744   9745   9740   9525
   1143     21   8579   8445   8444   8619   9084   8966   9131   9207   9746   9747   9246   9748   9749   9750   9251   9250   9751   9752   9254   9753
   1144     21   8368   8369   8579   8619   9133   8973   9084   9207   9754   9755   9748   9259   9262   9756   9749   9250   9757   9758   9753   9264
   1145     21   8479   8480   8473   8472   9192   9170   9077   9126   9759   9760   9761   9630   9634   9762   9763   9635   9764   9765   9766   9638
   1146     21   8431   8432   8354   8353   9078   9022   9019   9075   9767   9768   9769   9546   9548   9770   9771   9549   9772   9773   9774   9551
   1147     21   8270   8271   8193   8192   9125   9074   9073   9151   9775   9776   9777   9402   9404   9778   9779   9405   9780   9781   9782   9407
   1148     21   8162   8163   8600   8601   8952   9067   9181   9188   9783   9784   9668   9785   9786   9787   9659   9671   9788   9789   9673   9790
   1149     21   8161   8162   8601   8596   8953   8952   9188   9187   9791   9785   9792   9555   9559   9786   9671   9560   9793   9790   9794   9563
   1150     21   8133   8132   8597   8598   8724   8723   9185   9166   9795   9567   9796   9797   9798   9568   9569   9799   9800   9572   9801   9802
   1151     21   8593   8594   8259   8258   9164   9163   8826   8825   9803   9694   9804   9805   9806   9695   9696   9807   9808   9699   9809   9810
   1152     21   8507   8327   8326   8618   9196   9197   9205   9206   9811   9708   9812   9813   9814   9713   9712   9815   9816   9716   9817   9818
   1153     21   8100   8099   8507   8618   8661   8660   9196   9206   9819   9820   9813   9821   9822   9823   9814   9815   9824   9825   9818   9826
   1154     21   8326   8101   8100   8618   9205   8662   8661   9206   9721   9827   9821   9812   9712   9724   9822   9815   9726   9828   9826   9817
   1155     21   8327   8328   8318   8317   9197   9178   9049   9102   9829   9830   9831   9709   9713   9832   9833   9714   9834   9835   9836   9717
   1156     21   8614   8315   8294   8293   9204   8934   8798   8871   9435   9837   9838   9839   9438   9437   9840   9841   9440   9842   9843   9844
   1157     21   8225   8226   8614   8293   8870   9162   9204   8871   9845   9443   9839   9846   9704   9444   9438   9841   9847   9446   9844   9848
   1158     21   8374   8375   8552   8613   9139   9140   9138   9203   9849   9850   9515   9851   9852   9853   9520   9519   9854   9855   9523   9856
   1159     21   8373   8374   8613   8612   9195   9139   9203   9194   9857   9851   9527   9858   9859   9852   9519   9530   9860   9856   9532   9861
   1160     21   8043   8044   8591   8607   8665   8666   9158   9173   9862   9863   9864   9865   9866   9867   9868   9869   9870   9871   9872   9873
   1161     21   8140   8043   8607   8080   8640   8665   9173   8641   9874   9865   9875   9876   9877   9866   9869   9878   9879   9873   9880   9881
   1162     21   8285   8286   8367   8366   8974   8906   9156   9202   9882   9883   9267   9536   9537   9884   9261   9268   9885   9886   9270   9539
   1163     21   8363   8364   8441   8440   9132   9201   9083   9082   9326   9541   9887   9888   9277   9328   9542   9889   9331   9544   9890   9891
   1164     21   8480   8481   8474   8473   9170   9154   9021   9077   9892   9893   9894   9760   9762   9895   9896   9763   9897   9898   9899   9765
   1165     21   8432   8433   8355   8354   9022   8961   8956   9019   9900   9901   9902   9768   9770   9903   9904   9771   9905   9906   9907   9773
   1166     21   8573   8168   8167   8535   9149   8829   8828   9148   9908   9909   9910   9911   9912   9913   9914   9915   9916   9917   9918   9919
   1167     21   8572   8573   8535   8534   9121   9149   9148   9070   9920   9911   9921   9922   9923   9912   9915   9924   9925   9919   9926   9927
   1168     21   8568   8569   8595   8602   9063   9064   9183   9184   9928   9680   9929   9930   9931   9685   9684   9661   9932   9688   9933   9934
   1169     21   8567   8568   8602   8599   9116   9063   9184   9182   9935   9930   9656   9936   9937   9931   9661   9660   9938   9934   9664   9939
   1170     21   8074   8075   8585   8616   8633   8634   9113   9199   9940   9941   9942   9943   9944   9945   9946   9947   9948   9949   9950   9951
   1171     21   8262   8074   8616   8617   9065   8633   9199   9200   9952   9943   9953   9954   9955   9944   9947   9956   9957   9951   9958   9959
   1172     21   8586   8261   8262   8617   9147   9066   9065   9200   9960   9961   9954   9962   9963   9686   9955   9956   9964   9965   9959   9966
   1173     21   8585   8586   8617   8616   9113   9147   9200   9199   9967   9962   9953   9942   9946   9963   9956   9947   9968   9966   9958   9950
   1174     21   8514   8508   8507   8615   9105   9177   9196   9198   9969   9970   9971   9972   9973   9974   9814   9975   9976   9977   9978   9979
   1175     21   8098   8097   8514   8615   8659   8658   9105   9198   9980   9981   9972   9982   9983   9984   9973   9975   9985   9986   9979   9987
   1176     21   8507   8099   8098   8615   9196   8660   8659   9198   9820   9988   9982   9971   9814   9823   9983   9975   9825   9989   9987   9978
   1177     21   8507   8508   8328   8327   9196   9177   9178   9197   9970   9990   9829   9811   9814   9974   9832   9713   9977   9991   9834   9816
   1178     21   8328   8329   8319   8318   9178   9103   8988   9049   9992   9993   9994   9830   9832   9995   9996   9833   9997   9998   9999   9835
   1179     21   8233   8234   8308   8309   8759   8734   9050   8989  10000  10001  10002   9729   9731  10003  10004   9732  10005  10006  10007   9734
   1180     21   8379   8380   8374   8373   8979   8917   9139   9195  10008  10009   9857  10010  10011  10012   9852   9859  10013  10014   9860  10015
   1181     21   8049   8050   8379   8373   8671   8672   8979   9195  10016  10017  10010  10018  10019  10020  10011   9859  10021  10022  10015  10023
   1182     21   8048   8049   8373   8612   8670   8671   9195   9194  10024  10018   9858   9615   9618  10019   9859   9530  10025  10023   9861   9620
   1183     21   8151   8150   8214   8213   9111   9086   8848   8796  10026  10027  10028  10029  10030  10031  10032  10033  10034  10035  10036  10037
   1184     21   8152   8151   8213   8212   8999   9111   8796   8747  10038  10029  10039  10040  10041  10030  10033  10042  10043  10037  10044  10045
   1185     21   8486   8480   8479   8611   9080   9170   9192   9193  10046   9759  10047  10048  10049   9762   9634  10050  10051   9764  10052  10053
   1186     21   8118   8117   8486   8611   8709   8708   9080   9193  10054  10055  10048  10056  10057  10058  10049  10050  10059  10060  10053  10061
   1187     21   8479   8119   8118   8611   9192   8710   8709   9193   9643  10062  10056  10047   9634   9646  10057  10050   9648  10063  10061  10052
   1188     21   8481   8482   8475   8474   9154   9128   8959   9021  10064  10065  10066   9893   9895  10067  10068   9896  10069  10070  10071   9898
   1189     21   8350   8351   8269   8268   9191   9168   9169   9190   9376  10072   9332  10073   9381   9380   9337   9336   9384  10074   9340  10075
   1190     21   8125   8124   8350   8268   8716   8715   9191   9190  10076   9471  10073   9345   9348   9472   9381   9336  10077   9474  10075   9350
   1191     21   8190   8191   8177   8176   9189   9150   8890   8889   9334  10078  10079  10080   9339   9338  10081  10082   9342  10083  10084  10085
   1192     21   8127   8126   8190   8176   8718   8717   9189   8889  10086   9346  10080  10087  10088   9347   9339  10082  10089   9351  10085  10090
   1193     21   8597   8596   8601   8604   9185   9187   9188   9186   9566   9792   9667  10091   9569   9560   9671   9670   9571   9794   9672  10092
   1194     21   8598   8597   8604   8603   9166   9185   9186   9165   9796  10091   9676  10093   9799   9569   9670   9677   9801  10092   9679  10094
   1195     21   8595   8594   8603   8602   9183   9163   9165   9184   9692  10095   9675   9929   9684   9695   9677   9661   9697  10096   9678   9933
   1196     21   8164   8165   8567   8599   9119   9010   9116   9182  10097  10098   9936  10099  10100  10101   9937   9660  10102  10103   9939  10104
   1197     21   8163   8164   8599   8600   9067   9119   9182   9181  10105  10099   9655   9784   9787  10100   9660   9659  10106  10104   9663   9789
   1198     21   8134   8133   8598   8593   8725   8724   9166   9164  10107   9797  10108  10109  10110   9798   9799   9806  10111   9802  10112  10113
   1199     21   8135   8134   8593   8258   8726   8725   9164   8825  10114  10109   9805  10115  10116  10110   9806   9807  10117  10113   9810  10118
   1200     21   8073   8074   8262   8263   8632   8633   9065   8780  10119   9952  10120  10121  10122   9944   9955  10123  10124   9957  10125  10126
   1201     21   8412   8413   8525   8610   9180   9107   9058   9179   9501  10127  10128  10129   9415   9503  10130  10131   9506  10132  10133  10134
   1202     21   8090   8089   8412   8610   8651   8650   9180   9179  10135   9429  10129  10136  10137   9431   9415  10131  10138   9432  10134  10139
   1203     21   8525   8091   8090   8610   9058   8652   8651   9179  10140  10141  10136  10128  10130  10142  10137  10131  10143  10144  10139  10133
   1204     21   8514   8515   8509   8508   9105   9054   9161   9177  10145  10146  10147   9969   9973  10148  10149   9974  10150  10151  10152   9976
   1205     21   8508   8509   8329   8328   9177   9161   9103   9178  10147  10153   9992   9990   9974  10149   9995   9832  10152  10154   9997   9991
   1206     21   8217   8218   8583   8609   9176   9094   9096   9175   9353  10155  10156  10157   9356   9307  10158  10159   9358  10160  10161  10162
   1207     21   8061   8062   8217   8609   8683   8684   9176   9175  10163   9362  10157  10164  10165   9363   9356  10159  10166   9367  10162  10167
   1208     21   8583   8060   8061   8609   9096   8682   8683   9175  10168  10169  10164  10156  10158  10170  10165  10159  10171  10172  10167  10161
   1209     21   8402   8297   8298   8396   9041   8816   8753   9040  10173  10174  10175  10176  10177  10178  10179  10180  10181  10182  10183  10184
   1210     21   8401   8402   8396   8395   8923   9041   9040   8924  10185  10176  10186  10187  10188  10177  10180  10189  10190  10184  10191  10192
   1211     21   8081   8080   8607   8608   8642   8641   9173   9174  10193   9875  10194  10195  10196   9878   9869  10197  10198   9880  10199  10200
   1212     21   8580   8082   8081   8608   9090   8643   8642   9174  10201  10202  10195  10203  10204  10205  10196  10197  10206  10207  10200  10208
   1213     21   8607   8591   8580   8608   9173   9158   9090   9174   9864  10209  10203  10194   9869   9868  10204  10197   9872  10210  10208  10199
   1214     21   8204   8205   8282   8281   8750   8732   9157   9172  10211  10212   9271  10213  10214  10215   9276   9275  10216  10217   9279  10218
   1215     21   8107   8106   8204   8281   8698   8697   8750   9172  10219  10220  10213   9284   9287  10221  10214   9275  10222  10223  10218   9289
   1216     21   8439   8440   8497   8606   8971   9082   9031   9171  10224  10225  10226  10227  10228   9889  10229  10230  10231  10232  10233  10234
   1217     21   8110   8109   8439   8606   8701   8700   8971   9171  10235  10236  10227  10237  10238  10239  10228  10230  10240  10241  10234  10242
   1218     21   8497   8111   8110   8606   9031   8702   8701   9171  10243  10244  10237  10226  10229  10245  10238  10230  10246  10247  10242  10233
   1219     21   8486   8487   8481   8480   9080   9027   9154   9170  10248  10249   9892  10046  10049  10250   9895   9762  10251  10252   9897  10051
   1220     21   8482   8483   8476   8475   9128   9079   8960   8959  10253  10254  10255  10065  10067  10256  10257  10068  10258  10259  10260  10070
   1221     21   8433   8434   8356   8355   8961   8962   8894   8956  10261  10262  10263   9901   9903  10264  10265   9904  10266  10267  10268   9906
   1222     21   8351   8352   8270   8269   9168   9124   9125   9169   9389  10269   9401  10072   9380   9392   9404   9337   9394  10270   9406  10074
   1223     21   8577   8575   8574   8605   9071   9072   9122   9167  10271  10272  10273  10274  10275  10276  10277  10278  10279  10280  10281  10282
   1224     21   8185   8576   8577   8605   8788   9123   9071   9167  10283  10284  10274  10285  10286  10287  10275  10278  10288  10289  10282  10290
   1225     21   8574   8184   8185   8605   9122   8787   8788   9167  10291  10292  10285  10273  10277  10293  10286  10278  10294  10295  10290  10281
   1226     21   8469   8164   8163   8571   9118   9119   9067   9068  10296  10105  10297  10298  10299  10100   9787  10300  10301  10106  10302  10303
   1227     21   8468   8469   8571   8570   9008   9118   9068   9069  10304  10298  10305  10306  10307  10299  10300  10308  10309  10303  10310  10311
   1228     21   8594   8593   8598   8603   9163   9164   9166   9165   9803  10108  10093  10095   9695   9806   9799   9677   9808  10112  10094  10096
   1229     21   8150   8151   8227   8226   9086   9111   9112   9162  10026  10312   9442  10313  10031  10030   9321   9444  10034  10314   9445  10315
   1230     21   8149   8150   8226   8225   9087   9086   9162   8870  10316  10313   9845   9701   9703  10031   9444   9704  10317  10315   9847   9706
   1231     21   8415   8416   8523   8561   9109   8997   9055   9060  10318  10319  10320  10321  10322  10323  10324  10325  10326  10327  10328  10329
   1232     21   8414   8415   8561   8562   9108   9109   9060   9059  10330  10321  10331  10332   9585  10322  10325  10333  10334  10329  10335  10336
   1233     21   8092   8091   8525   8526   8653   8652   9058   8937  10337  10140  10338  10339  10340  10142  10130  10341  10342  10143  10343  10344
   1234     21   8515   8516   8510   8509   9054   8993   9144   9161  10345  10346  10347  10146  10148  10348  10349  10149  10350  10351  10352  10151
   1235     21   8509   8510   8330   8329   9161   9144   9051   9103  10347  10353  10354  10153  10149  10349  10355   9995  10352  10356  10357  10154
   1236     21   8505   8504   8506   8592   9142   9043   8931   9160  10358  10359  10360  10361  10362  10363  10364  10365  10366  10367  10368  10369
   1237     21   8460   8459   8505   8592   8927   8984   9142   9160  10370  10371  10361  10372  10373  10374  10362  10365  10375  10376  10369  10377
   1238     21   8506   8461   8460   8592   8931   8928   8927   9160  10378  10379  10372  10360  10364  10380  10373  10365  10381  10382  10377  10368
   1239     21   8582   8558   8556   8555   9098   9044   9045   9159  10383  10384   9589  10385  10386  10387   9594   9593  10388  10389   9597  10390
   1240     21   8058   8059   8582   8555   8680   8681   9098   9159  10391  10392  10385   9602   9605  10393  10386   9593  10394  10395  10390   9607
   1241     21   8055   8056   8589   8458   8677   8678   9141   9093  10396   9609  10397  10398  10399   9611   9595  10400  10401   9612  10402  10403
   1242     21   8384   8300   8301   8378   8859   8814   8878   8978  10404  10405  10406  10407  10408  10409  10410  10411  10412  10413  10414  10415
   1243     21   8383   8384   8378   8377   8858   8859   8978   8977  10416  10407  10417  10418  10419  10408  10411  10420  10421  10415  10422  10423
   1244     21   8376   8377   8455   8588   9092   8977   8914   9137  10424  10425  10426  10427  10428  10420  10429  10430  10431  10432  10433  10434
   1245     21   8375   8376   8588   8552   9140   9092   9137   9138  10435  10427  10436   9850   9853  10428  10430   9520  10437  10434  10438   9855
   1246     21   8550   8551   8580   8591   9034   9088   9090   9158  10439  10440  10209  10441  10442  10443  10204   9868  10444  10445  10210  10446
   1247     21   8044   8045   8550   8591   8666   8667   9034   9158  10447  10448  10441   9863   9867  10449  10442   9868  10450  10451  10446   9871
   1248     21   8153   8152   8212   8211   8941   8999   8747   8746  10452  10040  10453  10454  10455  10041  10042  10456  10457  10045  10458  10459
   1249     21   8205   8206   8283   8282   8732   8733   9134   9157  10460  10461   9324  10212  10215  10462   9327   9276  10463  10464   9329  10217
   1250     21   8286   8287   8368   8367   8906   8795   9133   9156  10465  10466   9258   9883   9884  10467   9262   9261  10468  10469   9263   9886
   1251     21   8442   8443   8495   8546   9155   9130   9028   9033   9456  10470  10471  10472   9458   9252  10473  10474   9460  10475  10476  10477
   1252     21   8441   8442   8546   8547   9083   9155   9033   9032   9540  10472  10478  10479   9542   9458  10474  10480   9543  10477  10481  10482
   1253     21   8112   8111   8497   8498   8703   8702   9031   8901  10483  10243  10484  10485  10486  10245  10229  10487  10488  10246  10489  10490
   1254     21   8487   8488   8482   8481   9027   8967   9128   9154  10491  10492  10064  10249  10250  10493  10067   9895  10494  10495  10069  10252
   1255     21   8471   8472   8430   8429   9153   9126   9127   9152   9631  10496   9397  10497   9636   9635   9391   9398   9639  10498   9400  10499
   1256     21   8122   8121   8471   8429   8713   8712   9153   9152  10500   9650  10497   9463   9466   9652   9636   9398  10501   9653  10499   9468
   1257     21   8434   8435   8357   8356   8962   9024   8836   8894  10502  10503  10504  10262  10264  10505  10506  10265  10507  10508  10509  10267
   1258     21   8280   8216   8203   8202   8909   8908   8789   8743  10510  10511  10512  10513  10514  10515  10516  10517  10518  10519  10520  10521
   1259     21   8279   8280   8202   8201   9020   8909   8743   8742  10522  10513  10523  10524  10525  10514  10517  10526  10527  10521  10528  10529
   1260     21   8192   8193   8179   8178   9151   9073   9006   9117   9777  10530  10531  10532   9405   9779  10533  10534   9782  10535  10536  10537
   1261     21   8191   8192   8178   8177   9150   9151   9117   8890   9403  10532  10538  10078   9338   9405  10534  10081   9408  10537  10539  10083
   1262     21   8575   8169   8168   8573   9072   8775   8829   9149  10540  10541   9908  10542  10276  10543   9913   9912  10544  10545   9916  10546
   1263     21   8574   8575   8573   8572   9122   9072   9149   9121  10272  10542   9920  10547  10277  10276   9912   9923  10280  10546   9925  10548
   1264     21   8535   8167   8166   8545   9148   8828   8948   9011   9910  10549  10550  10551   9915   9914  10552  10553   9918  10554  10555  10556
   1265     21   8534   8535   8545   8544   9070   9148   9011   9013   9921  10551  10557  10558   9924   9915  10553  10559   9926  10556  10560  10561
   1266     21   8348   8263   8262   8531   8779   8780   9065   9062  10562  10120  10563  10564  10565  10123   9955  10566  10567  10125  10568  10569
   1267     21   8347   8348   8531   8530   8778   8779   9062   9005  10570  10564  10571  10572  10573  10565  10566  10574  10575  10569  10576  10577
   1268     21   8566   8260   8261   8586   9114   9115   9066   9147  10578   9682   9960  10579  10580   9687   9686   9963  10581   9690   9964  10582
   1269     21   8565   8566   8586   8585   9061   9114   9147   9113  10583  10579   9967  10584  10585  10580   9963   9946  10586  10582   9968  10587
   1270     21   8250   8251   8247   8246   8946   8884   9004   9002  10588  10589  10590  10591  10592  10593  10594  10595  10596  10597  10598  10599
   1271     21   8069   8070   8250   8246   8691   8692   8946   9002  10600  10601  10591  10602  10603  10604  10592  10595  10605  10606  10599  10607
   1272     21   8305   8304   8337   8336   8911   8851   9110   9146  10608  10609   9409  10610  10611  10612   9414   9413  10613  10614   9417  10615
   1273     21   8087   8086   8305   8336   8648   8647   8911   9146  10616  10617  10610   9422   9425  10618  10611   9413  10619  10620  10615   9427
   1274     21   8339   8340   8415   8414   8940   8879   9109   9108  10621  10622  10330   9582   9584  10623  10322   9585  10624  10625  10334   9587
   1275     21   8417   8418   8519   8590   8939   8877   8992   9145  10626  10627  10628  10629  10630  10631  10632  10633  10634  10635  10636  10637
   1276     21   8523   8416   8417   8590   9055   8997   8939   9145  10319  10638  10629  10639  10324  10323  10630  10633  10327  10640  10637  10641
   1277     21   8519   8518   8523   8590   8992   9053   9055   9145  10642  10643  10639  10628  10632  10644  10324  10633  10645  10646  10641  10636
   1278     21   8516   8517   8511   8510   8993   8994   9104   9144  10647  10648  10649  10346  10348  10650  10651  10349  10652  10653  10654  10351
   1279     21   8510   8511   8331   8330   9144   9104   8990   9051  10649  10655  10656  10353  10349  10651  10657  10355  10654  10658  10659  10356
   1280     21   8316   8317   8307   8306   9143   9102   9101   8987   9710  10660  10661  10662   9715   9714  10663  10664   9718  10665  10666  10667
   1281     21   8103   8102   8316   8306   8664   8663   9143   8987  10668   9722  10662  10669  10670   9723   9715  10664  10671   9727  10667  10672
   1282     21   8234   8235   8307   8308   8734   8735   9101   9050  10673  10674  10675  10001  10003  10676  10663  10004  10677  10678  10679  10006
   1283     21   8502   8503   8558   8557   9048   9042   9044   9097  10680  10681  10682  10683  10684  10685  10387  10686  10687  10688  10689  10690
   1284     21   8219   8220   8502   8557   9095   9099   9048   9097   9293  10691  10683  10692   9298   9297  10684  10686   9301  10693  10690  10694
   1285     21   8059   8060   8583   8582   8681   8682   9096   9098  10695  10168  10696  10392  10393  10170  10158  10386  10697  10171  10698  10395
   1286     21   8505   8459   8458   8589   9142   8984   9093   9141  10371  10699  10397  10700  10362  10374  10400   9595  10376  10701  10402  10702
   1287     21   8556   8504   8505   8589   9045   9043   9142   9141  10703  10358  10700   9590   9594  10363  10362   9595  10704  10366  10702   9598
   1288     21   8391   8392   8386   8385   8981   8922   8915   8980  10705  10706  10707  10708  10709  10710  10711  10712  10713  10714  10715  10716
   1289     21   8051   8052   8391   8385   8673   8674   8981   8980  10717  10718  10708  10719  10720  10721  10709  10712  10722  10723  10716  10724
   1290     21   8381   8382   8376   8375   8918   8920   9092   9140  10725  10726  10435  10727  10728  10729  10428   9853  10730  10731  10437  10732
   1291     21   8380   8381   8375   8374   8917   8918   9140   9139  10733  10727   9849  10009  10012  10728   9853   9852  10734  10732   9854  10014
   1292     21   8554   8553   8552   8588   9036   9039   9138   9137  10735   9516  10436  10736  10737   9521   9520  10430  10738   9524  10438  10739
   1293     21   8455   8456   8554   8588   8914   8855   9036   9137  10740  10741  10736  10426  10429  10742  10737  10430  10743  10744  10739  10433
   1294     21   8450   8451   8538   8551   9136   9038   9089   9088   9742  10745  10746  10747   9738   9743  10748  10443   9745  10749  10750  10751
   1295     21   8449   8450   8551   8550   9035   9136   9088   9034   9736  10747  10439  10752   9626   9738  10443  10442   9739  10751  10444  10753
   1296     21   8148   8147   8203   8216   9135   8790   8789   8908   9573  10754  10511  10755   9576   9480  10516  10515   9578  10756  10519  10757
   1297     21   8149   8148   8216   8215   9087   9135   8908   8907   9700  10755  10758  10759   9703   9576  10515  10760   9705  10757  10761  10762
   1298     21   8154   8153   8211   8210   8942   8941   8746   8794  10763  10454  10764  10765  10766  10455  10456  10767  10768  10459  10769  10770
   1299     21   8206   8207   8284   8283   8733   8797   9085   9134  10771  10772   9447  10461  10462  10773   9450   9327  10774  10775   9452  10464
   1300     21   8287   8288   8369   8368   8795   8748   8973   9133  10776  10777   9754  10466  10467  10778   9756   9262  10779  10780   9757  10469
   1301     21   8362   8363   8440   8439   8972   9132   9082   8971   9273   9888  10224  10781   9278   9277   9889  10228   9281   9891  10231  10782
   1302     21   8444   8445   8491   8587   9131   8966   8965   9129   9747  10783  10784  10785   9251   9750  10786  10787   9752  10788  10789  10790
   1303     21   8495   8443   8444   8587   9028   9130   9131   9129  10470   9247  10785  10791  10473   9252   9251  10787  10475   9255  10790  10792
   1304     21   8491   8490   8495   8587   8965   9026   9028   9129  10793  10794  10791  10784  10786  10795  10473  10787  10796  10797  10792  10789
   1305     21   8488   8489   8483   8482   8967   8968   9079   9128  10798  10799  10253  10492  10493  10800  10256  10067  10801  10802  10258  10495
   1306     21   8483   8484   8477   8476   9079   9025   9023   8960  10803  10804  10805  10254  10256  10806  10807  10257  10808  10809  10810  10259
   1307     21   8472   8473   8431   8430   9126   9077   9078   9127   9761  10811   9545  10496   9635   9763   9548   9391   9766  10812   9550  10498
   1308     21   8435   8436   8358   8357   9024   9076   8837   8836  10813  10814  10815  10503  10505  10816  10817  10506  10818  10819  10820  10508
   1309     21   8352   8353   8271   8270   9124   9075   9074   9125   9547  10821   9775  10269   9392   9549   9778   9404   9552  10822   9780  10270
   1310     21   8278   8279   8201   8200   8958   9020   8742   8834  10823  10524  10824  10825  10826  10525  10526  10827  10828  10529  10829  10830
   1311     21   8197   8198   8184   8183   8893   8785   8787   9120  10831  10832  10833  10834  10835  10836  10293  10837  10838  10839  10840  10841
   1312     21   8196   8197   8183   8182   8955   8893   9120   9016  10842  10834  10843  10844  10845  10835  10837  10846  10847  10841  10848  10849
   1313     21   8171   8170   8577   8576   8769   8777   9071   9123  10850  10851  10284  10852  10853  10854  10275  10287  10855  10856  10289  10857
   1314     21   8536   8172   8171   8576   8954   8771   8769   9123  10858  10859  10852  10860  10861  10862  10853  10287  10863  10864  10857  10865
   1315     21   8185   8186   8536   8576   8788   8835   8954   9123  10866  10867  10860  10283  10286  10868  10861  10287  10869  10870  10865  10288
   1316     21   8183   8184   8574   8572   9120   8787   9122   9121  10833  10291  10547  10871  10837  10293  10277   9923  10840  10294  10548  10872
   1317     21   8182   8183   8572   8534   9016   9120   9121   9070  10843  10871   9922  10873  10846  10837   9923   9924  10848  10872   9927  10874
   1318     21   8533   8165   8164   8469   9012   9010   9119   9118  10875  10097  10296  10876  10877  10101  10100  10299  10878  10102  10301  10879
   1319     21   8532   8533   8469   8468   9009   9012   9118   9008  10880  10876  10304  10881  10882  10877  10299  10307  10883  10879  10309  10884
   1320     21   8178   8179   8468   8570   9117   9006   9008   9069  10531  10885  10306  10886  10534  10533  10307  10308  10536  10887  10311  10888
   1321     21   8177   8178   8570   8426   8890   9117   9069   8891  10538  10886  10889  10890  10081  10534  10308  10891  10539  10888  10892  10893
   1322     21   8529   8530   8568   8567   8949   9005   9063   9116  10894  10895   9935  10896  10897  10574   9931   9937  10898  10899   9938  10900
   1323     21   8165   8166   8529   8567   9010   8948   8949   9116  10901  10902  10896  10098  10101  10552  10897   9937  10903  10904  10900  10103
   1324     21   8422   8259   8260   8566   8827   8826   9115   9114  10905   9693  10578  10906  10907   9696   9687  10580  10908   9698  10581  10909
   1325     21   8421   8422   8566   8565   8947   8827   9114   9061  10910  10906  10583  10911  10912  10907  10580  10585  10913  10909  10586  10914
   1326     21   8075   8076   8565   8585   8634   8635   9061   9113  10915  10916  10584   9941   9945  10917  10585   9946  10918  10919  10587   9949
   1327     21   8068   8069   8246   8527   8690   8691   9002   9001  10920  10602  10921  10922  10923  10603  10595  10924  10925  10607  10926  10927
   1328     21   8067   8068   8527   8528   8689   8690   9001   8945  10928  10922  10929  10930  10931  10923  10924  10932  10933  10927  10934  10935
   1329     21   8151   8152   8228   8227   9111   8999   9000   9112  10038  10936   9319  10312  10030  10041   9243   9321  10043  10937   9322  10314
   1330     21   8304   8303   8338   8337   8851   8850   8998   9110  10938  10939   9499  10609  10612  10940   9502   9414  10941  10942   9504  10614
   1331     21   8340   8341   8416   8415   8879   8815   8997   9109  10943  10944  10318  10622  10623  10945  10323  10322  10946  10947  10326  10625
   1332     21   8413   8414   8562   8525   9107   9108   9059   9058   9583  10332  10948  10127   9503   9585  10333  10130   9588  10336  10949  10132
   1333     21   8520   8515   8514   8584   8995   9054   9105   9106  10950  10145  10951  10952  10953  10148   9973  10954  10955  10150  10956  10957
   1334     21   8096   8095   8520   8584   8657   8656   8995   9106  10958  10959  10952  10960  10961  10962  10953  10954  10963  10964  10957  10965
   1335     21   8514   8097   8096   8584   9105   8658   8657   9106   9981  10966  10960  10951   9973   9984  10961  10954   9986  10967  10965  10956
   1336     21   8517   8518   8512   8511   8994   9053   9052   9104  10968  10969  10970  10648  10650  10644  10971  10651  10972  10973  10974  10653
   1337     21   8511   8512   8332   8331   9104   9052   8875   8990  10970  10975  10976  10655  10651  10971  10977  10657  10974  10978  10979  10658
   1338     21   8329   8330   8320   8319   9103   9051   8932   8988  10354  10980  10981   9993   9995  10355  10982   9996  10357  10983  10984   9998
   1339     21   8317   8318   8308   8307   9102   9049   9050   9101   9831  10985  10675  10660   9714   9833  10004  10663   9836  10986  10679  10665
   1340     21   8235   8236   8306   8307   8735   8817   8987   9101  10987  10988  10661  10674  10676  10989  10664  10663  10990  10991  10666  10678
   1341     21   8221   8222   8541   8559   9100   8985   8986   9046   9488  10992  10993  10994   9491   9482  10995  10996   9493  10997  10998  10999
   1342     21   8220   8221   8559   8502   9099   9100   9046   9048   9496  10994  11000  10691   9297   9491  10996  10684   9498  10999  11001  10693
   1343     21   8557   8558   8582   8583   9097   9044   9098   9096  10682  10383  10696  11002  10686  10387  10386  10158  10689  10388  10698  11003
   1344     21   8218   8219   8557   8583   9094   9095   9097   9096   9304  10692  11002  10155   9307   9298  10686  10158   9309  10694  11003  10160
   1345     21   8458   8459   8404   8403   9093   8984   8925   8983  10699  11004  11005  11006  10400  10374  11007  11008  10701  11009  11010  11011
   1346     21   8054   8055   8458   8403   8676   8677   9093   8983  11012  10398  11006  11013  11014  10399  10400  11008  11015  10403  11011  11016
   1347     21   8394   8395   8389   8388   8863   8924   8856   8919  11017  11018  11019  11020  11021  10189  11022  11023  11024  11025  11026  11027
   1348     21   8393   8394   8388   8387   8862   8863   8919   8916  11028  11020  11029  11030  11031  11021  11023  11032  11033  11027  11034  11035
   1349     21   8392   8393   8387   8386   8922   8862   8916   8915  11036  11030  11037  10706  10710  11031  11032  10711  11038  11035  11039  10714
   1350     21   8382   8383   8377   8376   8920   8858   8977   9092  11040  10418  10424  10726  10729  10419  10420  10428  11041  10423  10431  10731
   1351     21   8540   8539   8538   8581   8975   8976   9089   9091  11042  11043  11044  11045  11046  11047  10748  11048  11049  11050  11051  11052
   1352     21   8452   8453   8540   8581   9037   8854   8975   9091  11053  11054  11045  11055  11056  11057  11046  11048  11058  11059  11052  11060
   1353     21   8538   8451   8452   8581   9089   9038   9037   9091  10745  11061  11055  11044  10748   9743  11056  11048  10749  11062  11060  11051
   1354     21   8539   8083   8082   8580   8976   8644   8643   9090  11063  11064  10201  11065  11047  11066  10205  10204  11067  11068  10206  11069
   1355     21   8551   8538   8539   8580   9088   9089   8976   9090  10746  11043  11065  10440  10443  10748  11047  10204  10750  11050  11069  10445
   1356     21   8150   8149   8215   8214   9086   9087   8907   8848  10316  10759  11070  10027  10031   9703  10760  10032  10317  10762  11071  10035
   1357     21   8207   8208   8285   8284   8797   8849   8974   9085  11072  11073   9535  10772  10773  11074   9537   9450  11075  11076   9538  10775
   1358     21   8499   8446   8445   8579   8903   8904   8966   9084  11077  11078   9746  11079  11080  11081   9750   9749  11082  11083   9751  11084
   1359     21   8369   8370   8499   8579   8973   8792   8903   9084  11085  11086  11079   9755   9756  11087  11080   9749  11088  11089  11084   9758
   1360     21   8440   8441   8547   8497   9082   9083   9032   9031   9887  10479  11090  10225   9889   9542  10480  10229   9890  10482  11091  10232
   1361     21   8492   8487   8486   8578   8969   9027   9080   9081  11092  10248  11093  11094  11095  10250  10049  11096  11097  10251  11098  11099
   1362     21   8116   8115   8492   8578   8707   8706   8969   9081  11100  11101  11094  11102  11103  11104  11095  11096  11105  11106  11099  11107
   1363     21   8486   8117   8116   8578   9080   8708   8707   9081  10055  11108  11102  11093  10049  10058  11103  11096  10060  11109  11107  11098
   1364     21   8489   8490   8484   8483   8968   9026   9025   9079  11110  11111  10803  10799  10800  10795  10806  10256  11112  11113  10808  10802
   1365     21   8478   8447   8437   8436   8964   8844   8843   9076  11114  11115  11116  11117  11118  11119  11120  10816  11121  11122  11123  11124
   1366     21   8477   8478   8436   8435   9023   8964   9076   9024  11125  11117  10813  11126  10807  11118  10816  10505  11127  11124  10818  11128
   1367     21   8473   8474   8432   8431   9077   9021   9022   9078   9894  11129   9767  10811   9763   9896   9770   9548   9899  11130   9772  10812
   1368     21   8436   8437   8359   8358   9076   8843   8896   8837  11116  11131  11132  10814  10816  11120  11133  10817  11123  11134  11135  10819
   1369     21   8353   8354   8272   8271   9075   9019   9017   9074   9769  11136  11137  10821   9549   9771  11138   9778   9774  11139  11140  10822
   1370     21   8277   8278   8200   8199   8897   8958   8834   8786  11141  10825  11142  11143  11144  10826  10827  11145  11146  10830  11147  11148
   1371     21   8271   8272   8194   8193   9074   9017   9018   9073  11137  11149  11150   9776   9778  11138  11151   9779  11140  11152  11153   9781
   1372     21   8194   8195   8181   8180   9018   9014   9015   9007  11154  11155  11156  11157  11151  11158  11159  11160  11161  11162  11163  11164
   1373     21   8193   8194   8180   8179   9073   9018   9007   9006  11150  11157  11165  10530   9779  11151  11160  10533  11153  11164  11166  10535
   1374     21   8170   8169   8575   8577   8777   8775   9072   9071  11167  10540  10271  10851  10854  10543  10276  10275  11168  10544  10279  10856
   1375     21   8181   8182   8534   8544   9015   9016   9070   9013  11169  10873  10558  11170  11159  10846   9924  10559  11171  10874  10561  11172
   1376     21   8180   8181   8544   8532   9007   9015   9013   9009  11156  11170  11173  11174  11160  11159  10559  10882  11163  11172  11175  11176
   1377     21   8427   8426   8570   8571   8950   8891   9069   9068  11177  10889  10305  11178  11179  10891  10308  10300  11180  10892  10310  11181
   1378     21   8163   8162   8427   8571   9067   8952   8950   9068   9783  11182  11178  10297   9787   9786  11179  10300   9788  11183  11181  10302
   1379     21   8531   8262   8261   8569   9062   9065   9066   9064  10563   9961   9681  11184  10566   9955   9686   9685  10568   9965   9689  11185
   1380     21   8530   8531   8569   8568   9005   9062   9064   9063  10571  11184   9928  10895  10574  10566   9685   9931  10576  11185   9932  10899
   1381     21   8076   8077   8421   8565   8635   8636   8947   9061  11186  11187  10911  10916  10917  11188  10912  10585  11189  11190  10914  10919
   1382     21   8251   8252   8248   8247   8884   8823   8821   9004  11191  11192  11193  10589  10593  11194  11195  10594  11196  11197  11198  10597
   1383     21   8242   8174   8175   8239   8883   8833   8764   8761  11199  11200  11201  11202  11203  11204  11205  11206  11207  11208  11209  11210
   1384     21   8241   8242   8239   8238   8820   8883   8761   8760  11211  11202  11212  11213  11214  11203  11206  11215  11216  11210  11217  11218
   1385     21   8561   8523   8522   8563   9060   9055   8935   9056  10320  11219  11220  11221  10325  10324  11222  11223  10328  11224  11225  11226
   1386     21   8562   8561   8563   8564   9059   9060   9056   9057  10331  11221  11227  11228  10333  10325  11223  11229  10335  11226  11230  11231
   1387     21   8526   8525   8562   8564   8937   9058   9059   9057  10338  10948  11228  11232  10341  10130  10333  11229  10343  10949  11231  11233
   1388     21   8522   8526   8564   8563   8935   8937   9057   9056  11234  11232  11227  11220  11222  10341  11229  11223  11235  11233  11230  11225
   1389     21   8093   8092   8526   8524   8654   8653   8937   8938  11236  10339  11237  11238  11239  10340  10341  11240  11241  10344  11242  11243
   1390     21   8522   8523   8518   8517   8935   9055   9053   8994  11219  10643  10968  11244  11222  10324  10644  10650  11224  10646  10972  11245
   1391     21   8520   8521   8516   8515   8995   8936   8993   9054  11246  11247  10345  10950  10953  11248  10348  10148  11249  11250  10350  10955
   1392     21   8518   8519   8513   8512   9053   8992   8991   9052  10642  11251  11252  10969  10644  10632  11253  10971  10645  11254  11255  10973
   1393     21   8512   8513   8333   8332   9052   8991   8808   8875  11252  11256  11257  10975  10971  11253  11258  10977  11255  11259  11260  10978
   1394     21   8330   8331   8321   8320   9051   8990   8872   8932  10656  11261  11262  10980  10355  10657  11263  10982  10659  11264  11265  10983
   1395     21   8318   8319   8309   8308   9049   8988   8989   9050   9994  11266  10002  10985   9833   9996   9732  10004   9999  11267  10007  10986
   1396     21   8503   8502   8559   8560   9042   9048   9046   9047  10680  11000  11268  11269  10685  10684  10996  11270  10687  11001  11271  11272
   1397     21   8506   8504   8503   8560   8931   9043   9042   9047  10359  11273  11269  11274  10364  10363  10685  11270  10367  11275  11272  11276
   1398     21   8559   8541   8506   8560   9046   8986   8931   9047  10993  11277  11274  11268  10996  10995  10364  11270  10998  11278  11276  11271
   1399     21   8503   8504   8556   8558   9042   9043   9045   9044  11273  10703  10384  10681  10685  10363   9594  10387  11275  10704  10389  10688
   1400     21   8408   8296   8297   8402   8803   8802   8816   9041  11279  11280  10173  11281  11282  11283  10178  10177  11284  11285  10181  11286
   1401     21   8407   8408   8402   8401   8926   8803   9041   8923  11287  11281  10185  11288  11289  11282  10177  10188  11290  11286  10190  11291
   1402     21   8396   8298   8299   8390   9040   8753   8752   8857  10175  11292  11293  11294  10180  10179  11295  11296  10183  11297  11298  11299
   1403     21   8395   8396   8390   8389   8924   9040   8857   8856  10186  11294  11300  11018  10189  10180  11296  11022  10191  11299  11301  11025
   1404     21   8452   8451   8553   8554   9037   9038   9039   9036  11061   9741  10735  11302  11056   9743   9521  10737  11062   9744  10738  11303
   1405     21   8456   8453   8452   8554   8855   8854   9037   9036  11304  11053  11302  10741  10742  11057  11056  10737  11305  11058  11303  10744
   1406     21   8453   8454   8500   8540   8854   8853   8910   8975  11306  11307  11308  11054  11057  11309  11310  11046  11311  11312  11313  11059
   1407     21   8045   8046   8449   8550   8667   8668   9035   9034  11314   9624  10752  10448  10449   9625   9626  10442  11315   9629  10753  10451
   1408     21   8155   8154   8210   8209   8880   8942   8794   8905  11316  10765  11317  11318  11319  10766  10767  11320  11321  10770  11322  11323
   1409     21   8546   8495   8494   8548   9033   9028   8899   9029  10471  11324  11325  11326  10474  10473  11327  11328  10476  11329  11330  11331
   1410     21   8547   8546   8548   8549   9032   9033   9029   9030  10478  11326  11332  11333  10480  10474  11328  11334  10481  11331  11335  11336
   1411     21   8498   8497   8547   8549   8901   9031   9032   9030  10484  11090  11333  11337  10487  10229  10480  11334  10489  11091  11336  11338
   1412     21   8494   8498   8549   8548   8899   8901   9030   9029  11339  11337  11332  11325  11327  10487  11334  11328  11340  11338  11335  11330
   1413     21   8113   8112   8498   8496   8704   8703   8901   8902  11341  10485  11342  11343  11344  10486  10487  11345  11346  10490  11347  11348
   1414     21   8494   8495   8490   8489   8899   9028   9026   8968  11324  10794  11110  11349  11327  10473  10795  10800  11329  10797  11112  11350
   1415     21   8492   8493   8488   8487   8969   8900   8967   9027  11351  11352  10491  11092  11095  11353  10493  10250  11354  11355  10494  11097
   1416     21   8490   8491   8485   8484   9026   8965   8963   9025  10793  11356  11357  11111  10795  10786  11358  10806  10796  11359  11360  11113
   1417     21   8484   8485   8478   8477   9025   8963   8964   9023  11357  11361  11125  10804  10806  11358  11118  10807  11360  11362  11127  10809
   1418     21   8476   8477   8435   8434   8960   9023   9024   8962  10805  11126  10502  11363  10257  10807  10505  10264  10810  11128  10507  11364
   1419     21   8474   8475   8433   8432   9021   8959   8961   9022  10066  11365   9900  11129   9896  10068   9903   9770  10071  11366   9905  11130
   1420     21   8361   8292   8280   8279   8847   8846   8909   9020  11367  11368  10522  11369  11370  11371  10514  10525  11372  11373  10527  11374
   1421     21   8360   8361   8279   8278   8898   8847   9020   8958  11375  11369  10823  11376  11377  11370  10525  10826  11378  11374  10828  11379
   1422     21   8354   8355   8273   8272   9019   8956   8957   9017   9902  11380  11381  11136   9771   9904  11382  11138   9907  11383  11384  11139
   1423     21   8273   8274   8196   8195   8957   8895   8955   9014  11385  11386  11387  11388  11382  11389  10845  11158  11390  11391  11392  11393
   1424     21   8272   8273   8195   8194   9017   8957   9014   9018  11381  11388  11154  11149  11138  11382  11158  11151  11384  11393  11161  11152
   1425     21   8195   8196   8182   8181   9014   8955   9016   9015  11387  10844  11169  11155  11158  10845  10846  11159  11392  10849  11171  11162
   1426     21   8533   8532   8544   8545   9012   9009   9013   9011  10880  11173  10557  11394  10877  10882  10559  10553  10883  11175  10560  11395
   1427     21   8166   8165   8533   8545   8948   9010   9012   9011  10901  10875  11394  10550  10552  10101  10877  10553  10903  10878  11395  10555
   1428     21   8179   8180   8532   8468   9006   9007   9009   9008  11165  11174  10881  10885  10533  11160  10882  10307  11166  11176  10884  10887
   1429     21   8129   8128   8424   8425   8720   8719   8888   8951  11396  11397  11398  11399  11400  11401  11402  11403  11404  11405  11406  11407
   1430     21   8130   8129   8425   8161   8721   8720   8951   8953  11408  11399  11409   9554   9558  11400  11403   9559  11410  11407  11411   9562
   1431     21   8346   8347   8530   8529   8830   8778   9005   8949  11412  10572  10894  11413  11414  10573  10574  10897  11415  10577  10898  11416
   1432     21   8079   8139   8138   8466   8638   8639   8729   8885  11417  11418  11419  11420  11421  11422  11423  11424  11425  11426  11427  11428
   1433     21   8078   8079   8466   8465   8637   8638   8885   8887  11429  11420  11430  11431  11432  11421  11424  11433  11434  11428  11435  11436
   1434     21   8420   8528   8527   8543   8822   8945   9001   9003  11437  10929  11438  11439  11440  10932  10924  11441  11442  10934  11443  11444
   1435     21   8247   8248   8420   8543   9004   8821   8822   9003  11193  11445  11439  11446  10594  11195  11440  11441  11198  11447  11444  11448
   1436     21   8527   8246   8247   8543   9001   9002   9004   9003  10921  10590  11446  11438  10924  10595  10594  11441  10926  10598  11448  11443
   1437     21   8066   8067   8528   8243   8688   8689   8945   8767  11449  10930  11450  11451  11452  10931  10932  11453  11454  10935  11455  11456
   1438     21   8240   8241   8238   8237   8766   8820   8760   8818  11457  11213  11458  11459  11460  11214  11215  11461  11462  11218  11463  11464
   1439     21   8152   8153   8229   8228   8999   8941   8943   9000  10452  11465   9242  10936  10041  10455   9236   9243  10457  11466   9245  10937
   1440     21   8303   8302   8339   8338   8850   8912   8940   8998  11467  11468   9581  10939  10940  11469   9584   9502  11470  11471   9586  10942
   1441     21   8341   8342   8417   8416   8815   8754   8939   8997  11472  11473  10638  10944  10945  11474  10630  10323  11475  11476  10640  10947
   1442     21   8524   8521   8520   8542   8938   8936   8995   8996  11477  11246  11478  11479  11240  11248  10953  11480  11481  11249  11482  11483
   1443     21   8094   8093   8524   8542   8655   8654   8938   8996  11484  11238  11479  11485  11486  11239  11240  11480  11487  11243  11483  11488
   1444     21   8520   8095   8094   8542   8995   8656   8655   8996  10959  11489  11485  11478  10953  10962  11486  11480  10964  11490  11488  11482
   1445     21   8521   8522   8517   8516   8936   8935   8994   8993  11491  11244  10647  11247  11248  11222  10650  10348  11492  11245  10652  11250
   1446     21   8519   8418   8419   8513   8992   8877   8813   8991  10627  11493  11494  11251  10632  10631  11495  11253  10635  11496  11497  11254
   1447     21   8513   8419   8334   8333   8991   8813   8809   8808  11494  11498  11499  11256  11253  11495  11500  11258  11497  11501  11502  11259
   1448     21   8331   8332   8322   8321   8990   8875   8804   8872  10976  11503  11504  11261  10657  10977  11505  11263  10979  11506  11507  11264
   1449     21   8319   8320   8310   8309   8988   8932   8933   8989  10981  11508   9730  11266   9996  10982   9511   9732  10984  11509   9735  11267
   1450     21   8236   8104   8103   8306   8817   8695   8664   8987  11510  11511  10669  10988  10989  11512  10670  10664  11513  11514  10672  10991
   1451     21   8463   8464   8506   8541   8868   8929   8931   8986  11515  11516  11277  11517  11518  11519  10364  10995  11520  11521  11278  11522
   1452     21   8222   8223   8463   8541   8985   8866   8868   8986   9477  11523  11517  10992   9482   9481  11518  10995   9485  11524  11522  10997
   1453     21   8462   8411   8408   8407   8930   8801   8803   8926  11525  11526  11287  11527  11528  11529  11282  11289  11530  11531  11290  11532
   1454     21   8461   8462   8407   8406   8928   8930   8926   8865  11533  11527  11534  11535  10380  11528  11289  11536  11537  11532  11538  11539
   1455     21   8459   8460   8405   8404   8984   8927   8864   8925  10370  11540  11541  11004  10374  10373  11542  11007  10375  11543  11544  11009
   1456     21   8403   8404   8398   8397   8983   8925   8921   8982  11005  11545  11546  11547  11008  11007  11548  11549  11010  11550  11551  11552
   1457     21   8053   8054   8403   8397   8675   8676   8983   8982  11553  11013  11547  11554  11555  11014  11008  11549  11556  11016  11552  11557
   1458     21   8397   8398   8392   8391   8982   8921   8922   8981  11546  11558  10705  11559  11549  11548  10710  10709  11551  11560  10713  11561
   1459     21   8052   8053   8397   8391   8674   8675   8982   8981  11562  11554  11559  10718  10721  11555  11549  10709  11563  11557  11561  10723
   1460     21   8385   8386   8380   8379   8980   8915   8917   8979  10707  11564  10008  11565  10712  10711  10012  10011  10715  11566  10013  11567
   1461     21   8050   8051   8385   8379   8672   8673   8980   8979  11568  10719  11565  10017  10020  10720  10712  10011  11569  10724  11567  10022
   1462     21   8378   8301   8302   8501   8978   8878   8912   8913  10406  11570  11571  11572  10411  10410  11469  11573  10414  11574  11575  11576
   1463     21   8377   8378   8501   8455   8977   8978   8913   8914  10417  11572  11577  10425  10420  10411  11573  10429  10422  11576  11578  10432
   1464     21   8084   8083   8539   8540   8645   8644   8976   8975  11579  11063  11042  11580  11581  11066  11047  11046  11582  11067  11049  11583
   1465     21   8500   8085   8084   8540   8910   8646   8645   8975  11584  11585  11580  11308  11310  11586  11581  11046  11587  11588  11583  11313
   1466     21   8156   8155   8209   8208   8756   8880   8905   8849  11589  11318  11590  11591  11592  11319  11320  11074  11593  11323  11594  11595
   1467     21   8208   8209   8286   8285   8849   8905   8906   8974  11590  11596   9882  11073  11074  11320   9884   9537  11594  11597   9885  11076
   1468     21   8288   8289   8370   8369   8748   8749   8792   8973  11598  11599  11085  10777  10778  11600  11087   9756  11601  11602  11088  10780
   1469     21   8109   8108   8362   8439   8700   8699   8972   8971  11603   9285  10781  10236  10239   9286   9278  10228  11604   9290  10782  10241
   1470     21   8496   8493   8492   8537   8902   8900   8969   8970  11605  11351  11606  11607  11345  11353  11095  11608  11609  11354  11610  11611
   1471     21   8114   8113   8496   8537   8705   8704   8902   8970  11612  11343  11607  11613  11614  11344  11345  11608  11615  11348  11611  11616
   1472     21   8492   8115   8114   8537   8969   8706   8705   8970  11101  11617  11613  11606  11095  11104  11614  11608  11106  11618  11616  11610
   1473     21   8493   8494   8489   8488   8900   8899   8968   8967  11619  11349  10798  11352  11353  11327  10800  10493  11620  11350  10801  11355
   1474     21   8491   8445   8446   8485   8965   8966   8904   8963  10783  11078  11621  11356  10786   9750  11081  11358  10788  11083  11622  11359
   1475     21   8485   8446   8447   8478   8963   8904   8844   8964  11621  11623  11114  11361  11358  11081  11119  11118  11622  11624  11121  11362
   1476     21   8475   8476   8434   8433   8959   8960   8962   8961  10255  11363  10261  11365  10068  10257  10264   9903  10260  11364  10266  11366
   1477     21   8437   8438   8360   8359   8843   8842   8898   8896  11625  11626  11627  11131  11120  11628  11377  11133  11629  11630  11631  11134
   1478     21   8359   8360   8278   8277   8896   8898   8958   8897  11627  11376  11141  11632  11133  11377  10826  11144  11631  11379  11146  11633
   1479     21   8355   8356   8274   8273   8956   8894   8895   8957  10263  11634  11385  11380   9904  10265  11389  11382  10268  11635  11390  11383
   1480     21   8276   8277   8199   8198   8839   8897   8786   8785  11636  11143  11637  11638  11639  11144  11145  10836  11640  11148  11641  11642
   1481     21   8274   8275   8197   8196   8895   8838   8893   8955  11643  11644  10842  11386  11389  11645  10835  10845  11646  11647  10847  11391
   1482     21   8470   8173   8172   8536   8892   8772   8771   8954  11648  11649  10858  11650  11651  11652  10862  10861  11653  11654  10863  11655
   1483     21   8186   8187   8470   8536   8835   8744   8892   8954  11656  11657  11650  10867  10868  11658  11651  10861  11659  11660  11655  10870
   1484     21   8427   8162   8161   8425   8950   8952   8953   8951  11182   9791  11409  11661  11179   9786   9559  11403  11183   9793  11411  11662
   1485     21   8426   8427   8425   8424   8891   8950   8951   8888  11177  11661  11398  11663  10891  11179  11403  11402  11180  11662  11406  11664
   1486     21   8257   8256   8266   8265   8774   8736   8738   8831  11665  11666  11667  11668  11669  11670  11671  11672  11673  11674  11675  11676
   1487     21   8168   8169   8257   8265   8829   8775   8774   8831  10541  11677  11668  11678   9913  10543  11669  11672  10545  11679  11676  11680
   1488     21   8166   8167   8346   8529   8948   8828   8830   8949  10549  11681  11413  10902  10552   9914  11414  10897  10554  11682  11416  10904
   1489     21   8465   8423   8422   8421   8887   8824   8827   8947  11683  11684  10910  11685  11433  11686  10907  10912  11687  11688  10913  11689
   1490     21   8077   8078   8465   8421   8636   8637   8887   8947  11690  11431  11685  11187  11188  11432  11433  10912  11691  11436  11689  11190
   1491     21   8254   8255   8251   8250   8740   8737   8884   8946  11692  11693  10588  11694  11695  11696  10593  10592  11697  11698  10596  11699
   1492     21   8070   8071   8254   8250   8692   8693   8740   8946  11700  11701  11694  10601  10604  11702  11695  10592  11703  11704  11699  10606
   1493     21   8252   8253   8249   8248   8823   8776   8768   8821  11705  11706  11707  11192  11194  11708  11709  11195  11710  11711  11712  11197
   1494     21   8420   8244   8243   8528   8822   8819   8767   8945  11713  11714  11450  11437  11440  11715  11453  10932  11716  11717  11455  11442
   1495     21   8154   8155   8231   8230   8942   8880   8881   8944  11316  11718   9368  11719  10766  11319   9371   9237  11321  11720   9373  11721
   1496     21   8153   8154   8230   8229   8941   8942   8944   8943  10763  11719   9233  11465  10455  10766   9237   9236  10768  11721   9238  11466
   1497     21   8302   8301   8340   8339   8912   8878   8879   8940  11570  11722  10621  11468  11469  10410  10623   9584  11574  11723  10624  11471
   1498     21   8342   8343   8418   8417   8754   8755   8877   8939  11724  11725  10626  11473  11474  11726  10631  10630  11727  11728  10634  11476
   1499     21   8522   8521   8524   8526   8935   8936   8938   8937  11491  11477  11237  11234  11222  11248  11240  10341  11492  11481  11242  11235
   1500     21   8325   8295   8294   8315   8876   8799   8798   8934  11729  11730   9837  11731  11732  11733   9840   9437  11734  11735   9842  11736
   1501     21   8324   8325   8315   8314   8810   8876   8934   8874  11737  11731   9434  11738  11739  11732   9437   9314  11740  11736   9439  11741
   1502     21   8320   8321   8311   8310   8932   8872   8873   8933  11262  11742   9509  11508  10982  11263   9372   9511  11265  11743   9514  11509
   1503     21   8410   8411   8462   8464   8800   8801   8930   8929  11744  11525  11745  11746  11747  11529  11528  11519  11748  11530  11749  11750
   1504     21   8409   8410   8464   8463   8869   8800   8929   8868  11751  11746  11515  11752  11753  11747  11519  11518  11754  11750  11520  11755
   1505     21   8464   8462   8461   8506   8929   8930   8928   8931  11745  11533  10378  11516  11519  11528  10380  10364  11749  11537  10381  11521
   1506     21   8460   8461   8406   8405   8927   8928   8865   8864  10379  11535  11756  11540  10373  10380  11536  11542  10382  11539  11757  11543
   1507     21   8406   8407   8401   8400   8865   8926   8923   8861  11534  11288  11758  11759  11536  11289  10188  11760  11538  11291  11761  11762
   1508     21   8404   8405   8399   8398   8925   8864   8860   8921  11541  11763  11764  11545  11007  11542  11765  11548  11544  11766  11767  11550
   1509     21   8400   8401   8395   8394   8861   8923   8924   8863  11758  10187  11017  11768  11760  10188  10189  11021  11761  10192  11024  11769
   1510     21   8398   8399   8393   8392   8921   8860   8862   8922  11764  11770  11036  11558  11548  11765  11031  10710  11767  11771  11038  11560
   1511     21   8388   8389   8383   8382   8919   8856   8858   8920  11019  11772  11040  11773  11023  11022  10419  10729  11026  11774  11041  11775
   1512     21   8387   8388   8382   8381   8916   8919   8920   8918  11029  11773  10725  11776  11032  11023  10729  10728  11034  11775  10730  11777
   1513     21   8386   8387   8381   8380   8915   8916   8918   8917  11037  11776  10733  11564  10711  11032  10728  10012  11039  11777  10734  11566
   1514     21   8457   8456   8455   8501   8852   8855   8914   8913  11778  10740  11577  11779  11780  10742  10429  11573  11781  10743  11578  11782
   1515     21   8302   8303   8457   8501   8912   8850   8852   8913  11467  11783  11779  11571  11469  10940  11780  11573  11470  11784  11782  11575
   1516     21   8305   8086   8085   8500   8911   8647   8646   8910  10617  11785  11584  11786  10611  10618  11586  11310  10620  11787  11587  11788
   1517     21   8454   8304   8305   8500   8853   8851   8911   8910  11789  10608  11786  11307  11309  10612  10611  11310  11790  10613  11788  11312
   1518     21   8215   8216   8280   8292   8907   8908   8909   8846  10758  10510  11368  11791  10760  10515  10514  11371  10761  10518  11373  11792
   1519     21   8214   8215   8292   8291   8848   8907   8846   8845  11070  11791  11793  11794  10032  10760  11371  11795  11071  11792  11796  11797
   1520     21   8209   8210   8287   8286   8905   8794   8795   8906  11317  11798  10465  11596  11320  10767  10467   9884  11322  11799  10468  11597
   1521     21   8448   8447   8446   8499   8841   8844   8904   8903  11800  11623  11077  11801  11802  11119  11081  11080  11803  11624  11082  11804
   1522     21   8370   8371   8448   8499   8792   8793   8841   8903  11805  11806  11801  11086  11087  11807  11802  11080  11808  11809  11804  11089
   1523     21   8494   8493   8496   8498   8899   8900   8902   8901  11619  11605  11342  11339  11327  11353  11345  10487  11620  11609  11347  11340
   1524     21   8438   8372   8361   8360   8842   8840   8847   8898  11810  11811  11375  11626  11628  11812  11370  11377  11813  11814  11378  11630
   1525     21   8358   8359   8277   8276   8837   8896   8897   8839  11132  11632  11636  11815  10817  11133  11144  11639  11135  11633  11640  11816
   1526     21   8356   8357   8275   8274   8894   8836   8838   8895  10504  11817  11643  11634  10265  10506  11645  11389  10509  11818  11646  11635
   1527     21   8275   8276   8198   8197   8838   8839   8785   8893  11819  11638  10831  11644  11645  11639  10836  10835  11820  11642  10838  11647
   1528     21   8428   8174   8173   8470   8832   8833   8772   8892  11821  11822  11648  11823  11824  11204  11652  11651  11825  11826  11653  11827
   1529     21   8187   8188   8428   8470   8744   8745   8832   8892  11828  11829  11823  11657  11658  11830  11824  11651  11831  11832  11827  11660
   1530     21   8176   8177   8426   8424   8889   8890   8891   8888  10079  10890  11663  11833  10082  10081  10891  11402  10084  10893  11664  11834
   1531     21   8128   8127   8176   8424   8719   8718   8889   8888  11835  10087  11833  11397  11401  10088  10082  11402  11836  10090  11834  11405
   1532     21   8423   8465   8466   8467   8824   8887   8885   8886  11683  11430  11837  11838  11686  11433  11424  11839  11687  11435  11840  11841
   1533     21   8137   8136   8423   8467   8728   8727   8824   8886  11842  11843  11838  11844  11845  11846  11686  11839  11847  11848  11841  11849
   1534     21   8466   8138   8137   8467   8885   8729   8728   8886  11419  11850  11844  11837  11424  11423  11845  11839  11427  11851  11849  11840
   1535     21   8072   8073   8263   8264   8694   8632   8780   8741  11852  10121  11853  11854  11855  10122  10123  11856  11857  10126  11858  11859
   1536     21   8255   8256   8252   8251   8737   8736   8823   8884  11860  11861  11191  11693  11696  11670  11194  10593  11862  11863  11196  11698
   1537     21   8253   8170   8171   8249   8776   8777   8769   8768  11864  10850  11865  11706  11708  10854  10853  11709  11866  10855  11867  11711
   1538     21   8245   8173   8174   8242   8773   8772   8833   8883  11868  11822  11199  11869  11870  11652  11204  11203  11871  11826  11207  11872
   1539     21   8244   8245   8242   8241   8819   8773   8883   8820  11873  11869  11211  11874  11715  11870  11203  11214  11875  11872  11216  11876
   1540     21   8237   8238   8142   8141   8818   8760   8762   8882  11458  11877   9352  11878  11461  11215   9306   9355  11463  11879   9357  11880
   1541     21   8063   8064   8237   8141   8685   8686   8818   8882  11881  11882  11878   9361   9364  11883  11461   9355  11884  11885  11880   9366
   1542     21   8155   8156   8232   8231   8880   8756   8758   8881  11589  11886   9507  11718  11319  11592   9510   9371  11593  11887   9512  11720
   1543     21   8301   8300   8341   8340   8878   8814   8815   8879  10405  11888  10943  11722  10410  10409  10945  10623  10413  11889  10946  11723
   1544     21   8343   8344   8419   8418   8755   8811   8813   8877  11890  11891  11493  11725  11726  11892  11495  10631  11893  11894  11496  11728
   1545     21   8335   8296   8295   8325   8812   8802   8799   8876  11895  11896  11729  11897  11898  11283  11733  11732  11899  11900  11734  11901
   1546     21   8334   8335   8325   8324   8809   8812   8876   8810  11902  11897  11737  11903  11500  11898  11732  11739  11904  11901  11740  11905
   1547     21   8332   8333   8323   8322   8875   8808   8805   8804  11257  11906  11907  11503  10977  11258  11908  11505  11260  11909  11910  11506
   1548     21   8323   8324   8314   8313   8805   8810   8874   8807  11911  11738   9311  11912  11908  11739   9314   9226  11913  11741   9316  11914
   1549     21   8321   8322   8312   8311   8872   8804   8806   8873  11504  11915   9370  11742  11263  11505   9225   9372  11507  11916   9375  11743
   1550     21   8293   8294   8410   8409   8871   8798   8800   8869   9838  11917  11751  11918   9841   9840  11747  11753   9843  11919  11754  11920
   1551     21   8224   8225   8293   8409   8867   8870   8871   8869   9702   9846  11918  11921   9577   9704   9841  11753   9707   9848  11920  11922
   1552     21   8223   8224   8409   8463   8866   8867   8869   8868   9575  11921  11752  11523   9481   9577  11753  11518   9580  11922  11755  11524
   1553     21   8405   8406   8400   8399   8864   8865   8861   8860  11756  11759  11923  11763  11542  11536  11760  11765  11757  11762  11924  11766
   1554     21   8399   8400   8394   8393   8860   8861   8863   8862  11923  11768  11028  11770  11765  11760  11021  11031  11924  11769  11033  11771
   1555     21   8390   8299   8300   8384   8857   8752   8814   8859  11293  11925  10404  11926  11296  11295  10409  10408  11298  11927  10412  11928
   1556     21   8389   8390   8384   8383   8856   8857   8859   8858  11300  11926  10416  11772  11022  11296  10408  10419  11301  11928  10421  11774
   1557     21   8454   8453   8456   8457   8853   8854   8855   8852  11306  11304  11778  11929  11309  11057  10742  11780  11311  11305  11781  11930
   1558     21   8303   8304   8454   8457   8850   8851   8853   8852  10938  11789  11929  11783  10940  10612  11309  11780  10941  11790  11930  11784
   1559     21   8157   8156   8208   8207   8757   8756   8849   8797  11931  11591  11072  11932  11933  11592  11074  10773  11934  11595  11075  11935
   1560     21   8213   8214   8291   8290   8796   8848   8845   8791  10028  11794  11936  11937  10033  10032  11795  11938  10036  11797  11939  11940
   1561     21   8291   8292   8361   8372   8845   8846   8847   8840  11793  11367  11811  11941  11795  11371  11370  11812  11796  11372  11814  11942
   1562     21   8290   8291   8372   8371   8791   8845   8840   8793  11936  11941  11943  11944  11938  11795  11812  11807  11939  11942  11945  11946
   1563     21   8438   8437   8447   8448   8842   8843   8844   8841  11625  11115  11800  11947  11628  11120  11119  11802  11629  11122  11803  11948
   1564     21   8371   8372   8438   8448   8793   8840   8842   8841  11943  11810  11947  11806  11807  11812  11628  11802  11945  11813  11948  11809
   1565     21   8357   8358   8276   8275   8836   8837   8839   8838  10815  11815  11819  11817  10506  10817  11639  11645  10820  11816  11820  11818
   1566     21   8200   8201   8187   8186   8834   8742   8744   8835  10824  11949  11656  11950  10827  10526  11658  10868  10829  11951  11659  11952
   1567     21   8199   8200   8186   8185   8786   8834   8835   8788  11142  11950  10866  11953  11145  10827  10868  10286  11147  11952  10869  11954
   1568     21   8349   8175   8174   8428   8783   8764   8833   8832  11955  11200  11821  11956  11957  11205  11204  11824  11958  11208  11825  11959
   1569     21   8188   8189   8349   8428   8745   8781   8783   8832  11960  11961  11956  11829  11830  11962  11957  11824  11963  11964  11959  11832
   1570     21   8265   8266   8347   8346   8831   8738   8778   8830  11667  11965  11412  11966  11672  11671  10573  11414  11675  11967  11415  11968
   1571     21   8167   8168   8265   8346   8828   8829   8831   8830   9909  11678  11966  11681   9914   9913  11672  11414   9917  11680  11968  11682
   1572     21   8258   8259   8422   8423   8825   8826   8827   8824   9804  10905  11684  11969   9807   9696  10907  11686   9809  10908  11688  11970
   1573     21   8136   8135   8258   8423   8727   8726   8825   8824  11971  10115  11969  11843  11846  10116   9807  11686  11972  10118  11970  11848
   1574     21   8256   8257   8253   8252   8736   8774   8776   8823  11665  11973  11705  11861  11670  11669  11708  11194  11673  11974  11710  11863
   1575     21   8345   8245   8244   8420   8770   8773   8819   8822  11975  11873  11713  11976  11977  11870  11715  11440  11978  11875  11716  11979
   1576     21   8248   8249   8345   8420   8821   8768   8770   8822  11707  11980  11976  11445  11195  11709  11977  11440  11712  11981  11979  11447
   1577     21   8243   8244   8241   8240   8767   8819   8820   8766  11714  11874  11457  11982  11453  11715  11214  11460  11717  11876  11462  11983
   1578     21   8064   8065   8240   8237   8686   8687   8766   8818  11984  11985  11459  11882  11883  11986  11460  11461  11987  11988  11464  11885
   1579     21   8160   8105   8104   8236   8751   8696   8695   8817  11989  11990  11510  11991  11992  11993  11512  10989  11994  11995  11513  11996
   1580     21   8159   8160   8236   8235   8730   8751   8817   8735  11997  11991  10987  11998  11999  11992  10989  10676  12000  11996  10990  12001
   1581     21   8297   8296   8335   8344   8816   8802   8812   8811  11280  11895  12002  12003  10178  11283  11898  11892  11285  11899  12004  12005
   1582     21   8298   8297   8344   8343   8753   8816   8811   8755  10174  12003  11890  12006  10179  10178  11892  11726  10182  12005  11893  12007
   1583     21   8300   8299   8342   8341   8814   8752   8754   8815  11925  12008  11472  11888  10409  11295  11474  10945  11927  12009  11475  11889
   1584     21   8344   8335   8334   8419   8811   8812   8809   8813  12002  11902  11498  11891  11892  11898  11500  11495  12004  11904  11501  11894
   1585     21   8333   8334   8324   8323   8808   8809   8810   8805  11499  11903  11911  11906  11258  11500  11739  11908  11502  11905  11913  11909
   1586     21   8322   8323   8313   8312   8804   8805   8807   8806  11907  11912   9221  11915  11505  11908   9226   9225  11910  11914   9229  11916
   1587     21   8295   8296   8408   8411   8799   8802   8803   8801  11896  11279  11526  12010  11733  11283  11282  11529  11900  11284  11531  12011
   1588     21   8294   8295   8411   8410   8798   8799   8801   8800  11730  12010  11744  11917   9840  11733  11529  11747  11735  12011  11748  11919
   1589     21   8158   8157   8207   8206   8731   8757   8797   8733  12012  11932  10771  12013  12014  11933  10773  10462  12015  11935  10774  12016
   1590     21   8212   8213   8290   8289   8747   8796   8791   8749  10039  11937  12017  12018  10042  10033  11938  11600  10044  11940  12019  12020
   1591     21   8210   8211   8288   8287   8794   8746   8748   8795  10764  12021  10776  11798  10767  10456  10778  10467  10769  12022  10779  11799
   1592     21   8289   8290   8371   8370   8749   8791   8793   8792  12017  11944  11805  11599  11600  11938  11807  11087  12019  11946  11808  11602
   1593     21   8203   8147   8146   8189   8789   8790   8782   8781  10754   9475  12023  12024  10516   9480   9479  11962  10756   9483  12025  12026
   1594     21   8202   8203   8189   8188   8743   8789   8781   8745  10512  12024  11960  12027  10517  10516  11962  11830  10520  12026  11963  12028
   1595     21   8198   8199   8185   8184   8785   8786   8788   8787  11637  11953  10292  10832  10836  11145  10286  10293  11641  11954  10295  10839
   1596     21   8145   8144   8175   8349   8784   8765   8764   8783   9495  12029  11955  12030   9490   9296  11205  11957   9497  12031  11958  12032
   1597     21   8189   8146   8145   8349   8781   8782   8784   8783  12023   9487  12030  11961  11962   9479   9490  11957  12025   9492  12032  11964
   1598     21   8267   8264   8263   8348   8739   8741   8780   8779  12033  11853  10562  12034  12035  11856  10123  10565  12036  11858  10567  12037
   1599     21   8266   8267   8348   8347   8738   8739   8779   8778  12038  12034  10570  11965  11671  12035  10565  10573  12039  12037  10575  11967
   1600     21   8071   8072   8264   8254   8693   8694   8741   8740  12040  11854  12041  11701  11702  11855  11856  11695  12042  11859  12043  11704
   1601     21   8257   8169   8170   8253   8774   8775   8777   8776  11677  11167  11864  11973  11669  10543  10854  11708  11679  11168  11866  11974
   1602     21   8172   8173   8245   8345   8771   8772   8773   8770  11649  11868  11975  12044  10862  11652  11870  11977  11654  11871  11978  12045
   1603     21   8249   8171   8172   8345   8768   8769   8771   8770  11865  10859  12044  11980  11709  10853  10862  11977  11867  10864  12045  11981
   1604     21   8065   8066   8243   8240   8687   8688   8767   8766  12046  11451  11982  11985  11986  11452  11453  11460  12047  11456  11983  11988
   1605     21   8239   8175   8144   8143   8761   8764   8765   8763  11201  12029   9291  12048  11206  11205   9296   9295  11209  12031   9299  12049
   1606     21   8238   8239   8143   8142   8760   8761   8763   8762  11212  12048   9303  11877  11215  11206   9295   9306  11217  12049   9308  11879
   1607     21   8157   8158   8234   8233   8757   8731   8734   8759  12012  12050  10000  12051  11933  12014  10003   9731  12015  12052  10005  12053
   1608     21   8156   8157   8233   8232   8756   8757   8759   8758  11931  12051   9728  11886  11592  11933   9731   9510  11934  12053   9733  11887
   1609     21   8299   8298   8343   8342   8752   8753   8755   8754  11292  12006  11724  12008  11295  10179  11726  11474  11297  12007  11727  12009
   1610     21   8160   8159   8205   8204   8751   8730   8732   8750  11997  12054  10211  12055  11992  11999  10215  10214  12000  12056  10216  12057
   1611     21   8106   8105   8160   8204   8697   8696   8751   8750  12058  11989  12055  10220  10221  11993  11992  10214  12059  11994  12057  10223
   1612     21   8211   8212   8289   8288   8746   8747   8749   8748  10453  12018  11598  12021  10456  10042  11600  10778  10458  12020  11601  12022
   1613     21   8201   8202   8188   8187   8742   8743   8745   8744  10523  12027  11828  11949  10526  10517  11830  11658  10528  12028  11831  11951
   1614     21   8255   8254   8264   8267   8737   8740   8741   8739  11692  12041  12033  12060  11696  11695  11856  12035  11697  12043  12036  12061
   1615     21   8256   8255   8267   8266   8736   8737   8739   8738  11860  12060  12038  11666  11670  11696  12035  11671  11862  12061  12039  11674
   1616     21   8158   8159   8235   8234   8731   8730   8735   8734  12062  11998  10673  12050  12014  11999  10676  10003  12063  12001  10677  12052
   1617     21   8159   8158   8206   8205   8730   8731   8733   8732  12062  12013  10460  12054  11999  12014  10462  10215  12063  12016  10463  12056
