1      0.51924      -0.58018       1.02649
2      0.50359      -0.54738       0.96766
3      0.47575      -0.51407       0.90967
4      0.45349      -0.48153       0.85173
5      0.43806      -0.44876       0.79391
6      0.42330      -0.41565       0.73665
7      0.41397      -0.38314       0.67954
8      0.41200      -0.35035       0.62253
9      0.41866      -0.31721       0.56558
10      0.42992      -0.28439       0.50853
11      0.45956      -0.25134       0.45185
12      0.47117      -0.21840       0.39508
13      0.48270      -0.18572       0.33894
14      0.50003      -0.15229       0.28278
15      0.52178      -0.11943       0.22705
16      0.54544      -0.08701       0.17221
17      0.56696      -0.05608       0.11914
18      0.57930      -0.02950       0.06882
19      0.59477       0.01219       0.01787
20      0.57403       0.07811       0.01005
21      0.55401       0.13497       0.01037
22      0.52811       0.19593       0.01119
23      0.50383       0.25938       0.01216
24      0.48197       0.32395       0.01281
25      0.46741       0.38860       0.01368
26      0.45859       0.45396       0.01412
27      0.44335       0.51945       0.01414
28      0.41083       0.58504       0.01523
29      0.39525       0.65050       0.01438
30      0.38736       0.71613       0.01621
31      0.38840       0.78170       0.01529
32      0.39125       0.84719       0.01511
33      0.39711       0.91319       0.01471
34      0.41609       0.97932       0.01378
35      0.44512       1.04503       0.01282
36      0.47663       1.11189       0.01262
37      0.50491       1.17941       0.01173
38      0.51481      -0.58658       1.10382
39      0.47850      -0.54895       1.12301
40      0.44480      -0.51062       1.14095
41      0.39228      -0.45892       1.16271
42      0.32775      -0.38521       1.18917
43      0.28873      -0.32866       1.20602
44      0.25689      -0.28370       1.21738
45      0.22117      -0.24040       1.22667
46      0.19333      -0.20564       1.23297
47      0.16965      -0.17380       1.23786
48      0.13609      -0.12799       1.24343
49      0.09911      -0.07892       1.24751
50      0.04614      -0.00078       1.25000
51      0.01238       0.07054       1.24801
52     -0.00678       0.11810       1.24441
53     -0.01949       0.15305       1.24059
54     -0.03344       0.19280       1.23504
55     -0.04413       0.22410       1.22975
56     -0.05529       0.25824       1.22303
57     -0.06356       0.28415       1.21727
58     -0.07293       0.31181       1.21049
59     -0.08057       0.33382       1.20460
60     -0.09109       0.36495       1.19554
61     -0.10329       0.40032       1.18416
62     -0.11381       0.43018       1.17365
63     -0.12460       0.46145       1.16171
64     -0.13755       0.50190       1.14481
65     -0.14861       0.54212       1.12632
66     -0.15499       0.58042       1.10707
67     -0.15746       0.61609       1.08763
68     -0.15677       0.65008       1.06766
69     -0.15346       0.68661       1.04454
70     -0.14409       0.75004       0.99997
71     -0.13334       0.81140       0.95086
72     -0.12593       0.85302       0.91371
73     -0.12024       0.88319       0.88458
74     -0.11324       0.91673       0.84977
75     -0.10683       0.94241       0.82119
76     -0.09793       0.96954       0.78898
77     -0.09015       0.98921       0.76417
78     -0.08074       1.00895       0.73791
79     -0.07285       1.02312       0.71814
80     -0.06014       1.04116       0.69172
81     -0.04409       1.05943       0.66340
82     -0.02702       1.07595       0.63626
83     -0.00818       1.09180       0.60867
84      0.01427       1.10785       0.57894
85      0.04100       1.12425       0.54642
86      0.07406       1.14172       0.50889
87      0.11605       1.16040       0.46474
88      0.16556       1.17804       0.41800
89      0.21332       1.19367       0.37101
90      0.26183       1.20813       0.32082
91      0.31128       1.22089       0.26820
92      0.35815       1.23112       0.21644
93      0.40333       1.23914       0.16439
94      0.44323       1.24499       0.11182
95      0.47760       1.24810       0.06883
96      0.50970       1.24937       0.03968
97      0.55518       1.24997       0.00867
98      0.55686      -0.61684       1.08720
99      0.49668       0.15119       0.06227
100      0.39643       0.17142       0.13800
101      0.29516       0.18938       0.21593
102      0.20450       0.20368       0.29175
103      0.13514       0.21022       0.36451
104      0.08946       0.21529       0.42269
105      0.04964       0.22894       0.47555
106      0.01247       0.24809       0.53260
107     -0.01639       0.26638       0.58767
108     -0.03706       0.28331       0.64045
109     -0.05431       0.29895       0.69055
110     -0.06730       0.31339       0.73742
111     -0.07573       0.32481       0.78273
112     -0.08223       0.33503       0.83076
113     -0.08870       0.34916       0.88084
114     -0.09628       0.36783       0.93035
115     -0.10359       0.38892       0.97884
116     -0.10945       0.41030       1.02653
117     -0.11450       0.43041       1.07368
118     -0.11938       0.44649       1.12054
119      0.15573       1.11311       0.39420
120      0.14773       1.06150       0.37875
121      0.14104       1.00092       0.36007
122      0.13772       0.94629       0.34274
123      0.13005       0.88851       0.33178
124      0.12420       0.82078       0.31764
125      0.12336       0.76305       0.30431
126      0.12182       0.70538       0.29547
127      0.11623       0.64577       0.29378
128      0.11368       0.58443       0.29372
129      0.12214       0.52000       0.28828
130      0.13739       0.45741       0.28011
131      0.15127       0.38094       0.27962
132      0.16226       0.31854       0.28594
133      0.18275       0.25971       0.28923
134      0.03985       1.08026       0.52838
135      0.03683       1.02757       0.51241
136      0.03126       0.97346       0.49938
137      0.02561       0.91790       0.48858
138      0.01918       0.86041       0.47873
139      0.01178       0.80149       0.46909
140      0.00670       0.74196       0.45926
141      0.00701       0.68192       0.44795
142      0.00849       0.61969       0.43434
143      0.02378       0.55526       0.40845
144      0.02882       0.47018       0.40877
145      0.03881       0.40131       0.41007
146      0.05210       0.33698       0.41239
147      0.07020       0.27528       0.41590
148      0.01522       1.06939       0.56148
149      0.01313       1.02048       0.54543
150      0.00904       0.96813       0.53369
151      0.00286       0.91305       0.52475
152     -0.00288       0.85528       0.51649
153     -0.00968       0.79577       0.50805
154     -0.01504       0.73520       0.49903
155     -0.01630       0.67359       0.48903
156     -0.01617       0.61011       0.47831
157     -0.00962       0.54228       0.46656
158     -0.00143       0.47142       0.45971
159      0.00979       0.40430       0.45852
160      0.02097       0.34090       0.45996
161      0.03689       0.27991       0.46393
162     -0.13049       0.48586       1.10563
163     -0.12374       0.46731       1.05758
164     -0.11714       0.44710       1.00858
165     -0.11096       0.42584       0.95999
166     -0.10310       0.40458       0.91224
167     -0.09539       0.38587       0.86528
168     -0.08824       0.37132       0.81848
169     -0.08118       0.35986       0.77202
170     -0.07239       0.34890       0.72553
171     -0.05967       0.33679       0.67731
172     -0.04360       0.32321       0.62632
173     -0.02236       0.30780       0.57278
174      0.00482       0.29072       0.51668
175      0.51971       0.09552       0.06354
176      0.42809       0.11571       0.13970
177      0.32191       0.13538       0.22061
178      0.22682       0.15179       0.29544
179      0.15538       0.16117       0.36537
180      0.10161       0.17078       0.43142
181      0.05816       0.18738       0.49227
182      0.02163       0.20687       0.54962
183     -0.00739       0.22614       0.60450
184     -0.03044       0.24460       0.65670
185     -0.04854       0.26219       0.70615
186     -0.06209       0.27964       0.75236
187     -0.06910       0.29023       0.79147
188     -0.07438       0.29651       0.84199
189     -0.08025       0.31020       0.89731
190     -0.08764       0.33024       0.94929
191     -0.09428       0.35248       0.99824
192     -0.09999       0.37482       1.04490
193     -0.10475       0.39575       1.08957
194     -0.10891       0.41380       1.13144
195      0.46639       0.21005       0.06214
196      0.36733       0.22853       0.13658
197      0.27057       0.24543       0.21304
198      0.44005       0.27109       0.06281
199      0.34389       0.28712       0.13592
200      0.24895       0.30308       0.21066
201      0.41531       0.33610       0.06647
202      0.32262       0.35106       0.13600
203      0.23122       0.36572       0.20866
204      0.38703       0.53306       0.05282
205      0.32554       0.53962       0.09911
206      0.25858       0.53122       0.15643
207      0.18718       0.52463       0.22201
208      0.36741       0.59179       0.05311
209      0.30039       0.59526       0.10898
210      0.23593       0.59094       0.16882
211      0.17281       0.58504       0.23127
212      0.35081       0.65364       0.05623
213      0.28501       0.65479       0.11701
214      0.22239       0.65117       0.17959
215      0.16452       0.64338       0.24121
216      0.36625       1.16064       0.15538
217      0.32775       1.06996       0.14964
218      0.30575       0.99599       0.14043
219      0.30330       0.92924       0.11984
220      0.32410       0.86891       0.08417
221      0.33837       0.78564       0.06737
222      0.34215       0.71804       0.06064
223      0.16038       0.70735       0.25188
224      0.21502       0.71314       0.19040
225      0.27713       0.71753       0.12569
226     -0.00652       1.05742       0.59179
227     -0.00666       1.01330       0.57662
228     -0.01138       0.96411       0.56758
229     -0.01753       0.90935       0.56182
230     -0.02428       0.85076       0.55540
231     -0.02885       0.79033       0.54823
232     -0.03465       0.72875       0.54024
233     -0.03700       0.66616       0.53161
234     -0.03562       0.60224       0.52262
235     -0.03207       0.53636       0.51414
236     -0.02434       0.46980       0.50827
237     -0.01344       0.40523       0.50597
238     -0.00356       0.34308       0.50715
239     -0.14002       0.52493       1.08837
240     -0.13163       0.50542       1.04073
241     -0.12368       0.48518       0.99062
242     -0.11619       0.46353       0.94077
243     -0.10829       0.44028       0.89374
244     -0.10017       0.42035       0.85003
245     -0.09317       0.40614       0.80631
246     -0.08552       0.39520       0.76157
247     -0.07636       0.38567       0.71525
248     -0.06382       0.37595       0.66635
249     -0.04771       0.36461       0.61431
250     -0.02670       0.35110       0.55919
251      0.00193       0.18395       0.62486
252      0.01661       0.12346       0.65706
253      0.02903       0.07706       0.69214
254      0.03385       0.04312       0.73690
255      0.04107       0.01215       0.78203
256      0.05258      -0.02006       0.82351
257      0.06586      -0.05127       0.86566
258      0.08243      -0.08202       0.90946
259      0.10281      -0.11323       0.95453
260      0.12417      -0.14757       0.99906
261      0.14953      -0.18817       1.05227
262      0.18138      -0.22530       1.10857
263      0.21722      -0.25710       1.15542
264     -0.09939       0.38451       1.14576
265     -0.09448       0.36365       1.10680
266     -0.08954       0.34113       1.06441
267     -0.08385       0.31692       1.01909
268     -0.07691       0.29239       0.97021
269     -0.06922       0.26875       0.91658
270     -0.06092       0.24553       0.84829
271     -0.04410       0.19978       0.80001
272     -0.02836       0.17207       0.75759
273     -0.00741       0.14742       0.71037
274     -0.08876       0.35296       1.16239
275     -0.08428       0.33380       1.12512
276     -0.07844       0.30926       1.08567
277     -0.07204       0.28238       1.04212
278     -0.06462       0.25480       0.99391
279     -0.05641       0.22714       0.94092
280     -0.04692       0.19729       0.88442
281     -0.03405       0.16478       0.83226
282     -0.01828       0.13637       0.78500
283      0.00276       0.10941       0.73898
284     -0.07910       0.32391       1.17327
285     -0.07531       0.30787       1.14521
286     -0.06813       0.27968       1.10942
287     -0.05999       0.24909       1.06798
288     -0.05144       0.21781       1.02062
289     -0.04238       0.18708       0.96810
290     -0.03265       0.15716       0.91329
291     -0.02123       0.12794       0.86063
292     -0.00526       0.10137       0.81023
293      0.01159       0.07711       0.76959
294      0.19840      -0.22589       1.18308
295      0.16591      -0.19587       1.13658
296      0.13423      -0.15828       1.08423
297      0.10855      -0.12029       1.03223
298      0.08571      -0.08509       0.98352
299      0.06599      -0.05413       0.93599
300      0.04967      -0.02475       0.89202
301      0.03599       0.00603       0.85089
302      0.02369       0.03919       0.81069
303      0.20803       0.45800       0.21256
304      0.15856       0.76876       0.26252
305      0.21203       0.77621       0.20200
306      0.27194       0.78268       0.13663
307      0.11201       0.26968       0.36415
308     -0.02449       1.04520       0.61958
309     -0.02443       1.00643       0.60554
310     -0.02917       0.96450       0.60197
311     -0.03692       0.90716       0.60059
312     -0.04252       0.84689       0.59572
313     -0.04739       0.78527       0.58972
314     -0.05159       0.72262       0.58273
315     -0.05367       0.65940       0.57501
316     -0.05269       0.59564       0.56731
317     -0.04799       0.53115       0.56056
318     -0.04083       0.46691       0.55524
319     -0.03193       0.40423       0.55266
320     -0.14650       0.56293       1.07092
321     -0.13737       0.54396       1.02408
322     -0.12846       0.52474       0.97283
323     -0.11970       0.50322       0.92036
324     -0.11105       0.47466       0.87125
325     -0.10372       0.45273       0.83523
326     -0.09663       0.43936       0.79517
327     -0.08879       0.43021       0.75244
328     -0.07966       0.42293       0.70692
329     -0.06814       0.41640       0.65788
330     -0.05041       0.40835       0.60403
331      0.36038      -0.35564       0.70687
332      0.29571      -0.31469       0.74707
333      0.24104      -0.27294       0.78855
334      0.19709      -0.23189       0.82913
335      0.15883      -0.19252       0.87071
336      0.12822      -0.15257       0.91343
337      0.35831      -0.32338       0.65167
338      0.28522      -0.28314       0.69477
339      0.22506      -0.24190       0.73895
340      0.17927      -0.20134       0.78237
341      0.14128      -0.16148       0.82565
342      0.10925      -0.12149       0.86874
343      0.35821      -0.29071       0.59685
344      0.27779      -0.25095       0.64298
345      0.21488      -0.21006       0.68997
346      0.16638      -0.16978       0.73584
347      0.12565      -0.12995       0.78081
348      0.09296      -0.09009       0.82477
349      0.36035      -0.25781       0.54246
350      0.26919      -0.21822       0.59192
351      0.20562      -0.17751       0.64179
352      0.15454      -0.13740       0.69000
353      0.11227      -0.09781       0.73671
354      0.07937      -0.05841       0.78185
355      0.36147      -0.22462       0.48881
356      0.26417      -0.18489       0.54201
357      0.19540      -0.14419       0.59476
358      0.14408      -0.10417       0.64521
359      0.10241      -0.06476       0.69374
360      0.06981      -0.02633       0.74041
361      0.36954      -0.19093       0.43663
362      0.26820      -0.15098       0.49380
363      0.18930      -0.11014       0.54922
364      0.13804      -0.07023       0.60158
365      0.09607      -0.03044       0.65190
366      0.06180       0.00734       0.70144
367      0.03089       0.16329       0.57024
368      0.04443       0.10077       0.60657
369      0.05488       0.04659       0.65552
370      0.15504      -0.16859       1.17672
371      0.11975      -0.12700       1.11594
372      0.09206      -0.09015       1.06124
373      0.06864      -0.05558       1.01066
374      0.04911      -0.02422       0.95789
375      0.03582       0.00009       0.91615
376      0.02182       0.03118       0.87608
377      0.00812       0.06291       0.84122
378      0.30372       0.45653       0.13202
379      0.41998       1.05617       0.04522
380      0.37064       1.06609       0.09762
381      0.41639       1.16040       0.09689
382      0.06968       1.08605       0.48941
383      0.11060       1.09593       0.44064
384      0.06341       1.03428       0.47585
385      0.10741       1.04827       0.42344
386      0.09256       0.33109       0.36096
387     -0.05728       1.01078       0.67394
388     -0.05128       0.97193       0.64890
389     -0.05538       0.90512       0.64188
390     -0.05857       0.84340       0.63774
391     -0.06296       0.78044       0.63291
392     -0.06623       0.71656       0.62662
393     -0.06752       0.65277       0.61924
394     -0.06787       0.58951       0.61215
395     -0.06382       0.52604       0.60671
396     -0.05517       0.46230       0.60168
397     -0.14879       0.59867       1.05450
398     -0.14008       0.58270       1.00896
399     -0.13064       0.56578       0.95598
400     -0.12164       0.54755       0.90019
401     -0.11046       0.51964       0.83194
402     -0.10278       0.52216       0.78155
403     -0.09411       0.52089       0.73744
404     -0.08487       0.51985       0.69650
405     -0.07411       0.52198       0.65264
406     -0.07071       0.46023       0.65326
407      0.40707      -0.45217       0.87757
408      0.34576      -0.40957       0.91850
409      0.29840      -0.36867       0.94917
410      0.26343      -0.33363       0.98205
411      0.23409      -0.30255       1.02338
412      0.20176      -0.26001       1.07091
413      0.17907      -0.22515       0.91546
414      0.20531      -0.26409       0.96854
415      0.16812      -0.22019       1.01741
416      0.38201      -0.15299       0.38716
417      0.28146      -0.11594       0.44551
418      0.19272      -0.07376       0.50527
419      0.13786      -0.03329       0.55515
420      0.09151       0.00796       0.60800
421      0.06678       0.14225       0.51165
422      0.08218       0.07215       0.55040
423      0.45268       1.12241       0.04327
424      0.47876       1.18057       0.03969
425      0.45933       1.19361       0.06539
426      0.05153       0.92405       0.45030
427      0.09320       0.93444       0.39547
428      0.07817       0.39543       0.35756
429     -0.06974       0.99489       0.70076
430     -0.06898       0.95841       0.68885
431     -0.07177       0.90199       0.68374
432     -0.07442       0.84035       0.68143
433     -0.07751       0.77582       0.67806
434     -0.07911       0.71014       0.67218
435     -0.07877       0.64559       0.66420
436     -0.07754       0.58342       0.65667
437     -0.08318       0.95503       0.73244
438     -0.08495       0.90159       0.72579
439     -0.08842       0.83853       0.72673
440     -0.09086       0.77163       0.72571
441     -0.09089       0.70273       0.71997
442     -0.08924       0.63663       0.70963
443     -0.08691       0.57672       0.69960
444     -0.09937       0.90142       0.78083
445     -0.10070       0.83926       0.77489
446     -0.10294       0.76845       0.77725
447     -0.10252       0.69318       0.77219
448     -0.09913       0.62324       0.75572
449     -0.09558       0.56720       0.73942
450     -0.11362       0.83926       0.83772
451     -0.11405       0.76957       0.83343
452     -0.11683       0.67434       0.84212
453     -0.10992       0.59425       0.81060
454     -0.12473       0.77816       0.89336
455     -0.14148       0.63244       0.99645
456     -0.13165       0.69196       0.92610
457     -0.08193       0.46278       0.70080
458      0.23955      -0.29341       1.12001
459      0.14776      -0.18306       0.96097
460      0.25026       0.10167       0.30318
461      0.27503       0.03918       0.32565
462      0.27747      -0.01134       0.36451
463      0.28684      -0.06628       0.40145
464      0.15815       0.03254       0.45729
465     -0.06509       0.27987       1.17431
466     -0.05859       0.25276       1.13739
467     -0.04908       0.21730       1.09735
468     -0.03822       0.18143       1.05072
469     -0.02768       0.14750       0.99707
470     -0.01761       0.11783       0.94055
471     -0.00761       0.09120       0.88763
472     -0.04662       0.21998       1.17588
473     -0.03844       0.18708       1.13170
474     -0.02504       0.14520       1.08536
475     -0.01085       0.10592       1.02828
476     -0.00078       0.07727       0.96534
477      0.00819       0.05591       0.91161
478     -0.02393       0.14994       1.17758
479     -0.01139       0.11041       1.12758
480      0.01502       0.04880       1.06640
481      0.02386       0.02448       0.98569
482      0.00295       0.07954       1.17937
483      0.09759      -0.08580       1.15493
484      0.04049       0.00360       1.14416
485      0.40537       0.46959       0.05451
486      0.40466       0.41207       0.06225
487      0.15930       0.83031       0.27583
488      0.21293       0.83996       0.21522
489      0.26917       0.84900       0.15156
490      0.04562       0.86667       0.43890
491      0.08911       0.87945       0.38133
492      0.03416       0.74901       0.41838
493      0.07710       0.75657       0.36057
494      0.06927       0.46301       0.35483
495     -0.12186       0.82011       0.88077
496      0.32319      -0.39700       1.00970
497      0.34634      -0.42420       1.07025
498      0.27855      -0.34763       1.07910
499      0.11343       0.12287       0.44583
500     -0.00948       0.11350       1.19769
501      0.34798       0.49113       0.09193
502      0.03919       0.80756       0.42827
503      0.08287       0.81335       0.36834
504     -0.12257       0.59518       0.88685
505     -0.13146       0.60822       0.94024
506     -0.12383       0.63048       0.88424
507     -0.12969       0.64229       0.91798
508      0.43500      -0.48518       0.93421
509      0.37612      -0.44254       0.97312
510      0.26042      -0.30330       0.83869
511      0.27800      -0.33535       0.88850
512      0.23324      -0.29523       0.93291
513      0.48353      -0.06442       0.22033
514      0.37901      -0.03968       0.29561
515      0.34733       0.08044       0.23116
516      0.36736       0.01256       0.26339
517      0.17729       0.11257       0.36853
518      0.20105       0.06609       0.37578
519      0.05221      -0.02511       1.03963
520      0.07355      -0.05682       1.08802
521      0.04227      -0.00486       1.06502
522      0.05339      -0.02163       1.09941
523      0.38902       0.99160       0.04368
524      0.34875       0.99989       0.08918
525      0.16455       0.89310       0.28967
526      0.21563       0.90474       0.22964
527      0.26594       0.91373       0.16683
528      0.05816       0.97981       0.46213
529      0.10038       0.98846       0.40664
530      0.03340       0.69206       0.40703
531      0.07546       0.70263       0.35170
532      0.04003       0.63820       0.38930
533      0.07468       0.65082       0.34402
534      0.07174       0.52905       0.34550
535      0.07598       0.58724       0.33842
536     -0.10901       0.88447       0.82128
537     -0.09254       0.46723       0.74504
538      0.40901      -0.48259       1.04006
539      0.28880      -0.36236       1.02164
540      0.48115      -0.02209       0.18541
541      0.47735       0.04655       0.13628
542     -0.03490       0.18679       1.19442
543      0.37234       0.93470       0.04191
544      0.33941       0.94545       0.07898
545     -0.10251       0.55918       0.77442
546      0.21308      -0.26069       0.87772
547      0.40418      -0.09576       0.31768
548      0.02206       0.02684       0.93395
549      0.46096      -0.51777       0.99074
550      0.21344      -0.04366       0.45687
551      0.32458       1.15435       0.20388
552      0.29332       1.07281       0.19564
553      0.27077       0.98768       0.18385
554      0.19346       1.12367       0.35282
555      0.23700       1.13130       0.30215
556      0.28237       1.14275       0.25010
557      0.17171       0.95490       0.30338
558      0.17526       1.01769       0.32485
559      0.18080       1.06947       0.34130
560      0.22182       0.98365       0.25011
561      0.25933       1.07623       0.24247
562      0.22305       1.07825       0.29181
563      0.04637       0.59626       0.37591
564     -0.14888       0.62562       1.04082
565      0.48647      -0.55475       1.04805
566      0.45625      -0.52903       1.06697
567      0.53519       0.05321       0.07029
568      0.13157      -0.12843       1.19140
569     -0.09341       0.94096       0.76594
570      0.37202      -0.38753       0.76267
571      0.31168      -0.34530       0.79967
572     -0.02174       0.20411       0.67666
573     -0.05577       0.25205       1.18969
574      0.36321       0.89987       0.04438
575      0.34079       0.91073       0.06870
576     -0.07273       0.30570       1.18480
577     -0.09942       0.47264       0.78606
578      0.38754      -0.41942       0.81974
579      0.32491      -0.37418       0.85471
580     -0.04077       0.22382       0.72498
581      0.20557       1.03013       0.29111
582     -0.07747       0.98678       0.72159
583      0.47699      -0.09277       0.25113
584     -0.04025       1.03047       0.64448
585      0.18279      -0.20229       1.19593
586     -0.03784       1.00587       0.63151
587     -0.05433       0.24036       0.77062
588     -0.10424       0.47879       0.81658
589     -0.06211       0.25843       0.80076
590      0.45141       0.77840       0.07518
591      0.45270       0.84588       0.07880
592      0.45747       0.90254       0.08044
593      0.47719       0.95792       0.07786
594      0.50990       1.01395       0.07066
595      0.54422       1.08285       0.07014
596      0.57054       1.15088       0.07359
597      0.60433       1.20971       0.08065
598      0.61491      -0.54038       1.08763
599      0.57638      -0.51296       1.10584
600      0.54806      -0.48343       1.11383
601      0.51140      -0.44241       1.12963
602      0.45741      -0.38952       1.15020
603      0.40122      -0.32486       1.17588
604      0.36389      -0.27213       1.18673
605      0.32839      -0.22307       1.19670
606      0.29355      -0.17946       1.21038
607      0.26598      -0.14433       1.21960
608      0.24552      -0.11650       1.22460
609      0.21282      -0.07066       1.23699
610      0.17577      -0.02125       1.24378
611      0.12981       0.04618       1.24684
612      0.10060       0.10752       1.23990
613      0.08298       0.15103       1.23575
614      0.07100       0.18384       1.23169
615      0.05729       0.22317       1.22720
616      0.04713       0.25299       1.22240
617      0.03624       0.28645       1.21642
618      0.02784       0.31267       1.21022
619      0.01818       0.34140       1.20417
620      0.01060       0.36340       1.19908
621     -0.00006       0.39509       1.19086
622     -0.01225       0.43064       1.18119
623      0.58198      -0.51202       1.04558
624      0.56495      -0.47845       0.98195
625      0.53534      -0.44465       0.92138
626      0.50869      -0.41241       0.87341
627      0.48920      -0.37876       0.81745
628      0.47632      -0.34977       0.76266
629      0.46234      -0.31990       0.71448
630      0.46754      -0.29576       0.65710
631      0.46974      -0.26391       0.60401
632      0.47501      -0.22979       0.54781
633      0.48443      -0.19025       0.49432
634      0.49857      -0.16666       0.44294
635      0.51583      -0.13162       0.37409
636      0.54024      -0.11148       0.32145
637      0.56812      -0.09080       0.26337
638      0.59254      -0.06593       0.20589
639      0.60706      -0.02620       0.14789
640      0.62076      -0.00646       0.09432
641      0.63318       0.02803       0.04593
642      0.61452       0.09450       0.04200
643      0.59505       0.14994       0.04841
644      0.56998       0.21418       0.05285
645      0.54639       0.27331       0.06017
646      0.52620       0.33611       0.06473
647      0.51461       0.39559       0.06846
648      0.50696       0.46449       0.07144
649      0.49041       0.53996       0.07359
650      0.46840       0.59968       0.07039
651      0.45394       0.66036       0.07266
652      0.44742       0.71905       0.07667
653     -0.02291       0.46106       1.17286
654     -0.03362       0.49208       1.16233
655     -0.04652       0.53203       1.14967
656     -0.05664       0.56760       1.13674
657     -0.06205       0.59891       1.12246
658     -0.06407       0.62906       1.10566
659     -0.06345       0.65750       1.08892
660     -0.06003       0.68989       1.06635
661     -0.04989       0.74809       1.01835
662     -0.03874       0.80847       0.96695
663     -0.03115       0.84929       0.92851
664     -0.02549       0.87995       0.89965
665     -0.01884       0.91327       0.86687
666     -0.01299       0.93899       0.84117
667     -0.00502       0.96466       0.81265
668      0.00198       0.98275       0.79035
669      0.01057       1.00085       0.76640
670      0.01697       1.01200       0.75015
671      0.02769       1.02644       0.72757
672      0.04165       1.04405       0.70376
673      0.05593       1.05822       0.68122
674      0.07278       1.07180       0.65622
675      0.09306       1.08679       0.62957
676      0.11756       1.10030       0.59916
677      0.14807       1.11531       0.56403
678      0.18554       1.13233       0.52473
679      0.23300       1.14477       0.47767
680      0.28207       1.15799       0.42772
681      0.33093       1.17064       0.37591
682      0.37956       1.18118       0.32276
683      0.42664       1.19095       0.27040
684      0.47310       1.19866       0.21644
685      0.51701       1.21118       0.16310
686      0.54567       1.22162       0.13114
687      0.56553       1.22137       0.11258
688     -0.02357       0.45490       1.07363
689     -0.01875       0.43209       1.02701
690     -0.03237       0.48966       1.06206
691     -0.02597       0.46636       1.01154
692     -0.01007       0.39983       1.04322
693     -0.01422       0.42173       1.08681
694      0.28286       0.65158       0.23800
695      0.34317       0.65613       0.17726
696      0.27842       0.70778       0.24807
697      0.33804       0.71481       0.18578
698      0.40668       0.66034       0.11788
699      0.40215       0.71932       0.12138
700      0.08183       0.41675       0.49564
701      0.08966       0.35705       0.49892
702      0.10505       0.41420       0.45424
703      0.11519       0.35480       0.45659
704      0.00540       0.37509       0.78316
705      0.01257       0.36421       0.74016
706      0.00135       0.40835       0.77411
707      0.00908       0.39755       0.73128
708     -0.03905       0.51185       1.10938
709     -0.02850       0.47452       1.12142
710      0.14278      -0.00709       0.87202
711      0.12957       0.02159       0.83236
712      0.12867       0.01706       0.89562
713      0.11448       0.04663       0.85722
714     -0.00746       0.38910       0.93539
715     -0.01388       0.41081       0.98117
716      0.00077       0.35391       0.95143
717     -0.00509       0.37689       0.99841
718      0.40796       0.24735       0.18511
719      0.31457       0.26582       0.26258
720      0.43447       0.19382       0.18334
721      0.33672       0.21240       0.26351
722      0.23226       0.28024       0.33826
723      0.25197       0.22582       0.33963
724      0.48090       0.28633       0.11332
725      0.45882       0.34753       0.12044
726      0.24248       0.53220       0.28002
727      0.18160       0.52506       0.34364
728      0.25982       0.46738       0.27005
729      0.19378       0.46584       0.33512
730      0.20497       0.39259       0.33294
731      0.27897       0.37804       0.26411
732      0.22601       0.63966       0.29894
733      0.17987       0.64021       0.34997
734      0.23152       0.58667       0.28934
735      0.17623       0.58486       0.34890
736      0.27751       0.76582       0.25908
737      0.33544       0.77500       0.19606
738      0.40096       0.78324       0.12798
739      0.13059       0.29755       0.45940
740      0.14913       0.24027       0.46379
741      0.16808       0.29152       0.41007
742      0.18969       0.23173       0.40997
743      0.06231       0.60723       0.51536
744      0.06553       0.54507       0.50670
745      0.08174       0.61332       0.47965
746      0.09435       0.55834       0.45480
747      0.10251       0.30304       0.50227
748      0.11391       0.25527       0.51293
749      0.01879       0.39005       0.68805
750      0.00621       0.43304       0.72322
751      0.01506       0.42681       0.68078
752     -0.00067       0.38825       0.82678
753     -0.00521       0.41987       0.81700
754      0.02267       0.35313       0.69757
755     -0.02047       0.44347       0.96493
756      0.09074       0.15603       0.67891
757      0.10316       0.11304       0.71173
758      0.11420       0.13484       0.63328
759      0.12627       0.08331       0.67852
760      0.10925       0.08048       0.75402
761      0.13490       0.04545       0.72151
762      0.03819       0.22568       0.88538
763      0.04876       0.19583       0.83647
764      0.02478       0.27032       0.85145
765      0.03923       0.22703       0.80772
766      0.06195       0.15929       0.86494
767      0.07463       0.13672       0.81922
768      0.06114       0.17079       0.79682
769      0.10206       0.07734       0.82053
770      0.08909       0.11349       0.78379
771      0.08731       0.10147       0.84915
772      0.15872      -0.03453       0.90935
773      0.14364      -0.00803       0.93395
774      0.11706       0.05255       0.79481
775     -0.01810       0.44191       1.12973
776      0.50519       0.22860       0.10850
777      0.36732       0.36342       0.19111
778      0.38652       0.30308       0.18769
779      0.31043       0.54036       0.21653
780      0.35096       0.46647       0.19159
781      0.29198       0.59660       0.22855
782      0.48237       1.12985       0.15696
783      0.43438       1.12579       0.21072
784      0.39615       1.03974       0.20467
785      0.43447       1.03585       0.15763
786      0.19107       0.75183       0.35929
787      0.18739       0.69710       0.35138
788      0.22500       0.75843       0.31886
789      0.22506       0.69966       0.30836
790      0.15162       0.34923       0.40743
791      0.21389       0.33649       0.33662
792      0.07201       0.47982       0.49865
793      0.09773       0.47687       0.45345
794      0.03039       0.65534       0.60426
795      0.03015       0.59550       0.59691
796      0.04420       0.66038       0.56663
797      0.04536       0.60162       0.55540
798      0.03060       0.41767       0.63014
799      0.01358       0.46612       0.67565
800      0.02693       0.47099       0.62719
801      0.01999       0.53334       0.63079
802      0.01174       0.52689       0.67252
803      0.03303       0.37760       0.63827
804      0.05019       0.36597       0.58845
805      0.04617       0.41470       0.58275
806      0.03630       0.34099       0.64903
807     -0.01388       0.42316       0.91954
808      0.22867      -0.14027       1.04722
809      0.25597      -0.17024       1.09482
810      0.24404      -0.16802       1.02021
811      0.27335      -0.20118       1.06084
812      0.30330      -0.24103       1.02148
813      0.27721      -0.20769       0.97373
814      0.19624      -0.08003       0.79245
815      0.16712      -0.04323       0.83314
816      0.21223      -0.10977       0.83582
817      0.18367      -0.07277       0.87463
818      0.25587      -0.09536       0.62093
819      0.20846      -0.05651       0.66841
820      0.26609      -0.12398       0.66410
821      0.21880      -0.08676       0.71269
822      0.24730      -0.06496       0.58112
823      0.20304      -0.02877       0.62889
824      0.12321       0.21508       0.52714
825      0.09118       0.23616       0.57944
826      0.13209       0.17225       0.54448
827      0.10073       0.19300       0.59954
828      0.06657       0.25423       0.62999
829      0.07570       0.21360       0.64976
830      0.02995       0.25547       0.94009
831      0.01783       0.29398       0.91863
832      0.05136       0.20353       0.77182
833      0.05197       0.18816       0.91271
834      0.07974       0.14466       0.75464
835      0.10143       0.07103       0.88056
836      0.17906      -0.06399       0.95370
837      0.16351      -0.03749       0.98145
838     -0.00078       0.36980       0.88695
839      0.00729       0.33300       0.90133
840      0.53510       0.16834       0.10469
841      0.29463       0.31959       0.26333
842      0.35430       0.60589       0.16955
843      0.54453       1.15556       0.10296
844      0.52640       1.16742       0.12721
845      0.51609       1.09714       0.10729
846      0.14309       1.06288       0.54477
847      0.11576       1.05831       0.58117
848      0.11331       1.00794       0.56346
849      0.13751       1.01265       0.52922
850      0.13874       0.40888       0.40661
851      0.06300       0.66597       0.52685
852      0.03270       0.71426       0.61360
853      0.04787       0.71870       0.57406
854      0.03367       0.53583       0.58949
855      0.04770       0.53875       0.54619
856      0.03976       0.47574       0.58247
857     -0.02569       0.67422       0.85971
858     -0.02190       0.76847       0.85077
859     -0.03868       0.69153       0.94106
860     -0.03135       0.77643       0.90899
861      0.00366       0.46961       0.72164
862      0.00162       0.52372       0.71702
863     -0.00698       0.40385       0.87261
864     -0.01135       0.43474       0.86008
865      0.05356       0.32644       0.60150
866      0.07614       0.31155       0.54979
867      0.06973       0.35818       0.54075
868      0.31022      -0.23292       1.10520
869      0.28878      -0.19763       1.13794
870      0.20245      -0.09994       0.99926
871      0.22362      -0.13275       0.96374
872      0.25103      -0.17068       0.92103
873      0.33080      -0.19160       0.67143
874      0.27566      -0.15572       0.71539
875      0.34079      -0.22369       0.72318
876      0.28744      -0.18505       0.75959
877      0.23205      -0.11690       0.75434
878      0.24679      -0.14736       0.79666
879      0.31083      -0.12926       0.57703
880      0.32005      -0.16189       0.62466
881      0.17318      -0.02263       0.71355
882      0.18315      -0.05177       0.75260
883      0.31397      -0.10337       0.53608
884      0.16649       0.00735       0.67562
885      0.24780      -0.03740       0.54718
886      0.20134       0.00394       0.58649
887      0.14789       0.10567       0.58123
888      0.16032       0.04374       0.63425
889      0.21239       0.06788       0.49697
890      0.02270       0.28337       0.99132
891      0.01085       0.31893       0.96974
892      0.06924       0.18023       0.72945
893      0.09840       0.08906       1.06381
894      0.07572       0.14503       1.12609
895      0.12214       0.05004       1.14220
896      0.08965       0.11728       1.17537
897      0.11541       0.04193       0.91739
898      0.18749      -0.07284       1.02952
899      0.01059       0.34191       0.79223
900      0.00519       0.35329       0.83705
901      0.01670       0.31025       0.79892
902      0.01235       0.31792       0.84681
903      0.44950       0.42024       0.12056
904      0.41825       0.60592       0.11508
905      0.47971       1.02455       0.10829
906      0.19335       0.80484       0.37170
907      0.22679       0.81491       0.33192
908      0.17878       1.02359       0.47893
909      0.18166       1.06950       0.49726
910      0.21814       1.03562       0.43481
911      0.22580       1.08403       0.45075
912      0.13156       0.46967       0.40618
913      0.06490       0.72583       0.53789
914      0.03680       0.77540       0.62321
915      0.05411       0.77913       0.58335
916      0.05315       0.47928       0.54078
917      0.01049       0.76994       0.70419
918      0.00896       0.70722       0.69516
919      0.02372       0.77305       0.66138
920      0.02069       0.71096       0.65153
921      0.00072       0.57754       0.71891
922      0.00956       0.58451       0.67577
923     -0.00730       0.56848       0.75804
924     -0.00660       0.52329       0.75679
925     -0.01202       0.76718       0.79704
926     -0.01234       0.69275       0.79095
927     -0.02063       0.83672       0.85551
928     -0.02813       0.81781       0.89642
929     -0.05544       0.60966       1.06981
930     -0.05337       0.57932       1.08171
931     -0.00193       0.44192       0.76747
932     -0.01855       0.45551       0.90194
933      0.34946      -0.28676       1.07143
934      0.41259      -0.35750       1.07384
935      0.22982      -0.13875       0.87900
936      0.20315      -0.10251       0.91351
937      0.40586      -0.26218       0.68797
938      0.40259      -0.23068       0.63472
939      0.40027      -0.19731       0.57998
940      0.40335      -0.16891       0.52661
941      0.41055      -0.14245       0.47971
942      0.32527      -0.07576       0.49289
943      0.16095       0.19592       0.47204
944      0.17209       0.15299       0.48386
945     -0.00882       0.41352       1.14264
946      0.01619       0.31102       1.03851
947      0.00478       0.34374       1.01710
948      0.04371       0.21719       0.96641
949      0.07436       0.12699       0.88862
950      0.08944       0.09431       0.91252
951      0.06258       0.17663       1.08445
952      0.07458       0.14013       1.02632
953      0.06555       0.18061       1.17216
954      0.07906       0.14732       1.19059
955      0.12841       0.01982       0.95643
956      0.21391      -0.11088       1.07563
957      0.01728       0.33113       0.75090
958      0.02192       0.30021       0.76562
959      0.45115       0.47899       0.11516
960      0.43369       0.55128       0.11416
961      0.39370       0.50580       0.15305
962      0.37517       0.55294       0.16004
963      0.27965       0.82582       0.27231
964      0.10280       0.90160       0.53619
965      0.09591       0.84314       0.52487
966      0.12635       0.90536       0.50036
967      0.12010       0.84960       0.48823
968      0.19961       0.86972       0.38659
969      0.15342       0.79773       0.42109
970      0.16055       0.86158       0.43431
971      0.11259       0.79110       0.47747
972      0.06984       0.78038       0.54831
973      0.08871       0.78588       0.51345
974      0.08330       0.73142       0.50344
975      0.05776       0.83877       0.59466
976      0.07636       0.84116       0.55988
977      0.04255       0.83721       0.62959
978      0.06217       0.41730       0.53858
979      0.01394       0.83612       0.70967
980      0.02743       0.83558       0.67076
981      0.00896       0.64353       0.68471
982      0.01900       0.64892       0.64225
983     -0.00070       0.63654       0.72896
984     -0.01003       0.62329       0.77467
985     -0.00925       0.83581       0.79598
986     -0.01982       0.59552       0.82671
987     -0.03220       0.63375       0.89941
988     -0.03737       0.64572       0.93258
989     -0.04828       0.63709       1.01202
990     -0.03913       0.61367       0.95412
991     -0.03120       0.60030       0.90115
992      0.49138      -0.41301       0.94628
993      0.46350      -0.38265       0.89506
994      0.30182      -0.23581       0.94073
995      0.33177      -0.27193       0.98445
996      0.36315      -0.30408       0.95685
997      0.34274      -0.27405       0.90438
998      0.15404      -0.01534       0.79398
999      0.14414       0.01379       0.75623
1000      0.31538       0.07391       0.37030
1001      0.31910       0.02573       0.40916
1002      0.40581       0.04604       0.30512
1003      0.41866      -0.00495       0.33835
1004      0.22737       0.14102       0.41252
1005      0.24760       0.10249       0.41740
1006      0.29261       0.13115       0.34906
1007      0.01085       0.33724       1.08126
1008     -0.00015       0.36823       1.06057
1009      0.03605       0.24680       1.01769
1010      0.06699       0.14998       0.93898
1011      0.08291       0.11270       0.96361
1012      0.05088       0.21621       1.12852
1013      0.10532       0.06544       0.98312
1014      0.12429       0.03790       1.06094
1015      0.13419       0.02455       1.09499
1016      0.17567      -0.03365       1.14732
1017      0.15265      -0.00822       1.08247
1018      0.13268       0.01965       1.03615
1019      0.44995       0.96596       0.10670
1020      0.33787       0.83920       0.20702
1021      0.28534       0.88769       0.28437
1022      0.33727       0.90166       0.22065
1023      0.39151       0.86653       0.14233
1024      0.37485       0.91512       0.17311
1025      0.21121       0.97745       0.41567
1026      0.17213       0.96615       0.46084
1027      0.13266       0.96003       0.51397
1028      0.10616       0.73613       0.46863
1029      0.14133       0.58681       0.39142
1030      0.14224       0.64439       0.39655
1031      0.08166       0.89742       0.57036
1032      0.06464       0.89513       0.60219
1033      0.04626       0.89515       0.64035
1034      0.01759       0.58899       0.63539
1035      0.01680       0.89614       0.71385
1036      0.03043       0.89721       0.67776
1037     -0.00177       0.70148       0.74098
1038     -0.00732       0.89728       0.80330
1039     -0.01609       0.88200       0.84147
1040     -0.04733       0.59139       1.02386
1041     -0.03849       0.57406       0.96853
1042     -0.00534       0.47643       0.76132
1043     -0.02533       0.47787       0.94847
1044      0.04213       0.30436       0.66234
1045      0.05873       0.29002       0.61428
1046      0.43706      -0.37329       0.98179
1047      0.38749      -0.32997       1.01247
1048      0.47513      -0.41593       1.04450
1049      0.35733      -0.29964       1.02211
1050      0.26359      -0.17381       0.83862
1051      0.42210      -0.11086       0.43289
1052      0.46530       0.13907       0.18187
1053      0.36142       0.16057       0.26653
1054      0.51444       0.07261       0.17324
1055      0.38544       0.10913       0.27498
1056      0.51727       0.00952       0.22343
1057      0.27122       0.17707       0.34287
1058      0.20834       0.18596       0.40935
1059     -0.00434       0.39116       1.10275
1060      0.00580       0.36203       1.12107
1061      0.02854       0.27777       1.06448
1062      0.05823       0.17922       0.99523
1063      0.04390       0.24807       1.17083
1064      0.05535       0.21610       1.18731
1065      0.19914      -0.07852       1.10569
1066      0.17124      -0.04248       1.05588
1067      0.14738      -0.00870       1.00808
1068      0.24220      -0.14267       1.12219
1069      0.02709       0.31887       0.71094
1070      0.03250       0.28533       0.72458
1071      0.43461       0.91942       0.10549
1072      0.41461       0.97383       0.14715
1073      0.37564       0.97260       0.19475
1074      0.23356       0.87403       0.34478
1075      0.10766       0.95439       0.54901
1076      0.16470       0.91442       0.44931
1077      0.20763       0.92530       0.39804
1078      0.08170       0.67355       0.49335
1079      0.10564       0.68354       0.45566
1080      0.11001       0.63175       0.43909
1081      0.13575       0.53288       0.39770
1082      0.05420       0.95231       0.64324
1083      0.06929       0.94890       0.61235
1084      0.01958       0.94975       0.72101
1085      0.03412       0.96130       0.68769
1086     -0.00117       0.76848       0.74805
1087     -0.01365       0.56110       0.79227
1088     -0.02052       0.52641       0.84484
1089     -0.01375       0.52646       0.79649
1090     -0.04523       0.55990       1.03569
1091     -0.00849       0.45159       0.80707
1092     -0.03223       0.50210       0.99722
1093      0.08240       0.27431       0.56436
1094      0.40649      -0.34227       0.93135
1095      0.28106      -0.20356       0.89181
1096      0.32356      -0.24186       0.85418
1097      0.35347      -0.25184       0.76713
1098      0.30348      -0.21205       0.80185
1099      0.44384      -0.05859       0.36130
1100      0.32959      -0.02814       0.44754
1101      0.00204       0.38159       1.15878
1102      0.04935       0.21145       1.04839
1103      0.10318       0.06643       0.93478
1104      0.27148      -0.16761       1.16572
1105      0.40585       0.92662       0.13753
1106      0.14662       0.74384       0.41351
1107      0.14367       0.69232       0.40486
1108      0.09136       1.00187       0.59448
1109      0.08808       0.95208       0.58055
1110      0.02966       1.00042       0.71151
1111      0.01912       0.98598       0.73408
1112      0.00138       0.83473       0.75195
1113     -0.03031       0.55431       0.91231
1114     -0.01472       0.46529       0.84632
1115     -0.03981       0.52501       1.04820
1116      0.51634      -0.44540       1.01162
1117      0.51892      -0.02888       0.25987
1118      0.26244      -0.00582       0.50087
1119      0.04009       0.24537       1.09519
1120      0.04737       0.26943       0.67959
1121      0.36342       1.04330       0.24919
1122      0.39346       1.11938       0.25824
1123      0.33069       1.04864       0.29576
1124      0.35199       1.10905       0.30425
1125      0.11393       0.59323       0.42730
1126      0.05773       0.99128       0.64972
1127      0.07399       0.99755       0.62297
1128      0.00557       0.89590       0.75121
1129     -0.05559       0.63291       1.05872
1130     -0.04796       0.54752       1.09667
1131      0.55180      -0.48758       1.06189
1132      0.52072      -0.45973       1.07247
1133      0.57296       0.07253       0.10492
1134      0.55807       0.11354       0.10098
1135      0.03151       0.28042       1.13354
1136      0.02143       0.30786       1.10583
1137      0.20983      -0.07540       1.18244
1138      0.23317      -0.11684       1.16261
1139      0.24544       0.99328       0.38016
1140      0.24169       0.93359       0.35834
1141      0.34303       0.96589       0.23567
1142      0.29294       0.96161       0.30367
1143      0.30738       1.09996       0.35677
1144      0.29381       1.05067       0.34631
1145      0.26320       1.09318       0.40894
1146      0.25091       1.04287       0.39728
1147      0.09395       1.04940       0.61101
1148      0.07420       1.03977       0.63910
1149      0.05759       1.02815       0.66487
1150      0.00767       0.94884       0.75971
1151     -0.00170       0.93658       0.79126
1152      0.42539      -0.32102       0.78704
1153      0.41286      -0.29271       0.73677
1154      0.02564       0.30801       1.16925
1155      0.01507       0.33592       1.14126
1156      0.03525       0.27970       1.18384
1157      0.42556       0.89387       0.10848
1158      0.40658       0.90111       0.12915
1159     -0.03655       0.53655       0.98349
1160     -0.02104       0.48571       0.88201
1161      0.37225      -0.28265       0.81786
1162      0.05490       0.23401       0.69808
1163      0.01172       0.35255       1.16916
1164      0.01806       0.33463       1.17909
1165     -0.01081       0.48235       0.79809
1166      0.38617      -0.31033       0.87246
1167      0.44276      -0.35172       0.84138
1168      0.27570       1.00518       0.34633
1169      0.01334       0.98027       0.75020
1170      0.51142      -0.05409       0.29223
1171     -0.02857       0.51431       0.92996
1172      0.04425       1.01563       0.68595
1173      0.03970       0.25043       0.74182
1174      0.25734      -0.14517       1.18014
1175      0.04613       0.99308       0.67348
1176      0.02876       0.26605       0.78117
1177     -0.01510       0.48847       0.82888
1178      0.02304       0.28134       0.80677
1179     -0.05251       0.22265       0.82415
1180     -0.04921       0.22007       0.78531
1181     -0.05822       0.24939       0.78569
1182     -0.06151       0.25198       0.82452
1183     -0.01807       0.25792       0.84987
1184     -0.00243       0.21340       0.80386
1185     -0.01279       0.25321       0.77590
1186     -0.01953       0.26989       0.80376
1187      0.03201       0.24867       0.82958
1188      0.03399       0.24654       0.79445
1189      0.02590       0.27370       0.79397
1190      0.02391       0.27583       0.82911
1191     -0.07174       0.29337       0.81673
1192     -0.06765       0.27102       0.84514
1193     -0.06560       0.27433       0.79612
1194     -0.02620       0.30024       0.79520
1195     -0.03101       0.30721       0.84440
1196      0.01453       0.31408       0.82286
1197      0.01856       0.29412       0.84913
1198      0.01987       0.29580       0.80284
1199     -0.05821       0.26000       0.76149
1200     -0.06559       0.28493       0.77191
1201     -0.02009       0.28992       0.75899
1202      0.02534       0.28313       0.77340
1203      0.01931       0.30523       0.78227
1204     -0.10110       0.49740       0.78381
1205     -0.10662       0.52090       0.80674
1206     -0.10735       0.49922       0.82426
1207     -0.10183       0.47571       0.80132
1208     -0.05512       0.47749       0.79207
1209     -0.05827       0.52431       0.78902
1210     -0.06549       0.52302       0.83839
1211     -0.05967       0.48363       0.82273
1212     -0.01228       0.50441       0.79729
1213     -0.01713       0.52643       0.82066
1214     -0.01781       0.50744       0.83686
1215     -0.01296       0.48541       0.81348
1216     -0.10017       0.44604       0.81520
1217     -0.09802       0.45600       0.79062
1218     -0.10398       0.46576       0.82591
1219     -0.05922       0.45901       0.84078
1220     -0.05256       0.44548       0.80112
1221     -0.01160       0.45844       0.82669
1222     -0.00965       0.46697       0.80258
1223     -0.01491       0.47688       0.83760
1224     -0.11076       0.49715       0.85159
1225     -0.10738       0.46370       0.85324
1226     -0.06604       0.48019       0.87663
1227     -0.02078       0.50606       0.86342
1228     -0.01788       0.47550       0.86416
1229     -0.13583       0.51517       1.06455
1230     -0.13450       0.52469       1.03240
1231     -0.14194       0.55345       1.04750
1232     -0.14326       0.54393       1.07965
1233     -0.09399       0.53623       1.09252
1234     -0.08572       0.51521       1.04446
1235     -0.09130       0.55193       1.02988
1236     -0.09993       0.57113       1.07632
1237     -0.04389       0.53626       1.07243
1238     -0.04252       0.54245       1.04194
1239     -0.04930       0.56961       1.05870
1240     -0.05066       0.56342       1.08919
1241     -0.15180       0.56127       1.11670
1242     -0.14431       0.53353       1.10735
1243     -0.15075       0.57168       1.08900
1244     -0.10852       0.58967       1.11476
1245     -0.10263       0.55486       1.13153
1246     -0.05935       0.58325       1.12960
1247     -0.05230       0.55756       1.11670
1248     -0.05771       0.58912       1.10208
1249      0.24983       0.19653       0.25384
1250      0.21566       0.17773       0.29359
1251      0.27437       0.14359       0.25803
1252      0.30854       0.16238       0.21827
1253      0.31594       0.20089       0.23972
1254      0.22823       0.21475       0.31569
1255      0.24902       0.16443       0.31915
1256      0.34167       0.14798       0.24357
1257      0.29434       0.21911       0.30157
1258      0.26159       0.20144       0.34125
1259      0.31632       0.16882       0.30470
1260      0.34907       0.18649       0.26502
1261      0.34580       0.18040       0.17697
1262      0.37500       0.12555       0.18016
1263      0.41226       0.14356       0.13885
1264      0.41545       0.18262       0.16067
1265      0.44669       0.12739       0.16078
1266      0.38559       0.20311       0.22343
1267      0.41336       0.14982       0.22420
1268      0.44988       0.16644       0.18261
1269     -0.03623       0.18592       0.77880
1270     -0.03457       0.19795       0.74129
1271     -0.04755       0.23209       0.74780
1272      0.01150       0.18780       0.76471
1273     -0.00054       0.23713       0.73340
1274      0.04530       0.21528       0.78977
1275      0.04553       0.22698       0.75682
1276      0.03423       0.25824       0.76150
1277     -0.05532       0.27092       0.72925
1278     -0.04466       0.24301       0.71557
1279     -0.00802       0.27376       0.71537
1280      0.02721       0.29277       0.74510
1281      0.03610       0.26788       0.73320
1282     -0.12766       0.49530       1.01567
1283     -0.12607       0.50496       0.98172
1284     -0.13291       0.53435       0.99845
1285     -0.07796       0.49364       0.99392
1286     -0.08251       0.53065       0.97816
1287     -0.03602       0.51355       1.02271
1288     -0.03439       0.51933       0.99035
1289     -0.04089       0.54823       1.00959
1290     -0.00659       1.03536       0.58420
1291      0.00323       1.01689       0.56103
1292      0.01418       1.04493       0.55346
1293      0.00435       1.06341       0.57663
1294      0.03384       1.04860       0.61544
1295      0.03366       1.00542       0.59980
1296      0.05225       1.01118       0.56996
1297      0.05459       1.05939       0.58624
1298      0.07409       1.01866       0.63104
1299      0.08267       0.99971       0.60872
1300      0.09266       1.02563       0.60274
1301      0.08407       1.04458       0.62505
1302      0.00304       1.09983       0.59380
1303     -0.00735       1.07461       0.60023
1304      0.01475       1.08862       0.57021
1305      0.05367       1.09732       0.60426
1306      0.03230       1.08180       0.63244
1307      0.08292       1.07929       0.64290
1308      0.07349       1.05578       0.64766
1309      0.09351       1.06809       0.62029
1310      0.44655       0.16130       0.10013
1311      0.47390       0.10562       0.10162
1312      0.50819       0.12335       0.06290
1313      0.51589       0.15976       0.08348
1314      0.53889       0.10453       0.08226
1315      0.48479       0.18108       0.14402
1316      0.51168       0.12630       0.14142
1317      0.54659       0.14094       0.10284
1318      0.56402       0.10654       0.01021
1319      0.52535       0.14308       0.03632
1320      0.54687       0.08682       0.03680
1321      0.59428       0.08631       0.02603
1322      0.57453       0.14246       0.02939
1323      0.60479       0.12222       0.04521
1324      0.56507       0.15914       0.07655
1325      0.58630       0.10402       0.07149
1326     -0.07731       0.30336       0.86965
1327     -0.07473       0.28948       0.90695
1328     -0.06507       0.25714       0.88243
1329     -0.03648       0.32160       0.89932
1330     -0.02569       0.28136       0.91761
1331      0.00982       0.32546       0.87407
1332      0.01256       0.31349       0.90998
1333      0.02131       0.28215       0.88504
1334     -0.02446       1.02581       0.61256
1335     -0.03237       1.03784       0.63203
1336     -0.03905       1.01817       0.63800
1337     -0.03114       1.00615       0.61853
1338      0.01665       0.99885       0.62763
1339      0.01655       1.03667       0.64222
1340      0.00200       1.02305       0.66522
1341      0.00415       0.99947       0.65250
1342      0.05766       1.00971       0.65729
1343      0.05092       1.02189       0.67541
1344      0.04519       1.00436       0.67972
1345      0.05193       0.99218       0.66160
1346     -0.04022       0.96821       0.62543
1347     -0.02680       0.98546       0.60376
1348     -0.04456       0.98890       0.64020
1349     -0.00858       0.96661       0.66830
1350      0.01252       0.95840       0.62260
1351      0.04416       0.95681       0.66546
1352      0.05597       0.97180       0.64648
1353      0.04013       0.97719       0.68059
1354     -0.04877       1.02063       0.65921
1355     -0.05428       0.99136       0.66142
1356     -0.01381       1.00560       0.69272
1357      0.03695       1.00802       0.69873
1358      0.03189       0.98086       0.69960
1359     -0.00902       0.98870       0.57210
1360     -0.00117       0.96612       0.55064
1361      0.01109       0.99431       0.53956
1362      0.02895       0.95651       0.58997
1363      0.04856       0.96011       0.55712
1364      0.07164       0.97322       0.61766
1365      0.07868       0.95049       0.59645
1366      0.08972       0.97697       0.58751
1367      0.18215      -0.21088       1.15983
1368      0.16048      -0.18223       1.15665
1369      0.16891      -0.18544       1.18633
1370      0.19059      -0.21409       1.18950
1371      0.23494      -0.19675       1.17440
1372      0.20405      -0.16927       1.12939
1373      0.19411      -0.14272       1.16967
1374      0.22006      -0.17373       1.18804
1375      0.25684      -0.15514       1.14396
1376      0.23769      -0.12976       1.14240
1377      0.24526      -0.13101       1.17138
1378      0.26441      -0.15639       1.17293
1379      0.20725      -0.22302       1.22982
1380      0.20978      -0.23314       1.20487
1381      0.18806      -0.20396       1.21445
1382      0.22965      -0.17498       1.22628
1383      0.25736      -0.20993       1.21852
1384      0.27976      -0.16190       1.21499
1385      0.28251      -0.17354       1.18805
1386      0.26166      -0.14475       1.19987
1387      0.16234      -0.17120       1.20729
1388      0.18149      -0.18972       1.23541
1389      0.20758      -0.14515       1.23123
1390      0.23935      -0.11667       1.19361
1391      0.25575      -0.13041       1.22210
1392     -0.01788       0.15975       0.73398
1393     -0.01457       0.17577       0.69351
1394     -0.03126       0.21397       0.70082
1395      0.03091       0.16382       0.71991
1396      0.01658       0.21906       0.68737
1397      0.06030       0.19188       0.75064
1398      0.06207       0.20712       0.71376
1399      0.04730       0.24222       0.71995
1400     -0.03949       0.25340       0.68142
1401     -0.02609       0.22436       0.66668
1402      0.00846       0.25702       0.66814
1403      0.03993       0.27738       0.70209
1404      0.05113       0.25172       0.68883
1405     -0.11993       0.47436       0.96570
1406     -0.11794       0.48337       0.93057
1407     -0.12408       0.51398       0.94659
1408     -0.07076       0.47070       0.94462
1409     -0.07414       0.50876       0.92516
1410     -0.02878       0.48998       0.97285
1411     -0.02695       0.49609       0.93922
1412     -0.03256       0.52543       0.95672
1413     -0.11537       0.48894       0.89580
1414     -0.11605       0.53360       0.86607
1415     -0.12067       0.52539       0.91027
1416     -0.07598       0.55093       0.90625
1417     -0.02480       0.50001       0.90598
1418     -0.02541       0.54036       0.87857
1419     -0.02944       0.53431       0.92113
1420     -0.05211       1.05030       0.67756
1421     -0.05871       1.02597       0.68283
1422     -0.04217       1.04495       0.65394
1423     -0.00122       1.05174       0.68358
1424     -0.01623       1.03380       0.70965
1425      0.03467       1.03524       0.71567
1426      0.02867       1.01343       0.71954
1427      0.04295       1.02984       0.69485
1428     -0.03555       1.06769       0.64983
1429     -0.02576       1.06058       0.62792
1430      0.01445       1.06709       0.65874
1431      0.04879       1.05114       0.69249
1432      0.05676       1.04318       0.67304
1433      0.06955       0.22211       0.44912
1434      0.05390       0.20816       0.48391
1435      0.07988       0.17908       0.46184
1436      0.09553       0.19304       0.42705
1437      0.11929       0.22778       0.44324
1438      0.08177       0.24210       0.49424
1439      0.09069       0.20123       0.50970
1440      0.13128       0.18335       0.45173
1441      0.13152       0.24777       0.48836
1442      0.11856       0.23518       0.52004
1443      0.14208       0.20550       0.49959
1444      0.15504       0.21809       0.46792
1445      0.11230       0.21276       0.39360
1446      0.12849       0.16598       0.39840
1447      0.14526       0.18570       0.36494
1448      0.16241       0.22098       0.38724
1449      0.18186       0.17357       0.38736
1450      0.16941       0.23600       0.43688
1451      0.18464       0.19094       0.44069
1452      0.19901       0.20885       0.40966
1453      0.16982       0.20695       0.32813
1454      0.19110       0.15648       0.33041
1455      0.22083       0.22878       0.37480
1456      0.23978       0.18152       0.37611
1457      0.15007      -0.17707       1.11040
1458      0.12699      -0.14264       1.10008
1459      0.13739      -0.14779       1.14633
1460      0.17407      -0.13458       1.07993
1461      0.15944      -0.10276       1.11082
1462      0.22805      -0.12677       1.09891
1463      0.20652      -0.09470       1.09066
1464      0.21615      -0.09768       1.13415
1465     -0.08395       0.32022       0.92330
1466     -0.08228       0.31131       0.95975
1467     -0.07306       0.28057       0.94340
1468     -0.04344       0.34207       0.95036
1469     -0.03303       0.30566       0.96998
1470      0.00403       0.34345       0.92638
1471      0.00581       0.33642       0.96059
1472      0.01434       0.30646       0.94419
1473      0.28605      -0.32430       0.81918
1474      0.26921      -0.31932       0.86360
1475      0.30146      -0.35476       0.87161
1476      0.31830      -0.35974       0.82719
1477      0.34197      -0.31398       0.80877
1478      0.29199      -0.27258       0.84644
1479      0.31037      -0.30470       0.89644
1480      0.35554      -0.34225       0.86359
1481      0.34790      -0.26226       0.83602
1482      0.33315      -0.25796       0.87928
1483      0.36445      -0.29219       0.88842
1484      0.37921      -0.29649       0.84516
1485      0.34185      -0.36642       0.78117
1486      0.35622      -0.39680       0.83722
1487      0.37978      -0.40348       0.79120
1488      0.39870      -0.35428       0.77485
1489      0.41515      -0.38557       0.83056
1490      0.39882      -0.30184       0.80245
1491      0.41447      -0.33102       0.85692
1492      0.43407      -0.33637       0.81421
1493     -0.11224       0.45190       0.91726
1494     -0.10967       0.45747       0.88249
1495     -0.06342       0.44789       0.89784
1496     -0.02194       0.46669       0.92521
1497     -0.01980       0.47061       0.89198
1498     -0.12614       0.55666       0.92808
1499     -0.12955       0.54526       0.96440
1500     -0.08456       0.56992       0.96226
1501     -0.03440       0.56418       0.94042
1502     -0.03752       0.55531       0.97601
1503     -0.05333       0.93852       0.64539
1504     -0.04615       0.90614       0.62124
1505     -0.03304       0.93583       0.60128
1506     -0.01248       0.90116       0.65982
1507      0.00467       0.90116       0.62047
1508      0.03228       0.92925       0.68273
1509      0.03834       0.89618       0.65906
1510      0.05023       0.92373       0.64179
1511      0.18944       1.18586       0.39450
1512      0.16064       1.14558       0.40610
1513      0.17460       1.11839       0.37351
1514      0.20339       1.15867       0.36191
1515      0.24769       1.17583       0.39936
1516      0.19928       1.16141       0.44783
1517      0.19076       1.09857       0.42247
1518      0.22833       1.10843       0.38088
1519      0.25753       1.15138       0.45270
1520      0.22940       1.11440       0.46421
1521      0.24450       1.08860       0.42985
1522      0.27263       1.12559       0.41833
1523      0.23757       1.20090       0.34591
1524      0.21523       1.12749       0.32748
1525      0.24941       1.16972       0.31148
1526      0.29638       1.18938       0.34836
1527      0.27219       1.11563       0.32946
1528      0.30650       1.16432       0.40182
1529      0.28529       1.09657       0.38286
1530      0.31916       1.13530       0.36634
1531      0.03106       0.23851       0.50407
1532      0.01705       0.22748       0.54111
1533      0.03990       0.19713       0.52095
1534      0.04744       0.26120       0.54848
1535      0.05641       0.22152       0.56453
1536      0.09815       0.26479       0.53865
1537      0.08679       0.25523       0.57190
1538      0.10720       0.22562       0.55329
1539      0.12139      -0.13928       1.05823
1540      0.10030      -0.10522       1.04674
1541      0.10590      -0.10857       1.08859
1542      0.14802      -0.09657       1.03088
1543      0.13165      -0.06631       1.05856
1544      0.20070      -0.09186       1.05258
1545      0.17936      -0.05766       1.04270
1546      0.18519      -0.06050       1.08079
1547      0.43127      -0.05205       0.25797
1548      0.39160      -0.06772       0.30665
1549      0.44058      -0.09427       0.28441
1550      0.48026      -0.07860       0.23573
1551      0.50122      -0.04665       0.24010
1552      0.39883      -0.02231       0.31698
1553      0.42401      -0.07717       0.33949
1554      0.49420      -0.07343       0.27168
1555      0.46879      -0.01691       0.29911
1556      0.43125      -0.03177       0.34982
1557      0.47763      -0.05634       0.32676
1558      0.51517      -0.04148       0.27605
1559      0.53361      -0.10322       0.19963
1560      0.51449      -0.07571       0.19627
1561      0.49939      -0.10610       0.23909
1562      0.54495      -0.10512       0.24521
1563      0.56899      -0.07647       0.18905
1564      0.58033      -0.07837       0.23463
1565      0.55573      -0.04741       0.23288
1566      0.53977      -0.07244       0.27780
1567      0.45210      -0.12402       0.30023
1568      0.51091      -0.13586       0.25492
1569      0.52014      -0.13189       0.30212
1570      0.49204      -0.08504       0.34138
1571      0.55418      -0.10114       0.29241
1572      0.43068      -0.43221       0.76528
1573      0.39766      -0.40159       0.74966
1574      0.41280      -0.43409       0.80682
1575      0.46363      -0.41376       0.80568
1576      0.44981      -0.38271       0.74966
1577      0.48276      -0.36426       0.79006
1578      0.45085      -0.33540       0.77485
1579      0.46598      -0.36524       0.82941
1580      0.44577      -0.46515       0.82282
1581      0.39730      -0.43580       0.84865
1582      0.43028      -0.46685       0.86465
1583      0.48109      -0.44697       0.86257
1584      0.43528      -0.41741       0.88632
1585      0.49895      -0.39558       0.84543
1586      0.45313      -0.36718       0.86822
1587      0.48609      -0.39753       0.88424
1588     -0.07608       0.95672       0.71065
1589     -0.06936       0.97665       0.69481
1590     -0.07361       0.99083       0.71118
1591     -0.08033       0.97090       0.72701
1592     -0.03776       0.95194       0.74607
1593     -0.02470       0.95408       0.70493
1594     -0.02531       0.99043       0.71742
1595     -0.03207       0.98352       0.73589
1596      0.01362       0.94930       0.74036
1597      0.01935       0.96786       0.72755
1598      0.01623       0.98313       0.74214
1599      0.01050       0.96456       0.75495
1600     -0.08545       0.99908       0.75104
1601     -0.08667       0.97212       0.74830
1602     -0.07911       0.99786       0.72975
1603     -0.03508       1.00490       0.75216
1604     -0.04409       0.98598       0.77726
1605      0.00628       0.99180       0.77838
1606      0.00483       0.96580       0.77503
1607      0.01196       0.99056       0.75830
1608     -0.07130       1.00900       0.70945
1609     -0.07680       1.01604       0.72803
1610     -0.02794       1.01756       0.73415
1611      0.01804       0.99899       0.74212
1612      0.01377       1.00642       0.75828
1613      0.17349       0.98629       0.31411
1614      0.19677       0.96928       0.27675
1615      0.21370       1.00689       0.27061
1616      0.19042       1.02391       0.30798
1617      0.21035       1.00549       0.35251
1618      0.20670       0.94424       0.33086
1619      0.25738       0.97263       0.27689
1620      0.24064       1.01766       0.31872
1621      0.24357       0.96343       0.36925
1622      0.26731       0.94760       0.33100
1623      0.28432       0.98340       0.32500
1624      0.26057       0.99923       0.36325
1625      0.20192       1.07386       0.31656
1626      0.17803       1.04358       0.33308
1627      0.21431       1.05419       0.29146
1628      0.25843       1.06446       0.31906
1629      0.21585       1.05617       0.36929
1630      0.27236       1.04677       0.37179
1631      0.24818       1.01807       0.38872
1632      0.28475       1.02793       0.34632
1633      0.24058       1.02994       0.24629
1634      0.24119       1.07724       0.26714
1635      0.29501       1.06244       0.26911
1636      0.31182       1.00512       0.29971
1637      0.31225       1.04965       0.32103
1638      0.26836       0.95070       0.17534
1639      0.28462       0.92149       0.14334
1640      0.30452       0.96262       0.13013
1641      0.28826       0.99183       0.16214
1642      0.30690       0.97679       0.20976
1643      0.30161       0.90770       0.19374
1644      0.33908       0.92218       0.14647
1645      0.34069       0.98430       0.16759
1646      0.34015       0.93378       0.22816
1647      0.35606       0.90839       0.19688
1648      0.37525       0.94386       0.18393
1649      0.35933       0.96925       0.21521
1650      0.28205       1.03024       0.18975
1651      0.31675       1.03298       0.14503
1652      0.31054       1.07139       0.17264
1653      0.32837       1.05806       0.22242
1654      0.36195       1.05485       0.17715
1655      0.35322       1.00460       0.24243
1656      0.38589       1.00617       0.19971
1657      0.37978       1.04152       0.22693
1658     -0.00196       0.25724       0.56013
1659     -0.01189       0.24626       0.59608
1660      0.00712       0.21651       0.57706
1661      0.02117       0.27820       0.60098
1662      0.02959       0.24018       0.61725
1663      0.07056       0.28216       0.58932
1664      0.06265       0.27213       0.62214
1665      0.07888       0.24519       0.60472
1666     -0.07721       0.31589       1.15924
1667     -0.07980       0.32083       1.13516
1668     -0.08652       0.34338       1.14376
1669     -0.08393       0.33843       1.16783
1670     -0.03369       0.33823       1.17122
1671     -0.03012       0.32189       1.14323
1672     -0.03924       0.34791       1.12309
1673     -0.04336       0.36727       1.16059
1674      0.01340       0.34423       1.15521
1675      0.01044       0.34897       1.13116
1676      0.00392       0.37181       1.13993
1677      0.00688       0.36707       1.16397
1678     -0.08583       0.34939       1.20007
1679     -0.07984       0.32887       1.18894
1680     -0.08992       0.35895       1.17896
1681     -0.04557       0.38002       1.19320
1682     -0.03499       0.34861       1.20184
1683      0.00527       0.37925       1.19497
1684      0.01116       0.35798       1.18412
1685      0.00099       0.38834       1.17482
1686     -0.09096       0.34136       0.97377
1687     -0.08906       0.33470       1.00867
1688     -0.08038       0.30465       0.99465
1689     -0.04968       0.36468       0.99833
1690     -0.03953       0.33033       1.01810
1691     -0.00216       0.36540       0.97492
1692     -0.00015       0.36032       1.00776
1693      0.00782       0.33134       0.99342
1694      0.37641      -0.43087       0.89804
1695      0.33533      -0.39187       0.88661
1696      0.37612      -0.37592       0.92493
1697      0.43500      -0.36246       0.91321
1698      0.39633      -0.32630       0.90191
1699      0.28820      -0.35201       0.91883
1700      0.32208      -0.38912       0.93383
1701      0.33077      -0.33637       0.95301
1702      0.35294      -0.28906       0.93061
1703      0.38482      -0.32317       0.94410
1704     -0.09333       0.49406       0.74124
1705     -0.09845       0.52153       0.75949
1706     -0.09598       0.46993       0.76555
1707     -0.04894       0.47183       0.75318
1708     -0.05036       0.52209       0.74711
1709     -0.00597       0.49986       0.75906
1710     -0.01018       0.52488       0.77664
1711     -0.00807       0.47939       0.77971
1712     -0.09271       0.43478       0.77381
1713     -0.09067       0.44872       0.74874
1714     -0.04536       0.43606       0.75996
1715     -0.00521       0.44676       0.78727
1716     -0.00363       0.45917       0.76440
1717     -0.08406       0.92831       0.72912
1718     -0.07836       0.90179       0.70477
1719     -0.07038       0.93020       0.68630
1720     -0.03969       0.89875       0.73850
1721     -0.02749       0.89907       0.69880
1722      0.00662       0.92237       0.75546
1723      0.01119       0.89602       0.73253
1724      0.01819       0.92294       0.71743
1725     -0.05698       0.87426       0.63981
1726     -0.05055       0.84514       0.61673
1727     -0.03972       0.87703       0.59815
1728     -0.01557       0.83949       0.65425
1729      0.00002       0.84205       0.61265
1730      0.02893       0.86639       0.67426
1731      0.03499       0.83639       0.65018
1732      0.04440       0.86618       0.63497
1733     -0.01446       0.93673       0.56470
1734     -0.00734       0.91120       0.54329
1735      0.00595       0.94059       0.52922
1736      0.02355       0.90224       0.58200
1737      0.04226       0.90523       0.54756
1738      0.06696       0.92201       0.60727
1739      0.07315       0.89627       0.58627
1740      0.08487       0.92475       0.57545
1741      0.14438       1.03121       0.36941
1742      0.15815       1.00931       0.34246
1743      0.16426       1.06548       0.36003
1744      0.18293       1.04856       0.40678
1745      0.17613       0.98919       0.38787
1746      0.21468       1.00654       0.42524
1747      0.22833       0.98537       0.39792
1748      0.23452       1.03924       0.41604
1749      0.15173       1.08731       0.38647
1750      0.18713       1.09657       0.34706
1751      0.22197       1.05982       0.44278
1752      0.25705       1.06802       0.40311
1753      0.28655       1.21451       0.29451
1754      0.25969       1.13703       0.27612
1755      0.29682       1.18182       0.25915
1756      0.34542       1.20104       0.29548
1757      0.31718       1.12590       0.27717
1758      0.35525       1.17591       0.34934
1759      0.32968       1.10451       0.33051
1760      0.36577       1.14512       0.31351
1761      0.30895       1.11358       0.19976
1762      0.34700       1.11530       0.15251
1763      0.34541       1.15750       0.17963
1764      0.35902       1.13687       0.23106
1765      0.40031       1.14322       0.18305
1766      0.37844       1.08134       0.25372
1767      0.41526       1.08277       0.20769
1768      0.41392       1.12259       0.23448
1769     -0.07020       0.29387       1.15976
1770     -0.07591       0.31480       1.17904
1771     -0.06891       0.29278       1.17955
1772     -0.01973       0.29394       1.17178
1773     -0.02733       0.32016       1.18195
1774      0.02035       0.32196       1.15526
1775      0.01489       0.34359       1.17413
1776      0.02185       0.32132       1.17417
1777     -0.06824       0.29798       1.21388
1778     -0.06433       0.28201       1.19579
1779     -0.07283       0.30875       1.19764
1780     -0.02737       0.32660       1.20733
1781     -0.01786       0.29841       1.21375
1782      0.02301       0.32704       1.20720
1783      0.02674       0.31034       1.18974
1784      0.01812       0.33801       1.19163
1785     -0.07675       0.32282       1.20754
1786      0.01439       0.35240       1.20163
1787     -0.07172       0.29377       1.12731
1788     -0.07329       0.29447       1.09755
1789     -0.08136       0.32153       1.10540
1790     -0.02335       0.29377       1.10763
1791     -0.03380       0.32325       1.08347
1792      0.01825       0.32189       1.12355
1793      0.01614       0.32255       1.09354
1794      0.00833       0.34964       1.10116
1795      0.00460       0.13544       0.68371
1796      0.00927       0.15370       0.64096
1797     -0.00991       0.19403       0.65076
1798      0.05367       0.13974       0.66798
1799      0.03882       0.19878       0.63731
1800      0.07999       0.16813       0.70418
1801      0.08322       0.18482       0.66433
1802      0.06530       0.22381       0.67392
1803     -0.01892       0.23537       0.63060
1804     -0.00273       0.20504       0.61468
1805      0.05697       0.26183       0.65479
1806      0.07114       0.23392       0.63988
1807      0.26837      -0.29382       0.76781
1808      0.25073      -0.28812       0.81362
1809      0.30370      -0.33000       0.77337
1810      0.32459      -0.28326       0.75710
1811      0.27226      -0.24250       0.79520
1812      0.32848      -0.23194       0.78449
1813      0.31352      -0.22696       0.82802
1814      0.36286      -0.26724       0.79250
1815      0.32805      -0.33517       0.72697
1816      0.36620      -0.37159       0.73477
1817      0.38662      -0.32418       0.72182
1818      0.38317      -0.27228       0.75195
1819      0.41912      -0.30687       0.76191
1820      0.51142      -0.56378       0.99707
1821      0.48228      -0.53257       0.97920
1822      0.47371      -0.53626       1.01940
1823      0.50285      -0.56746       1.03727
1824      0.55061      -0.54610       1.03603
1825      0.53427      -0.51291       0.97480
1826      0.48865      -0.48158       1.00118
1827      0.51913      -0.52116       1.05497
1828      0.57347      -0.49523       1.01376
1829      0.54064      -0.46192       0.99678
1830      0.53407      -0.46649       1.03675
1831      0.56689      -0.49980       1.05373
1832      0.53805      -0.59851       1.05684
1833      0.50064      -0.57067       1.07594
1834      0.53584      -0.60171       1.09551
1835      0.58589      -0.57861       1.08741
1836      0.54559      -0.54977       1.10483
1837      0.59845      -0.52620       1.06660
1838      0.56409      -0.50027       1.08387
1839      0.59565      -0.52667       1.09674
1840     -0.10423       0.43031       0.87189
1841     -0.10194       0.43654       0.84263
1842     -0.05576       0.42754       0.85506
1843     -0.01495       0.44512       0.88101
1844     -0.01304       0.45001       0.85320
1845     -0.13536       0.57424       0.98247
1846     -0.13872       0.56333       1.01652
1847     -0.09370       0.58704       1.01641
1848     -0.04291       0.58272       0.99620
1849     -0.04628       0.57564       1.02977
1850     -0.08668       0.87006       0.72626
1851     -0.08142       0.83944       0.70408
1852     -0.07310       0.87117       0.68259
1853     -0.04352       0.83663       0.73934
1854     -0.03024       0.83824       0.69555
1855      0.00347       0.86532       0.75158
1856      0.00766       0.83543       0.73081
1857      0.01537       0.86613       0.71176
1858     -0.06077       0.81192       0.63533
1859     -0.05518       0.78285       0.61131
1860     -0.04495       0.81608       0.59272
1861     -0.01962       0.77674       0.64715
1862     -0.00530       0.78033       0.60647
1863      0.02557       0.80431       0.66607
1864      0.03026       0.77422       0.64230
1865      0.03967       0.80631       0.62640
1866      0.09864       0.70400       0.32358
1867      0.12259       0.73422       0.29989
1868      0.10023       0.75981       0.33244
1869      0.07628       0.72960       0.35614
1870      0.10957       0.69748       0.37828
1871      0.15461       0.70124       0.32342
1872      0.15722       0.75744       0.33180
1873      0.11186       0.75021       0.38704
1874      0.16553       0.69471       0.37812
1875      0.18923       0.72446       0.35533
1876      0.16885       0.74784       0.38640
1877      0.14515       0.71808       0.40919
1878      0.05443       0.69734       0.37936
1879      0.05563       0.75279       0.38948
1880      0.03378       0.72053       0.41271
1881      0.06952       0.68780       0.43135
1882      0.07016       0.74257       0.44351
1883      0.12466       0.68793       0.43026
1884      0.12639       0.73998       0.44107
1885      0.10590       0.70983       0.46214
1886      0.24079       0.90924       0.19824
1887      0.24630       0.98567       0.21698
1888      0.21873       0.94420       0.23988
1889      0.25049       0.89622       0.25701
1890      0.31131       0.89468       0.25251
1891      0.31798       0.96375       0.26967
1892      0.28914       0.92465       0.29402
1893      0.19009       0.89892       0.25966
1894      0.16813       0.92400       0.29653
1895      0.19905       0.88357       0.31723
1896      0.25945       0.88086       0.31458
1897      0.23762       0.90381       0.35156
1898      0.39418       0.88019       0.01491
1899      0.38473       0.92395       0.02831
1900      0.36778       0.91728       0.04315
1901      0.37723       0.87353       0.02974
1902      0.42197       0.84654       0.04696
1903      0.42729       0.90787       0.04758
1904      0.40348       0.92706       0.07370
1905      0.39438       0.89687       0.07643
1906      0.45508       0.87421       0.07962
1907      0.44604       0.91098       0.09297
1908      0.43009       0.90664       0.10698
1909      0.43913       0.86988       0.09364
1910      0.35767       0.85805       0.04964
1911      0.35200       0.90530       0.05654
1912      0.33244       0.88982       0.07644
1913      0.35780       0.86772       0.11325
1914      0.37368       0.90592       0.09892
1915      0.42210       0.85621       0.11057
1916      0.41607       0.89749       0.11881
1917      0.39904       0.88382       0.13574
1918      0.32135       0.93735       0.09941
1919      0.31370       0.89908       0.10201
1920      0.34010       0.92809       0.07384
1921      0.37263       0.93604       0.10825
1922      0.39035       0.92087       0.15532
1923      0.38318       0.89083       0.15772
1924      0.40622       0.91387       0.13334
1925      0.35588       0.94008       0.06045
1926      0.42023       0.92302       0.12151
1927     -0.05260       0.23637       1.15664
1928     -0.06184       0.26632       1.15585
1929     -0.06043       0.26596       1.18200
1930     -0.05119       0.23601       1.18279
1931     -0.00136       0.23403       1.17336
1932     -0.01354       0.26659       1.13547
1933     -0.01026       0.26587       1.18677
1934      0.03771       0.26424       1.15219
1935      0.02857       0.29421       1.15140
1936      0.03044       0.29385       1.17655
1937      0.03957       0.26388       1.17734
1938     -0.04971       0.24117       1.22639
1939     -0.04537       0.22204       1.20282
1940     -0.05553       0.25515       1.20636
1941     -0.00952       0.27235       1.21973
1942      0.00150       0.23854       1.22608
1943      0.04169       0.26972       1.21941
1944      0.04552       0.25053       1.19662
1945      0.03574       0.28307       1.20013
1946     -0.05942       0.27120       1.22015
1947      0.03204       0.29956       1.21332
1948     -0.06336       0.26622       1.12341
1949      0.02647       0.29414       1.11969
1950     -0.06406       0.26438       1.08870
1951     -0.06601       0.26574       1.05505
1952     -0.07524       0.29582       1.06389
1953     -0.01572       0.26343       1.06623
1954     -0.02792       0.29670       1.04031
1955      0.02498       0.29281       1.08515
1956      0.02236       0.29440       1.05149
1957      0.01352       0.32413       1.05989
1958     -0.09714       0.36365       1.02157
1959     -0.09477       0.35797       1.05465
1960     -0.08669       0.32902       1.04175
1961     -0.05503       0.38733       1.04406
1962     -0.04485       0.35468       1.06249
1963     -0.00758       0.38836       1.02082
1964     -0.00511       0.38403       1.05189
1965      0.00231       0.35599       1.03883
1966      0.32177      -0.30326       0.67322
1967      0.29047      -0.29892       0.72092
1968      0.35935      -0.33951       0.67927
1969      0.38208      -0.29278       0.66982
1970      0.31301      -0.25342       0.70898
1971      0.37333      -0.24294       0.70558
1972      0.34713      -0.23777       0.74516
1973      0.40936      -0.27745       0.71237
1974      0.41298      -0.36675       0.65103
1975      0.38515      -0.33687       0.63710
1976      0.38718      -0.36939       0.69320
1977      0.43816      -0.35152       0.69701
1978      0.43977      -0.32306       0.63982
1979      0.46494      -0.30783       0.68579
1980      0.43670      -0.27897       0.67254
1981      0.43760      -0.30631       0.72563
1982      0.41863      -0.39940       0.70810
1983      0.46933      -0.33483       0.73857
1984     -0.04568       0.29113       0.66550
1985     -0.04033       0.30326       0.63339
1986     -0.05163       0.33000       0.65181
1987     -0.05699       0.31787       0.68393
1988     -0.01361       0.30891       0.70074
1989      0.00254       0.29383       0.65140
1990     -0.00365       0.33210       0.63768
1991     -0.01850       0.34496       0.68744
1992      0.03461       0.31161       0.68664
1993      0.03921       0.32267       0.65569
1994      0.02948       0.34706       0.67330
1995      0.02488       0.33600       0.70426
1996     -0.06081       0.30617       0.71399
1997     -0.06603       0.34284       0.70142
1998     -0.06985       0.33115       0.73148
1999     -0.02501       0.32226       0.74416
2000     -0.02991       0.35655       0.73284
2001      0.02219       0.32500       0.73092
2002      0.01762       0.35867       0.71886
2003      0.01492       0.34767       0.74553
2004     -0.09216       0.90151       0.75331
2005     -0.08830       0.94800       0.74919
2006     -0.09639       0.92119       0.77338
2007     -0.05335       0.89935       0.79206
2008     -0.04756       0.93877       0.77860
2009     -0.00088       0.89659       0.77725
2010      0.00298       0.94271       0.77548
2011     -0.00451       0.91693       0.79728
2012     -0.10238       0.95598       0.80508
2013     -0.10310       0.92192       0.80101
2014     -0.09567       0.95525       0.77746
2015     -0.05148       0.96710       0.80081
2016     -0.05991       0.94070       0.83118
2017     -0.00901       0.95182       0.82691
2018     -0.01016       0.91814       0.82224
2019     -0.00336       0.95062       0.80195
2020     -0.09404       0.97938       0.77657
2021     -0.00152       0.97370       0.80150
2022     -0.08964       0.80508       0.72622
2023     -0.08418       0.77372       0.70188
2024     -0.07596       0.80809       0.67974
2025     -0.04602       0.77005       0.73688
2026     -0.03351       0.77288       0.69112
2027      0.00010       0.80160       0.75000
2028      0.00466       0.76921       0.72612
2029      0.01222       0.80303       0.70693
2030     -0.01555       1.00986       0.59108
2031     -0.01551       1.05131       0.60568
2032      0.06586       0.99441       0.63634
2033      0.06589       1.03396       0.65198
2034     -0.01760       1.08388       0.62246
2035      0.06435       1.06501       0.66872
2036      0.02498       1.02403       0.52892
2037      0.03834       1.05392       0.52039
2038      0.02754       1.07483       0.54493
2039      0.07507       1.01775       0.53794
2040      0.07781       1.06928       0.55477
2041      0.10234       1.00491       0.57897
2042      0.11454       1.03312       0.57231
2043      0.10486       1.05385       0.59609
2044      0.02764       1.11605       0.56268
2045      0.04043       1.10225       0.53740
2046      0.07928       1.11227       0.57279
2047      0.10531       1.09355       0.61437
2048      0.11666       1.07930       0.59016
2049      0.23003       1.10478       0.29698
2050      0.30059       1.07532       0.35154
2051      0.27085       1.10949       0.24628
2052      0.34134       1.07885       0.30000
2053      0.27633       1.07452       0.21906
2054      0.34705       1.04597       0.27248
2055      0.13389       0.91740       0.33726
2056      0.14730       0.89081       0.31072
2057      0.15472       0.95059       0.32306
2058      0.17268       0.93580       0.37039
2059      0.16483       0.87912       0.35918
2060      0.20362       0.89751       0.39231
2061      0.21659       0.87188       0.36568
2062      0.22466       0.92945       0.37819
2063      0.13938       0.97361       0.35140
2064      0.20942       0.95138       0.40685
2065      0.33471       1.22600       0.24232
2066      0.30347       1.14855       0.22699
2067      0.34136       1.19274       0.21016
2068      0.39239       1.21104       0.24342
2069      0.40310       1.18607       0.29658
2070      0.37272       1.11422       0.28124
2071      0.41005       1.15517       0.26432
2072      0.38074       1.23513       0.19042
2073      0.38479       1.19989       0.15988
2074      0.43822       1.21890       0.19042
2075      0.44987       1.19481       0.24342
2076      0.45374       1.16223       0.21358
2077      0.38982       0.81444       0.01520
2078      0.33124       0.82727       0.07577
2079      0.36339       0.78367       0.04133
2080      0.41990       0.78005       0.04524
2081      0.36967       0.78444       0.09767
2082      0.45206       0.81214       0.07699
2083      0.39623       0.82489       0.13515
2084      0.42618       0.78082       0.10158
2085      0.10867      -0.10640       1.13543
2086      0.11458      -0.10711       1.17317
2087      0.14331      -0.14851       1.18406
2088      0.13663      -0.05972       1.15113
2089      0.17070      -0.10191       1.18692
2090      0.18740      -0.05608       1.12651
2091      0.19275      -0.05452       1.16488
2092      0.22150      -0.09612       1.17253
2093      0.15287      -0.15090       1.24064
2094      0.13383      -0.12821       1.21742
2095      0.17445      -0.09933       1.24021
2096      0.22917      -0.09358       1.23079
2097      0.21132      -0.07303       1.20971
2098      0.09835      -0.08236       1.20122
2099      0.11760      -0.10346       1.24547
2100      0.13744      -0.05009       1.24564
2101      0.17572      -0.02745       1.19555
2102      0.19429      -0.04596       1.24038
2103     -0.04253       0.20353       1.15379
2104     -0.04376       0.20219       1.11453
2105     -0.05383       0.23503       1.11737
2106      0.00622       0.20165       1.13011
2107     -0.00449       0.23134       1.09627
2108      0.04739       0.23214       1.14968
2109      0.04548       0.23079       1.11186
2110      0.03580       0.26289       1.11437
2111     -0.05453       0.23320       1.08267
2112      0.03431       0.26157       1.07983
2113      0.45272       0.08113       0.13799
2114      0.50627       0.04988       0.10328
2115      0.52745       0.07437       0.06691
2116      0.49590       0.05958       0.15476
2117      0.55407       0.06287       0.08761
2118      0.48987       0.10584       0.17755
2119      0.54370       0.07257       0.13908
2120      0.56551       0.09304       0.10295
2121      0.58440       0.04515       0.01396
2122      0.56498       0.03270       0.04408
2123      0.61398       0.02011       0.03190
2124      0.62385       0.06126       0.04397
2125      0.60307       0.05028       0.07543
2126      0.52832       0.00852       0.10255
2127      0.58704      -0.00865       0.04334
2128      0.60003      -0.01798       0.08157
2129      0.56760       0.03307       0.13378
2130      0.62697       0.01078       0.07012
2131      0.05544      -0.00709       0.76122
2132      0.04682      -0.00396       0.80277
2133      0.06597      -0.03923       0.80268
2134      0.07459      -0.04237       0.76113
2135      0.10698      -0.00627       0.74832
2136      0.07906       0.03235       0.78842
2137      0.09108       0.00077       0.82794
2138      0.11670      -0.03688       0.78791
2139      0.13060       0.03317       0.77552
2140      0.12332       0.03707       0.81359
2141      0.14181       0.00312       0.81317
2142      0.14909      -0.00078       0.77511
2143      0.08611      -0.04555       0.71708
2144      0.09582      -0.07811       0.75928
2145      0.10734      -0.08128       0.71523
2146      0.13780      -0.04369       0.70365
2147      0.14771      -0.07479       0.74466
2148      0.15866      -0.00442       0.73489
2149      0.16860      -0.03356       0.77329
2150      0.17817      -0.03720       0.73308
2151      0.49666      -0.56777       1.11342
2152      0.47136      -0.54189       1.05751
2153      0.46738      -0.53899       1.09499
2154      0.51328      -0.51619       1.11842
2155      0.48849      -0.49438       1.06972
2156      0.56222      -0.49819       1.10984
2157      0.53626      -0.47365       1.06718
2158      0.53439      -0.47158       1.09315
2159      0.42691      -0.49661       1.09050
2160      0.46165      -0.52979       1.13198
2161      0.43263      -0.50581       1.05351
2162      0.44207      -0.44926       1.04228
2163      0.47810      -0.47652       1.13529
2164      0.49327      -0.42917       1.08707
2165      0.52973      -0.46292       1.12173
2166      0.49793      -0.43783       1.05848
2167      0.43499      -0.50018       1.01540
2168      0.49573      -0.43066       1.02806
2169     -0.12711       0.47658       1.08160
2170     -0.12768       0.48636       1.04915
2171     -0.13526       0.50540       1.09700
2172     -0.08477       0.49885       1.10750
2173     -0.07805       0.47848       1.05982
2174     -0.03571       0.50075       1.08572
2175     -0.03609       0.50733       1.05513
2176     -0.04351       0.52968       1.10302
2177     -0.14308       0.52201       1.13557
2178     -0.13402       0.49388       1.12522
2179     -0.09204       0.51696       1.14724
2180     -0.05158       0.54981       1.14321
2181     -0.04279       0.52194       1.12952
2182     -0.14443       0.59068       1.03173
2183     -0.14078       0.60757       1.00271
2184     -0.14518       0.62903       1.01864
2185     -0.14883       0.61214       1.04766
2186     -0.10212       0.60417       1.06215
2187     -0.09488       0.63476       1.00424
2188     -0.10223       0.62926       1.04977
2189     -0.05139       0.60053       1.04683
2190     -0.04781       0.61424       1.01794
2191     -0.05194       0.63500       1.03537
2192     -0.05552       0.62128       1.06426
2193     -0.15712       0.63308       1.07764
2194     -0.15313       0.60738       1.07106
2195     -0.15282       0.63785       1.05424
2196     -0.11011       0.65379       1.07829
2197     -0.11076       0.62258       1.09665
2198     -0.06376       0.64328       1.09729
2199     -0.05975       0.61936       1.08774
2200     -0.05952       0.64520       1.07382
2201     -0.14747       0.65952       1.02050
2202     -0.15511       0.66834       1.05610
2203     -0.10674       0.68825       1.05545
2204     -0.05415       0.66349       1.03919
2205     -0.06174       0.67370       1.07764
2206     -0.10004       0.87034       0.77786
2207     -0.09456       0.83890       0.75081
2208     -0.05497       0.83754       0.78544
2209     -0.00828       0.86655       0.79964
2210     -0.00393       0.83527       0.77397
2211     -0.09088       0.73718       0.72284
2212     -0.08500       0.70644       0.69608
2213     -0.07831       0.74298       0.67512
2214     -0.04633       0.70211       0.73048
2215     -0.03508       0.70868       0.68367
2216     -0.00147       0.73498       0.74451
2217      0.00359       0.70435       0.71807
2218      0.00973       0.73858       0.69968
2219     -0.06460       0.74850       0.62976
2220     -0.05891       0.71959       0.60467
2221     -0.04949       0.75394       0.58623
2222     -0.02277       0.71376       0.63907
2223     -0.00944       0.71844       0.59817
2224      0.02221       0.74201       0.65646
2225      0.02670       0.71261       0.63257
2226      0.03475       0.74483       0.61841
2227     -0.02028       0.96431       0.58478
2228      0.06175       0.95061       0.62779
2229      0.07533       0.61903       0.34122
2230      0.05736       0.64451       0.36666
2231      0.04320       0.61723       0.38261
2232      0.06117       0.59175       0.35717
2233      0.10865       0.58702       0.36492
2234      0.10846       0.64761       0.37029
2235      0.07502       0.63498       0.41420
2236      0.08015       0.59474       0.40161
2237      0.14178       0.61560       0.39399
2238      0.12612       0.63807       0.41782
2239      0.11197       0.61249       0.43320
2240      0.12763       0.59002       0.40936
2241      0.04776       0.54216       0.37698
2242      0.07386       0.55814       0.34196
2243      0.03507       0.57576       0.39218
2244      0.05906       0.55680       0.43163
2245      0.10375       0.53096       0.37160
2246      0.11505       0.54561       0.42625
2247      0.13854       0.55984       0.39456
2248      0.10414       0.57578       0.44105
2249      0.02426       0.62894       0.41182
2250      0.01613       0.58747       0.42140
2251      0.04512       0.61650       0.45700
2252      0.09587       0.62254       0.45937
2253      0.08805       0.58583       0.46722
2254      0.11546       0.94037       0.36910
2255      0.12071       0.99469       0.38336
2256      0.09679       0.96145       0.40106
2257      0.12895       0.92443       0.42239
2258      0.13626       0.97731       0.43374
2259      0.18616       0.91986       0.42367
2260      0.19167       0.97180       0.43825
2261      0.16842       0.94028       0.45507
2262      0.07236       0.92924       0.42289
2263      0.07927       0.98414       0.43439
2264      0.05484       0.95193       0.45622
2265      0.08894       0.91470       0.47533
2266      0.09541       0.96992       0.48805
2267      0.14553       0.90989       0.47483
2268      0.15240       0.96309       0.48741
2269      0.12951       0.93269       0.50717
2270     -0.05143       0.28057       0.69835
2271     -0.03375       0.26395       0.64857
2272      0.02979       0.30210       0.71776
2273      0.04475       0.28690       0.67097
2274     -0.02672       0.27485       0.61406
2275      0.05043       0.29719       0.63831
2276      0.05888      -0.03990       0.98427
2277      0.03649       0.00013       0.97179
2278      0.03804      -0.00032       1.01266
2279      0.06043      -0.04035       1.02514
2280      0.10801      -0.03214       1.00937
2281      0.08876      -0.00220       0.95716
2282      0.06459       0.04496       0.98440
2283      0.09245      -0.00273       1.03789
2284      0.13789       0.00556       0.98226
2285      0.11686       0.04263       0.96978
2286      0.11900       0.04255       1.00963
2287      0.14003       0.00547       1.02211
2288      0.08035      -0.07287       1.03595
2289      0.06288      -0.04097       1.06383
2290      0.08281      -0.07349       1.07463
2291      0.11310      -0.03252       1.08525
2292      0.15931      -0.02559       1.03198
2293      0.14267       0.00572       1.05931
2294      0.16194      -0.02535       1.06918
2295      0.07262      -0.03985       1.24875
2296      0.06904      -0.04110       1.14954
2297      0.04331       0.00141       1.19708
2298      0.08797       0.02270       1.24842
2299      0.08132       0.02682       1.14318
2300      0.15279       0.01247       1.24531
2301      0.14891       0.00819       1.14476
2302      0.12598       0.04811       1.19452
2303     -0.03174       0.16614       1.10853
2304     -0.03163       0.16331       1.06804
2305     -0.04365       0.19937       1.07404
2306      0.01877       0.16091       1.08491
2307      0.00556       0.19644       1.04956
2308      0.05673       0.19642       1.10649
2309      0.05596       0.19404       1.06642
2310      0.04472       0.22841       1.07179
2311     -0.04483       0.19962       1.03567
2312     -0.05571       0.23345       1.04430
2313     -0.00769       0.23231       1.01916
2314      0.04270       0.22913       1.03304
2315      0.03230       0.26228       1.04108
2316      0.28216      -0.03881       0.38298
2317      0.21781       0.01060       0.41090
2318      0.18579      -0.00556       0.45708
2319      0.25014      -0.05497       0.42916
2320      0.30822      -0.04721       0.42450
2321      0.29829       0.00719       0.38684
2322      0.18527       0.05021       0.47713
2323      0.23794      -0.02474       0.47887
2324      0.32435      -0.00120       0.42835
2325      0.26575       0.04680       0.45306
2326      0.23742       0.03103       0.49892
2327      0.29602      -0.01698       0.47421
2328      0.23709      -0.09485       0.47539
2329      0.28415      -0.09111       0.42348
2330      0.20308      -0.05871       0.48107
2331      0.22026      -0.05558       0.52623
2332      0.30336      -0.09585       0.46920
2333      0.28654      -0.05658       0.52004
2334      0.32743      -0.05195       0.47021
2335      0.25512      -0.02161       0.52403
2336      0.14800      -0.00038       0.50622
2337      0.16529      -0.05352       0.53021
2338      0.16960      -0.01468       0.57082
2339      0.20686       0.03591       0.54173
2340      0.22457      -0.01673       0.56684
2341      0.42426      -0.00476       0.22440
2342      0.37319      -0.01356       0.27950
2343      0.48234      -0.04325       0.20287
2344      0.49921      -0.00628       0.20442
2345      0.38659       0.02930       0.28426
2346      0.46154       0.02778       0.26428
2347      0.41224       0.02055       0.32173
2348      0.51809      -0.00968       0.24165
2349      0.55620      -0.07155       0.14568
2350      0.52406      -0.03908       0.15228
2351      0.58701      -0.04114       0.13352
2352      0.59980      -0.04607       0.17689
2353      0.56216      -0.00834       0.18566
2354      0.49137      -0.16900       0.31086
2355      0.39310      -0.12438       0.35242
2356      0.43236      -0.16936       0.36305
2357      0.49927      -0.15867       0.35652
2358      0.40206      -0.13193       0.41003
2359      0.52804      -0.12155       0.34777
2360      0.43297      -0.08472       0.39709
2361      0.46897      -0.12124       0.40349
2362      0.09584      -0.10176       0.88910
2363      0.09262      -0.09762       0.93200
2364      0.11552      -0.13290       0.93398
2365      0.11874      -0.13703       0.89109
2366      0.14646      -0.09713       0.87169
2367      0.12058      -0.05827       0.90940
2368      0.14093      -0.08861       0.95412
2369      0.16569      -0.12754       0.91347
2370      0.17120      -0.05365       0.89199
2371      0.16889      -0.04926       0.93153
2372      0.19110      -0.08325       0.93361
2373      0.19341      -0.08764       0.89407
2374      0.12527      -0.14149       0.84719
2375      0.14353      -0.17255       0.89207
2376      0.15006      -0.17700       0.84818
2377      0.17675      -0.13563       0.83073
2378      0.19433      -0.16563       0.87486
2379      0.19795      -0.09127       0.85523
2380      0.21649      -0.12063       0.89626
2381      0.22102      -0.12426       0.85741
2382      0.17796      -0.21220       0.84992
2383      0.16895      -0.20884       0.89309
2384      0.19607      -0.24292       0.89659
2385      0.20508      -0.24629       0.85342
2386      0.23034      -0.20285       0.83387
2387      0.21505      -0.19792       0.91825
2388      0.24707      -0.23212       0.88477
2389      0.24671      -0.15628       0.85881
2390      0.24043      -0.15471       0.90002
2391      0.26605      -0.18712       0.90642
2392      0.27233      -0.18868       0.86521
2393      0.21906      -0.25241       0.80884
2394      0.23675      -0.28199       0.85820
2395      0.28354      -0.19293       0.82023
2396      0.30231      -0.22271       0.87300
2397      0.40556      -0.46386       0.95367
2398      0.39257      -0.46256       1.00659
2399      0.44798      -0.50148       0.96248
2400      0.46319      -0.44909       0.94025
2401      0.40659      -0.40791       0.97746
2402      0.46422      -0.39315       0.96404
2403      0.45610      -0.39461       1.01314
2404      0.50386      -0.42920       0.97895
2405      0.48967      -0.53072       0.93867
2406      0.45537      -0.49962       0.92194
2407      0.50554      -0.47936       0.91553
2408      0.55015      -0.46155       0.95166
2409      0.51336      -0.42883       0.93383
2410     -0.07152       0.31910       0.76008
2411     -0.07678       0.35438       0.74877
2412     -0.07846       0.34234       0.77737
2413     -0.03257       0.33336       0.78748
2414     -0.03789       0.36747       0.77759
2415      0.01394       0.33652       0.77157
2416      0.00898       0.36965       0.76166
2417      0.00800       0.35850       0.78770
2418     -0.12044       0.45720       1.03308
2419     -0.12041       0.46614       0.99960
2420     -0.07156       0.45673       1.01006
2421     -0.02917       0.47801       1.03680
2422     -0.02910       0.48423       1.00438
2423     -0.09667       0.41325       0.82817
2424     -0.09490       0.42275       0.80074
2425     -0.04919       0.41300       0.81165
2426     -0.00828       0.42730       0.83854
2427     -0.00685       0.43573       0.81203
2428     -0.11019       0.55694       0.82127
2429     -0.11625       0.59471       0.84872
2430     -0.12211       0.57137       0.89352
2431     -0.06487       0.59488       0.81865
2432     -0.07688       0.59774       0.89400
2433     -0.02017       0.56096       0.83578
2434     -0.02551       0.59791       0.86393
2435     -0.03075       0.57730       0.90673
2436     -0.12702       0.60170       0.91354
2437     -0.13105       0.58700       0.94811
2438     -0.08529       0.61094       0.94718
2439     -0.03516       0.60698       0.92764
2440     -0.03881       0.59386       0.96133
2441     -0.14878       0.71832       1.02226
2442     -0.13657       0.66220       0.96128
2443     -0.13787       0.72100       0.96304
2444     -0.09699       0.74906       1.00916
2445     -0.08516       0.69174       0.93358
2446     -0.05496       0.71899       1.04235
2447     -0.04348       0.66431       0.97654
2448     -0.04428       0.71981       0.97971
2449     -0.10182       0.80386       0.77607
2450     -0.09690       0.77004       0.75148
2451     -0.05748       0.76782       0.78715
2452     -0.01063       0.80150       0.79651
2453     -0.00660       0.76783       0.77254
2454     -0.06013       0.96517       0.66888
2455     -0.06351       1.00283       0.68735
2456      0.02685       0.95552       0.70435
2457      0.02439       0.99320       0.72280
2458     -0.06650       1.03214       0.70493
2459      0.02233       1.01922       0.73886
2460     -0.06687       0.68467       0.62293
2461     -0.06059       0.65609       0.59713
2462     -0.05263       0.69101       0.57887
2463     -0.02426       0.65084       0.63075
2464     -0.01164       0.65737       0.58964
2465      0.01984       0.67994       0.64689
2466      0.02469       0.65213       0.62326
2467      0.03155       0.68480       0.60893
2468      0.00063       0.31690       0.51192
2469      0.02086       0.28531       0.49031
2470      0.02893       0.31041       0.46194
2471      0.00871       0.34199       0.48355
2472      0.03309       0.35063       0.52395
2473      0.04048       0.30113       0.53323
2474      0.06970       0.29147       0.48310
2475      0.05532       0.34898       0.47944
2476      0.07294       0.33487       0.54527
2477      0.08932       0.30729       0.52603
2478      0.09608       0.33004       0.50060
2479      0.07970       0.35762       0.51983
2480     -0.00850       0.37416       0.50656
2481      0.01538       0.37260       0.45924
2482     -0.00183       0.40477       0.48225
2483      0.02436       0.41127       0.52228
2484      0.04581       0.41052       0.47708
2485      0.06595       0.38774       0.53967
2486      0.08574       0.38690       0.49728
2487      0.07200       0.41702       0.51711
2488      0.01423       0.91548       0.50667
2489      0.02843       0.94568       0.49398
2490      0.02015       0.97080       0.51654
2491      0.06420       0.90975       0.51238
2492      0.06946       0.96393       0.52419
2493      0.09223       0.89951       0.55327
2494      0.10523       0.92800       0.54260
2495      0.09787       0.95323       0.56478
2496      0.03404       1.00052       0.50589
2497      0.11048       0.98116       0.55623
2498      0.09546       0.64830       0.31890
2499      0.11903       0.67557       0.29462
2500      0.07507       0.67673       0.34786
2501      0.14805       0.64299       0.32187
2502      0.16105       0.64230       0.37326
2503      0.18363       0.66865       0.35068
2504      0.14296       0.66836       0.40071
2505      0.03671       0.66513       0.39817
2506      0.10782       0.65765       0.44738
2507      0.12378       0.79192       0.31098
2508      0.10353       0.81706       0.34299
2509      0.07998       0.78496       0.36446
2510      0.15877       0.81281       0.34467
2511      0.11814       0.80554       0.39471
2512      0.19221       0.77833       0.36549
2513      0.17338       0.80128       0.39639
2514      0.15002       0.77078       0.41730
2515      0.06103       0.81045       0.39830
2516      0.03667       0.77829       0.42333
2517      0.07589       0.79933       0.45287
2518      0.13300       0.79441       0.44928
2519      0.10938       0.76361       0.47305
2520      0.30516       0.78416       0.10200
2521      0.29663       0.85895       0.11787
2522      0.27055       0.81584       0.14409
2523      0.30369       0.77884       0.16634
2524      0.30352       0.84410       0.17929
2525      0.36820       0.77912       0.16202
2526      0.36469       0.85286       0.17468
2527      0.33665       0.80710       0.20154
2528      0.24198       0.77945       0.16932
2529      0.24105       0.84448       0.18339
2530      0.21248       0.80809       0.20861
2531      0.24477       0.77102       0.23054
2532      0.24629       0.83289       0.24376
2533      0.30648       0.77041       0.22757
2534      0.30876       0.83251       0.23966
2535      0.27858       0.79582       0.26569
2536      0.32725       0.99794       0.11480
2537      0.34408       0.97267       0.08408
2538      0.38168       0.98686       0.11816
2539      0.39513       0.97321       0.17095
2540      0.41023       0.95023       0.14234
2541      0.36889       0.99574       0.06643
2542      0.38068       0.96315       0.04280
2543      0.41948       0.97878       0.07519
2544      0.43228       0.96989       0.12692
2545      0.44228       0.94269       0.10609
2546      0.33390       0.59352       0.08105
2547      0.31297       0.56744       0.10405
2548      0.35629       0.53634       0.07597
2549      0.37722       0.56243       0.05297
2550      0.39283       0.59885       0.08410
2551      0.32734       0.60058       0.13926
2552      0.35036       0.54628       0.12958
2553      0.41036       0.54217       0.08349
2554      0.38627       0.60591       0.14231
2555      0.36473       0.57942       0.16479
2556      0.40443       0.55211       0.13710
2557      0.42597       0.57860       0.11462
2558      0.42709       0.55225       0.01468
2559      0.38912       0.58841       0.03417
2560      0.41519       0.52626       0.03348
2561      0.46688       0.52971       0.04386
2562      0.43961       0.59236       0.04281
2563      0.47940       0.56982       0.07199
2564      0.44332       0.60280       0.09274
2565      0.46205       0.54562       0.09388
2566      0.19930      -0.24120       1.13199
2567      0.17365      -0.21059       1.12258
2568      0.20781      -0.24149       1.16925
2569      0.25300      -0.22736       1.14668
2570      0.21867      -0.19777       1.10169
2571      0.27238      -0.18393       1.11638
2572      0.24908      -0.15645       1.10850
2573      0.28013      -0.18262       1.15183
2574      0.23903      -0.26205       1.22202
2575      0.23705      -0.27040       1.18640
2576      0.29264      -0.25339       1.20704
2577      0.31097      -0.20127       1.20354
2578      0.30859      -0.21035       1.16732
2579      0.09713      -0.10269       1.00788
2580      0.07717      -0.07034       0.99709
2581      0.12461      -0.06129       0.98249
2582      0.17550      -0.05517       1.00548
2583      0.15545      -0.02310       0.99477
2584      0.02882       0.01563       0.89612
2585      0.01501       0.04354       0.89385
2586      0.01513       0.04137       0.92278
2587      0.02894       0.01346       0.92505
2588      0.07562       0.02101       0.91677
2589      0.06163       0.05110       0.87832
2590      0.04881       0.07511       0.91206
2591      0.06262       0.04663       0.93436
2592      0.10842       0.05648       0.89898
2593      0.09543       0.08267       0.89654
2594      0.09631       0.08037       0.92365
2595      0.10930       0.05418       0.92609
2596      0.04247      -0.01206       0.93702
2597      0.02296       0.02566       0.95982
2598      0.12191       0.03087       0.93691
2599      0.10425       0.06593       0.95895
2600      0.00371       0.06659       0.93847
2601      0.01154       0.05088       0.97551
2602      0.04106       0.09499       0.96447
2603      0.08617       0.10351       0.93807
2604      0.09411       0.08907       0.97336
2605     -0.01794       0.12556       1.05682
2606     -0.01926       0.12671       1.01267
2607     -0.03295       0.16447       1.02389
2608      0.03187       0.12303       1.02730
2609      0.01527       0.16336       0.99615
2610      0.06858       0.15838       1.05539
2611      0.06641       0.15967       1.01077
2612      0.05379       0.19533       1.02181
2613     -0.03503       0.16729       0.98258
2614     -0.04691       0.20245       0.99436
2615      0.00067       0.20214       0.96725
2616      0.05097       0.19820       0.98082
2617      0.03988       0.23199       0.99205
2618     -0.08938       0.34872       1.11596
2619     -0.09694       0.37408       1.12628
2620     -0.09408       0.36873       1.15408
2621     -0.04941       0.37740       1.10478
2622     -0.05411       0.39901       1.14420
2623      0.00073       0.37659       1.11191
2624     -0.00658       0.40234       1.12270
2625     -0.00339       0.39755       1.15071
2626     -0.09719       0.38264       1.18985
2627     -0.10134       0.39242       1.16496
2628     -0.05777       0.41548       1.18268
2629     -0.00615       0.41287       1.18603
2630     -0.01054       0.42208       1.16192
2631     -0.10237       0.38528       1.06724
2632     -0.09961       0.37970       1.09819
2633     -0.09201       0.35239       1.08560
2634     -0.05949       0.40874       1.08819
2635     -0.01215       0.41078       1.06502
2636     -0.00928       0.40645       1.09478
2637     -0.00225       0.37970       1.08166
2638      0.26264       0.07042       0.31442
2639      0.32119       0.02587       0.29452
2640      0.35735       0.04650       0.24728
2641      0.29880       0.09106       0.26717
2642      0.27143       0.11641       0.32612
2643      0.29520       0.05654       0.34797
2644      0.36639       0.09479       0.25307
2645      0.30399       0.10253       0.35968
2646      0.36059       0.05998       0.33771
2647      0.39563       0.07759       0.29005
2648      0.33903       0.12014       0.31202
2649      0.23854       0.12673       0.29931
2650      0.33462       0.10791       0.22589
2651      0.28191       0.15411       0.34596
2652      0.37343       0.13485       0.27075
2653      0.57313      -0.04279       0.09398
2654      0.47925       0.01223       0.16084
2655      0.61391      -0.01633       0.12110
2656      0.51585       0.04106       0.19833
2657      0.33174      -0.13447       0.41634
2658      0.34551      -0.08102       0.35957
2659      0.37369      -0.09331       0.46289
2660      0.38672      -0.04336       0.40442
2661      0.32824      -0.02551       0.33006
2662      0.36888       0.01039       0.37375
2663      0.31477      -0.23801       0.56719
2664      0.27349      -0.23459       0.61745
2665      0.31800      -0.27083       0.61992
2666      0.35928      -0.27426       0.56965
2667      0.38031      -0.22756       0.56122
2668      0.29462      -0.19006       0.60829
2669      0.30429      -0.22127       0.65720
2670      0.38040      -0.26070       0.61579
2671      0.36016      -0.17960       0.60232
2672      0.32543      -0.17675       0.64804
2673      0.36670      -0.21114       0.65308
2674      0.40143      -0.21400       0.60735
2675      0.42429      -0.30080       0.53705
2676      0.39514      -0.27110       0.52549
2677      0.38843      -0.30396       0.58122
2678      0.44420      -0.29056       0.58479
2679      0.45247      -0.25709       0.52817
2680      0.47237      -0.24685       0.57591
2681      0.43764      -0.21355       0.56389
2682      0.43617      -0.24729       0.61936
2683      0.20216      -0.22162       0.76066
2684      0.18818      -0.21661       0.80575
2685      0.23305      -0.25742       0.76375
2686      0.25625      -0.21347       0.74927
2687      0.21303      -0.17435       0.78952
2688      0.26712      -0.16620       0.77812
2689      0.25519      -0.16058       0.81764
2690      0.29546      -0.19855       0.78072
2691      0.25514      -0.26252       0.71686
2692      0.31412      -0.20437       0.74138
2693      0.25562      -0.31529       0.91070
2694      0.22316      -0.27796       0.90531
2695      0.26753      -0.26552       0.93682
2696      0.32228      -0.25493       0.92255
2697      0.29144      -0.21968       0.91627
2698      0.19219      -0.24462       0.94200
2699      0.21928      -0.27966       0.95072
2700      0.24126      -0.23589       0.97113
2701      0.26412      -0.18919       0.94738
2702      0.28952      -0.22175       0.95723
2703      0.31080      -0.38283       0.97943
2704      0.34966      -0.41977       0.99141
2705      0.36094      -0.42605       0.94581
2706      0.35534      -0.36348       1.01108
2707      0.37532      -0.31702       0.98466
2708      0.41228      -0.35163       0.99713
2709      0.42178      -0.35778       0.95657
2710      0.42103      -0.46867       0.90589
2711      0.47744      -0.39783       0.92067
2712      0.04327       0.25442       0.46974
2713      0.00865       0.26940       0.52464
2714      0.10821       0.27915       0.50760
2715      0.07927       0.29293       0.55707
2716     -0.00877       0.29926       0.54473
2717     -0.01938       0.28709       0.58023
2718      0.01560       0.31712       0.58714
2719      0.06485       0.31900       0.57564
2720      0.05614       0.30823       0.60789
2721     -0.07898       0.32992       0.80675
2722     -0.08471       0.36559       0.79525
2723     -0.08524       0.35318       0.82462
2724     -0.03852       0.34416       0.83391
2725     -0.04445       0.37978       0.82263
2726      0.00789       0.34760       0.81464
2727      0.00237       0.38167       0.80497
2728      0.00226       0.37077       0.83191
2729     -0.11405       0.43647       0.98429
2730     -0.11357       0.44468       0.95038
2731     -0.06572       0.43465       0.96246
2732     -0.02322       0.45491       0.98823
2733     -0.02290       0.46067       0.95670
2734     -0.08934       0.40067       0.78394
2735     -0.08715       0.41271       0.75701
2736     -0.04209       0.40178       0.76784
2737     -0.00193       0.41411       0.79555
2738     -0.00029       0.42514       0.77079
2739     -0.14765       0.58080       1.06271
2740     -0.05440       0.59449       1.07576
2741     -0.09484       0.54404       0.73843
2742     -0.09904       0.56319       0.75692
2743     -0.10264       0.54067       0.77798
2744     -0.05144       0.56784       0.74873
2745     -0.05808       0.56014       0.78334
2746     -0.00695       0.54589       0.75741
2747     -0.01048       0.56479       0.77515
2748     -0.01370       0.54378       0.79438
2749     -0.10622       0.57671       0.79251
2750     -0.01673       0.57831       0.80949
2751     -0.09735       0.59522       0.74757
2752     -0.10453       0.60874       0.78316
2753     -0.05458       0.62326       0.76520
2754     -0.00867       0.59588       0.76635
2755     -0.01492       0.60940       0.80069
2756     -0.10273       0.73082       0.77472
2757     -0.09671       0.69796       0.74608
2758     -0.05743       0.69297       0.78157
2759     -0.01218       0.72997       0.79399
2760     -0.00706       0.69712       0.76596
2761     -0.09006       0.66968       0.71480
2762     -0.08401       0.64111       0.68692
2763     -0.07894       0.67787       0.66819
2764     -0.04497       0.63658       0.71930
2765     -0.03491       0.64456       0.67445
2766     -0.00124       0.66901       0.73497
2767      0.00413       0.64003       0.70683
2768      0.00896       0.67537       0.68993
2769     -0.06358       0.90356       0.66281
2770      0.02361       0.89667       0.69581
2771     -0.06769       0.62114       0.61570
2772     -0.06028       0.59257       0.58973
2773     -0.05318       0.62752       0.57116
2774     -0.02514       0.58925       0.62377
2775     -0.01127       0.59557       0.58211
2776      0.01829       0.61895       0.63882
2777      0.02387       0.59224       0.61615
2778      0.03027       0.62542       0.60058
2779     -0.02723       0.90826       0.58120
2780      0.05545       0.89514       0.62127
2781     -0.01889       0.43752       0.50712
2782      0.00418       0.43786       0.45912
2783     -0.01288       0.47061       0.48399
2784      0.01440       0.47454       0.52453
2785      0.03529       0.47562       0.47918
2786      0.05766       0.44829       0.53968
2787      0.07692       0.44829       0.49714
2788      0.06258       0.47955       0.51972
2789     -0.01623       0.64185       0.48367
2790     -0.00384       0.61490       0.45633
2791      0.00775       0.65080       0.44115
2792     -0.00465       0.67775       0.46849
2793      0.02335       0.66978       0.50794
2794      0.02307       0.60867       0.49684
2795      0.04436       0.67774       0.47065
2796      0.06266       0.63660       0.52110
2797      0.07202       0.61027       0.49751
2798      0.08172       0.64344       0.48650
2799      0.07235       0.66976       0.51010
2800     -0.01567       0.70439       0.49403
2801      0.00685       0.71194       0.45361
2802     -0.00417       0.73858       0.47915
2803      0.02493       0.73052       0.51846
2804      0.04500       0.73669       0.48135
2805      0.06395       0.69590       0.53237
2806      0.08250       0.70249       0.49839
2807      0.07410       0.72863       0.52066
2808      0.11791       0.55222       0.29100
2809      0.09483       0.58584       0.31607
2810      0.09694       0.52452       0.31689
2811      0.15187       0.52253       0.31596
2812      0.14496       0.58465       0.32131
2813      0.17892       0.55496       0.34627
2814      0.15878       0.58583       0.37016
2815      0.15868       0.52897       0.37067
2816      0.10333       0.46021       0.31747
2817      0.12977       0.48870       0.28419
2818      0.07051       0.49603       0.35017
2819      0.10042       0.46634       0.38051
2820      0.16559       0.46162       0.30761
2821      0.16267       0.46775       0.37065
2822      0.18769       0.49545       0.33938
2823      0.13366       0.50128       0.40194
2824      0.02630       0.51272       0.40861
2825      0.04905       0.46660       0.38180
2826      0.06327       0.47353       0.43111
2827      0.09604       0.51761       0.45412
2828      0.11464       0.47327       0.42982
2829      0.02020       0.68699       0.42749
2830      0.09367       0.67855       0.47450
2831      0.02043       0.74549       0.43882
2832      0.09473       0.73377       0.48603
2833      0.10958       0.88398       0.35655
2834      0.09115       0.90695       0.38840
2835      0.12483       0.87052       0.40782
2836      0.18008       0.86565       0.41045
2837      0.16263       0.88800       0.44181
2838      0.06736       0.87306       0.41012
2839      0.04857       0.89536       0.44460
2840      0.08286       0.85814       0.46356
2841      0.14033       0.85559       0.46127
2842      0.12323       0.87748       0.49429
2843      0.03857       0.92098       0.46944
2844      0.04471       0.97663       0.48075
2845      0.11457       0.90348       0.51827
2846      0.12016       0.95721       0.53149
2847      0.06079       1.00705       0.46899
2848      0.05012       1.03093       0.49413
2849      0.10046       1.02347       0.50254
2850      0.13509       0.98634       0.52160
2851      0.12541       1.01029       0.54634
2852      0.18612       0.83514       0.24552
2853      0.21428       0.87235       0.22243
2854      0.16192       0.86171       0.28275
2855      0.19305       0.82261       0.30387
2856      0.25322       0.82037       0.30211
2857      0.28249       0.85675       0.27834
2858      0.23018       0.84447       0.33835
2859      0.12713       0.85465       0.32471
2860      0.14175       0.82554       0.29673
2861      0.19648       0.83728       0.37914
2862      0.21007       0.80987       0.35181
2863      0.34920       1.06803       0.12363
2864      0.35970       1.03299       0.09340
2865      0.40256       1.05097       0.12763
2866      0.41531       1.03780       0.18115
2867      0.42454       1.00484       0.15239
2868      0.39531       1.06113       0.07142
2869      0.40450       1.02389       0.04445
2870      0.44985       1.04036       0.07676
2871      0.45709       1.03020       0.13296
2872      0.46483       0.99526       0.10749
2873      0.40660       0.94626       0.01425
2874      0.40255       0.98546       0.02873
2875      0.44664       0.96862       0.04582
2876      0.46733       0.93023       0.07915
2877      0.46357       0.96194       0.09228
2878      0.45097       0.48671       0.01413
2879      0.39620       0.50133       0.05366
2880      0.43198       0.46177       0.03431
2881      0.48277       0.45922       0.04278
2882      0.42826       0.47429       0.08483
2883      0.49868       0.50223       0.07252
2884      0.44242       0.51514       0.11466
2885      0.47906       0.47174       0.09330
2886      0.46300       0.42128       0.01390
2887      0.40502       0.44083       0.05838
2888      0.43604       0.40033       0.03797
2889      0.49101       0.39209       0.04107
2890      0.42708       0.41615       0.09141
2891      0.51078       0.43004       0.06995
2892      0.45033       0.44962       0.11786
2893      0.48205       0.40791       0.09451
2894     -0.06470       0.29652       0.74489
2895      0.01960       0.31567       0.75826
2896      0.16545      -0.20674       1.08042
2897      0.14188      -0.17322       1.06825
2898      0.18910      -0.16422       1.04974
2899      0.24232      -0.15525       1.07102
2900      0.22129      -0.12557       1.06143
2901      0.07585      -0.06961       0.95976
2902      0.05755      -0.03917       0.94694
2903      0.10482      -0.03108       0.93497
2904      0.15358      -0.02276       0.95770
2905      0.13602       0.00589       0.94519
2906      0.08557      -0.07131       1.12147
2907      0.16416      -0.02093       1.11490
2908     -0.03118       0.16851       1.15464
2909     -0.04076       0.20338       1.18515
2910     -0.02942       0.16836       1.18600
2911      0.02081       0.16527       1.17487
2912      0.01022       0.20145       1.19086
2913      0.05821       0.19841       1.15034
2914      0.04963       0.23209       1.17907
2915      0.06045       0.19835       1.17974
2916     -0.02647       0.17293       1.23782
2917     -0.02171       0.15150       1.20909
2918     -0.03417       0.18979       1.21473
2919      0.01192       0.20799       1.23112
2920      0.02575       0.16845       1.23614
2921      0.06414       0.20351       1.22944
2922      0.06827       0.18222       1.20192
2923      0.05632       0.21964       1.20725
2924     -0.03878       0.20845       1.23240
2925      0.05221       0.23808       1.22480
2926     -0.00581       0.09160       0.99681
2927     -0.00920       0.09755       0.95295
2928     -0.02265       0.13267       0.96881
2929      0.02469       0.13390       0.93977
2930      0.07875       0.12641       0.99496
2931      0.07495       0.13134       0.95129
2932      0.06261       0.16460       0.96710
2933     -0.02513       0.13750       0.92692
2934     -0.03751       0.17212       0.94070
2935      0.00966       0.17266       0.91300
2936      0.05948       0.16907       0.92584
2937      0.04784       0.20267       0.93956
2938     -0.05803       0.23631       1.00727
2939     -0.06833       0.26859       1.01801
2940     -0.02096       0.26909       0.99262
2941      0.02938       0.26509       1.00451
2942      0.01945       0.29720       1.01491
2943     -0.08399       0.32520       1.07504
2944      0.00535       0.35274       1.07091
2945     -0.10683       0.40477       1.11051
2946     -0.10415       0.39916       1.13860
2947     -0.06350       0.42786       1.13058
2948     -0.01616       0.43182       1.10827
2949     -0.01346       0.42772       1.13618
2950      0.10752       0.14683       0.43862
2951      0.14536       0.11772       0.40718
2952      0.16634       0.13687       0.36695
2953      0.14276       0.13793       0.46485
2954      0.20233       0.12680       0.39052
2955      0.16652       0.17445       0.47795
2956      0.19973       0.14700       0.44819
2957      0.21785       0.16349       0.41093
2958      0.21378       0.10712       0.33586
2959      0.25999       0.13608       0.38079
2960      0.41234       0.06349       0.18372
2961      0.44994       0.09087       0.22411
2962      0.27483      -0.13346       0.46966
2963      0.31887      -0.17095       0.46522
2964      0.37578      -0.17196       0.41190
2965      0.29108      -0.12717       0.51494
2966      0.39005      -0.16669       0.45817
2967      0.31962      -0.08956       0.51448
2968      0.36226      -0.12291       0.50789
2969      0.41633      -0.12665       0.45630
2970      0.47693      -0.20206       0.36701
2971      0.42035      -0.20466       0.41585
2972      0.48487      -0.19253       0.41901
2973      0.50720      -0.14914       0.40852
2974      0.45456      -0.15455       0.46133
2975      0.13340      -0.11760       0.71335
2976      0.11896      -0.11388       0.75876
2977      0.14602      -0.14986       0.75833
2978      0.16046      -0.15359       0.71292
2979      0.18667      -0.11208       0.70134
2980      0.16095      -0.10499       0.78663
2981      0.19921      -0.14334       0.74509
2982      0.20098      -0.06926       0.73265
2983      0.18970      -0.06590       0.77253
2984      0.21415      -0.09847       0.77340
2985      0.22542      -0.10183       0.73352
2986      0.18008      -0.15746       0.66589
2987      0.19063      -0.18992       0.71291
2988      0.21025      -0.19378       0.66588
2989      0.23585      -0.15074       0.65294
2990      0.24527      -0.18289       0.70268
2991      0.24244      -0.10537       0.68840
2992      0.25386      -0.13631       0.73486
2993      0.27087      -0.13985       0.68974
2994      0.23740      -0.19786       0.61686
2995      0.24633      -0.23051       0.66647
2996      0.29307      -0.14294       0.64438
2997      0.30323      -0.17366       0.69341
2998      0.16028      -0.18141       0.80401
2999      0.22951      -0.12856       0.81624
3000      0.31245      -0.38592       1.07468
3001      0.33477      -0.41060       1.03997
3002      0.30599      -0.37968       1.01567
3003      0.28368      -0.35500       1.05037
3004      0.31401      -0.31720       1.07527
3005      0.37946      -0.39085       1.07204
3006      0.32306      -0.33100       1.02188
3007      0.38103      -0.32213       1.07264
3008      0.40004      -0.34374       1.04315
3009      0.37241      -0.31481       1.01729
3010      0.35340      -0.29320       1.04677
3011      0.24876      -0.31809       1.00272
3012      0.25632      -0.32509       1.05124
3013      0.27611      -0.34800       1.00185
3014      0.29760      -0.30278       0.98325
3015      0.26869      -0.27179       1.02243
3016      0.31753      -0.25648       1.00297
3017      0.32638      -0.26390       1.04646
3018      0.34455      -0.28578       1.00328
3019      0.28092      -0.35115       0.96561
3020      0.34746      -0.28800       0.97065
3021      0.36931      -0.44156       1.11648
3022      0.41854      -0.48477       1.15183
3023      0.37767      -0.45339       1.05515
3024      0.42485      -0.42422       1.15645
3025      0.43500      -0.37351       1.11202
3026      0.48441      -0.41596       1.13992
3027      0.44386      -0.38671       1.05917
3028     -0.03298       0.31550       0.59955
3029      0.04493       0.33371       0.62527
3030     -0.10703       0.41521       0.93611
3031     -0.10570       0.42243       0.90299
3032     -0.05849       0.41387       0.91589
3033     -0.01717       0.43331       0.94223
3034     -0.01622       0.43934       0.91074
3035     -0.08340       0.49132       0.69865
3036     -0.08949       0.52037       0.71697
3037     -0.08724       0.46501       0.72292
3038     -0.03914       0.46619       0.71122
3039     -0.04163       0.52179       0.70676
3040      0.00264       0.49667       0.71933
3041     -0.00249       0.52351       0.73691
3042     -0.00084       0.47302       0.74148
3043     -0.08423       0.42657       0.72968
3044     -0.08080       0.44286       0.70386
3045     -0.03673       0.42799       0.71507
3046      0.00214       0.43748       0.74535
3047      0.00493       0.45132       0.72243
3048     -0.13647       0.62033       0.96835
3049     -0.04371       0.62538       0.98307
3050     -0.10716       0.83926       0.80630
3051     -0.10419       0.89294       0.80106
3052     -0.11132       0.86186       0.82950
3053     -0.06713       0.83799       0.84662
3054     -0.06255       0.88323       0.83138
3055     -0.01494       0.83627       0.82575
3056     -0.01170       0.88964       0.82238
3057     -0.01836       0.85936       0.84849
3058     -0.11674       0.89996       0.86718
3059     -0.11693       0.86123       0.86115
3060     -0.11113       0.90060       0.83553
3061     -0.06604       0.91500       0.85832
3062     -0.07287       0.88157       0.89211
3063     -0.02216       0.89661       0.88326
3064     -0.02306       0.85833       0.87758
3065     -0.01746       0.89763       0.85417
3066     -0.11004       0.92957       0.83548
3067     -0.01592       0.92613       0.85402
3068     -0.10083       0.65821       0.76396
3069     -0.09419       0.62993       0.73268
3070     -0.01118       0.65802       0.78281
3071     -0.00536       0.62991       0.75182
3072     -0.07582       0.55270       0.65466
3073     -0.06897       0.52401       0.62968
3074     -0.06585       0.55777       0.60943
3075     -0.07271       0.58647       0.63441
3076     -0.03399       0.58397       0.66622
3077     -0.03118       0.52443       0.66258
3078     -0.02192       0.52969       0.61875
3079      0.01065       0.55570       0.67414
3080      0.01587       0.53011       0.65165
3081      0.01879       0.56117       0.63309
3082      0.01357       0.58675       0.65558
3083     -0.07816       0.61451       0.66044
3084     -0.07314       0.64918       0.64172
3085      0.00926       0.61402       0.68024
3086      0.01398       0.64622       0.66348
3087     -0.06650       0.84188       0.65959
3088      0.02069       0.83585       0.69022
3089     -0.05590       0.52859       0.58364
3090     -0.05034       0.56339       0.56394
3091     -0.00716       0.53349       0.57503
3092      0.02683       0.53459       0.61014
3093      0.03191       0.56566       0.59320
3094     -0.03340       0.84883       0.57556
3095     -0.02091       0.88006       0.55861
3096      0.01674       0.84477       0.57503
3097      0.05016       0.83799       0.61213
3098      0.06120       0.86695       0.59842
3099     -0.02821       0.50308       0.51121
3100     -0.00552       0.50685       0.46313
3101     -0.02085       0.53932       0.49035
3102      0.00782       0.53756       0.53017
3103      0.02795       0.54368       0.48663
3104      0.05043       0.50901       0.54349
3105      0.06877       0.51245       0.50267
3106      0.05661       0.54191       0.52644
3107     -0.01358       0.85302       0.53594
3108     -0.00001       0.88416       0.52062
3109      0.03674       0.84822       0.53818
3110      0.06706       0.83997       0.57727
3111      0.07901       0.86929       0.56512
3112     -0.00628       0.82553       0.51227
3113      0.00105       0.79863       0.48857
3114      0.01548       0.83095       0.47391
3115      0.00815       0.85784       0.49761
3116      0.03008       0.78808       0.52818
3117      0.05024       0.79369       0.49127
3118      0.05755       0.85177       0.50180
3119      0.07310       0.81077       0.55410
3120      0.07927       0.78313       0.53088
3121      0.09231       0.81451       0.51916
3122      0.08614       0.84215       0.54237
3123      0.02239       0.88916       0.48366
3124      0.09936       0.87237       0.53053
3125      0.11495       0.61510       0.29375
3126      0.17805       0.61254       0.34943
3127      0.00924       0.77173       0.46418
3128      0.02549       0.80453       0.44868
3129      0.08600       0.75865       0.50845
3130      0.10065       0.78849       0.49546
3131      0.04241       0.83711       0.43358
3132      0.03240       0.86354       0.45882
3133      0.11635       0.82035       0.48285
3134      0.10801       0.84637       0.50655
3135      0.08541       1.04128       0.44965
3136      0.10389       1.01837       0.41504
3137      0.14309       1.03593       0.45119
3138      0.15814       1.01812       0.50408
3139      0.17545       0.99487       0.46989
3140      0.12757       1.05488       0.40110
3141      0.19846       1.02961       0.45687
3142      0.26755       0.88137       0.15920
3143      0.33757       0.87043       0.21384
3144      0.43061       1.01218       0.01330
3145      0.43255       1.05060       0.02902
3146      0.47751       1.02949       0.04174
3147      0.49355       0.98593       0.07426
3148      0.49481       1.01925       0.08948
3149      0.26816       0.59310       0.13890
3150      0.24725       0.56108       0.16263
3151      0.29206       0.53542       0.12777
3152      0.26395       0.59377       0.19869
3153      0.28450       0.53579       0.18648
3154      0.32314       0.60125       0.19905
3155      0.30120       0.56848       0.22254
3156      0.34280       0.54665       0.18828
3157      0.20560       0.31081       0.24830
3158      0.17251       0.28913       0.28759
3159      0.22666       0.25257       0.25114
3160      0.25976       0.27426       0.21185
3161      0.27179       0.31133       0.23700
3162      0.18808       0.32752       0.31128
3163      0.20751       0.26998       0.31374
3164      0.29257       0.25563       0.23781
3165      0.25426       0.32804       0.29997
3166      0.22308       0.30837       0.33744
3167      0.27342       0.27303       0.30042
3168      0.30460       0.29270       0.26295
3169      0.29642       0.29510       0.17329
3170      0.31895       0.23698       0.17481
3171      0.35561       0.25782       0.13625
3172      0.36521       0.29510       0.16180
3173      0.38764       0.23794       0.16084
3174      0.34058       0.31133       0.22551
3175      0.36126       0.25659       0.22384
3176      0.39724       0.27522       0.18640
3177      0.01944       0.03664       1.02604
3178      0.02865       0.02197       1.06571
3179      0.04724      -0.01499       1.05232
3180      0.05671       0.06893       1.06511
3181      0.08328       0.01652       1.06298
3182      0.10186       0.07725       1.02347
3183      0.11134       0.06348       1.06238
3184      0.12848       0.02878       1.04855
3185      0.04783      -0.01324       1.08221
3186      0.06347      -0.03923       1.09372
3187      0.09379       0.00146       1.09720
3188      0.12924       0.03122       1.07797
3189      0.14342       0.00817       1.08873
3190      0.04694      -0.00902       1.12178
3191      0.12816       0.03729       1.11859
3192      0.02776       0.02620       1.10528
3193      0.11027       0.06955       1.10300
3194      0.02926       0.03488       1.24900
3195      0.02172       0.04157       1.16176
3196      0.00766       0.07504       1.21369
3197      0.05649       0.08903       1.24395
3198      0.04630       0.09841       1.17737
3199      0.11520       0.07685       1.24337
3200      0.10590       0.08366       1.15878
3201      0.09513       0.11240       1.20763
3202      0.00209       0.07736       1.04734
3203      0.08649       0.11459       1.04507
3204     -0.01766       0.13017       1.15258
3205     -0.01822       0.12780       1.10647
3206      0.03216       0.12772       1.12684
3207      0.07064       0.16282       1.14913
3208      0.06915       0.16083       1.10527
3209      0.00029       0.07355       0.89962
3210     -0.01261       0.10451       0.91409
3211      0.03338       0.10909       0.88813
3212      0.08190       0.11065       0.90057
3213      0.07068       0.13848       0.91380
3214     -0.01442       0.10957       0.87413
3215     -0.02694       0.14255       0.88696
3216      0.02036       0.14361       0.86279
3217      0.06816       0.14314       0.87678
3218      0.05696       0.17373       0.88883
3219     -0.04939       0.20711       0.95451
3220     -0.06051       0.24097       0.96742
3221     -0.01323       0.24130       0.94051
3222      0.03683       0.23633       0.95325
3223      0.02632       0.26942       0.96571
3224     -0.07794       0.29965       1.03060
3225      0.01048       0.32738       1.02781
3226      0.18917       0.08933       0.37215
3227      0.23804       0.05263       0.35071
3228      0.22433       0.08429       0.39659
3229      0.23748       0.12175       0.41496
3230      0.28149       0.08820       0.39385
3231      0.27625       0.01392       0.34508
3232      0.17960       0.04931       0.41654
3233      0.31724       0.04982       0.38973
3234      0.23000       0.08518       0.45719
3235      0.13579       0.07770       0.45156
3236      0.19224       0.11044       0.49041
3237      0.04783       0.02523       0.71917
3238      0.03746       0.02763       0.75946
3239      0.06581      -0.00950       0.72093
3240      0.09835       0.02639       0.71148
3241      0.07155       0.06180       0.74546
3242      0.12208       0.06296       0.73777
3243      0.11316       0.06651       0.77441
3244      0.13952       0.02962       0.73887
3245      0.07894      -0.01155       0.67667
3246      0.09924      -0.04760       0.67282
3247      0.13128      -0.01154       0.66376
3248      0.15070       0.02640       0.69857
3249      0.16984      -0.00764       0.69458
3250      0.05922      -0.03567       0.84458
3251      0.07941      -0.07068       0.84522
3252      0.08616      -0.07425       0.80331
3253      0.10432      -0.02918       0.86884
3254      0.13004      -0.06666       0.82896
3255      0.13618       0.00725       0.85219
3256      0.15495      -0.02516       0.85258
3257      0.16058      -0.02929       0.81356
3258      0.10931      -0.11002       0.80279
3259      0.18168      -0.06163       0.81280
3260      0.24834      -0.31443       0.95748
3261      0.31679      -0.25387       0.96259
3262      0.21970      -0.28332       0.99596
3263      0.29026      -0.22436       0.99760
3264      0.21792      -0.28128       1.04715
3265      0.22065      -0.27671       1.09546
3266      0.25905      -0.32052       1.09956
3267      0.23756      -0.23059       1.06587
3268      0.27489      -0.26316       1.11260
3269      0.28833      -0.22110       1.04116
3270      0.29179      -0.21705       1.08302
3271      0.32984      -0.25984       1.08831
3272      0.46462      -0.49780       0.88070
3273      0.52201      -0.42853       0.89739
3274     -0.08546       0.34210       0.85580
3275     -0.09181       0.37859       0.84188
3276     -0.09204       0.36752       0.87306
3277     -0.04474       0.35948       0.88390
3278     -0.05118       0.39486       0.86895
3279      0.00220       0.36154       0.86200
3280     -0.00382       0.39605       0.84970
3281     -0.00388       0.38683       0.87978
3282     -0.11338       0.63429       0.82636
3283     -0.12033       0.65241       0.86318
3284     -0.12320       0.61283       0.88554
3285     -0.07126       0.67428       0.85092
3286     -0.07802       0.63212       0.89182
3287     -0.02275       0.63487       0.84321
3288     -0.02895       0.65398       0.87956
3289     -0.03170       0.61703       0.90028
3290     -0.12676       0.63638       0.90111
3291     -0.13057       0.62525       0.92911
3292     -0.08353       0.64400       0.92528
3293     -0.03478       0.63973       0.91599
3294     -0.03825       0.62969       0.94335
3295     -0.13067       0.66712       0.92204
3296     -0.03802       0.66862       0.93682
3297     -0.12424       0.68315       0.88411
3298     -0.03219       0.68287       0.90039
3299     -0.13872       0.78072       0.97542
3300     -0.12819       0.73506       0.90973
3301     -0.12904       0.79478       0.92211
3302     -0.08604       0.80993       0.95890
3303     -0.07804       0.77729       0.90117
3304     -0.04432       0.77828       0.99265
3305     -0.03502       0.73398       0.92503
3306     -0.03505       0.79245       0.93797
3307     -0.10967       0.68376       0.80716
3308     -0.01902       0.68348       0.82533
3309     -0.11384       0.80442       0.83557
3310     -0.10850       0.76901       0.80534
3311     -0.06798       0.76902       0.84210
3312     -0.02126       0.80260       0.85314
3313     -0.01696       0.76783       0.82391
3314     -0.09124       0.57196       0.71951
3315     -0.08807       0.60668       0.70461
3316     -0.04309       0.57713       0.70925
3317     -0.00329       0.57301       0.73847
3318      0.00001       0.60704       0.72394
3319     -0.08222       0.58007       0.67814
3320      0.00514       0.58103       0.69734
3321     -0.07267       0.71335       0.64940
3322      0.01482       0.70909       0.67335
3323     -0.07023       0.77813       0.65548
3324      0.01711       0.77149       0.68279
3325     -0.02931       0.37767       0.55592
3326     -0.01513       0.34709       0.53317
3327     -0.02269       0.40473       0.52932
3328      0.00712       0.40946       0.56771
3329      0.01175       0.35854       0.57382
3330      0.04818       0.39034       0.58560
3331      0.05996       0.36208       0.56460
3332      0.05417       0.41600       0.56067
3333     -0.03638       0.43557       0.55395
3334     -0.03259       0.46835       0.53176
3335     -0.00054       0.47132       0.56886
3336      0.04297       0.44522       0.58261
3337      0.04646       0.47751       0.56163
3338     -0.03812       0.78780       0.56897
3339     -0.02656       0.82055       0.55181
3340      0.01263       0.78473       0.56579
3341      0.04545       0.77726       0.60328
3342      0.05593       0.80895       0.58900
3343     -0.03175       0.75954       0.54423
3344     -0.02484       0.73197       0.51963
3345     -0.01236       0.76549       0.50354
3346     -0.01926       0.79305       0.52814
3347      0.00661       0.72372       0.55715
3348      0.05099       0.74891       0.57870
3349      0.05639       0.72227       0.55597
3350      0.06737       0.75311       0.54310
3351      0.06197       0.77975       0.56583
3352      0.08599       0.84640       0.37484
3353      0.15698       0.82965       0.42770
3354      0.09506       1.15106       0.48681
3355      0.07187       1.11389       0.49915
3356      0.09014       1.09099       0.46502
3357      0.11333       1.12816       0.45269
3358      0.15080       1.14636       0.49473
3359      0.11107       1.12852       0.53646
3360      0.10638       1.07446       0.51709
3361      0.14613       1.08271       0.46895
3362      0.16681       1.12382       0.54438
3363      0.14558       1.08909       0.55440
3364      0.16238       1.06619       0.52102
3365      0.18360       1.10091       0.51100
3366      0.14080       1.16922       0.44137
3367      0.13317       1.10452       0.41742
3368      0.20927       1.13855       0.50120
3369      0.20373       1.07676       0.47401
3370      0.18529       0.77249       0.23226
3371      0.15893       0.79954       0.26917
3372      0.19178       0.76360       0.29069
3373      0.25126       0.76213       0.28897
3374      0.22590       0.78667       0.32539
3375      0.53004       1.21469       0.01020
3376      0.53244       1.24967       0.02417
3377      0.49423       1.21497       0.03968
3378      0.49184       1.17999       0.02571
3379      0.53772       1.16515       0.04266
3380      0.57975       1.22984       0.04466
3381      0.53761       1.23537       0.07613
3382      0.51165       1.16807       0.07132
3383      0.58743       1.18030       0.07712
3384      0.58493       1.21554       0.09661
3385      0.55503       1.18847       0.10777
3386      0.55754       1.15322       0.08828
3387      0.49077       1.14565       0.01217
3388      0.46572       1.15149       0.04148
3389      0.46465       1.11715       0.02795
3390      0.51042       1.09737       0.04138
3391      0.48438       1.10977       0.07528
3392      0.55738       1.11687       0.07187
3393      0.53031       1.12635       0.10512
3394      0.53015       1.09000       0.08871
3395      0.35419       0.43430       0.09714
3396      0.37668       0.48036       0.07322
3397      0.32585       0.47383       0.11198
3398      0.32734       0.46150       0.16181
3399      0.37084       0.49846       0.12249
3400      0.40023       0.44336       0.15608
3401      0.42243       0.49240       0.13410
3402      0.37233       0.48614       0.17232
3403      0.28115       0.49388       0.14423
3404      0.33676       0.51538       0.09552
3405      0.33069       0.50342       0.20406
3406      0.38443       0.52937       0.15655
3407      0.47469       0.35627       0.01324
3408      0.40998       0.37408       0.06436
3409      0.44864       0.33003       0.03964
3410      0.50409       0.33003       0.03877
3411      0.43707       0.34182       0.09346
3412      0.52040       0.36585       0.06659
3413      0.45416       0.38389       0.12050
3414      0.49251       0.34182       0.09259
3415      0.39197       0.27910       0.09936
3416      0.41686       0.21929       0.09936
3417      0.45322       0.24057       0.06247
3418      0.46048       0.27871       0.08806
3419      0.48579       0.21933       0.08532
3420      0.43371       0.29471       0.15050
3421      0.45657       0.23798       0.14680
3422      0.49304       0.25746       0.11091
3423     -0.07242       0.30752       0.78710
3424      0.01365       0.32608       0.79558
3425      0.13685      -0.16787       1.02567
3426      0.11636      -0.13393       1.01565
3427      0.16331      -0.12376       0.99916
3428      0.21556      -0.12010       1.02324
3429      0.19497      -0.08639       1.01439
3430      0.05783      -0.03944       0.91401
3431      0.04275      -0.01233       0.90409
3432      0.08917      -0.00384       0.89382
3433      0.13615       0.00451       0.91478
3434      0.12204       0.02949       0.90651
3435     -0.00422       0.09497       1.15348
3436     -0.01670       0.13172       1.18764
3437     -0.00327       0.09652       1.18853
3438      0.03479       0.13041       1.19414
3439      0.08269       0.13115       1.15073
3440      0.07231       0.16396       1.18137
3441      0.08436       0.13230       1.18298
3442      0.00280       0.09432       1.24621
3443     -0.00813       0.11580       1.22105
3444      0.03810       0.13456       1.24008
3445      0.09179       0.12927       1.23783
3446      0.08102       0.14917       1.21317
3447     -0.01314       0.13558       1.24250
3448      0.07699       0.16743       1.23372
3449      0.00182       0.07960       1.09699
3450      0.08706       0.11704       1.09495
3451      0.01497       0.04705       0.85865
3452      0.00026       0.07705       0.86443
3453      0.04772       0.08219       0.84519
3454      0.09437       0.08625       0.86486
3455      0.08084       0.11423       0.86888
3456      0.00143       0.08214       0.82573
3457     -0.01324       0.11465       0.83543
3458      0.03469       0.11905       0.81473
3459      0.08097       0.11910       0.83419
3460      0.06829       0.14801       0.84208
3461     -0.03979       0.17723       0.89886
3462     -0.05167       0.21222       0.91267
3463     -0.00437       0.21149       0.88490
3464      0.04508       0.20692       0.89905
3465      0.03407       0.24058       0.91274
3466     -0.07076       0.27359       0.98206
3467      0.01678       0.30115       0.98053
3468     -0.11136       0.42199       1.15254
3469     -0.10855       0.41525       1.17890
3470     -0.06836       0.44562       1.17326
3471     -0.02050       0.45148       1.15130
3472     -0.01758       0.44585       1.17703
3473      0.07448       0.10720       0.53103
3474      0.12016       0.05234       0.50384
3475      0.09011       0.13256       0.47874
3476      0.09944       0.15725       0.52807
3477      0.11503       0.08891       0.56581
3478      0.13999       0.13896       0.56285
3479      0.18014       0.08677       0.53910
3480      0.15209       0.16262       0.51417
3481      0.06247       0.16482       0.50196
3482      0.12765       0.19367       0.53581
3483      0.07320       0.02728       0.63176
3484      0.05834       0.02697       0.67848
3485      0.09379      -0.01124       0.62995
3486      0.12592       0.02585       0.62112
3487      0.09058       0.06495       0.66702
3488      0.14330       0.06352       0.65638
3489      0.13059       0.06438       0.70001
3490      0.16340       0.02554       0.65494
3491      0.11469      -0.01267       0.58157
3492      0.11706      -0.05033       0.62674
3493      0.13795      -0.05176       0.57837
3494      0.17054      -0.04950       0.61524
3495      0.18083       0.02384       0.61037
3496      0.18477      -0.01071       0.65225
3497      0.20219      -0.01241       0.60769
3498      0.19101      -0.09195       0.52725
3499      0.22875      -0.13056       0.52151
3500      0.21830      -0.08755       0.56517
3501      0.24755      -0.05118       0.56415
3502      0.28063      -0.08416       0.55860
3503      0.26618      -0.16794       0.51791
3504      0.31282      -0.20475       0.51541
3505      0.36551      -0.20777       0.46272
3506      0.28750      -0.15708       0.55952
3507      0.38241      -0.19676       0.50771
3508      0.31240      -0.11632       0.55656
3509      0.35709      -0.14909       0.55182
3510      0.40695      -0.15568       0.50316
3511      0.46537      -0.23487       0.42347
3512      0.41052      -0.23798       0.47033
3513      0.47200      -0.22079       0.47309
3514      0.49150      -0.17845       0.46863
3515      0.44389      -0.17958       0.51046
3516      0.26668      -0.20156       0.56697
3517      0.36091      -0.24121       0.51564
3518      0.31544      -0.14558       0.60085
3519      0.40181      -0.18311       0.55330
3520      0.44474      -0.26786       0.48019
3521      0.47972      -0.21002       0.52106
3522      0.28150      -0.26705       0.66888
3523      0.35826      -0.30705       0.62426
3524      0.33579      -0.20764       0.69730
3525      0.40423      -0.24643       0.66135
3526      0.41533      -0.33378       0.59406
3527      0.46864      -0.27983       0.63055
3528      0.11349      -0.13040       0.97680
3529      0.13596      -0.16532       0.98002
3530      0.13799      -0.16782       0.93720
3531      0.18569      -0.15791       0.96235
3532      0.19075      -0.08197       0.97648
3533      0.21304      -0.11635       0.98150
3534      0.21339      -0.11763       0.93862
3535      0.16341      -0.20411       0.93822
3536      0.23733      -0.15172       0.94239
3537      0.36001      -0.42207       1.17594
3538      0.30315      -0.36642       1.13413
3539      0.36448      -0.35503       1.18252
3540      0.42932      -0.35719       1.16304
3541      0.37534      -0.30581       1.12366
3542      0.26414      -0.31103       1.16302
3543      0.30824      -0.35693       1.19759
3544      0.32631      -0.30039       1.19637
3545      0.33705      -0.25252       1.14596
3546      0.38255      -0.29849       1.18130
3547     -0.09249       0.35849       0.90560
3548     -0.09924       0.39523       0.88876
3549     -0.09969       0.38620       0.92129
3550     -0.05187       0.37846       0.93287
3551     -0.00412       0.37945       0.91117
3552     -0.01043       0.41350       0.89608
3553     -0.01067       0.40613       0.92746
3554     -0.09778       0.40311       0.85766
3555     -0.00917       0.41929       0.86635
3556     -0.08094       0.39043       0.73841
3557     -0.07801       0.40430       0.71108
3558     -0.03364       0.39161       0.72326
3559      0.00521       0.40295       0.75269
3560      0.00764       0.41530       0.72725
3561     -0.15623       0.59826       1.09735
3562     -0.06306       0.61399       1.11406
3563     -0.11939       0.77387       0.86339
3564     -0.11774       0.82968       0.85925
3565     -0.12330       0.79913       0.88706
3566     -0.07500       0.81896       0.88860
3567     -0.02663       0.77245       0.87988
3568     -0.02438       0.82727       0.87597
3569     -0.02974       0.79712       0.90270
3570     -0.12964       0.83221       0.93228
3571     -0.12390       0.83656       0.89724
3572     -0.07854       0.85115       0.92111
3573     -0.03495       0.82888       0.94773
3574     -0.02964       0.83355       0.91246
3575     -0.12309       0.86810       0.89914
3576     -0.02832       0.86462       0.91408
3577     -0.11544       0.72196       0.83778
3578     -0.02380       0.72134       0.85524
3579     -0.08589       0.54829       0.69805
3580      0.00117       0.55063       0.71797
3581     -0.07949       0.52092       0.67457
3582      0.00668       0.52530       0.69477
3583     -0.05950       0.49417       0.60419
3584     -0.04800       0.46460       0.57846
3585     -0.04441       0.49903       0.55790
3586     -0.01412       0.46664       0.61443
3587      0.02346       0.50217       0.62899
3588      0.03335       0.47336       0.60483
3589      0.03671       0.50578       0.58598
3590     -0.04003       0.53376       0.53735
3591      0.04069       0.53729       0.56784
3592     -0.04312       0.72568       0.56149
3593      0.04029       0.71648       0.59383
3594     -0.03385       0.56930       0.51838
3595     -0.01290       0.57620       0.47244
3596     -0.02590       0.60618       0.50047
3597      0.00487       0.60193       0.53901
3598      0.04653       0.57019       0.55079
3599      0.06392       0.57615       0.51103
3600      0.05384       0.60443       0.53538
3601     -0.03583       0.69746       0.53592
3602     -0.02665       0.66987       0.51032
3603      0.00360       0.66327       0.54912
3604      0.04604       0.68954       0.57034
3605      0.05360       0.66317       0.54674
3606      0.11472       0.38819       0.31859
3607      0.14433       0.41918       0.27987
3608      0.07372       0.42922       0.35620
3609      0.10846       0.40215       0.38208
3610      0.17812       0.38676       0.30628
3611      0.17186       0.40073       0.36977
3612      0.19937       0.42921       0.33403
3613      0.13515       0.43927       0.40639
3614      0.03382       0.43575       0.40942
3615      0.05849       0.39837       0.38381
3616      0.07193       0.40776       0.43215
3617      0.10139       0.44554       0.45384
3618      0.12189       0.41154       0.43042
3619      0.10900       1.07210       0.43204
3620      0.18022       1.04655       0.48810
3621      0.06654       1.06017       0.48263
3622      0.14030       1.03777       0.53700
3623      0.19345       0.64727       0.21040
3624      0.21870       0.68216       0.18499
3625      0.18770       0.71025       0.22114
3626      0.16245       0.67536       0.24654
3627      0.19526       0.64152       0.27007
3628      0.25262       0.65138       0.20879
3629      0.24672       0.71046       0.21924
3630      0.19272       0.70351       0.28012
3631      0.25443       0.64562       0.26847
3632      0.28064       0.67968       0.24304
3633      0.25174       0.70372       0.27821
3634      0.22553       0.66966       0.30365
3635      0.14037       0.64457       0.26749
3636      0.14110       0.70636       0.27367
3637      0.20294       0.63993       0.32445
3638      0.20622       0.69838       0.32987
3639      0.14096       0.76591       0.28342
3640      0.20804       0.75513       0.33907
3641      0.43453       1.14141       0.07008
3642      0.39352       1.11325       0.09725
3643      0.43633       1.08929       0.04425
3644      0.44938       1.14513       0.12693
3645      0.49923       1.11350       0.13213
3646      0.45842       1.08285       0.15730
3647      0.49790       1.06085       0.10779
3648      0.46087       1.07846       0.01272
3649      0.52706       1.04840       0.07040
3650      0.31791       0.65422       0.08662
3651      0.29270       0.62503       0.11300
3652      0.35911       0.62272       0.05467
3653      0.37874       0.65699       0.08706
3654      0.31409       0.65546       0.14714
3655      0.37493       0.65824       0.14757
3656      0.34873       0.63101       0.17340
3657      0.41246       0.63313       0.11648
3658      0.40304       0.61777       0.01481
3659      0.37303       0.65207       0.03531
3660      0.42459       0.65543       0.04352
3661      0.46117       0.63002       0.07153
3662      0.43031       0.66035       0.09527
3663      0.20437       0.58799       0.20005
3664      0.17999       0.55484       0.22664
3665      0.22288       0.52793       0.18922
3666      0.20216       0.58586       0.26031
3667      0.21483       0.52842       0.25101
3668      0.26175       0.59163       0.25895
3669      0.23700       0.55944       0.28468
3670      0.27645       0.53628       0.24827
3671      0.31317       0.40379       0.13401
3672      0.36896       0.34358       0.10123
3673      0.34497       0.35724       0.16355
3674      0.35914       0.41495       0.19135
3675      0.41307       0.35548       0.15578
3676     -0.08447       0.32968       0.88908
3677     -0.07830       0.31577       0.83638
3678      0.00326       0.35140       0.89414
3679      0.00877       0.33560       0.84193
3680      0.09426      -0.09916       0.96903
3681      0.17128      -0.05074       0.96758
3682      0.04283      -0.00936       0.87146
3683      0.02891       0.01861       0.86349
3684      0.07523       0.02633       0.85405
3685      0.12157       0.03185       0.87642
3686      0.10795       0.05883       0.86889
3687      0.01589       0.09324       0.71556
3688      0.02282       0.10026       0.67460
3689     -0.00232       0.12842       0.72467
3690      0.04125       0.12704       0.74681
3691      0.06609       0.09505       0.70193
3692      0.09145       0.12885       0.73318
3693      0.09695       0.13453       0.69532
3694      0.07449       0.16245       0.74205
3695     -0.00776       0.12289       0.76199
3696     -0.02332       0.15422       0.77129
3697      0.02143       0.15358       0.79091
3698      0.07044       0.15773       0.77573
3699      0.05625       0.18716       0.78432
3700     -0.06281       0.24794       0.92875
3701      0.02389       0.27473       0.92936
3702      0.04965       0.07368       0.63105
3703      0.08685       0.04005       0.57920
3704      0.06330       0.08646       0.57849
3705      0.07932       0.11780       0.61993
3706      0.12024       0.10907       0.65590
3707      0.15410       0.07470       0.60774
3708      0.13105       0.12025       0.60725
3709      0.03766       0.13203       0.58841
3710      0.04884       0.15277       0.54095
3711      0.06581       0.17815       0.58489
3712      0.10747       0.16392       0.61641
3713      0.11641       0.18262       0.57201
3714      0.16367      -0.09019       0.57540
3715      0.22517      -0.04686       0.60500
3716      0.12325      -0.08446       0.66948
3717      0.14106      -0.08720       0.62340
3718      0.17627      -0.08034       0.65681
3719      0.19082      -0.03957       0.69098
3720      0.20575      -0.04264       0.64865
3721      0.19235      -0.12716       0.57199
3722      0.22978      -0.16454       0.56838
3723      0.22564      -0.11977       0.60784
3724      0.25159      -0.08016       0.60102
3725      0.28335      -0.11231       0.59898
3726      0.14931      -0.12079       0.66760
3727      0.21363      -0.07164       0.69055
3728      0.20051      -0.16085       0.61828
3729      0.26098      -0.10967       0.64251
3730      0.13347      -0.14572       0.80323
3731      0.17283      -0.18556       0.75911
3732      0.20423      -0.09490       0.81413
3733      0.23942      -0.13213       0.77550
3734      0.21997      -0.22598       0.71446
3735      0.28155      -0.17038       0.73749
3736      0.18671      -0.24214       0.99297
3737      0.15794      -0.20163       0.98919
3738      0.20608      -0.19410       1.01881
3739      0.26063      -0.18785       0.99697
3740      0.23383      -0.15038       0.99197
3741      0.15882      -0.20418       1.03484
3742      0.23636      -0.15414       1.03371
3743      0.27281      -0.30618       1.21170
3744      0.22838      -0.27525       1.13771
3745      0.34614      -0.24760       1.19171
3746      0.29950      -0.21527       1.12157
3747      0.19157      -0.24266       1.08974
3748      0.26466      -0.18571       1.07783
3749     -0.02453       0.32945       0.56598
3750      0.05188       0.34621       0.59497
3751     -0.03721       0.35786       0.58675
3752     -0.04566       0.34391       0.62031
3753     -0.00734       0.37111       0.62629
3754      0.04161       0.37179       0.61336
3755      0.03466       0.35929       0.64365
3756     -0.09070       0.38873       0.81240
3757     -0.00294       0.40406       0.82189
3758     -0.07241       0.49111       0.65295
3759     -0.07632       0.46150       0.67703
3760     -0.02857       0.46317       0.66446
3761      0.01266       0.49650       0.67408
3762      0.00862       0.46786       0.69865
3763     -0.07390       0.41966       0.68240
3764     -0.06942       0.43831       0.65557
3765     -0.02654       0.42160       0.66933
3766      0.01063       0.42993       0.70200
3767      0.01432       0.44647       0.67822
3768     -0.05279       0.43532       0.60285
3769     -0.04117       0.40629       0.57834
3770     -0.00990       0.41301       0.61708
3771      0.02877       0.44433       0.62866
3772      0.03839       0.41619       0.60645
3773     -0.04415       0.59894       0.54496
3774      0.03776       0.59856       0.57615
3775     -0.04533       0.66278       0.55331
3776      0.03730       0.65786       0.58545
3777     -0.03631       0.63420       0.52711
3778      0.04478       0.63100       0.56102
3779      0.12741       0.32482       0.32345
3780      0.15677       0.34974       0.28278
3781      0.08537       0.36326       0.35926
3782      0.12209       0.34016       0.38419
3783      0.18276       0.34286       0.37202
3784      0.20943       0.36454       0.33478
3785      0.14518       0.37905       0.40702
3786      0.04546       0.36915       0.41123
3787      0.07233       0.33404       0.38667
3788      0.08365       0.34589       0.43449
3789      0.11012       0.38450       0.45541
3790      0.13341       0.35202       0.43201
3791      0.05476       1.08316       0.50889
3792      0.12943       1.06059       0.56297
3793      0.05753       1.13299       0.52765
3794      0.13282       1.10780       0.58159
3795      0.46904       1.18709       0.05254
3796      0.43786       1.17701       0.08114
3797      0.49286       1.18052       0.09630
3798      0.53547       1.16149       0.11508
3799      0.50439       1.14864       0.14209
3800      0.46042       1.24655       0.09032
3801      0.42981       1.20270       0.10435
3802      0.46847       1.22086       0.06711
3803      0.51163       1.23486       0.09998
3804      0.48012       1.22808       0.13746
3805      0.53134       1.21640       0.14712
3806      0.49969       1.17052       0.16003
3807      0.53603       1.19452       0.12917
3808      0.49365       1.24874       0.05425
3809      0.55560       1.22150       0.12186
3810      0.38788       0.74891       0.01575
3811      0.34026       0.75184       0.06400
3812      0.36476       0.71709       0.03843
3813      0.41739       0.71759       0.04644
3814      0.37215       0.71868       0.09101
3815      0.44942       0.74873       0.07593
3816      0.40156       0.75128       0.12468
3817      0.42479       0.71918       0.09903
3818      0.25370       0.65298       0.14830
3819      0.22916       0.62105       0.17421
3820      0.31301       0.65386       0.20763
3821      0.28742       0.62409       0.23327
3822      0.14324       0.58474       0.26250
3823      0.15466       0.52232       0.25514
3824      0.20387       0.58577       0.31912
3825      0.21204       0.52863       0.31183
3826      0.19125       0.37333       0.24414
3827      0.24008       0.33440       0.20966
3828      0.25509       0.37188       0.23639
3829      0.24197       0.38531       0.29853
3830      0.28680       0.34881       0.26372
3831      0.27692       0.35839       0.17233
3832      0.33326       0.31909       0.13596
3833      0.32314       0.37073       0.22761
3834      0.37692       0.33325       0.18940
3835      0.38188       0.19997       0.13729
3836      0.48154       0.18062       0.06221
3837      0.42121       0.22059       0.18423
3838      0.52014       0.19847       0.10660
3839      0.54106       0.16545       0.01078
3840      0.49725       0.20299       0.03667
3841      0.54905       0.20505       0.03202
3842      0.58251       0.18206       0.05063
3843      0.53758       0.22139       0.08067
3844     -0.09196       0.34903       0.93982
3845     -0.00335       0.37150       0.94341
3846      0.07421      -0.06807       0.92272
3847      0.15118      -0.02128       0.92165
3848      0.02984       0.02261       0.83079
3849      0.01591       0.05105       0.82596
3850      0.06288       0.05827       0.81561
3851      0.10827       0.06199       0.83887
3852      0.09468       0.08941       0.83484
3853      0.02272       0.06011       0.75324
3854      0.03144       0.06009       0.71452
3855      0.00717       0.09326       0.75428
3856      0.05034       0.09530       0.77669
3857      0.09917       0.09698       0.76891
3858      0.10621       0.09676       0.73287
3859      0.08441       0.12908       0.76922
3860      0.00317       0.08924       0.78991
3861     -0.01177       0.11887       0.79762
3862      0.08186       0.12511       0.80151
3863      0.06789       0.15375       0.80802
3864     -0.02764       0.14636       0.84644
3865     -0.04049       0.18104       0.85834
3866      0.00735       0.18030       0.83436
3867      0.05535       0.17756       0.85071
3868      0.04347       0.21076       0.86093
3869     -0.02617       0.15058       0.80863
3870     -0.03907       0.18228       0.81613
3871      0.05495       0.18331       0.81665
3872      0.04399       0.21143       0.82209
3873     -0.05392       0.22141       0.86635
3874      0.03148       0.24800       0.86842
3875      0.03052       0.11211       0.63182
3876      0.01641       0.17362       0.59755
3877      0.10247       0.14543       0.65609
3878      0.08822       0.20330       0.62465
3879      0.02626       0.18508       0.55993
3880      0.09596       0.21458       0.58949
3881      0.16974      -0.12418       0.61998
3882      0.23217      -0.07594       0.64467
3883      0.07414      -0.06665       0.88756
3884      0.10111      -0.10579       0.84676
3885      0.15075      -0.02081       0.89069
3886      0.17540      -0.05800       0.85389
3887      0.18494      -0.24010       1.04416
3888      0.25870      -0.18460       1.04052
3889     -0.09993       0.37837       0.95459
3890     -0.10728       0.40738       0.96941
3891     -0.05873       0.39987       0.98000
3892     -0.01067       0.39995       0.95828
3893     -0.01717       0.42714       0.97305
3894     -0.05577       0.37028       0.64033
3895     -0.06174       0.35637       0.67183
3896     -0.02251       0.38300       0.67720
3897      0.02591       0.38383       0.66316
3898      0.02073       0.37159       0.69281
3899     -0.04906       0.38648       0.60917
3900      0.03182       0.39764       0.63420
3901     -0.05927       0.41237       0.63095
3902     -0.06598       0.39617       0.66211
3903      0.02283       0.42224       0.65546
3904      0.01693       0.40843       0.68442
3905     -0.06294       0.46126       0.62747
3906      0.02026       0.46856       0.65142
3907      0.02430       0.40281       0.43429
3908      0.01370       0.47080       0.43424
3909      0.09344       0.41548       0.47494
3910      0.08487       0.47835       0.47605
3911      0.00708       0.54877       0.43751
3912      0.07994       0.55170       0.48075
3913      0.14738       0.26469       0.32669
3914      0.10229       0.30039       0.36255
3915      0.14005       0.28060       0.38711
3916      0.20017       0.28588       0.37416
3917      0.15985       0.32037       0.40875
3918      0.06115       0.30613       0.41414
3919      0.09111       0.27248       0.39002
3920      0.10040       0.28642       0.43765
3921      0.12289       0.32618       0.45800
3922      0.14934       0.29454       0.43473
3923      0.21352       0.74468       0.19620
3924      0.15947       0.73806       0.25720
3925      0.27796       0.73680       0.25357
3926      0.22503       0.72905       0.31361
3927      0.39132       1.16052       0.12613
3928      0.45837       1.12782       0.18384
3929      0.42328       1.24207       0.13810
3930      0.49506       1.20492       0.18977
3931      0.16866       0.61421       0.23624
3932      0.22876       0.61316       0.29414
3933      0.21962       0.41186       0.21061
3934      0.25587       0.45727       0.17229
3935      0.23393       0.46269       0.24130
3936      0.26940       0.42271       0.26708
3937      0.30539       0.46693       0.23082
3938      0.19760       0.49132       0.21729
3939      0.25115       0.49979       0.27503
3940      0.42768       0.30360       0.06464
3941      0.46986       0.31693       0.11688
3942      0.51597       0.22765       0.01168
3943      0.47194       0.26524       0.03748
3944      0.52511       0.26635       0.03617
3945      0.55818       0.24375       0.05651
3946      0.51364       0.27982       0.08675
3947     -0.12199       0.45397       1.14112
3948     -0.11920       0.44582       1.16768
3949     -0.11414       0.43014       1.12599
3950     -0.07394       0.46050       1.12098
3951     -0.07911       0.47677       1.16202
3952     -0.03106       0.48330       1.14188
3953     -0.02826       0.47657       1.16760
3954     -0.02330       0.45822       1.12557
3955     -0.11694       0.43845       1.09711
3956     -0.10963       0.41308       1.08163
3957     -0.06903       0.44265       1.07366
3958     -0.02603       0.46471       1.09753
3959     -0.01890       0.43832       1.08022
3960      0.01764       0.05815       0.79014
3961      0.03238       0.02567       0.79636
3962      0.09557       0.09542       0.80216
3963      0.10956       0.06495       0.80767
3964      0.04428      -0.00701       0.83720
3965      0.12203       0.03411       0.84479
3966      0.05776      -0.03801       0.87884
3967      0.13572       0.00498       0.88382
3968      0.04195       0.06183       0.67383
3969      0.11472       0.09817       0.69512
3970     -0.10652       0.39961       1.00268
3971     -0.11330       0.42870       1.01756
3972     -0.06410       0.42120       1.02677
3973     -0.01631       0.42145       1.00409
3974     -0.02236       0.44922       1.01927
3975     -0.07009       0.38081       0.69080
3976     -0.07437       0.36728       0.72039
3977      0.01394       0.39380       0.70966
3978      0.01082       0.38088       0.73572
3979     -0.08335       0.37753       0.76679
3980      0.00337       0.39172       0.77863
3981      0.07983       0.24529       0.41929
3982      0.05355       0.27760       0.43991
3983      0.13986       0.26891       0.46159
3984      0.11655       0.30029       0.48084
3985      0.03654       0.33894       0.43617
3986      0.10243       0.35593       0.47776
3987      0.19363       0.23169       0.29049
3988      0.12357       0.23995       0.36433
3989      0.24211       0.25303       0.33894
3990      0.17889       0.26163       0.41002
3991      0.30964       0.71779       0.09316
3992      0.27454       0.75011       0.13116
3993      0.30759       0.71617       0.15574
3994      0.37010       0.71706       0.15358
3995      0.33674       0.74491       0.19092
3996      0.24608       0.71534       0.15804
3997      0.30823       0.71129       0.21693
3998      0.39130       0.68331       0.01530
3999      0.34648       0.68584       0.05844
4000      0.45068       0.68970       0.07467
4001      0.40442       0.68983       0.11963
4002      0.17271       0.45770       0.24634
4003      0.22680       0.46661       0.30258
4004      0.49290       0.29167       0.01249
4005      0.53629       0.30471       0.06245
4006      0.28287       0.21740       0.21449
4007      0.32565       0.23911       0.26305
4008     -0.10472       0.39256       1.03572
4009     -0.09894       0.37070       0.98854
4010     -0.01441       0.41596       1.03511
4011     -0.00948       0.39385       0.98979
4012     -0.11912       0.44886       1.06563
4013     -0.12494       0.46617       1.11308
4014     -0.02797       0.47228       1.06785
4015     -0.03378       0.49319       1.11540
4016     -0.13107       0.48168       1.15326
4017     -0.04007       0.51206       1.15600
4018      0.28107       0.68616       0.12135
4019      0.34061       0.68547       0.18152
4020     -0.11197       0.42036       1.05010
4021     -0.02116       0.44349       1.05032
4022      0.51924       1.17905      -0.01079
4023      0.50359       1.11170      -0.00979
4024      0.47575       1.04484      -0.00964
4025      0.45349       0.97838      -0.00885
4026      0.43806       0.91193      -0.00831
4027      0.42330       0.84579      -0.00836
4028      0.41398       0.78007      -0.00796
4029      0.41200       0.71430      -0.00785
4030      0.41866       0.64841      -0.00808
4031      0.42992       0.58259      -0.00798
4032      0.45957       0.51699      -0.00827
4033      0.47114       0.45135      -0.00840
4034      0.48269       0.38639      -0.00863
4035      0.50003       0.32104      -0.00951
4036      0.52178       0.25635      -0.01009
4037      0.54544       0.19265      -0.01075
4038      0.56696       0.13122      -0.01100
4039      0.57930       0.07435      -0.00886
4040      0.59477       0.00938      -0.01949
4041      0.57403      -0.03035      -0.07268
4042      0.55402      -0.05850      -0.12207
4043      0.52811      -0.08828      -0.17527
4044      0.50382      -0.11916      -0.23071
4045      0.48197      -0.15089      -0.28695
4046      0.46741      -0.18245      -0.34337
4047      0.45859      -0.21475      -0.40020
4048      0.44335      -0.24748      -0.45693
4049      0.41083      -0.27933      -0.51427
4050      0.39525      -0.31279      -0.57054
4051      0.38736      -0.34402      -0.62829
4052      0.38840      -0.37760      -0.68461
4053      0.39125      -0.41051      -0.74124
4054      0.39711      -0.44385      -0.79821
4055      0.41609      -0.47773      -0.85501
4056      0.44513      -0.51141      -0.91144
4057      0.47662      -0.54502      -0.96923
4058      0.50491      -0.57955      -1.02727
4059      0.51481       1.24923      -0.04391
4060      0.47850       1.24703      -0.08610
4061      0.44480       1.24340      -0.12826
4062      0.39228       1.23640      -0.18391
4063      0.32775       1.22245      -0.26098
4064      0.28873       1.20877      -0.31839
4065      0.25689       1.19613      -0.36300
4066      0.22117       1.18252      -0.40514
4067      0.19333       1.17060      -0.43840
4068      0.16965       1.15892      -0.46841
4069      0.13608       1.14084      -0.51087
4070      0.09911       1.11983      -0.55541
4071      0.04614       1.08292      -0.62432
4072      0.01237       1.04553      -0.68510
4073     -0.00678       1.01864      -0.72448
4074     -0.01949       0.99786      -0.75285
4075     -0.03344       0.97318      -0.78449
4076     -0.04413       0.95295      -0.80895
4077     -0.05529       0.93006      -0.83516
4078     -0.06356       0.91212      -0.85472
4079     -0.07293       0.89241      -0.87528
4080     -0.08057       0.87630      -0.89140
4081     -0.09109       0.85289      -0.91383
4082     -0.10329       0.82535      -0.93877
4083     -0.11381       0.80132      -0.95937
4084     -0.12459       0.77534      -0.98048
4085     -0.13755       0.74049      -1.00706
4086     -0.14861       0.70436      -1.03265
4087     -0.15499       0.66854      -1.05620
4088     -0.15746       0.63387      -1.07736
4089     -0.15677       0.59958      -1.09681
4090     -0.15346       0.56130      -1.11689
4091     -0.14409       0.49098      -1.14954
4092     -0.13334       0.41777      -1.17812
4093     -0.12593       0.36478      -1.19559
4094     -0.12024       0.32447      -1.20715
4095     -0.11324       0.27756      -1.21879
4096     -0.10683       0.23997      -1.22675
4097     -0.09793       0.19850      -1.23414
4098     -0.09015       0.16718      -1.23877
4099     -0.08074       0.13457      -1.24273
4100     -0.07285       0.11037      -1.24512
4101     -0.06014       0.07847      -1.24753
4102     -0.04409       0.04480      -1.24920
4103     -0.02702       0.01304      -1.24993
4104     -0.00818      -0.01878      -1.24986
4105      0.01427      -0.05255      -1.24889
4106      0.04100      -0.08891      -1.24683
4107      0.07406      -0.13015      -1.24321
4108      0.11605      -0.17772      -1.23730
4109      0.16556      -0.22703      -1.22921
4110      0.21331      -0.27553      -1.21925
4111      0.26182      -0.32623      -1.20668
4112      0.31128      -0.37818      -1.19142
4113      0.35815      -0.42811      -1.17440
4114      0.40333      -0.47721      -1.15532
4115      0.44324      -0.52566      -1.13410
4116      0.47760      -0.56444      -1.11530
4117      0.50970      -0.59032      -1.10182
4118      0.55518      -0.61747      -1.08684
4119      0.55687       1.24996      -0.00940
4120      0.49668      -0.02167      -0.16207
4121      0.39643       0.03380      -0.21745
4122      0.29517       0.09232      -0.27197
4123      0.20450       0.15082      -0.32226
4124      0.13514       0.21056      -0.36431
4125      0.08946       0.25842      -0.39779
4126      0.04964       0.29737      -0.43604
4127      0.01247       0.33720      -0.48115
4128     -0.01639       0.37574      -0.52453
4129     -0.03706       0.41299      -0.56558
4130     -0.05431       0.44856      -0.60417
4131     -0.06730       0.48193      -0.64012
4132     -0.07574       0.51546      -0.67266
4133     -0.08223       0.55195      -0.70553
4134     -0.08870       0.58825      -0.74281
4135     -0.09627       0.62179      -0.78372
4136     -0.10359       0.65324      -0.82624
4137     -0.10945       0.68385      -0.86860
4138     -0.11450       0.71463      -0.90958
4139     -0.11938       0.74717      -0.94694
4140      0.15573      -0.21517      -1.16108
4141      0.14772      -0.20274      -1.10866
4142      0.14103      -0.18863      -1.04686
4143      0.13772      -0.17633      -0.99088
4144      0.13005      -0.15693      -0.93536
4145      0.12420      -0.13530      -0.86964
4146      0.12336      -0.11798      -0.81298
4147      0.12183      -0.09681      -0.75861
4148      0.11623      -0.06846      -0.70615
4149      0.11368      -0.03785      -0.65300
4150      0.12214      -0.01034      -0.59447
4151      0.13739       0.01388      -0.53618
4152      0.15127       0.05169      -0.46972
4153      0.16226       0.08836      -0.41884
4154      0.18275       0.12063      -0.36953
4155      0.03986      -0.08254      -1.19972
4156      0.03683      -0.07002      -1.14611
4157      0.03125      -0.05426      -1.09273
4158      0.02560      -0.03583      -1.03922
4159      0.01918      -0.01561      -0.98450
4160      0.01179       0.00550      -0.92866
4161      0.00670       0.02676      -0.87219
4162      0.00700       0.04698      -0.81454
4163      0.00849       0.06631      -0.75383
4164      0.02378       0.07610      -0.68510
4165      0.02882       0.11892      -0.61157
4166      0.03881       0.15447      -0.55258
4167      0.05210       0.18865      -0.49803
4168      0.07020       0.22253      -0.44635
4169      0.01522      -0.04844      -1.20686
4170      0.01314      -0.03788      -1.15648
4171      0.00904      -0.02188      -1.10527
4172      0.00286      -0.00207      -1.05310
4173     -0.00288       0.01965      -0.99894
4174     -0.00968       0.04210      -0.94318
4175     -0.01503       0.06457      -0.88621
4176     -0.01630       0.08672      -0.82786
4177     -0.01617       0.10918      -0.76753
4178     -0.00962       0.13291      -0.70291
4179     -0.00143       0.16241      -0.63811
4180      0.00979       0.19494      -0.57939
4181      0.02098       0.22788      -0.52521
4182      0.03689       0.26182      -0.47437
4183     -0.13049       0.71458      -0.97358
4184     -0.12373       0.68223      -0.93349
4185     -0.11714       0.64991      -0.89149
4186     -0.11096       0.61846      -0.84878
4187     -0.10310       0.58773      -0.80650
4188     -0.09539       0.55642      -0.76681
4189     -0.08824       0.52316      -0.73081
4190     -0.08118       0.48866      -0.69766
4191     -0.07239       0.45388      -0.66492
4192     -0.05967       0.41817      -0.63032
4193     -0.04360       0.38080      -0.59307
4194     -0.02237       0.34214      -0.55295
4195      0.00482       0.30210      -0.51011
4196      0.51971       0.00726      -0.11449
4197      0.42809       0.06313      -0.17006
4198      0.32191       0.12337      -0.22755
4199      0.22682       0.17996      -0.27917
4200      0.15539       0.23584      -0.32227
4201      0.10161       0.28823      -0.36361
4202      0.05816       0.33263      -0.40841
4203      0.02163       0.37255      -0.45397
4204     -0.00739       0.41044      -0.49809
4205     -0.03044       0.44642      -0.54018
4206     -0.04854       0.48045      -0.58014
4207     -0.06209       0.51174      -0.61835
4208     -0.06910       0.54032      -0.64708
4209     -0.07438       0.58093      -0.67778
4210     -0.08025       0.62199      -0.71730
4211     -0.08764       0.65699      -0.76064
4212     -0.09428       0.68826      -0.80438
4213     -0.09999       0.71750      -0.84706
4214     -0.10475       0.74572      -0.88752
4215     -0.10891       0.77296      -0.92408
4216      0.46639      -0.05121      -0.21298
4217      0.36733       0.00402      -0.26620
4218      0.27058       0.06178      -0.31907
4219      0.44006      -0.08115      -0.26617
4220      0.34390      -0.02585      -0.31661
4221      0.24895       0.03090      -0.36781
4222      0.41531      -0.11049      -0.32430
4223      0.32263      -0.05775      -0.37202
4224      0.23122      -0.00215      -0.42105
4225      0.38703      -0.22079      -0.48806
4226      0.32554      -0.18398      -0.51689
4227      0.25858      -0.13014      -0.53827
4228      0.18718      -0.07005      -0.56535
4229      0.36741      -0.24990      -0.53906
4230      0.30039      -0.20325      -0.57000
4231      0.23592      -0.14926      -0.59618
4232      0.17281      -0.09223      -0.62230
4233      0.35081      -0.27812      -0.59419
4234      0.28500      -0.22606      -0.62557
4235      0.22239      -0.17006      -0.65372
4236      0.16452      -0.11279      -0.67778
4237      0.36625      -0.44576      -1.08283
4238      0.32775      -0.40539      -1.00143
4239      0.30574      -0.37638      -0.93277
4240      0.30330      -0.36084      -0.86467
4241      0.32410      -0.36156      -0.79458
4242      0.33837      -0.33448      -0.71407
4243      0.34216      -0.30650      -0.65216
4244      0.16038      -0.13554      -0.73853
4245      0.21502      -0.19168      -0.71280
4246      0.27713      -0.24992      -0.68424
4247     -0.00653      -0.01621      -1.21165
4248     -0.00666      -0.00728      -1.16585
4249     -0.01138       0.00949      -1.11874
4250     -0.01753       0.03187      -1.06843
4251     -0.02428       0.05561      -1.01448
4252     -0.02885       0.07961      -0.95856
4253     -0.03465       0.10349      -0.90123
4254     -0.03700       0.12730      -0.84272
4255     -0.03562       0.15148      -0.78287
4256     -0.03207       0.17708      -0.72158
4257     -0.02435       0.20527      -0.66100
4258     -0.01344       0.23557      -0.60393
4259     -0.00356       0.26767      -0.55069
4260     -0.14002       0.68009      -0.99879
4261     -0.13163       0.64859      -0.95807
4262     -0.12368       0.61531      -0.91549
4263     -0.11619       0.58297      -0.87182
4264     -0.10829       0.55386      -0.82816
4265     -0.10017       0.52598      -0.78905
4266     -0.09317       0.49522      -0.75488
4267     -0.08552       0.46194      -0.72304
4268     -0.07636       0.42659      -0.69162
4269     -0.06382       0.38910      -0.65875
4270     -0.04771       0.34970      -0.62292
4271     -0.02670       0.30872      -0.58366
4272      0.00193       0.44917      -0.47173
4273      0.01661       0.50730      -0.43545
4274      0.02902       0.56088      -0.41281
4275      0.03385       0.61662      -0.40579
4276      0.04107       0.67118      -0.40154
4277      0.05258       0.72321      -0.39438
4278      0.06586       0.77532      -0.38842
4279      0.08243       0.82862      -0.38370
4280      0.10281       0.88326      -0.37921
4281      0.12417       0.93900      -0.37173
4282      0.14953       1.00537      -0.36318
4283      0.18138       1.07270      -0.35917
4284      0.21721       1.12917      -0.35506
4285     -0.09939       0.80001      -0.90588
4286     -0.09448       0.77670      -0.86833
4287     -0.08954       0.75124      -0.82763
4288     -0.08385       0.72410      -0.78401
4289     -0.07691       0.69404      -0.73832
4290     -0.06922       0.65941      -0.69103
4291     -0.06092       0.61188      -0.63678
4292     -0.04409       0.59294      -0.57302
4293     -0.02836       0.57005      -0.52781
4294     -0.00741       0.54148      -0.48286
4295     -0.08876       0.83018      -0.88686
4296     -0.08428       0.80749      -0.85164
4297     -0.07844       0.78559      -0.81067
4298     -0.07204       0.76131      -0.76561
4299     -0.06462       0.73335      -0.71762
4300     -0.05641       0.70129      -0.66717
4301     -0.04692       0.66728      -0.61307
4302     -0.03405       0.63836      -0.55883
4303     -0.01828       0.61164      -0.51060
4304      0.00276       0.58527      -0.46424
4305     -0.07910       0.85413      -0.86715
4306     -0.07531       0.83784      -0.83922
4307     -0.06813       0.82095      -0.79692
4308     -0.05999       0.80035      -0.74971
4309     -0.05144       0.77498      -0.69894
4310     -0.04238       0.74486      -0.64607
4311     -0.03265       0.71235      -0.59275
4312     -0.02123       0.68136      -0.54111
4313     -0.00526       0.65100      -0.49290
4314      0.01159       0.62793      -0.45157
4315      0.19840       1.13752      -0.39591
4316      0.16591       1.08224      -0.39866
4317      0.13423       1.01810      -0.40504
4318      0.10855       0.95408      -0.41195
4319      0.08571       0.89430      -0.41807
4320      0.06599       0.83766      -0.42112
4321      0.04966       0.78489      -0.42458
4322      0.03599       0.73388      -0.43067
4323      0.02369       0.68248      -0.43929
4324      0.20803      -0.04492      -0.50292
4325      0.15856      -0.15703      -0.79703
4326      0.21202      -0.21317      -0.77322
4327      0.27194      -0.27301      -0.74614
4328      0.11201       0.18052      -0.41562
4329     -0.02449       0.01397      -1.21496
4330     -0.02443       0.02120      -1.17436
4331     -0.02917       0.03907      -1.13626
4332     -0.03692       0.06654      -1.08592
4333     -0.04252       0.09246      -1.03129
4334     -0.04739       0.11808      -0.97492
4335     -0.05159       0.14335      -0.91717
4336     -0.05367       0.16827      -0.85856
4337     -0.05269       0.19349      -0.79949
4338     -0.04799       0.21988      -0.74027
4339     -0.04084       0.24740      -0.68197
4340     -0.03193       0.27650      -0.62640
4341     -0.14650       0.64598      -1.02298
4342     -0.13737       0.61490      -0.98312
4343     -0.12846       0.58013      -0.94085
4344     -0.11970       0.54544      -0.89598
4345     -0.11105       0.51719      -0.84669
4346     -0.10372       0.49697      -0.80969
4347     -0.09663       0.46896      -0.77808
4348     -0.08879       0.43653      -0.74879
4349     -0.07966       0.40074      -0.71973
4350     -0.06814       0.36154      -0.68955
4351     -0.05041       0.31893      -0.65565
4352      0.36038       0.78999      -0.04544
4353      0.29572       0.80433      -0.10100
4354      0.24103       0.81938      -0.15790
4355      0.19708       0.83399      -0.21374
4356      0.15883       0.85032      -0.26863
4357      0.12822       0.86734      -0.32459
4358      0.35831       0.72605      -0.04578
4359      0.28522       0.74326      -0.10218
4360      0.22505       0.76089      -0.15999
4361      0.17927       0.77823      -0.21682
4362      0.14128       0.79577      -0.27297
4363      0.10925       0.81310      -0.32915
4364      0.35821       0.66225      -0.04666
4365      0.27778       0.68231      -0.10416
4366      0.21488       0.70256      -0.16307
4367      0.16638       0.72215      -0.22089
4368      0.12565       0.74117      -0.27787
4369      0.09296       0.75932      -0.33437
4370      0.36035       0.59868      -0.04796
4371      0.26919       0.62173      -0.10698
4372      0.20562       0.64456      -0.16717
4373      0.15454       0.66626      -0.22600
4374      0.11227       0.68691      -0.28365
4375      0.07937       0.70630      -0.34034
4376      0.36147       0.53563      -0.04988
4377      0.26417       0.56184      -0.11088
4378      0.19539       0.58717      -0.17251
4379      0.14409       0.61085      -0.23239
4380      0.10241       0.63318      -0.29079
4381      0.06981       0.65438      -0.34740
4382      0.36954       0.47360      -0.05296
4383      0.26819       0.50313      -0.11615
4384      0.18931       0.53071      -0.17923
4385      0.13804       0.55610      -0.23997
4386      0.09607       0.57978      -0.29959
4387      0.06180       0.60380      -0.35708
4388      0.03089       0.41220      -0.42654
4389      0.04443       0.47492      -0.39056
4390      0.05488       0.54440      -0.36811
4391      0.15504       1.10337      -0.44236
4392      0.11975       1.02993      -0.44799
4393      0.09206       0.96414      -0.45255
4394      0.06864       0.90305      -0.45719
4395      0.04911       0.84166      -0.45797
4396      0.03582       0.79336      -0.45815
4397      0.02182       0.74312      -0.46505
4398      0.00812       0.69707      -0.47510
4399      0.30372      -0.11393      -0.46138
4400      0.41998      -0.48893      -0.93728
4401      0.37064      -0.44850      -0.97207
4402      0.41639      -0.49630      -1.05338
4403      0.06968      -0.11918      -1.18525
4404      0.11060      -0.16636      -1.16942
4405      0.06341      -0.10504      -1.13364
4406      0.10741      -0.15742      -1.11955
4407      0.09256       0.14705      -0.46721
4408     -0.05728       0.07825      -1.21233
4409     -0.05128       0.07600      -1.16616
4410     -0.05538       0.10333      -1.10480
4411     -0.05857       0.13060      -1.04928
4412     -0.06296       0.15790      -0.99233
4413     -0.06624       0.18439      -0.93387
4414     -0.06752       0.20989      -0.87494
4415     -0.06787       0.23539      -0.81660
4416     -0.06382       0.26241      -0.75892
4417     -0.05517       0.28992      -0.70120
4418     -0.14879       0.61389      -1.04571
4419     -0.14008       0.58244      -1.00911
4420     -0.13064       0.54501      -0.96796
4421     -0.12164       0.50581      -0.92429
4422     -0.11046       0.46066      -0.86599
4423     -0.10278       0.41576      -0.84298
4424     -0.09411       0.37820      -0.81982
4425     -0.08487       0.34326      -0.79845
4426     -0.07411       0.30421      -0.77837
4427     -0.07071       0.33563      -0.72520
4428      0.40707       0.98608      -0.04719
4429      0.34576       1.00023      -0.10456
4430      0.29841       1.00634      -0.15531
4431      0.26343       1.01730      -0.20209
4432      0.23409       1.03755      -0.24968
4433      0.20176       1.05744      -0.31028
4434      0.17907       0.90539      -0.26274
4435      0.20531       0.97082      -0.25556
4436      0.16812       0.99119      -0.31801
4437      0.38201       0.41179      -0.06108
4438      0.28146       0.44380      -0.12235
4439      0.19271       0.47446      -0.18876
4440      0.13786       0.49742      -0.24874
4441      0.09151       0.52256      -0.31089
4442      0.06678       0.37198      -0.37902
4443      0.08218       0.44058      -0.33768
4444      0.45267      -0.52373      -0.99367
4445      0.47876      -0.55591      -1.04225
4446      0.45933      -0.54017      -1.06640
4447      0.05152      -0.07205      -1.02540
4448      0.09320      -0.12473      -1.00698
4449      0.07817       0.11194      -0.52123
4450     -0.06974       0.10944      -1.21198
4451     -0.06898       0.11736      -1.17443
4452     -0.07178       0.14114      -1.12302
4453     -0.07442       0.16996      -1.06848
4454     -0.07751       0.19930      -1.01091
4455     -0.07911       0.22705      -0.95109
4456     -0.07877       0.25242      -0.89120
4457     -0.07754       0.27698      -0.83360
4458     -0.08318       0.15680      -1.19330
4459     -0.08495       0.17776      -1.14369
4460     -0.08842       0.21010      -1.08956
4461     -0.09086       0.24267      -1.03111
4462     -0.09089       0.27215      -0.96857
4463     -0.08924       0.29624      -0.90615
4464     -0.08691       0.31751      -0.84926
4465     -0.09937       0.22551      -1.17107
4466     -0.10070       0.25144      -1.11427
4467     -0.10294       0.28889      -1.05413
4468     -0.10252       0.32215      -0.98641
4469     -0.09913       0.34286      -0.91760
4470     -0.09558       0.35675      -0.86092
4471     -0.11362       0.30585      -1.14568
4472     -0.11406       0.33699      -1.08319
4473     -0.11683       0.39213      -1.00506
4474     -0.10993       0.40487      -0.91993
4475     -0.12473       0.38459      -1.12058
4476     -0.14148       0.54673      -1.04593
4477     -0.13165       0.45605      -1.06231
4478     -0.08193       0.37552      -0.75118
4479      0.23955       1.11666      -0.30591
4480      0.14776       0.92376      -0.32195
4481      0.25025       0.21173      -0.23964
4482      0.27503       0.26243      -0.19675
4483      0.27747       0.32135      -0.17243
4484      0.28684       0.38081      -0.14333
4485      0.15815       0.37976      -0.25682
4486     -0.06509       0.87704      -0.82953
4487     -0.05859       0.85863      -0.78759
4488     -0.04908       0.84169      -0.73687
4489     -0.03822       0.81923      -0.68248
4490     -0.02768       0.78974      -0.62627
4491     -0.01761       0.75563      -0.57232
4492     -0.00761       0.72312      -0.52280
4493     -0.04662       0.90835      -0.77845
4494     -0.03844       0.88654      -0.72787
4495     -0.02504       0.86735      -0.66843
4496     -0.01085       0.83755      -0.60587
4497     -0.00078       0.79737      -0.54959
4498      0.00819       0.76152      -0.50422
4499     -0.02393       0.94485      -0.71864
4500     -0.01139       0.92131      -0.65941
4501      0.01502       0.89913      -0.57546
4502      0.02386       0.84139      -0.51405
4503      0.00295       0.98160      -0.65857
4504      0.09759       1.04309      -0.50316
4505      0.04049       0.98907      -0.57520
4506      0.40537      -0.18759      -0.43393
4507      0.40466      -0.15212      -0.38799
4508      0.15930      -0.17628      -0.85698
4509      0.21293      -0.23360      -0.83504
4510      0.26917      -0.29325      -0.81104
4511      0.04562      -0.05324      -0.97000
4512      0.08911      -0.10948      -0.95230
4513      0.03416      -0.01217      -0.85786
4514      0.07710      -0.06602      -0.83550
4515      0.06927       0.07579      -0.57840
4516     -0.12186       0.35272      -1.15062
4517      0.32320       1.07292      -0.16104
4518      0.34634       1.13896      -0.16776
4519      0.27856       1.10835      -0.23849
4520      0.11344       0.32466      -0.32933
4521     -0.00948       0.98048      -0.69714
4522      0.34798      -0.16595      -0.47129
4523      0.03919      -0.03289      -0.91350
4524      0.08287      -0.08768      -0.88855
4525     -0.12257       0.47044      -0.95886
4526     -0.13146       0.51017      -0.99685
4527     -0.12383       0.45053      -0.98813
4528     -0.12969       0.47385      -1.01523
4529      0.43501       1.05164      -0.04693
4530      0.37612       1.06402      -0.10331
4531      0.26042       0.87798      -0.15668
4532      0.27800       0.93714      -0.15383
4533      0.23324       0.95554      -0.21078
4534      0.48353       0.22302      -0.05438
4535      0.37901       0.27584      -0.11344
4536      0.34733       0.15997      -0.18524
4537      0.36736       0.22182      -0.14258
4538      0.17729       0.26287      -0.28176
4539      0.20105       0.29239      -0.24512
4540      0.05221       0.91290      -0.49807
4541      0.07355       0.97066      -0.49480
4542      0.04227       0.92476      -0.52830
4543      0.05339       0.96293      -0.53097
4544      0.38901      -0.45797      -0.88059
4545      0.34876      -0.42272      -0.91051
4546      0.16454      -0.19569      -0.91829
4547      0.21563      -0.25349      -0.89835
4548      0.26594      -0.31238      -0.87473
4549      0.05816      -0.08969      -1.07960
4550      0.10038      -0.14207      -1.05935
4551      0.03340       0.00647      -0.80285
4552      0.07546      -0.04674      -0.78435
4553      0.04003       0.01804      -0.74735
4554      0.07468      -0.02748      -0.73564
4555      0.07174       0.03469      -0.63092
4556      0.07598      -0.00054      -0.67777
4557     -0.10901       0.26902      -1.17661
4558     -0.09254       0.41161      -0.77715
4559      0.40901       1.14201      -0.10210
4560      0.28879       1.06595      -0.19701
4561      0.48116       0.17161      -0.07357
4562      0.47735       0.09475      -0.10845
4563     -0.03491       0.94100      -0.75897
4564      0.37234      -0.43105      -0.83044
4565      0.33941      -0.40433      -0.85827
4566     -0.10251       0.39107      -0.87147
4567      0.21308       0.89047      -0.21310
4568      0.40418       0.32300      -0.07591
4569      0.02206       0.79540      -0.49022
4570      0.46096       1.11689      -0.04697
4571      0.21344       0.41749      -0.19063
4572      0.32457      -0.40061      -1.10164
4573      0.29332      -0.36698      -1.02690
4574      0.27077      -0.33462      -0.94728
4575      0.19346      -0.25628      -1.14954
4576      0.23700      -0.30399      -1.13081
4577      0.28237      -0.35479      -1.11470
4578      0.17171      -0.21471      -0.97866
4579      0.17526      -0.22752      -1.04377
4580      0.18080      -0.23916      -1.09684
4581      0.22182      -0.27522      -0.97692
4582      0.25933      -0.32813      -1.05328
4583      0.22305      -0.28641      -1.07970
4584      0.04637       0.02742      -0.70433
4585     -0.14888       0.58857      -1.06221
4586      0.48646       1.18501      -0.04360
4587      0.45624       1.18853      -0.07534
4588      0.53518       0.03427      -0.08123
4589      0.13158       1.09600      -0.48448
4590     -0.09341       0.19284      -1.19786
4591      0.37201       0.85426      -0.04572
4592      0.31168       0.86519      -0.10080
4593     -0.02174       0.48395      -0.51510
4594     -0.05577       0.90428      -0.81312
4595      0.36321      -0.41150      -0.80150
4596      0.34078      -0.39587      -0.82307
4597     -0.07273       0.87322      -0.85714
4598     -0.09942       0.44443      -0.80235
4599      0.38754       0.91963      -0.04664
4600      0.32490       0.92729      -0.10331
4601     -0.04077       0.51594      -0.55633
4602      0.20557      -0.26295      -1.03767
4603     -0.07747       0.13153      -1.21537
4604      0.47700       0.26387      -0.04522
4605     -0.04025       0.04290      -1.21466
4606      0.18278       1.13685      -0.42278
4607     -0.03784       0.04397      -1.18686
4608     -0.05433       0.54720      -0.59347
4609     -0.10424       0.46778      -0.82294
4610     -0.06211       0.56426      -0.62419
4611      0.45140      -0.32408      -0.71172
4612      0.45270      -0.35469      -0.77195
4613      0.45747      -0.38161      -0.82185
4614      0.47719      -0.41153      -0.86852
4615      0.50989      -0.44577      -0.91346
4616      0.54422      -0.48069      -0.97283
4617      0.57054      -0.51171      -1.03349
4618      0.60433      -0.53501      -1.08797
4619      0.61491       1.21209      -0.07583
4620      0.57638       1.21416      -0.10869
4621      0.54806       1.20633      -0.13826
4622      0.51140       1.19950      -0.18168
4623      0.45741       1.19085      -0.23776
4624      0.40122       1.18078      -0.30661
4625      0.36388       1.16379      -0.35769
4626      0.32839       1.14791      -0.40517
4627      0.29355       1.13795      -0.44977
4628      0.26598       1.12836      -0.48481
4629      0.24551       1.11878      -0.51141
4630      0.21281       1.10660      -0.55730
4631      0.17577       1.08776      -0.60348
4632      0.12981       1.05671      -0.66342
4633      0.10060       1.02003      -0.71306
4634      0.08298       0.99468      -0.74866
4635      0.07100       0.97474      -0.77505
4636      0.05729       0.95120      -0.80687
4637      0.04713       0.93214      -0.83030
4638      0.03624       0.91023      -0.85628
4639      0.02784       0.89174      -0.87589
4640      0.01818       0.87214      -0.89775
4641      0.01059       0.85673      -0.91426
4642     -0.00006       0.83377      -0.93759
4643     -0.01225       0.80762      -0.96354
4644      0.58199       1.16151      -0.07936
4645      0.56495       1.08961      -0.07662
4646      0.53534       1.02026      -0.07560
4647      0.50869       0.96260      -0.07955
4648      0.48920       0.89732      -0.08072
4649      0.47631       0.83536      -0.07844
4650      0.46234       0.77871      -0.08021
4651      0.46754       0.71695      -0.07243
4652      0.46973       0.65503      -0.07347
4653      0.47501       0.58931      -0.07490
4654      0.48443       0.52321      -0.08241
4655      0.49855       0.46693      -0.07713
4656      0.51583       0.38980      -0.07306
4657      0.54024       0.33412      -0.06418
4658      0.56812       0.27348      -0.05305
4659      0.59255       0.21128      -0.04583
4660      0.60706       0.14118      -0.05125
4661      0.62076       0.08491      -0.04156
4662      0.63318       0.02576      -0.04724
4663      0.61452      -0.01088      -0.10284
4664      0.59505      -0.03304      -0.15406
4665      0.56999      -0.06133      -0.21191
4666      0.54638      -0.08455      -0.26678
4667      0.52620      -0.11200      -0.32344
4668      0.51460      -0.13851      -0.37682
4669      0.50696      -0.17037      -0.43797
4670      0.49041      -0.20625      -0.50442
4671      0.46841      -0.23888      -0.55454
4672      0.45394      -0.26726      -0.60823
4673      0.44742      -0.29312      -0.66105
4674     -0.02291       0.78520      -0.98572
4675     -0.03362       0.76056      -1.00732
4676     -0.04653       0.72963      -1.03559
4677     -0.05664       0.70065      -1.05992
4678     -0.06205       0.67262      -1.07990
4679     -0.06407       0.64300      -1.09761
4680     -0.06345       0.61428      -1.11387
4681     -0.06003       0.57854      -1.13064
4682     -0.04989       0.50787      -1.15704
4683     -0.03874       0.43317      -1.18363
4684     -0.03115       0.37947      -1.19976
4685     -0.02549       0.33914      -1.21188
4686     -0.01884       0.29410      -1.22435
4687     -0.01299       0.25898      -1.23378
4688     -0.00502       0.22145      -1.24174
4689      0.00198       0.19309      -1.24626
4690      0.01057       0.16330      -1.24996
4691      0.01697       0.14365      -1.25149
4692      0.02769       0.11688      -1.25270
4693      0.04165       0.08745      -1.25606
4694      0.05593       0.06084      -1.25706
4695      0.07278       0.03241      -1.25631
4696      0.09306       0.00184      -1.25597
4697      0.11757      -0.03127      -1.25247
4698      0.14808      -0.06920      -1.24790
4699      0.18554      -0.11173      -1.24298
4700      0.23300      -0.15871      -1.23023
4701      0.28207      -0.20858      -1.21672
4702      0.33093      -0.25977      -1.20176
4703      0.37955      -0.31106      -1.18432
4704      0.42665      -0.36131      -1.16660
4705      0.47311      -0.41189      -1.14630
4706      0.51701      -0.46434      -1.13046
4707      0.54567      -0.49725      -1.12353
4708      0.56554      -0.51319      -1.11401
4709     -0.02357       0.70235      -0.93077
4710     -0.01875       0.67337      -0.88770
4711     -0.03237       0.67495      -0.95509
4712     -0.02597       0.64284      -0.90965
4713     -0.01007       0.70354      -0.86787
4714     -0.01422       0.73034      -0.90864
4715      0.28285      -0.11968      -0.68328
4716      0.34317      -0.17455      -0.65685
4717      0.27841      -0.13905      -0.73699
4718      0.33804      -0.19651      -0.71193
4719      0.40668      -0.22808      -0.63081
4720      0.40216      -0.25454      -0.68364
4721      0.08183       0.22086      -0.60874
4722      0.08967       0.25355      -0.55867
4723      0.10505       0.18628      -0.58583
4724      0.11520       0.21802      -0.53556
4725      0.00540       0.49069      -0.71641
4726      0.01257       0.45889      -0.68549
4727      0.00135       0.46623      -0.74070
4728      0.00907       0.43453      -0.70993
4729     -0.03905       0.70483      -0.99797
4730     -0.02850       0.73391      -0.97166
4731      0.14278       0.75874      -0.42987
4732      0.12958       0.71005      -0.43488
4733      0.12866       0.76710      -0.46259
4734      0.11448       0.71906      -0.46900
4735     -0.00746       0.61552      -0.80466
4736     -0.01387       0.64431      -0.84635
4737      0.00076       0.64700      -0.78221
4738     -0.00509       0.67621      -0.82560
4739      0.40796       0.03663      -0.30677
4740      0.31458       0.09449      -0.36150
4741      0.43447       0.06187      -0.25953
4742      0.33672       0.12201      -0.31570
4743      0.23226       0.15282      -0.41182
4744      0.25196       0.18122      -0.36538
4745      0.48090      -0.04503      -0.30463
4746      0.45883      -0.06946      -0.36119
4747      0.24248      -0.02360      -0.60091
4748      0.18161       0.03507      -0.62653
4749      0.25982       0.00018      -0.53979
4750      0.19378       0.05730      -0.57098
4751      0.20497       0.09205      -0.50646
4752      0.27897       0.03970      -0.45945
4753      0.22601      -0.06095      -0.70343
4754      0.17987      -0.01702      -0.72942
4755      0.23151      -0.04275      -0.65274
4756      0.17624       0.00972      -0.68095
4757      0.27751      -0.15854      -0.79276
4758      0.33544      -0.21771      -0.76920
4759      0.40096      -0.28079      -0.74230
4760      0.13059       0.24907      -0.48739
4761      0.14913       0.28152      -0.43997
4762      0.16808       0.20937      -0.45750
4763      0.18969       0.23917      -0.40568
4764      0.06231       0.14270      -0.78355
4765      0.06553       0.16628      -0.72540
4766      0.08174       0.10872      -0.77098
4767      0.09435       0.11470      -0.71093
4768      0.10251       0.28346      -0.51357
4769      0.11391       0.31658      -0.47754
4770      0.01880       0.40084      -0.68182
4771      0.00621       0.40981      -0.73664
4772      0.01506       0.37617      -0.71002
4773     -0.00067       0.52189      -0.74962
4774     -0.00521       0.49761      -0.77211
4775      0.02267       0.42755      -0.65460
4776     -0.02047       0.61392      -0.86652
4777      0.09074       0.50994      -0.47458
4778      0.10316       0.55985      -0.45375
4779      0.11420       0.48101      -0.43341
4780      0.12627       0.54596      -0.41140
4781      0.10925       0.61276      -0.44670
4782      0.13490       0.60212      -0.40012
4783      0.03819       0.65392      -0.63814
4784      0.04876       0.62649      -0.58783
4785      0.02478       0.60222      -0.65983
4786      0.03923       0.58599      -0.60047
4787      0.06195       0.66942      -0.57042
4788      0.07463       0.64111      -0.52802
4789      0.06114       0.60468      -0.54631
4790      0.10206       0.67192      -0.47725
4791      0.08909       0.62204      -0.49018
4792      0.08731       0.68465      -0.51245
4793      0.15872       0.80478      -0.42477
4794      0.14364       0.81284      -0.46002
4795      0.11706       0.66205      -0.44292
4796     -0.01810       0.75741      -0.94757
4797      0.50518      -0.02034      -0.25222
4798      0.36732      -0.01621      -0.41029
4799      0.38653       0.01101      -0.35631
4800      0.31043      -0.08266      -0.57624
4801      0.35097      -0.06731      -0.49977
4802      0.29197      -0.10037      -0.63095
4803      0.48237      -0.42899      -1.05696
4804      0.43438      -0.38041      -1.08032
4805      0.39615      -0.34262      -1.00278
4806      0.43447      -0.38142      -0.97589
4807      0.19107      -0.06477      -0.83075
4808      0.18740      -0.04425      -0.77940
4809      0.22500      -0.10307      -0.81625
4810      0.22505      -0.08279      -0.76010
4811      0.15162       0.17823      -0.50615
4812      0.21389       0.12327      -0.45972
4813      0.07201       0.19193      -0.66486
4814      0.09772       0.15426      -0.63971
4815      0.03039       0.19564      -0.86967
4816      0.03015       0.21919      -0.81417
4817      0.04420       0.16053      -0.85522
4818      0.04537       0.18018      -0.79872
4819      0.03060       0.33688      -0.67678
4820      0.01358       0.35207      -0.74150
4821      0.02693       0.30766      -0.72149
4822      0.01999       0.27961      -0.77728
4823      0.01174       0.31897      -0.79255
4824      0.03303       0.36395      -0.64614
4825      0.05019       0.32662      -0.61117
4826      0.04617       0.29733      -0.65051
4827      0.03630       0.39159      -0.61982
4828     -0.01388       0.58476      -0.82623
4829      0.22867       0.97705      -0.40214
4830      0.25597       1.03326      -0.39998
4831      0.24404       0.96753      -0.36460
4832      0.27335       1.01930      -0.35619
4833      0.30330       1.00515      -0.30200
4834      0.27721       0.94712      -0.30700
4835      0.19624       0.72630      -0.32691
4836      0.16713       0.74314      -0.37913
4837      0.21222       0.77872      -0.32285
4838      0.18367       0.79384      -0.37429
4839      0.25588       0.58542      -0.22788
4840      0.20847       0.60712      -0.28527
4841      0.26608       0.63711      -0.22468
4842      0.21880       0.66058      -0.28121
4843      0.24730       0.53574      -0.23430
4844      0.20304       0.55902      -0.28953
4845      0.12321       0.34897      -0.44984
4846      0.09119       0.38373      -0.49424
4847      0.13209       0.38541      -0.42142
4848      0.10073       0.42272      -0.46691
4849      0.06658       0.41848      -0.53517
4850      0.07571       0.45591      -0.50987
4851      0.02995       0.68641      -0.69129
4852      0.01783       0.64857      -0.71391
4853      0.05136       0.56665      -0.56217
4854      0.05197       0.69634      -0.61931
4855      0.07974       0.58121      -0.50260
4856      0.10143       0.72708      -0.50179
4857      0.17906       0.85792      -0.42143
4858      0.16351       0.86871      -0.45826
4859     -0.00078       0.58322      -0.76373
4860      0.00729       0.61407      -0.73905
4861      0.53510       0.00650      -0.19813
4862      0.29463       0.06825      -0.40844
4863      0.35430      -0.15612      -0.60950
4864      0.54454      -0.48862      -1.05222
4865      0.52639      -0.47353      -1.07464
4866      0.51608      -0.45565      -1.00380
4867      0.14309      -0.05966      -1.19286
4868      0.11577      -0.02585      -1.20710
4869      0.11331      -0.01600      -1.15463
4870      0.13751      -0.04800      -1.14159
4871      0.13874       0.14769      -0.55740
4872      0.06300       0.12327      -0.84017
4873      0.03270       0.17427      -0.92536
4874      0.04787       0.13780      -0.90944
4875      0.03367       0.24260      -0.75879
4876      0.04770       0.20364      -0.73967
4877      0.03976       0.26656      -0.70324
4878     -0.02569       0.40743      -1.01374
4879     -0.02190       0.35255      -1.09090
4880     -0.03868       0.46922      -1.06941
4881     -0.03135       0.39899      -1.12690
4882      0.00366       0.39016      -0.76751
4883      0.00162       0.35910      -0.81207
4884     -0.00698       0.55378      -0.78605
4885     -0.01135       0.52748      -0.80653
4886      0.05356       0.35769      -0.58345
4887      0.07614       0.32036      -0.54470
4888      0.06973       0.28922      -0.58057
4889      0.31022       1.07359      -0.35089
4890      0.28878       1.08430      -0.39782
4891      0.20245       0.91536      -0.41308
4892      0.22362       0.90100      -0.36690
4893      0.25103       0.88298      -0.31271
4894      0.33080       0.67727      -0.16979
4895      0.27567       0.69740      -0.22284
4896      0.34079       0.73814      -0.16787
4897      0.28744       0.75035      -0.21954
4898      0.23204       0.71173      -0.27594
4899      0.24679       0.76360      -0.27072
4900      0.31083       0.56436      -0.17657
4901      0.32005       0.62192      -0.17213
4902      0.17318       0.62927      -0.33718
4903      0.18315       0.67766      -0.33147
4904      0.31396       0.51594      -0.17852
4905      0.16649       0.58143      -0.34418
4906      0.24780       0.49258      -0.24120
4907      0.20134       0.50595      -0.29665
4908      0.14789       0.45052      -0.38212
4909      0.16032       0.52741      -0.35501
4910      0.21239       0.39644      -0.30727
4911      0.02270       0.71682      -0.74106
4912      0.01086       0.68036      -0.76107
4913      0.06924       0.54161      -0.52081
4914      0.09840       0.87676      -0.60904
4915      0.07572       0.90271      -0.68864
4916      0.12214       0.96415      -0.61443
4917      0.08965       0.95926      -0.68925
4918      0.11541       0.77352      -0.49501
4919      0.18749       0.92801      -0.45168
4920      0.01059       0.51514      -0.69222
4921      0.00519       0.54826      -0.72448
4922      0.01670       0.53676      -0.66814
4923      0.01235       0.57440      -0.69873
4924      0.44949      -0.10572      -0.42422
4925      0.41824      -0.20330      -0.58229
4926      0.47972      -0.41850      -0.94143
4927      0.19335      -0.08052      -0.88286
4928      0.22679      -0.12001      -0.87170
4929      0.17878      -0.09703      -1.12593
4930      0.18166      -0.10411      -1.17485
4931      0.21813      -0.14125      -1.11428
4932      0.22579      -0.15165      -1.16417
4933      0.13156       0.11693      -0.60984
4934      0.06490       0.10291      -0.89753
4935      0.03680       0.15202      -0.98312
4936      0.05411       0.11563      -0.96642
4937      0.05315       0.22869      -0.68546
4938      0.01049       0.22487      -1.01888
4939      0.00896       0.24842      -0.96005
4940      0.02372       0.18625      -1.00017
4941      0.02069       0.20876      -0.94148
4942      0.00072       0.33382      -0.85962
4943      0.00956       0.29298      -0.84408
4944     -0.00730       0.37224      -0.87134
4945     -0.00660       0.39375      -0.83158
4946     -0.01202       0.30667      -1.06292
4947     -0.01234       0.33861      -0.99541
4948     -0.02063       0.32254      -1.15238
4949     -0.02813       0.36741      -1.15645
4950     -0.05544       0.62165      -1.06289
4951     -0.05337       0.64713      -1.04257
4952     -0.00193       0.44369      -0.76645
4953     -0.01855       0.55335      -0.84546
4954      0.34947       1.07127      -0.28737
4955      0.41259       1.10873      -0.22732
4956      0.22982       0.83061      -0.31934
4957      0.20315       0.84238      -0.36798
4958      0.40586       0.72689      -0.11693
4959      0.40260       0.66502      -0.11759
4960      0.40026       0.60094      -0.11911
4961      0.40335       0.54051      -0.11702
4962      0.41055       0.48666      -0.11649
4963      0.32527       0.46474      -0.18083
4964      0.16095       0.31084      -0.40570
4965      0.17209       0.34254      -0.37442
4966     -0.00882       0.78280      -0.92944
4967      0.01619       0.74386      -0.78861
4968      0.00478       0.70896      -0.80624
4969      0.04371       0.72834      -0.67130
4970      0.07436       0.70607      -0.55429
4971      0.08944       0.74312      -0.53793
4972      0.06258       0.85084      -0.69519
4973      0.07458       0.81876      -0.63451
4974      0.06555       0.92482      -0.74249
4975      0.07906       0.95742      -0.72287
4976      0.12840       0.81838      -0.49538
4977      0.21390       0.98696      -0.44179
4978      0.01728       0.48474      -0.66221
4979      0.02191       0.51294      -0.64280
4980      0.45115      -0.13977      -0.47240
4981      0.43369      -0.17677      -0.53450
4982      0.39369      -0.12035      -0.51456
4983      0.37517      -0.13787      -0.55888
4984      0.27965      -0.17709      -0.85133
4985      0.10280       0.01355      -1.04891
4986      0.09592       0.03298      -0.99261
4987      0.12635      -0.01935      -1.03424
4988      0.12010      -0.00199      -0.97989
4989      0.19961      -0.10007      -0.94650
4990      0.15342      -0.03419      -0.90140
4991      0.16055      -0.05467      -0.96330
4992      0.11259       0.01795      -0.92385
4993      0.06984       0.08466      -0.94999
4994      0.08871       0.05172      -0.93732
4995      0.08330       0.07028      -0.88514
4996      0.05776       0.09560      -1.02373
4997      0.07636       0.06429      -1.00841
4998      0.04255       0.12664      -1.03984
4999      0.06217       0.25778      -0.63068
5000      0.01394       0.19654      -1.07893
5001      0.02743       0.16311      -1.05901
5002      0.00896       0.27121      -0.89967
5003      0.01899       0.23174      -0.88310
5004     -0.00070       0.31303      -0.91574
5005     -0.01003       0.35924      -0.92712
5006     -0.00925       0.27143      -1.12183
5007     -0.01982       0.41819      -0.92909
5008     -0.03220       0.46203      -0.99855
5009     -0.03737       0.48478      -1.02550
5010     -0.04828       0.55789      -1.05775
5011     -0.03913       0.51946      -1.00851
5012     -0.03120       0.48027      -0.97045
5013      0.49138       1.02601      -0.11547
5014      0.46350       0.96647      -0.11615
5015      0.30182       0.93260      -0.26615
5016      0.33176       0.98853      -0.25673
5017      0.36316       0.98069      -0.21508
5018      0.34273       0.92024      -0.21486
5019      0.15404       0.69527      -0.38370
5020      0.14415       0.64802      -0.39006
5021      0.31538       0.28373      -0.24916
5022      0.31910       0.34148      -0.22686
5023      0.40581       0.24122      -0.19243
5024      0.41866       0.29549      -0.16489
5025      0.22736       0.28674      -0.32839
5026      0.24760       0.31024      -0.29746
5027      0.29261       0.23672      -0.28811
5028      0.01085       0.76778      -0.83269
5029     -0.00015       0.73436      -0.84918
5030      0.03605       0.75795      -0.72258
5031      0.06700       0.73819      -0.59937
5032      0.08291       0.77816      -0.57941
5033      0.05088       0.86922      -0.75151
5034      0.10532       0.81869      -0.54824
5035      0.12429       0.89985      -0.56329
5036      0.13419       0.93601      -0.56875
5037      0.17567       1.01043      -0.54452
5038      0.15265       0.94156      -0.53412
5039      0.13269       0.88751      -0.53509
5040      0.44995      -0.39058      -0.88989
5041      0.33787      -0.24031      -0.83028
5042      0.28534      -0.19757      -0.91095
5043      0.33727      -0.25975      -0.89119
5044      0.39150      -0.31001      -0.82160
5045      0.37485      -0.30764      -0.87908
5046      0.21121      -0.12875      -1.05434
5047      0.17213      -0.08398      -1.06713
5048      0.13266      -0.03490      -1.08840
5049      0.10617       0.03778      -0.87181
5050      0.14133       0.04558      -0.70391
5051      0.14224       0.02123      -0.75633
5052      0.08166       0.04523      -1.06237
5053      0.06464       0.07394      -1.07630
5054      0.04626       0.10699      -1.09539
5055      0.01759       0.25577      -0.82778
5056      0.01680       0.17014      -1.13301
5057      0.03043       0.13836      -1.11589
5058     -0.00178       0.29097      -0.97799
5059     -0.00732       0.24704      -1.17872
5060     -0.01609       0.28774      -1.18457
5061     -0.04733       0.59099      -1.02409
5062     -0.03849       0.55175      -0.98142
5063     -0.00534       0.42111      -0.79326
5064     -0.02533       0.58247      -0.88809
5065      0.04213       0.42143      -0.59475
5066      0.05873       0.38697      -0.55831
5067      0.43707       1.03690      -0.16761
5068      0.38749       1.04181      -0.22047
5069      0.47513       1.11253      -0.16205
5070      0.35733       1.03500      -0.25156
5071      0.26359       0.81317      -0.26879
5072      0.42209       0.43032      -0.12044
5073      0.46530       0.08797      -0.21137
5074      0.36142       0.15054      -0.27232
5075      0.51444       0.11373      -0.14950
5076      0.38544       0.18357      -0.23200
5077      0.51727       0.18874      -0.11996
5078      0.27122       0.20840      -0.32478
5079      0.20834       0.26153      -0.36572
5080     -0.00434       0.75943      -0.89013
5081      0.00580       0.78986      -0.87406
5082      0.02854       0.78298      -0.77279
5083      0.05823       0.77229      -0.65282
5084      0.04390       0.88994      -0.80025
5085      0.05535       0.92019      -0.78080
5086      0.19913       0.99682      -0.48485
5087      0.17123       0.93566      -0.49116
5088      0.14738       0.87738      -0.49650
5089      0.24220       1.04318      -0.43754
5090      0.02709       0.45626      -0.63162
5091      0.03250       0.48484      -0.60939
5092      0.43461      -0.36834      -0.84899
5093      0.41462      -0.35948      -0.91694
5094      0.37564      -0.31764      -0.93967
5095      0.23356      -0.13843      -0.92933
5096      0.10766      -0.00174      -1.10103
5097      0.16470      -0.06810      -1.01657
5098      0.20762      -0.11794      -1.00036
5099      0.08170       0.09048      -0.82998
5100      0.10564       0.05285      -0.81979
5101      0.11000       0.06439      -0.76666
5102      0.13575       0.07798      -0.66034
5103      0.05421       0.08090      -1.14635
5104      0.06929       0.05586      -1.12795
5105      0.01958       0.14955      -1.18301
5106      0.03412       0.11491      -1.17636
5107     -0.00117       0.26359      -1.03954
5108     -0.01365       0.40557      -0.88207
5109     -0.02052       0.46845      -0.87830
5110     -0.01375       0.42655      -0.85417
5111     -0.04523       0.61698      -1.00273
5112     -0.00849       0.47315      -0.79463
5113     -0.03223       0.61257      -0.93343
5114      0.08240       0.35159      -0.51974
5115      0.40649       0.97771      -0.16926
5116      0.28106       0.87411      -0.26962
5117      0.32356       0.86067      -0.21763
5118      0.35347       0.79028      -0.16547
5119      0.30348       0.80045      -0.21729
5120      0.44384       0.34219      -0.12991
5121      0.32959       0.40164      -0.19940
5122      0.00204       0.81274      -0.90986
5123      0.04935       0.80221      -0.70732
5124      0.10318       0.77633      -0.52491
5125      0.27148       1.09335      -0.43771
5126      0.40586      -0.34421      -0.87123
5127      0.14663      -0.01381      -0.85094
5128      0.14367       0.00446      -0.80200
5129      0.09136       0.01390      -1.16489
5130      0.08808       0.02673      -1.11479
5131      0.02966       0.11598      -1.22215
5132      0.01912       0.14274      -1.22093
5133      0.00138       0.23384      -1.09888
5134     -0.03031       0.51293      -0.93620
5135     -0.01472       0.50029      -0.82611
5136     -0.03981       0.64526      -0.97877
5137      0.51634       1.09879      -0.12008
5138      0.51892       0.23949      -0.10492
5139      0.26244       0.43668      -0.24540
5140      0.04009       0.82577      -0.76009
5141      0.04737       0.45382      -0.57313
5142      0.36341      -0.30584      -1.02812
5143      0.39346      -0.33605      -1.09853
5144      0.33069      -0.26819      -1.05603
5145      0.35198      -0.29103      -1.11260
5146      0.11393       0.07344      -0.72740
5147      0.05773       0.06703      -1.18333
5148      0.07399       0.04073      -1.17539
5149      0.00557       0.20261      -1.15148
5150     -0.05559       0.60043      -1.07747
5151     -0.04796       0.67598      -1.02250
5152      0.55179       1.16342      -0.10870
5153      0.52071       1.15864      -0.13809
5154      0.57295       0.05460      -0.11527
5155      0.55807       0.03068      -0.14882
5156      0.03151       0.84147      -0.80962
5157      0.02143       0.80375      -0.81953
5158      0.20983       1.06173      -0.52593
5159      0.23317       1.06527      -0.48012
5160      0.24544      -0.16741      -1.05029
5161      0.24168      -0.15646      -0.98768
5162      0.34302      -0.27885      -0.95432
5163      0.29294      -0.21782      -0.98461
5164      0.30737      -0.24101      -1.13099
5165      0.29381      -0.22542      -1.08306
5166      0.26320      -0.19244      -1.15118
5167      0.25090      -0.17738      -1.10179
5168      0.09395       0.00446      -1.21431
5169      0.07419       0.03359      -1.22002
5170      0.05759       0.06171      -1.22283
5171      0.00767       0.18350      -1.20158
5172     -0.00170       0.21696      -1.20673
5173      0.42538       0.84210      -0.11550
5174      0.41286       0.78443      -0.11489
5175      0.02564       0.85860      -0.85137
5176      0.01507       0.82040      -0.86155
5177      0.03525       0.88539      -0.83415
5178      0.42557      -0.35301      -0.82837
5179      0.40657      -0.33870      -0.84497
5180     -0.03655       0.58345      -0.95641
5181     -0.02104       0.52098      -0.86165
5182      0.37224       0.84962      -0.16415
5183      0.05490       0.48755      -0.55169
5184      0.01172       0.83625      -0.88990
5185      0.01806       0.85381      -0.87934
5186     -0.01081       0.44999      -0.81677
5187      0.38616       0.91074      -0.16748
5188      0.44276       0.90451      -0.11609
5189      0.27570      -0.20266      -1.04368
5190      0.01334       0.15956      -1.22404
5191      0.51143       0.28012      -0.09928
5192     -0.02857       0.54821      -0.91038
5193      0.04424       0.08624      -1.22254
5194      0.03970       0.51722      -0.58779
5195      0.25734       1.09462      -0.46435
5196      0.04613       0.08672      -1.19677
5197      0.02876       0.54349      -0.62100
5198     -0.01511       0.47360      -0.83747
5199      0.02304       0.55801      -0.64704
5200     -0.05251       0.60241      -0.60490
5201     -0.04921       0.57007      -0.58324
5202     -0.05822       0.55573      -0.60883
5203     -0.06151       0.58807      -0.63048
5204     -0.01807       0.60705      -0.64830
5205     -0.00243       0.58946      -0.58674
5206     -0.01279       0.54535      -0.60723
5207     -0.01953       0.56113      -0.63561
5208      0.03201       0.59410      -0.63015
5209      0.03400       0.56474      -0.61073
5210      0.02590       0.55075      -0.63402
5211      0.02391       0.58011      -0.65343
5212     -0.07174       0.56063      -0.66243
5213     -0.06765       0.59640      -0.65728
5214     -0.06560       0.55229      -0.63564
5215     -0.02620       0.53854      -0.65761
5216     -0.03101       0.57766      -0.68826
5217      0.01452       0.55558      -0.68344
5218      0.01856       0.58831      -0.67928
5219      0.01987       0.54738      -0.65759
5220     -0.05821       0.52947      -0.60591
5221     -0.06560       0.52603      -0.63272
5222     -0.02009       0.51234      -0.63058
5223      0.02534       0.52822      -0.63190
5224      0.01931       0.52485      -0.65547
5225     -0.10110       0.43010      -0.82266
5226     -0.10662       0.43821      -0.85449
5227     -0.10735       0.46422      -0.84446
5228     -0.10183       0.45611      -0.81264
5229     -0.05512       0.44721      -0.80956
5230     -0.05827       0.42116      -0.84857
5231     -0.06549       0.46456      -0.87215
5232     -0.05967       0.47069      -0.83020
5233     -0.01228       0.43827      -0.83547
5234     -0.01713       0.44750      -0.86624
5235     -0.01781       0.47102      -0.85788
5236     -0.01296       0.46179      -0.82712
5237     -0.10017       0.48296      -0.79389
5238     -0.09802       0.45669      -0.79021
5239     -0.10398       0.48238      -0.81631
5240     -0.05922       0.49863      -0.81790
5241     -0.05256       0.47105      -0.78635
5242     -0.01160       0.48672      -0.81037
5243     -0.00965       0.46157      -0.80570
5244     -0.01491       0.48694      -0.83179
5245     -0.11076       0.48892      -0.85634
5246     -0.10738       0.50708      -0.82819
5247     -0.06604       0.51908      -0.85417
5248     -0.02078       0.49472      -0.86997
5249     -0.01788       0.51063      -0.84388
5250     -0.13582       0.66434      -0.97843
5251     -0.13450       0.63175      -0.97059
5252     -0.14194       0.63044      -1.00305
5253     -0.14326       0.66303      -1.01088
5254     -0.09399       0.67804      -1.01064
5255     -0.08572       0.64693      -0.96842
5256     -0.09130       0.61594      -0.99293
5257     -0.09993       0.64655      -1.03277
5258     -0.04389       0.66062      -1.00063
5259     -0.04252       0.63112      -0.99075
5260     -0.04930       0.63206      -1.02265
5261     -0.05066       0.66156      -1.03253
5262     -0.15180       0.68645      -1.04442
5263     -0.14431       0.69223      -1.01572
5264     -0.15075       0.65726      -1.03959
5265     -0.10852       0.67058      -1.06805
5266     -0.10263       0.70251      -1.04629
5267     -0.05934       0.68663      -1.06991
5268     -0.05230       0.68832      -1.04121
5269     -0.05771       0.65987      -1.06123
5270      0.24983       0.12157      -0.29712
5271      0.21566       0.16539      -0.30072
5272      0.27437       0.15166      -0.25336
5273      0.30854       0.10784      -0.24976
5274      0.31594       0.10716      -0.29383
5275      0.22823       0.16602      -0.34382
5276      0.24902       0.19418      -0.30198
5277      0.34167       0.13695      -0.24994
5278      0.29434       0.15161      -0.34054
5279      0.26159       0.19481      -0.34508
5280      0.31632       0.17947      -0.29855
5281      0.34907       0.13627      -0.29401
5282      0.34580       0.06306      -0.24471
5283      0.37500       0.09325      -0.19881
5284      0.41226       0.04846      -0.19375
5285      0.41545       0.04784      -0.23849
5286      0.44670       0.07555      -0.19071
5287      0.38560       0.09194      -0.28761
5288      0.41336       0.11925      -0.24185
5289      0.44988       0.07492      -0.23545
5290     -0.03622       0.58150      -0.55041
5291     -0.03456       0.54300      -0.54207
5292     -0.04755       0.53157      -0.57490
5293      0.01150       0.56835      -0.54499
5294     -0.00054       0.51658      -0.57206
5295      0.04530       0.57632      -0.58132
5296      0.04553       0.54194      -0.57498
5297      0.03423       0.53036      -0.60439
5298     -0.05532       0.49609      -0.59925
5299     -0.04466       0.49820      -0.56824
5300     -0.00802       0.48265      -0.59477
5301      0.02721       0.49889      -0.62610
5302      0.03610       0.50103      -0.59859
5303     -0.12766       0.63195      -0.93678
5304     -0.12607       0.59772      -0.92817
5305     -0.13291       0.59751      -0.96199
5306     -0.07796       0.61394      -0.92446
5307     -0.08251       0.58179      -0.94863
5308     -0.03602       0.62891      -0.95610
5309     -0.03439       0.59801      -0.94492
5310     -0.04089       0.60021      -0.97957
5311     -0.00659      -0.01174      -1.18875
5312      0.00324      -0.02258      -1.16117
5313      0.01418      -0.04316      -1.18167
5314      0.00435      -0.03233      -1.20925
5315      0.03383       0.00869      -1.21583
5316      0.03366       0.01673      -1.17062
5317      0.05225      -0.01199      -1.16068
5318      0.05459      -0.02199      -1.21058
5319      0.07409       0.03716      -1.19771
5320      0.08267       0.02732      -1.17014
5321      0.09266       0.00918      -1.18960
5322      0.08407       0.01902      -1.21716
5323      0.00305      -0.03567      -1.24938
5324     -0.00735      -0.01750      -1.23075
5325      0.01475      -0.05050      -1.22788
5326      0.05367      -0.02536      -1.25243
5327      0.03230       0.00681      -1.25308
5328      0.08292       0.01712      -1.25614
5329      0.07349       0.03300      -1.23816
5330      0.09351       0.00315      -1.23514
5331      0.44656       0.00607      -0.18976
5332      0.47390       0.03520      -0.14228
5333      0.50820      -0.00720      -0.13828
5334      0.51589      -0.00758      -0.18010
5335      0.53889       0.01897      -0.13165
5336      0.48479       0.03418      -0.22883
5337      0.51169       0.05933      -0.18009
5338      0.54659       0.01859      -0.17347
5339      0.56402      -0.04443      -0.09737
5340      0.52535      -0.04008      -0.14207
5341      0.54687      -0.01154      -0.09358
5342      0.59427      -0.02061      -0.08776
5343      0.57453      -0.04577      -0.13807
5344      0.60478      -0.02196      -0.12845
5345      0.56508      -0.01327      -0.17610
5346      0.58630       0.00990      -0.12583
5347     -0.07731       0.60146      -0.69754
5348     -0.07473       0.64070      -0.70417
5349     -0.06507       0.63564      -0.66390
5350     -0.03648       0.61803      -0.72818
5351     -0.02569       0.65399      -0.70247
5352      0.00982       0.59424      -0.71889
5353      0.01256       0.63132      -0.72648
5354      0.02131       0.62539      -0.68687
5355     -0.02446       0.01759      -1.19466
5356     -0.03237       0.02844      -1.21481
5357     -0.03905       0.04344      -1.20076
5358     -0.03114       0.03259      -1.18061
5359      0.01665       0.04412      -1.17885
5360      0.01655       0.03784      -1.21890
5361      0.00200       0.06457      -1.21860
5362      0.00415       0.06534      -1.19182
5363      0.05766       0.06437      -1.20308
5364      0.05092       0.07398      -1.22269
5365      0.04519       0.08648      -1.20965
5366      0.05193       0.07687      -1.19005
5367     -0.04022       0.05753      -1.15121
5368     -0.02680       0.03014      -1.15531
5369     -0.04456       0.05998      -1.17651
5370     -0.00858       0.09545      -1.17126
5371      0.01252       0.05999      -1.14130
5372      0.04416       0.09791      -1.16135
5373      0.05597       0.07397      -1.16484
5374      0.04013       0.10081      -1.18656
5375     -0.04877       0.06058      -1.21350
5376     -0.05428       0.07713      -1.18925
5377     -0.01381       0.09711      -1.21724
5378      0.03695       0.10111      -1.22234
5379      0.03189       0.11544      -1.19925
5380     -0.00902       0.00110      -1.14229
5381     -0.00117      -0.00620      -1.11201
5382      0.01109      -0.02988      -1.13088
5383      0.02895       0.03267      -1.12334
5384      0.04856       0.00243      -1.11003
5385      0.07164       0.04830      -1.15167
5386      0.07868       0.04130      -1.12137
5387      0.08972       0.02031      -1.13984
5388      0.18215       1.10988      -0.39729
5389      0.16048       1.09281      -0.42051
5390      0.16891       1.12011      -0.43257
5391      0.19059       1.13719      -0.40934
5392      0.23494       1.11544      -0.41681
5393      0.20405       1.06271      -0.41810
5394      0.19411       1.08432      -0.46124
5395      0.22006       1.11574      -0.44356
5396      0.25684       1.06827      -0.43763
5397      0.23769       1.05423      -0.45883
5398      0.24526       1.07995      -0.47223
5399      0.26441       1.09399      -0.45103
5400      0.20725       1.17656      -0.42177
5401      0.20978       1.16002      -0.40053
5402      0.18806       1.15373      -0.43059
5403      0.22965       1.14948      -0.46160
5404      0.25736       1.16024      -0.42746
5405      0.27976       1.13316      -0.46729
5406      0.28251       1.11565      -0.44374
5407      0.26166       1.11149      -0.47458
5408      0.16234       1.13114      -0.45538
5409      0.18149       1.16476      -0.45340
5410      0.20758       1.13885      -0.48991
5411      0.23934       1.09202      -0.49576
5412      0.25575       1.12357      -0.49811
5413     -0.01788       0.55577      -0.50533
5414     -0.01457       0.51272      -0.49898
5415     -0.03126       0.49995      -0.53571
5416      0.03091       0.54155      -0.50183
5417      0.01658       0.48575      -0.53340
5418      0.06030       0.55413      -0.54149
5419      0.06207       0.51458      -0.53625
5420      0.04730       0.50239      -0.56974
5421     -0.03949       0.46343      -0.56016
5422     -0.02609       0.46518      -0.52764
5423      0.00846       0.45012      -0.55666
5424      0.03993       0.46933      -0.59126
5425      0.05113       0.47069      -0.56241
5426     -0.11993       0.59914      -0.89365
5427     -0.11794       0.56421      -0.88390
5428     -0.12408       0.56279      -0.91841
5429     -0.07076       0.58272      -0.87995
5430     -0.07414       0.54683      -0.90318
5431     -0.02878       0.59752      -0.91076
5432     -0.02695       0.56534      -0.89923
5433     -0.03256       0.56583      -0.93340
5434     -0.11537       0.53132      -0.87134
5435     -0.11605       0.48324      -0.89514
5436     -0.12067       0.52563      -0.91013
5437     -0.07598       0.50937      -0.93024
5438     -0.02480       0.53460      -0.88601
5439     -0.02541       0.49069      -0.90725
5440     -0.02944       0.53057      -0.92329
5441     -0.05212       0.06164      -1.24837
5442     -0.05871       0.07836      -1.22993
5443     -0.04217       0.04385      -1.23193
5444     -0.00122       0.06613      -1.25263
5445     -0.01623       0.09767      -1.25012
5446      0.03467       0.10216      -1.25438
5447      0.02867       0.11643      -1.23742
5448      0.04295       0.08684      -1.23930
5449     -0.03555       0.02892      -1.24956
5450     -0.02576       0.01351      -1.23245
5451      0.01445       0.03694      -1.25350
5452      0.04879       0.07415      -1.25656
5453      0.05676       0.06128      -1.23995
5454      0.06955       0.27789      -0.41691
5455      0.05390       0.31500      -0.42222
5456      0.07988       0.31043      -0.38601
5457      0.09553       0.27332      -0.38070
5458      0.11929       0.26997      -0.41888
5459      0.08177       0.30697      -0.45679
5460      0.09069       0.34080      -0.42912
5461      0.13128       0.29953      -0.38465
5462      0.13152       0.29905      -0.45875
5463      0.11856       0.33278      -0.46369
5464      0.14208       0.32991      -0.42777
5465      0.15504       0.29618      -0.42283
5466      0.11230       0.23449      -0.38105
5467      0.12850       0.26203      -0.34294
5468      0.14526       0.22320      -0.34329
5469      0.16241       0.22487      -0.38500
5470      0.18186       0.24868      -0.34399
5471      0.16941       0.26034      -0.42282
5472      0.18464       0.28618      -0.38571
5473      0.19901       0.25035      -0.38570
5474      0.16982       0.18069      -0.34329
5475      0.19111       0.20790      -0.30072
5476      0.22082       0.21020      -0.38553
5477      0.23978       0.23496      -0.34525
5478      0.15007       1.05017      -0.40185
5479      0.12699       1.02402      -0.42652
5480      0.13739       1.06665      -0.44517
5481      0.17407       1.00253      -0.42342
5482      0.15944       1.01338      -0.46642
5483      0.22805       1.01507      -0.43967
5484      0.20652       0.99189      -0.46332
5485      0.21615       1.03105      -0.48248
5486     -0.08395       0.63949      -0.73897
5487     -0.08228       0.67551      -0.74948
5488     -0.07306       0.67672      -0.71468
5489     -0.04344       0.65200      -0.77142
5490     -0.03303       0.68720      -0.74970
5491      0.00403       0.63054      -0.76063
5492      0.00581       0.66368      -0.77164
5493      0.01434       0.66446      -0.73749
5494      0.28605       0.87158      -0.12874
5495      0.26921       0.90756      -0.15526
5496      0.30145       0.93221      -0.12857
5497      0.31829       0.89624      -0.10205
5498      0.34196       0.85740      -0.13247
5499      0.29199       0.86932      -0.18716
5500      0.31037       0.92869      -0.18434
5501      0.35553       0.91901      -0.13540
5502      0.34790       0.85514      -0.19089
5503      0.33314       0.89045      -0.21624
5504      0.36445       0.91549      -0.19117
5505      0.37920       0.88018      -0.16581
5506      0.34184       0.85972      -0.07326
5507      0.35622       0.92346      -0.07497
5508      0.37978       0.88694      -0.04618
5509      0.39870       0.84818      -0.08061
5510      0.41515       0.91207      -0.08136
5511      0.39881       0.84586      -0.13983
5512      0.41446       0.90762      -0.14179
5513      0.43407       0.87330      -0.11580
5514     -0.11224       0.56842      -0.84999
5515     -0.10967       0.53553      -0.83743
5516     -0.06342       0.55361      -0.83681
5517     -0.02194       0.56791      -0.86677
5518     -0.01980       0.53717      -0.85355
5519     -0.12614       0.52541      -0.94613
5520     -0.12955       0.56257      -0.95441
5521     -0.08456       0.54838      -0.97469
5522     -0.03440       0.53234      -0.95881
5523     -0.03752       0.56760      -0.96891
5524     -0.05333       0.08966      -1.13548
5525     -0.04615       0.08493      -1.09536
5526     -0.03304       0.05281      -1.11109
5527     -0.01247       0.12084      -1.11034
5528      0.00467       0.08676      -1.09066
5529      0.03228       0.12663      -1.14612
5530      0.03835       0.12267      -1.10564
5531      0.05023       0.09395      -1.12087
5532      0.18944      -0.25128      -1.22423
5533      0.16064      -0.22110      -1.19515
5534      0.17459      -0.23573      -1.15531
5535      0.20339      -0.26591      -1.18440
5536      0.24769      -0.24206      -1.21799
5537      0.19928      -0.19287      -1.22972
5538      0.19076      -0.18341      -1.16263
5539      0.22833      -0.22436      -1.15036
5540      0.25753      -0.18365      -1.22348
5541      0.22939      -0.15518      -1.19720
5542      0.24450      -0.17204      -1.15768
5543      0.27264      -0.20051      -1.18395
5544      0.23757      -0.30088      -1.21297
5545      0.21523      -0.28013      -1.14018
5546      0.24941      -0.31511      -1.16875
5547      0.29638      -0.29300      -1.20422
5548      0.27219      -0.27250      -1.13090
5549      0.30650      -0.23418      -1.20924
5550      0.28529      -0.21672      -1.14109
5551      0.31915      -0.25039      -1.16637
5552      0.03106       0.31728      -0.45859
5553      0.01705       0.35488      -0.46756
5554      0.03990       0.35259      -0.43119
5555      0.04744       0.34440      -0.50044
5556      0.05641       0.37814      -0.47410
5557      0.09815       0.33409      -0.49864
5558      0.08679       0.36766      -0.50699
5559      0.10720       0.36635      -0.47204
5560      0.12139       0.98609      -0.40849
5561      0.10030       0.95911      -0.43225
5562      0.10590       0.99703      -0.45027
5563      0.14802       0.94105      -0.43181
5564      0.13164       0.94990      -0.47185
5565      0.20069       0.95749      -0.44674
5566      0.17936       0.93184      -0.47142
5567      0.18518       0.96624      -0.48800
5568      0.43127       0.24943      -0.08391
5569      0.39159       0.29942      -0.09468
5570      0.44059       0.29344      -0.06057
5571      0.48026       0.24345      -0.04980
5572      0.50122       0.23126      -0.07965
5573      0.39884       0.28566      -0.13916
5574      0.42401       0.33260      -0.10291
5575      0.49421       0.27200      -0.07225
5576      0.46879       0.26749      -0.13491
5577      0.43125       0.31884      -0.14740
5578      0.47764       0.31116      -0.11459
5579      0.51517       0.25981      -0.10210
5580      0.53361       0.22450      -0.01042
5581      0.51449       0.20783      -0.03256
5582      0.49939       0.26011      -0.02766
5583      0.54495       0.26492      -0.03157
5584      0.56899       0.20196      -0.02829
5585      0.58033       0.24238      -0.04944
5586      0.55573       0.22538      -0.07538
5587      0.53977       0.27680      -0.07616
5588      0.45210       0.32202      -0.04271
5589      0.51091       0.28870      -0.00980
5590      0.52013       0.32758      -0.03684
5591      0.49204       0.33816      -0.09705
5592      0.55418       0.30380      -0.05862
5593      0.43068       0.87886      -0.00834
5594      0.39766       0.85002      -0.02704
5595      0.41280       0.91578      -0.02748
5596      0.46363       0.90462      -0.04451
5597      0.44980       0.84058      -0.04340
5598      0.48276       0.86634      -0.07958
5599      0.45084       0.83873      -0.09697
5600      0.46598       0.90092      -0.09840
5601      0.44577       0.94516      -0.00858
5602      0.39730       0.95285      -0.04692
5603      0.43028       0.98223      -0.02802
5604      0.48109       0.97049      -0.04420
5605      0.43528       0.97628      -0.08167
5606      0.49895       0.92996      -0.08013
5607      0.45313       0.93549      -0.11612
5608      0.48610       0.96453      -0.09785
5609     -0.07608       0.13708      -1.18387
5610     -0.06936       0.11340      -1.19321
5611     -0.07361       0.12048      -1.21367
5612     -0.08032       0.14416      -1.20433
5613     -0.03775       0.17015      -1.19744
5614     -0.02470       0.13345      -1.17872
5615     -0.02531       0.12609      -1.21645
5616     -0.03207       0.14554      -1.21971
5617      0.01362       0.16652      -1.19229
5618      0.01935       0.14614      -1.20197
5619      0.01623       0.15115      -1.22249
5620      0.01050       0.17153      -1.21281
5621     -0.08545       0.15088      -1.24075
5622     -0.08667       0.16199      -1.21604
5623     -0.07911       0.13305      -1.22905
5624     -0.03508       0.14894      -1.24635
5625     -0.04409       0.18013      -1.24252
5626      0.00628       0.17819      -1.24811
5627      0.00483       0.18830      -1.22392
5628      0.01196       0.16143      -1.23700
5629     -0.07130       0.10990      -1.22855
5630     -0.07680       0.12247      -1.24393
5631     -0.02794       0.12701      -1.24831
5632      0.01804       0.14320      -1.23621
5633      0.01377       0.15348      -1.25073
5634      0.17348      -0.22112      -1.01121
5635      0.19677      -0.24497      -0.97779
5636      0.21370      -0.26909      -1.00730
5637      0.19042      -0.24524      -1.04072
5638      0.21035      -0.19746      -1.04703
5639      0.20670      -0.18559      -0.98317
5640      0.25738      -0.24652      -0.98077
5641      0.24064      -0.23281      -1.04068
5642      0.24356      -0.16194      -1.01898
5643      0.26731      -0.18714      -0.98614
5644      0.28432      -0.21024      -1.01415
5645      0.26057      -0.18503      -1.04699
5646      0.20192      -0.26278      -1.08827
5647      0.17803      -0.23334      -1.07030
5648      0.21431      -0.27468      -1.05868
5649      0.25843      -0.25591      -1.08138
5650      0.21585      -0.20827      -1.09931
5651      0.27235      -0.20140      -1.09243
5652      0.24817      -0.17239      -1.07604
5653      0.28475      -0.21404      -1.06337
5654      0.24058      -0.30168      -1.01510
5655      0.24119      -0.30727      -1.06649
5656      0.29501      -0.29816      -1.05465
5657      0.31182      -0.24300      -1.02032
5658      0.31225      -0.24680      -1.06954
5659      0.26836      -0.32350      -0.91101
5660      0.28462      -0.33661      -0.86970
5661      0.30452      -0.36861      -0.89872
5662      0.28826      -0.35550      -0.94002
5663      0.30690      -0.30674      -0.95080
5664      0.30161      -0.28606      -0.88296
5665      0.33908      -0.33424      -0.87187
5666      0.34069      -0.34701      -0.93622
5667      0.34015      -0.26930      -0.92276
5668      0.35606      -0.28369      -0.88513
5669      0.37525      -0.31264      -0.90937
5670      0.35933      -0.29825      -0.94700
5671      0.28205      -0.35080      -0.98709
5672      0.31675      -0.39089      -0.96710
5673      0.31054      -0.38618      -1.01417
5674      0.32837      -0.33641      -1.02751
5675      0.36195      -0.37401      -1.00211
5676      0.35322      -0.29235      -0.99122
5677      0.38589      -0.33013      -0.97122
5678      0.37978      -0.32423      -1.01545
5679     -0.00196       0.35647      -0.50284
5680     -0.01189       0.39309      -0.51131
5681      0.00712       0.39150      -0.47603
5682      0.02117       0.38136      -0.54142
5683      0.02959       0.41446      -0.51663
5684      0.07056       0.36928      -0.53902
5685      0.06265       0.40272      -0.54674
5686      0.07888       0.40110      -0.51470
5687     -0.07721       0.84598      -0.85319
5688     -0.07980       0.82266      -0.84543
5689     -0.08652       0.81883      -0.86925
5690     -0.08393       0.84215      -0.87701
5691     -0.03369       0.84519      -0.87853
5692     -0.03012       0.82912      -0.85039
5693     -0.03924       0.79867      -0.86285
5694     -0.04336       0.82146      -0.89836
5695      0.01339       0.82832      -0.87573
5696      0.01043       0.80513      -0.86781
5697      0.00392       0.80130      -0.89196
5698      0.00688       0.82449      -0.89988
5699     -0.08583       0.86460      -0.90261
5700     -0.07984       0.86521      -0.87928
5701     -0.08992       0.84153      -0.90035
5702     -0.04557       0.84333      -0.92571
5703     -0.03499       0.86652      -0.90283
5704      0.00527       0.84525      -0.92592
5705      0.01116       0.84649      -0.90208
5706      0.00099       0.82326      -0.92372
5707     -0.09096       0.67263      -0.78251
5708     -0.08906       0.70618      -0.79419
5709     -0.08038       0.70907      -0.76116
5710     -0.04968       0.68223      -0.81499
5711     -0.03953       0.71653      -0.79512
5712     -0.00216       0.66161      -0.80391
5713     -0.00015       0.69259      -0.81592
5714      0.00782       0.69466      -0.78366
5715      0.37641       0.99316      -0.07588
5716      0.33533       0.96376      -0.10393
5717      0.37612       0.98897      -0.13691
5718      0.43499       0.97209      -0.14271
5719      0.39632       0.94422      -0.16837
5720      0.28820       0.97174      -0.15457
5721      0.32208       1.00328      -0.12993
5722      0.33078       0.99351      -0.18519
5723      0.35294       0.95046      -0.21497
5724      0.38482       0.97920      -0.19217
5725     -0.09333       0.39490      -0.79849
5726     -0.09845       0.39698      -0.83140
5727     -0.09598       0.42802      -0.78975
5728     -0.04894       0.41636      -0.78521
5729     -0.05036       0.38597      -0.82570
5730     -0.00597       0.40743      -0.81242
5731     -0.01018       0.41015      -0.84288
5732     -0.00807       0.43555      -0.80502
5733     -0.09271       0.45274      -0.76344
5734     -0.09067       0.42407      -0.76297
5735     -0.04536       0.44011      -0.75762
5736     -0.00521       0.45842      -0.78054
5737     -0.00363       0.43240      -0.77985
5738     -0.08406       0.16728      -1.16850
5739     -0.07836       0.15945      -1.13336
5740     -0.07038       0.12925      -1.14873
5741     -0.03969       0.19018      -1.14759
5742     -0.02749       0.15564      -1.12801
5743      0.00662       0.19306      -1.17653
5744      0.01119       0.18638      -1.14224
5745      0.01819       0.15984      -1.15801
5746     -0.05698       0.11697      -1.07704
5747     -0.05054       0.11153      -1.04028
5748     -0.03972       0.07950      -1.05860
5749     -0.01557       0.14686      -1.05414
5750      0.00002       0.10955      -1.03557
5751      0.02893       0.15073      -1.08745
5752      0.03499       0.14487      -1.04943
5753      0.04440       0.11681      -1.06762
5754     -0.01446       0.02068      -1.09358
5755     -0.00733       0.01490      -1.06076
5756      0.00595      -0.01197      -1.07919
5757      0.02355       0.05291      -1.07236
5758      0.04226       0.02158      -1.05773
5759      0.06696       0.06490      -1.10212
5760      0.07315       0.05959      -1.06933
5761      0.08487       0.03598      -1.08858
5762      0.14438      -0.19569      -1.07776
5763      0.15815      -0.20808      -1.04531
5764      0.16426      -0.22095      -1.10275
5765      0.18293      -0.17200      -1.11147
5766      0.17612      -0.15869      -1.05060
5767      0.21467      -0.13500      -1.08431
5768      0.22833      -0.14808      -1.05231
5769      0.23452      -0.15932      -1.10803
5770      0.15172      -0.20896      -1.13487
5771      0.18713      -0.24772      -1.12319
5772      0.22196      -0.14645      -1.13922
5773      0.25705      -0.18491      -1.12649
5774      0.28655      -0.35220      -1.19905
5775      0.25969      -0.32939      -1.12276
5776      0.29682      -0.36648      -1.15306
5777      0.34542      -0.34462      -1.18787
5778      0.31718      -0.32291      -1.11365
5779      0.35524      -0.28542      -1.19304
5780      0.32968      -0.26602      -1.12179
5781      0.36577      -0.30105      -1.14846
5782      0.30895      -0.38380      -1.06427
5783      0.34700      -0.42558      -1.04213
5784      0.34541      -0.42319      -1.09223
5785      0.35902      -0.36833      -1.10008
5786      0.40032      -0.41308      -1.08157
5787      0.37844      -0.32095      -1.06333
5788      0.41526      -0.36152      -1.04155
5789      0.41392      -0.35823      -1.08942
5790     -0.07020       0.85744      -0.83438
5791     -0.07592       0.86367      -0.86215
5792     -0.06891       0.87513      -0.84334
5793     -0.01973       0.86782      -0.84045
5794     -0.02733       0.86352      -0.86824
5795      0.02035       0.83950      -0.85646
5796      0.01489       0.84503      -0.88462
5797      0.02185       0.85621      -0.86536
5798     -0.06824       0.90226      -0.86500
5799     -0.06433       0.89458      -0.84213
5800     -0.07283       0.88281      -0.86621
5801     -0.02737       0.88227      -0.88651
5802     -0.01786       0.90193      -0.86531
5803      0.02301       0.88194      -0.88682
5804      0.02674       0.87517      -0.86363
5805      0.01812       0.86298      -0.88854
5806     -0.07675       0.88435      -0.88334
5807      0.01439       0.86444      -0.90600
5808     -0.07172       0.82940      -0.81807
5809     -0.07328       0.80327      -0.80379
5810     -0.08136       0.79654      -0.83115
5811     -0.02335       0.81235      -0.80822
5812     -0.03379       0.77668      -0.82168
5813      0.01825       0.81207      -0.84054
5814      0.01614       0.78576      -0.82611
5815      0.00833       0.77882      -0.85338
5816      0.00460       0.52439      -0.45915
5817      0.00927       0.47823      -0.45359
5818     -0.00990       0.46656      -0.49342
5819      0.05368       0.50862      -0.45501
5820      0.03882       0.45254      -0.49080
5821      0.07999       0.52577      -0.49769
5822      0.08322       0.48292      -0.49222
5823      0.06530       0.47173      -0.53078
5824     -0.01892       0.42843      -0.51913
5825     -0.00273       0.42980      -0.48491
5826      0.05697       0.43615      -0.55415
5827      0.07114       0.43719      -0.52252
5828      0.26837       0.81185      -0.12945
5829      0.25073       0.84868      -0.15729
5830      0.30370       0.83476      -0.10090
5831      0.32459       0.79730      -0.13324
5832      0.27225       0.80991      -0.18759
5833      0.32848       0.79536      -0.19138
5834      0.31352       0.83056      -0.21746
5835      0.36286       0.81995      -0.16481
5836      0.32805       0.79716      -0.07322
5837      0.36619       0.82212      -0.04558
5838      0.38662       0.78721      -0.08016
5839      0.38317       0.78735      -0.14018
5840      0.41912       0.81326      -0.11520
5841      0.51141       1.14538      -0.01029
5842      0.48228       1.11430      -0.02838
5843      0.47371       1.15095      -0.04528
5844      0.50285       1.18203      -0.02720
5845      0.55061       1.17028      -0.04508
5846      0.53427       1.10066      -0.04320
5847      0.48865       1.10784      -0.08352
5848      0.51913       1.17421      -0.07615
5849      0.57347       1.12556      -0.07799
5850      0.54065       1.09420      -0.09835
5851      0.53406       1.13110      -0.11439
5852      0.56689       1.16246      -0.09403
5853      0.53805       1.21451      -0.01010
5854      0.50064       1.21712      -0.04376
5855      0.53584       1.24960      -0.02666
5856      0.58589       1.23103      -0.04262
5857      0.54559       1.23169      -0.07630
5858      0.59845       1.18680      -0.07760
5859      0.56408       1.18879      -0.10869
5860      0.59565       1.21312      -0.09226
5861     -0.10423       0.53992      -0.80861
5862     -0.10194       0.51147      -0.79937
5863     -0.05576       0.52673      -0.79779
5864     -0.01495       0.54042      -0.82599
5865     -0.01304       0.51388      -0.81632
5866     -0.13536       0.56373      -0.98854
5867     -0.13872       0.59867      -0.99612
5868     -0.09370       0.58672      -1.01660
5869     -0.04291       0.57137      -1.00275
5870     -0.04628       0.60399      -1.01341
5871     -0.08668       0.19393      -1.11663
5872     -0.08142       0.19003      -1.07902
5873     -0.07310       0.15555      -1.09575
5874     -0.04352       0.22197      -1.09422
5875     -0.03024       0.18325      -1.07371
5876      0.00347       0.21823      -1.12518
5877      0.00766       0.21519      -1.08890
5878      0.01537       0.18334      -1.10597
5879     -0.06077       0.14425      -1.02080
5880     -0.05518       0.13799      -0.98363
5881     -0.04495       0.10527      -1.00310
5882     -0.01962       0.17208      -0.99625
5883     -0.00530       0.13505      -0.97902
5884      0.02557       0.17468      -1.02959
5885      0.03026       0.16914      -0.99165
5886      0.03967       0.13933      -1.01148
5887      0.09864      -0.07177      -0.77148
5888      0.12259      -0.10740      -0.78579
5889      0.10023      -0.09200      -0.82424
5890      0.07628      -0.05638      -0.80992
5891      0.10957      -0.02114      -0.79317
5892      0.15461      -0.07053      -0.76900
5893      0.15722      -0.09138      -0.82187
5894      0.11186      -0.03992      -0.84322
5895      0.16553      -0.01989      -0.79070
5896      0.18923      -0.05451      -0.80507
5897      0.16885      -0.03929      -0.84085
5898      0.14515      -0.00468      -0.82647
5899      0.05443      -0.02013      -0.79360
5900      0.05563      -0.03910      -0.84668
5901      0.03378      -0.00285      -0.83035
5902      0.06952       0.02966      -0.81132
5903      0.07016       0.01280      -0.86484
5904      0.12465       0.02865      -0.81090
5905      0.12640       0.01198      -0.86138
5906      0.10590       0.04531      -0.84580
5907      0.24079      -0.28294      -0.88654
5908      0.24630      -0.30492      -0.96210
5909      0.21873      -0.26436      -0.93764
5910      0.25048      -0.22553      -0.90465
5911      0.31131      -0.22866      -0.90107
5912      0.31798      -0.24834      -0.96947
5913      0.28914      -0.20769      -0.94778
5914      0.19009      -0.22459      -0.90832
5915      0.16813      -0.20520      -0.94847
5916      0.19905      -0.16706      -0.92381
5917      0.25945      -0.16800      -0.92014
5918      0.23762      -0.14745      -0.95850
5919      0.39418      -0.42718      -0.76972
5920      0.38473      -0.43745      -0.81432
5921      0.36778      -0.42128      -0.81597
5922      0.37723      -0.41100      -0.77137
5923      0.42197      -0.38260      -0.75660
5924      0.42729      -0.41273      -0.81003
5925      0.40347      -0.39970      -0.83971
5926      0.39439      -0.38225      -0.81493
5927      0.45508      -0.36815      -0.79690
5928      0.44604      -0.37498      -0.83542
5929      0.43009      -0.36068      -0.83868
5930      0.43913      -0.35385      -0.80016
5931      0.35767      -0.38603      -0.76791
5932      0.35200      -0.40369      -0.81228
5933      0.33244      -0.37871      -0.80883
5934      0.35780      -0.33578      -0.80809
5935      0.37368      -0.36729      -0.83402
5936      0.42210      -0.33235      -0.79678
5937      0.41607      -0.34586      -0.83667
5938      0.39904      -0.32435      -0.83328
5939      0.32136      -0.38258      -0.86147
5940      0.31370      -0.36120      -0.82963
5941      0.34010      -0.40010      -0.84067
5942      0.37263      -0.37427      -0.86475
5943      0.39036      -0.32593      -0.87515
5944      0.38318      -0.30882      -0.85034
5945      0.40621      -0.34146      -0.85810
5946      0.35588      -0.41769      -0.84435
5947      0.42023      -0.35628      -0.86011
5948     -0.05260       0.88349      -0.78302
5949     -0.06184       0.86784      -0.80856
5950     -0.06043       0.89066      -0.82133
5951     -0.05119       0.90632      -0.79579
5952     -0.00136       0.89915      -0.78935
5953     -0.01354       0.85005      -0.79861
5954     -0.01026       0.89484      -0.82364
5955      0.03771       0.86570      -0.80494
5956      0.02858       0.85004      -0.83050
5957      0.03044       0.87200      -0.84276
5958      0.03958       0.88767      -0.81720
5959     -0.04971       0.94150      -0.82205
5960     -0.04537       0.93065      -0.79370
5961     -0.05553       0.91717      -0.82414
5962     -0.00952       0.92014      -0.84572
5963      0.00150       0.94254      -0.81962
5964      0.04168       0.92118      -0.84329
5965      0.04552       0.91104      -0.81527
5966      0.03574       0.89781      -0.84521
5967     -0.05942       0.92109      -0.84494
5968      0.03204       0.90099      -0.86609
5969     -0.06336       0.83979      -0.79225
5970      0.02647       0.82261      -0.81457
5971     -0.06406       0.81065      -0.77331
5972     -0.06601       0.78083      -0.75766
5973     -0.07524       0.77345      -0.78814
5974     -0.01572       0.79167      -0.76125
5975     -0.02792       0.75259      -0.77711
5976      0.02498       0.79336      -0.79616
5977      0.02236       0.76342      -0.78070
5978      0.01352       0.75582      -0.81065
5979     -0.09714       0.70288      -0.82572
5980     -0.09477       0.73437      -0.83734
5981     -0.08670       0.73767      -0.80582
5982     -0.05503       0.71052      -0.85746
5983     -0.04485       0.74280      -0.83841
5984     -0.00758       0.68987      -0.84674
5985     -0.00511       0.71895      -0.85853
5986      0.00231       0.72166      -0.82771
5987      0.32176       0.73466      -0.07398
5988      0.29047       0.77380      -0.10159
5989      0.35934       0.75802      -0.04561
5990      0.38208       0.72647      -0.08136
5991      0.31301       0.74070      -0.13502
5992      0.37332       0.73251      -0.14240
5993      0.34713       0.76421      -0.16667
5994      0.40936       0.75566      -0.11591
5995      0.41299       0.74719      -0.00790
5996      0.38515       0.72018      -0.02682
5997      0.38718       0.78503      -0.02670
5998      0.43816       0.77939      -0.04408
5999      0.43977       0.71563      -0.04014
6000      0.46494       0.74783      -0.07632
6001      0.43670       0.72192      -0.09468
6002      0.43760       0.78157      -0.09755
6003      0.41864       0.81293      -0.00816
6004      0.46932       0.80704      -0.07932
6005     -0.04568       0.43077      -0.58487
6006     -0.04033       0.39690      -0.57932
6007     -0.05163       0.39949      -0.61170
6008     -0.05699       0.43336      -0.61724
6009     -0.01361       0.45241      -0.61789
6010      0.00254       0.41721      -0.58016
6011     -0.00365       0.38619      -0.60645
6012     -0.01850       0.42286      -0.64246
6013      0.03461       0.43884      -0.61319
6014      0.03921       0.40651      -0.60729
6015      0.02948       0.40957      -0.63721
6016      0.02488       0.44190      -0.64311
6017     -0.06081       0.46524      -0.62214
6018     -0.06603       0.43602      -0.64762
6019     -0.06985       0.46790      -0.65252
6020     -0.02501       0.48334      -0.65117
6021     -0.02991       0.45639      -0.67521
6022      0.02219       0.47050      -0.64692
6023      0.01762       0.44322      -0.67005
6024      0.01492       0.47182      -0.67385
6025     -0.09216       0.20163      -1.15738
6026     -0.08830       0.17482      -1.19558
6027     -0.09639       0.20917      -1.18447
6028     -0.05335       0.23627      -1.17489
6029     -0.04756       0.20490      -1.20230
6030     -0.00087       0.22482      -1.16510
6031      0.00298       0.20023      -1.20415
6032     -0.00451       0.23200      -1.19272
6033     -0.10238       0.21923      -1.23044
6034     -0.10310       0.23274      -1.19891
6035     -0.09567       0.19567      -1.21600
6036     -0.05148       0.20997      -1.23794
6037     -0.05991       0.24947      -1.23026
6038     -0.00901       0.24021      -1.23776
6039     -0.01016       0.25301      -1.20625
6040     -0.00336       0.21921      -1.22424
6041     -0.09404       0.18284      -1.23645
6042     -0.00152       0.20727      -1.24400
6043     -0.08964       0.22639      -1.06033
6044     -0.08418       0.22099      -1.02101
6045     -0.07596       0.18463      -1.03969
6046     -0.04602       0.25313      -1.03532
6047     -0.03351       0.21209      -1.01489
6048      0.00010       0.24872      -1.06921
6049      0.00466       0.24423      -1.02921
6050      0.01222       0.21071      -1.04891
6051     -0.01555       0.00696      -1.17011
6052     -0.01551      -0.00112      -1.21330
6053      0.06586       0.05388      -1.17936
6054      0.06589       0.04765      -1.22142
6055     -0.01760      -0.00287      -1.24990
6056      0.06435       0.04662      -1.25668
6057      0.02498      -0.05395      -1.15129
6058      0.03834      -0.07628      -1.17292
6059      0.02754      -0.06549      -1.20329
6060      0.07507      -0.04301      -1.15037
6061      0.07781      -0.05419      -1.20341
6062      0.10234      -0.00105      -1.15976
6063      0.11454      -0.02092      -1.18086
6064      0.10486      -0.01069      -1.21071
6065      0.02764      -0.07073      -1.24786
6066      0.04043      -0.08573      -1.22328
6067      0.07928      -0.06009      -1.24965
6068      0.10531      -0.01472      -1.25422
6069      0.11667      -0.02856      -1.22979
6070      0.23002      -0.29520      -1.10525
6071      0.30059      -0.23321      -1.10702
6072      0.27085      -0.34146      -1.08399
6073      0.34134      -0.27961      -1.08431
6074      0.27633      -0.34755      -1.04009
6075      0.34705      -0.28701      -1.04207
6076      0.13389      -0.16663      -0.96312
6077      0.14730      -0.17631      -0.92682
6078      0.15471      -0.19552      -0.98477
6079      0.17267      -0.14713      -0.99562
6080      0.16483      -0.12850      -0.94093
6081      0.20362      -0.10900      -0.97343
6082      0.21659      -0.11925      -0.93791
6083      0.22465      -0.13720      -0.99402
6084      0.13938      -0.18248      -1.01887
6085      0.20942      -0.12334      -1.02735
6086      0.33471      -0.40315      -1.18291
6087      0.30347      -0.37770      -1.10817
6088      0.34136      -0.41436      -1.13802
6089      0.39240      -0.39471      -1.17050
6090      0.40310      -0.33619      -1.17546
6091      0.37272      -0.31354      -1.10556
6092      0.41005      -0.34868      -1.13256
6093      0.38074      -0.45266      -1.16486
6094      0.38479      -0.46148      -1.11908
6095      0.43822      -0.44455      -1.15081
6096      0.44988      -0.38660      -1.15645
6097      0.45374      -0.39615      -1.11331
6098      0.38982      -0.39406      -0.71293
6099      0.33123      -0.34802      -0.75432
6100      0.36338      -0.35604      -0.69934
6101      0.41990      -0.35084      -0.69817
6102      0.36966      -0.30763      -0.72818
6103      0.45205      -0.33939      -0.74183
6104      0.39623      -0.29540      -0.78195
6105      0.42618      -0.30244      -0.72701
6106      0.10867       1.03651      -0.47558
6107      0.11458       1.06955      -0.49382
6108      0.14331       1.09968      -0.46342
6109      0.13663       1.02676      -0.52384
6110      0.17070       1.07886      -0.50521
6111      0.18740       1.00363      -0.51468
6112      0.19275       1.03608      -0.53523
6113      0.22150       1.06350      -0.50302
6114      0.15286       1.14988      -0.48964
6115      0.13383       1.11842      -0.49768
6116      0.17445       1.12372      -0.53409
6117      0.22916       1.11269      -0.53436
6118      0.21132       1.08416      -0.54162
6119      0.09835       1.08146      -0.52928
6120      0.11760       1.13034      -0.53314
6121      0.13744       1.10380      -0.57944
6122      0.17572       1.04910      -0.57400
6123      0.19429       1.09718      -0.58039
6124     -0.04253       0.89745      -0.75316
6125     -0.04376       0.86411      -0.73237
6126     -0.05383       0.85016      -0.76223
6127      0.00622       0.87788      -0.73969
6128     -0.00449       0.83373      -0.74848
6129      0.04739       0.87958      -0.77588
6130      0.04549       0.84750      -0.75580
6131      0.03580       0.83362      -0.78486
6132     -0.05453       0.82102      -0.74329
6133      0.03431       0.80438      -0.76644
6134      0.45272       0.07894      -0.13925
6135      0.50627       0.06451      -0.09484
6136      0.52745       0.02077      -0.09786
6137      0.49589       0.10424      -0.12897
6138      0.55407       0.04443      -0.09825
6139      0.48987       0.10085      -0.18043
6140      0.54370       0.08416      -0.13239
6141      0.56551       0.04264      -0.13205
6142      0.58440      -0.01049      -0.04608
6143      0.56498       0.02182      -0.05036
6144      0.61398       0.01757      -0.03336
6145      0.62385       0.00744      -0.07504
6146      0.60307       0.04018      -0.08126
6147      0.52832       0.08455      -0.05865
6148      0.58704       0.04186      -0.01418
6149      0.60003       0.07963      -0.02521
6150      0.56760       0.09932      -0.09553
6151      0.62697       0.05534      -0.04440
6152      0.05544       0.66278      -0.37447
6153      0.04683       0.69720      -0.39796
6154      0.06597       0.71476      -0.36736
6155      0.07459       0.68034      -0.34387
6156      0.10698       0.65120      -0.36873
6157      0.07906       0.66662      -0.42223
6158      0.09108       0.71663      -0.41463
6159      0.11670       0.70079      -0.36202
6160      0.13060       0.65504      -0.41649
6161      0.12332       0.68605      -0.43890
6162      0.14181       0.70266      -0.40929
6163      0.14909       0.67165      -0.38688
6164      0.08611       0.64378      -0.31909
6165      0.09582       0.69661      -0.31200
6166      0.10734       0.66005      -0.28722
6167      0.13780       0.63122      -0.31398
6168      0.14771       0.68228      -0.30756
6169      0.15866       0.63864      -0.36362
6170      0.16860       0.68647      -0.35758
6171      0.17817       0.65346      -0.33432
6172      0.49665       1.24813      -0.06501
6173      0.47135       1.18677      -0.05947
6174      0.46737       1.21778      -0.08072
6175      0.51328       1.22668      -0.11218
6176      0.48848       1.17359      -0.10671
6177      0.56222       1.21024      -0.12347
6178      0.53625       1.16103      -0.12340
6179      0.53439       1.18248      -0.13818
6180      0.42690       1.19271      -0.11518
6181      0.46165       1.24522      -0.10718
6182      0.43262       1.16527      -0.08872
6183      0.44207       1.12727      -0.13207
6184      0.47810       1.22145      -0.15497
6185      0.49326       1.15601      -0.17186
6186      0.52973       1.20291      -0.15997
6187      0.49792       1.13558      -0.15007
6188      0.43499       1.12945      -0.07453
6189      0.49574       1.10566      -0.14106
6190     -0.12711       0.69841      -0.95354
6191     -0.12768       0.66541      -0.94578
6192     -0.13526       0.69733      -0.98619
6193     -0.08477       0.70970      -0.98577
6194     -0.07805       0.67859      -0.94429
6195     -0.03571       0.68989      -0.97653
6196     -0.03609       0.66010      -0.96693
6197     -0.04351       0.69040      -1.01023
6198     -0.14308       0.72243      -1.01986
6199     -0.13402       0.72753      -0.99032
6200     -0.09204       0.73506      -1.02133
6201     -0.05158       0.71514      -1.04776
6202     -0.04279       0.71723      -1.01678
6203     -0.14443       0.59816      -1.02741
6204     -0.14078       0.56459      -1.02752
6205     -0.14518       0.56765      -1.05407
6206     -0.14883       0.60123      -1.05396
6207     -0.10212       0.61777      -1.05430
6208     -0.09488       0.55231      -1.05184
6209     -0.10223       0.59450      -1.06984
6210     -0.05139       0.60632      -1.04349
6211     -0.04781       0.57444      -1.04092
6212     -0.05194       0.57916      -1.06761
6213     -0.05552       0.61104      -1.07018
6214     -0.15712       0.61673      -1.08709
6215     -0.15313       0.62388      -1.06154
6216     -0.15282       0.59408      -1.07951
6217     -0.11011       0.60693      -1.10534
6218     -0.11077       0.63844      -1.08749
6219     -0.06376       0.62864      -1.10574
6220     -0.05976       0.63233      -1.08025
6221     -0.05952       0.60735      -1.09567
6222     -0.14747       0.55401      -1.08141
6223     -0.15511       0.58044      -1.10685
6224     -0.10674       0.56992      -1.12377
6225     -0.05415       0.56821      -1.09420
6226     -0.06174       0.59641      -1.12226
6227     -0.10004       0.23848      -1.14267
6228     -0.09456       0.23077      -1.10191
6229     -0.05498       0.26144      -1.11805
6230     -0.00828       0.25924      -1.15027
6231     -0.00394       0.25264      -1.11035
6232     -0.09088       0.25741      -0.99984
6233     -0.08500       0.24960      -0.95983
6234     -0.07831       0.21318      -0.98100
6235     -0.04633       0.28156      -0.97328
6236     -0.03508       0.23774      -0.95557
6237     -0.00147       0.27728      -1.00877
6238      0.00359       0.26969      -0.96902
6239      0.00973       0.23665      -0.98946
6240     -0.06460       0.17114      -0.96310
6241     -0.05891       0.16387      -0.92552
6242     -0.04949       0.13071      -0.94605
6243     -0.02277       0.19658      -0.93767
6244     -0.00944       0.15881      -0.92127
6245      0.02221       0.19751      -0.97082
6246      0.02670       0.19152      -0.93342
6247      0.03475       0.16314      -0.95424
6248     -0.02027       0.02428      -1.12750
6249      0.06175       0.06838      -1.13715
6250      0.07533      -0.01401      -0.70671
6251      0.05736      -0.00472      -0.74149
6252      0.04320       0.02273      -0.72584
6253      0.06117       0.01344      -0.69105
6254      0.10865       0.02252      -0.69084
6255      0.10846      -0.00312      -0.74599
6256      0.07502       0.04122      -0.75701
6257      0.08015       0.05043      -0.71587
6258      0.14178       0.03341      -0.73012
6259      0.12612       0.04281      -0.76150
6260      0.11197       0.06891      -0.74703
6261      0.12763       0.05951      -0.71565
6262      0.04776       0.05539      -0.65801
6263      0.07386       0.01708      -0.65435
6264      0.03507       0.05176      -0.69471
6265      0.05906       0.09540      -0.69802
6266      0.10375       0.05633      -0.64563
6267      0.11505       0.09634      -0.68564
6268      0.13854       0.06178      -0.68212
6269      0.10414       0.09407      -0.71917
6270      0.02426       0.04218      -0.75059
6271      0.01613       0.07121      -0.71947
6272      0.04512       0.08752      -0.76241
6273      0.09587       0.08656      -0.76882
6274      0.08805       0.11171      -0.74096
6275      0.11546      -0.15053      -0.99893
6276      0.12071      -0.16535      -1.05311
6277      0.09679      -0.13340      -1.03317
6278      0.12895      -0.09642      -1.01177
6279      0.13625      -0.11302      -1.06324
6280      0.18616      -0.09302      -1.00846
6281      0.19167      -0.10636      -1.06073
6282      0.16842      -0.07604      -1.04185
6283      0.07236      -0.09839      -1.01619
6284      0.07927      -0.11588      -1.06948
6285      0.05484      -0.08087      -1.05250
6286      0.08894      -0.04570      -1.02982
6287      0.09541      -0.06229      -1.08400
6288      0.14553      -0.04373      -1.02540
6289      0.15239      -0.05944      -1.07776
6290      0.12950      -0.02713      -1.06132
6291     -0.05143       0.46450      -0.59216
6292     -0.03375       0.42970      -0.55288
6293      0.02980       0.47055      -0.62051
6294      0.04475       0.43762      -0.58394
6295     -0.02672       0.39437      -0.54505
6296      0.05043       0.40420      -0.57653
6297      0.05888       0.87235      -0.45758
6298      0.03649       0.84153      -0.48601
6299      0.03804       0.87715      -0.50606
6300      0.06043       0.90797      -0.47763
6301      0.10801       0.89021      -0.47685
6302      0.08876       0.83002      -0.47668
6303      0.06459       0.83004      -0.53114
6304      0.09245       0.90021      -0.51658
6305      0.13789       0.84788      -0.49594
6306      0.11686       0.81854      -0.52181
6307      0.11900       0.85310      -0.54166
6308      0.14003       0.88244      -0.51580
6309      0.08035       0.93359      -0.45487
6310      0.06288       0.94178      -0.49644
6311      0.08280       0.96740      -0.47367
6312      0.11310       0.95611      -0.51446
6313      0.15931       0.90652      -0.49383
6314      0.14267       0.91453      -0.53461
6315      0.16194       0.93861      -0.51264
6316      0.07262       1.10138      -0.58986
6317      0.06904       1.01608      -0.53918
6318      0.04331       1.03600      -0.59976
6319      0.08797       1.06982      -0.64387
6320      0.08132       0.97661      -0.59482
6321      0.15279       1.07224      -0.63345
6322      0.14891       0.98729      -0.57948
6323      0.12597       1.01043      -0.63893
6324     -0.03174       0.87695      -0.69815
6325     -0.03163       0.84329      -0.67545
6326     -0.04365       0.83046      -0.70968
6327      0.01877       0.85910      -0.68181
6328      0.00556       0.81072      -0.69490
6329      0.05673       0.86003      -0.72335
6330      0.05596       0.82653      -0.70125
6331      0.04472       0.81399      -0.73370
6332     -0.04483       0.79711      -0.69071
6333     -0.05571       0.78767      -0.72433
6334     -0.00769       0.76646      -0.71076
6335      0.04270       0.78008      -0.71495
6336      0.03230       0.77046      -0.74769
6337      0.28215       0.35108      -0.15788
6338      0.21781       0.35055      -0.21463
6339      0.18579       0.39862      -0.22372
6340      0.25014       0.39915      -0.16698
6341      0.30822       0.39123      -0.17136
6342      0.29828       0.33141      -0.19965
6343      0.18527       0.38810      -0.28205
6344      0.23794       0.42709      -0.21801
6345      0.32435       0.37156      -0.21313
6346      0.26574       0.36896      -0.26707
6347      0.23742       0.41656      -0.27634
6348      0.29602       0.41916      -0.22240
6349      0.23709       0.45913      -0.15555
6350      0.28415       0.41230      -0.13284
6351      0.20308       0.44597      -0.18969
6352      0.22026       0.48352      -0.21498
6353      0.30336       0.45427      -0.15159
6354      0.28653       0.47866      -0.21102
6355      0.32743       0.43319      -0.19012
6356      0.25512       0.46463      -0.24330
6357      0.14800       0.43859      -0.25278
6358      0.16529       0.48594      -0.21875
6359      0.16960       0.50168      -0.27270
6360      0.20686       0.45120      -0.30196
6361      0.22457       0.49926      -0.26893
6362      0.42426       0.19672      -0.10808
6363      0.37318       0.24883      -0.12801
6364      0.48234       0.19732      -0.06398
6365      0.49921       0.18017      -0.09677
6366      0.38659       0.23152      -0.16751
6367      0.46154       0.21498      -0.15620
6368      0.41224       0.26836      -0.17866
6369      0.51809       0.21411      -0.11244
6370      0.55620       0.16194      -0.01088
6371      0.52406       0.15142      -0.04229
6372      0.58701       0.13620      -0.03112
6373      0.59980       0.17623      -0.04854
6374      0.56217       0.16496      -0.08560
6375      0.49136       0.35372      -0.00907
6376      0.39309       0.36740      -0.06850
6377      0.43235       0.39909      -0.03486
6378      0.49926       0.38809      -0.04085
6379      0.40205       0.42105      -0.09076
6380      0.52803       0.36196      -0.06862
6381      0.43297       0.38625      -0.12518
6382      0.46896       0.41006      -0.09675
6383      0.09584       0.82086      -0.35643
6384      0.09262       0.85594      -0.38145
6385      0.11552       0.87530      -0.35190
6386      0.11874       0.84022      -0.32687
6387      0.14646       0.80347      -0.35172
6388      0.12058       0.81670      -0.40424
6389      0.14094       0.87059      -0.40032
6390      0.16569       0.85486      -0.34628
6391      0.17120       0.79931      -0.39953
6392      0.16889       0.83135      -0.42310
6393      0.19111       0.85015      -0.39470
6394      0.19341       0.81811      -0.37114
6395      0.12526       0.80444      -0.30106
6396      0.14353       0.85883      -0.29661
6397      0.15005       0.82305      -0.27080
6398      0.17675       0.78725      -0.29791
6399      0.19432       0.84046      -0.29399
6400      0.19794       0.78628      -0.34857
6401      0.21648       0.83649      -0.34366
6402      0.22102       0.80467      -0.32110
6403      0.17796       0.84216      -0.24119
6404      0.16895       0.87786      -0.26569
6405      0.19607       0.89793      -0.23792
6406      0.20508       0.86223      -0.21342
6407      0.23034       0.82358      -0.24127
6408      0.21505       0.89419      -0.28772
6409      0.24707       0.88229      -0.24136
6410      0.24670       0.82189      -0.29406
6411      0.24042       0.85679      -0.31602
6412      0.26605       0.87855      -0.29116
6413      0.27232       0.84364      -0.26920
6414      0.21906       0.82668      -0.18582
6415      0.23675       0.88422      -0.18489
6416      0.28353       0.80681      -0.24304
6417      0.30231       0.86739      -0.24363
6418      0.40557       1.05783      -0.07512
6419      0.39257       1.10301      -0.10271
6420      0.44799       1.08427      -0.04695
6421      0.46320       1.03883      -0.08120
6422      0.40659       1.05046      -0.13546
6423      0.46422       1.03146      -0.14154
6424      0.45610       1.07471      -0.16483
6425      0.50386       1.06240      -0.11777
6426      0.48967       1.07827      -0.00971
6427      0.45538       1.04824      -0.02828
6428      0.50555       1.03255      -0.04262
6429      0.55015       1.05494      -0.07611
6430      0.51336       1.02314      -0.09554
6431     -0.07152       0.49869      -0.65639
6432     -0.07678       0.47127      -0.68129
6433     -0.07846       0.50206      -0.68516
6434     -0.03257       0.51530      -0.68244
6435     -0.03789       0.48967      -0.70703
6436      0.01394       0.49994      -0.67721
6437      0.00898       0.47479      -0.70095
6438      0.00799       0.50292      -0.70431
6439     -0.12044       0.66607      -0.91249
6440     -0.12041       0.63261      -0.90349
6441     -0.07156       0.64637      -0.90057
6442     -0.02917       0.65889      -0.93237
6443     -0.02910       0.62770      -0.92154
6444     -0.09667       0.51060      -0.77197
6445     -0.09490       0.48209      -0.76648
6446     -0.04919       0.49641      -0.76350
6447     -0.00828       0.51254      -0.78932
6448     -0.00685       0.48538      -0.78337
6449     -0.11020       0.43277      -0.89296
6450     -0.11625       0.43766      -0.93940
6451     -0.12211       0.48813      -0.94158
6452     -0.06487       0.41153      -0.92451
6453     -0.07688       0.47535      -0.96466
6454     -0.02017       0.44332      -0.90370
6455     -0.02551       0.44923      -0.94977
6456     -0.03075       0.49660      -0.95332
6457     -0.12702       0.49030      -0.97786
6458     -0.13105       0.52759      -0.98241
6459     -0.08529       0.51482      -1.00268
6460     -0.03516       0.49987      -0.98948
6461     -0.03881       0.53561      -0.99496
6462     -0.14878       0.52614      -1.13321
6463     -0.13657       0.50139      -1.05412
6464     -0.13787       0.47351      -1.10592
6465     -0.09699       0.49943      -1.15329
6466     -0.08516       0.46264      -1.06586
6467     -0.05496       0.54321      -1.14384
6468     -0.04348       0.51356      -1.06358
6469     -0.04428       0.48855      -1.11323
6470     -0.10182       0.27017      -1.08420
6471     -0.09690       0.26578      -1.04262
6472     -0.05748       0.29778      -1.05852
6473     -0.01063       0.28905      -1.09238
6474     -0.00660       0.28513      -1.05123
6475     -0.06013       0.09668      -1.17030
6476     -0.06351       0.09385      -1.21216
6477      0.02685       0.13223      -1.17968
6478      0.02439       0.12936      -1.22154
6479     -0.06650       0.09442      -1.24633
6480      0.02233       0.13027      -1.25210
6481     -0.06688       0.19714      -0.90440
6482     -0.06059       0.18908      -0.86675
6483     -0.05263       0.15581      -0.88787
6484     -0.02426       0.22082      -0.87902
6485     -0.01164       0.18195      -0.86412
6486      0.01984       0.22025      -0.91229
6487      0.02469       0.21369      -0.87639
6488      0.03155       0.18495      -0.89752
6489      0.00063       0.28488      -0.53040
6490      0.02086       0.28196      -0.49224
6491      0.02894       0.24485      -0.49979
6492      0.00871       0.24777      -0.53795
6493      0.03309       0.27844      -0.56563
6494      0.04048       0.31123      -0.52741
6495      0.06970       0.27264      -0.49397
6496      0.05532       0.24071      -0.54194
6497      0.07293       0.30479      -0.56264
6498      0.08932       0.30191      -0.52914
6499      0.09609       0.26851      -0.53612
6500      0.07970       0.27138      -0.56962
6501     -0.00850       0.25162      -0.57731
6502      0.01538       0.21141      -0.55230
6503     -0.00183       0.21526      -0.59166
6504      0.02436       0.24667      -0.61731
6505      0.04581       0.20790      -0.59407
6506      0.06595       0.27350      -0.60563
6507      0.08575       0.23721      -0.58371
6508      0.07200       0.23932      -0.61971
6509      0.01423      -0.01895      -1.04616
6510      0.02843      -0.04504      -1.06597
6511      0.02015      -0.03807      -1.09900
6512      0.06420      -0.01114      -1.04406
6513      0.06946      -0.02800      -1.09688
6514      0.09223       0.02939      -1.05564
6515      0.10523       0.00590      -1.07497
6516      0.09787       0.01249      -1.10791
6517      0.03404      -0.06214      -1.11942
6518      0.11049      -0.00887      -1.12783
6519      0.09546      -0.04797      -0.72089
6520      0.11903      -0.08264      -0.73238
6521      0.07507      -0.03711      -0.75999
6522      0.14805      -0.04274      -0.71778
6523      0.16105       0.00211      -0.74288
6524      0.18363      -0.03063      -0.75441
6525      0.14295       0.01284      -0.77917
6526      0.03671       0.01226      -0.77510
6527      0.10782       0.05862      -0.79323
6528      0.12378      -0.12664      -0.84131
6529      0.10353      -0.11149      -0.87909
6530      0.07998      -0.07685      -0.86202
6531      0.15877      -0.10791      -0.87625
6532      0.11814      -0.06094      -0.89497
6533      0.19221      -0.07264      -0.85680
6534      0.17338      -0.05735      -0.89213
6535      0.15002      -0.02400      -0.87617
6536      0.06103      -0.06029      -0.90102
6537      0.03668      -0.02253      -0.88568
6538      0.07589      -0.00747      -0.91868
6539      0.13300      -0.00812      -0.91262
6540      0.10938       0.02786      -0.89783
6541      0.30515      -0.30375      -0.73010
6542      0.29663      -0.32740      -0.80281
6543      0.27055      -0.28313      -0.77859
6544      0.30369      -0.24536      -0.75767
6545      0.30352      -0.26678      -0.82066
6546      0.36820      -0.24925      -0.75575
6547      0.36469      -0.27516      -0.82594
6548      0.33665      -0.22901      -0.79974
6549      0.24198      -0.24309      -0.75968
6550      0.24105      -0.26342      -0.82304
6551      0.21248      -0.22338      -0.80413
6552      0.24477      -0.18586      -0.78299
6553      0.24629      -0.20534      -0.84319
6554      0.30647      -0.18813      -0.78098
6555      0.30876      -0.20870      -0.84081
6556      0.27858      -0.16782      -0.82205
6557      0.32725      -0.39955      -0.92164
6558      0.34408      -0.41352      -0.88439
6559      0.38169      -0.39110      -0.91373
6560      0.39513      -0.33856      -0.92831
6561      0.41024      -0.35185      -0.89409
6562      0.36889      -0.44034      -0.89555
6563      0.38068      -0.44451      -0.85551
6564      0.41948      -0.42428      -0.88524
6565      0.43228      -0.37503      -0.90342
6566      0.44228      -0.37946      -0.86944
6567      0.33390      -0.22657      -0.55453
6568      0.31297      -0.19361      -0.54344
6569      0.35629      -0.20238      -0.50247
6570      0.37722      -0.23534      -0.51356
6571      0.39283      -0.22660      -0.56067
6572      0.32734      -0.17968      -0.58975
6573      0.35036      -0.16092      -0.53788
6574      0.41036      -0.19878      -0.51128
6575      0.38627      -0.17971      -0.59589
6576      0.36473      -0.14700      -0.58419
6577      0.40443      -0.15732      -0.54669
6578      0.42597      -0.19003      -0.55839
6579      0.42709      -0.26341      -0.48560
6580      0.38912      -0.26461      -0.52667
6581      0.41519      -0.23414      -0.47249
6582      0.46688      -0.22687      -0.48067
6583      0.43962      -0.25911      -0.53441
6584      0.47941      -0.22257      -0.52948
6585      0.44333      -0.22109      -0.56841
6586      0.46205      -0.19151      -0.51946
6587      0.19930       1.10093      -0.35711
6588      0.17365       1.07747      -0.37891
6589      0.20781       1.13334      -0.37548
6590      0.25300       1.10673      -0.37644
6591      0.21868       1.05298      -0.37957
6592      0.27238       1.05878      -0.39890
6593      0.24908       1.03822      -0.41876
6594      0.28013       1.08883      -0.41776
6595      0.23903       1.18933      -0.38407
6596      0.23705       1.16265      -0.35903
6597      0.29264       1.17202      -0.38408
6598      0.31097       1.14293      -0.42747
6599      0.30859       1.11611      -0.40149
6600      0.09713       0.92419      -0.41501
6601      0.07718       0.89867      -0.43763
6602      0.12461       0.88150      -0.43816
6603      0.17550       0.89836      -0.45497
6604      0.15545       0.87304      -0.47738
6605      0.02882       0.76824      -0.46160
6606      0.01501       0.75232      -0.48463
6607      0.01513       0.77846      -0.49722
6608      0.02894       0.79438      -0.47418
6609      0.07561       0.78344      -0.47658
6610      0.06163       0.73510      -0.48342
6611      0.04881       0.75232      -0.52108
6612      0.06262       0.78586      -0.50757
6613      0.10842       0.75030      -0.49840
6614      0.09543       0.73510      -0.51986
6615      0.09631       0.75972      -0.53142
6616      0.10929       0.77492      -0.50996
6617      0.04247       0.81751      -0.45806
6618      0.02296       0.81840      -0.50213
6619      0.12191       0.79595      -0.49519
6620      0.10425       0.79751      -0.53657
6621      0.00371       0.77945      -0.52690
6622      0.01154       0.81938      -0.53182
6623      0.04106       0.78777      -0.56450
6624      0.08617       0.76064      -0.55867
6625      0.09411       0.79842      -0.56382
6626     -0.01794       0.85245      -0.63715
6627     -0.01926       0.81364      -0.61607
6628     -0.03295       0.80448      -0.65438
6629      0.03187       0.82815      -0.62019
6630      0.01527       0.78101      -0.63955
6631      0.06858       0.83480      -0.66485
6632      0.06641       0.79552      -0.64367
6633      0.05379       0.78725      -0.68007
6634     -0.03503       0.76730      -0.63617
6635     -0.04691       0.75992      -0.67251
6636      0.00067       0.73660      -0.65868
6637      0.05097       0.75031      -0.66206
6638      0.03988       0.74315      -0.69694
6639     -0.08938       0.79209      -0.85998
6640     -0.09694       0.78835      -0.88710
6641     -0.09408       0.81509      -0.89637
6642     -0.04941       0.76806      -0.87923
6643     -0.05411       0.79140      -0.91766
6644      0.00073       0.77465      -0.88210
6645     -0.00658       0.77112      -0.90978
6646     -0.00339       0.79777      -0.91965
6647     -0.09719       0.83912      -0.92630
6648     -0.10134       0.81268      -0.92232
6649     -0.05777       0.81649      -0.95116
6650     -0.00615       0.82070      -0.95057
6651     -0.01053       0.79521      -0.94649
6652     -0.10237       0.73161      -0.86729
6653     -0.09961       0.76121      -0.87792
6654     -0.09201       0.76397      -0.84798
6655     -0.05949       0.73803      -0.89808
6656     -0.01215       0.71694      -0.88826
6657     -0.00928       0.74489      -0.89938
6658     -0.00225       0.74690      -0.86966
6659      0.26264       0.23708      -0.21820
6660      0.32119       0.24213      -0.16966
6661      0.35735       0.19090      -0.16391
6662      0.29879       0.18585      -0.21244
6663      0.27143       0.22422      -0.26387
6664      0.29520       0.27308      -0.22296
6665      0.36639       0.17177      -0.20862
6666      0.30399       0.26023      -0.26863
6667      0.36060       0.26248      -0.22080
6668      0.39563       0.21240      -0.21222
6669      0.33902       0.21014      -0.26005
6670      0.23854       0.19585      -0.25941
6671      0.33462       0.14167      -0.20640
6672      0.28191       0.22256      -0.30644
6673      0.37343       0.16705      -0.25216
6674      0.57313       0.10279      -0.00993
6675      0.47925       0.13318      -0.09101
6676      0.61391       0.11305      -0.04640
6677      0.51585       0.15123      -0.13473
6678      0.33173       0.42779      -0.09172
6679      0.34551       0.35191      -0.10962
6680      0.37368       0.44753      -0.15064
6681      0.38672       0.37192      -0.16466
6682      0.32824       0.29859      -0.14294
6683      0.36888       0.31848      -0.19587
6684      0.31477       0.61021      -0.07747
6685      0.27348       0.65202      -0.10557
6686      0.31800       0.67228      -0.07541
6687      0.35928       0.63047      -0.04731
6688      0.38031       0.59981      -0.08354
6689      0.29462       0.62182      -0.13955
6690      0.30429       0.67979      -0.13697
6691      0.38041       0.66363      -0.08213
6692      0.36016       0.61143      -0.14562
6693      0.32542       0.64959      -0.17096
6694      0.36670       0.67115      -0.14369
6695      0.40143       0.63298      -0.11835
6696      0.42429       0.61550      -0.00803
6697      0.39513       0.59064      -0.02797
6698      0.38844       0.65533      -0.02737
6699      0.44420       0.65172      -0.04078
6700      0.45246       0.58595      -0.04144
6701      0.47237       0.62217      -0.07419
6702      0.43764       0.59512      -0.09701
6703      0.43616       0.66003      -0.09553
6704      0.20216       0.76956      -0.18840
6705      0.18818       0.80611      -0.21528
6706      0.23304       0.79013      -0.15894
6707      0.25625       0.75562      -0.18976
6708      0.21303       0.77091      -0.24377
6709      0.26712       0.75698      -0.24513
6710      0.25519       0.78839      -0.26975
6711      0.29546       0.77540      -0.21841
6712      0.25514       0.75208      -0.13108
6713      0.31412       0.74424      -0.19370
6714      0.25562       0.94634      -0.18230
6715      0.22316       0.92300      -0.21194
6716      0.26753       0.94407      -0.23846
6717      0.32228       0.92642      -0.24050
6718      0.29144       0.90335      -0.26788
6719      0.19219       0.93811      -0.25915
6720      0.21928       0.96318      -0.23317
6721      0.24126       0.95897      -0.28128
6722      0.26412       0.91505      -0.30985
6723      0.28952       0.93986      -0.28657
6724      0.31080       1.03963      -0.15817
6725      0.34966       1.06847      -0.13218
6726      0.36094       1.03212      -0.10394
6727      0.35534       1.05736      -0.19076
6728      0.37532       1.01125      -0.21778
6729      0.41228       1.03935      -0.19404
6730      0.42178       1.00730      -0.16844
6731      0.42104       1.01886      -0.04706
6732      0.47744       0.99624      -0.11581
6733      0.04327       0.27960      -0.45521
6734      0.00865       0.31965      -0.49563
6735      0.10821       0.30002      -0.49556
6736      0.07927       0.33597      -0.53222
6737     -0.00877       0.32212      -0.53153
6738     -0.01938       0.35894      -0.53874
6739      0.01560       0.34992      -0.56820
6740      0.06485       0.33902      -0.56408
6741      0.05614       0.37233      -0.57088
6742     -0.07898       0.53370      -0.68909
6743     -0.08471       0.50591      -0.71423
6744     -0.08524       0.53756      -0.71817
6745     -0.03852       0.55010      -0.71500
6746     -0.04445       0.52253      -0.74022
6747      0.00789       0.53170      -0.70835
6748      0.00236       0.50629      -0.73302
6749      0.00226       0.53507      -0.73705
6750     -0.11405       0.63418      -0.87014
6751     -0.11357       0.60071      -0.86030
6752     -0.06572       0.61619      -0.85765
6753     -0.02322       0.62838      -0.88808
6754     -0.02290       0.59819      -0.87730
6755     -0.08934       0.47858      -0.73896
6756     -0.08715       0.44924      -0.73592
6757     -0.04209       0.46408      -0.73187
6758     -0.00193       0.48192      -0.75641
6759     -0.00029       0.45496      -0.75357
6760     -0.14765       0.62993      -1.03434
6761     -0.05440       0.63439      -1.05273
6762     -0.09484       0.36747      -0.84037
6763     -0.09904       0.37391      -0.86620
6764     -0.10264       0.40342      -0.85723
6765     -0.05144       0.36450      -0.86613
6766     -0.05808       0.39832      -0.87677
6767     -0.00695       0.38299      -0.85146
6768     -0.01048       0.38890      -0.87670
6769     -0.01370       0.41606      -0.86812
6770     -0.10622       0.39797      -0.89570
6771     -0.01673       0.41188      -0.90558
6772     -0.09736       0.34980      -0.88926
6773     -0.10453       0.37386      -0.91877
6774     -0.05458       0.35105      -0.92236
6775     -0.00867       0.36574      -0.89923
6776     -0.01492       0.38872      -0.92811
6777     -0.10273       0.30552      -1.02027
6778     -0.09671       0.29715      -0.97749
6779     -0.05743       0.33038      -0.99091
6780     -0.01218       0.32264      -1.02917
6781     -0.00706       0.31479      -0.98670
6782     -0.09006       0.28420      -0.93736
6783     -0.08401       0.27433      -0.89868
6784     -0.07894       0.23974      -0.92114
6785     -0.04497       0.30464      -0.91095
6786     -0.03491       0.26181      -0.89544
6787     -0.00124       0.30200      -0.94687
6788      0.00413       0.29212      -0.90770
6789      0.00896       0.25981      -0.92986
6790     -0.06358       0.12223      -1.11391
6791      0.02361       0.15425      -1.12445
6792     -0.06769       0.22264      -0.84577
6793     -0.06028       0.21444      -0.80805
6794     -0.05318       0.18088      -0.82902
6795     -0.02514       0.24558      -0.82219
6796     -0.01127       0.20634      -0.80683
6797      0.01829       0.24376      -0.85544
6798      0.02387       0.23748      -0.82097
6799      0.03027       0.20741      -0.84192
6800     -0.02722       0.04921      -1.07718
6801      0.05545       0.09047      -1.08585
6802     -0.01889       0.22042      -0.63246
6803      0.00418       0.17868      -0.60875
6804     -0.01289       0.18384      -0.64955
6805      0.01440       0.21698      -0.67323
6806      0.03529       0.17717      -0.65149
6807      0.05766       0.24323      -0.65807
6808      0.07692       0.20640      -0.63680
6809      0.06258       0.21031      -0.67516
6810     -0.01623       0.09795      -0.79769
6811     -0.00384       0.08774      -0.76068
6812      0.00775       0.05664      -0.78419
6813     -0.00465       0.06685      -0.82120
6814      0.02335       0.10500      -0.83402
6815      0.02307       0.12594      -0.77554
6816      0.04435       0.06873      -0.82226
6817      0.06266       0.13299      -0.81186
6818      0.07203       0.12571      -0.77727
6819      0.08172       0.09960      -0.80048
6820      0.07235       0.10687      -0.83508
6821     -0.01567       0.07565      -0.85704
6822      0.00685       0.03687      -0.84336
6823     -0.00417       0.04566      -0.87920
6824      0.02493       0.08374      -0.89187
6825      0.04500       0.04852      -0.87867
6826      0.06395       0.11309      -0.86885
6827      0.08250       0.08038      -0.85756
6828      0.07410       0.08660      -0.89134
6829      0.11791      -0.02410      -0.62373
6830      0.09483      -0.01919      -0.66539
6831      0.09694       0.01217      -0.61269
6832      0.15187       0.01236      -0.61050
6833      0.14496      -0.01406      -0.66698
6834      0.17892       0.02239      -0.65374
6835      0.15878       0.02765      -0.69243
6836      0.15868       0.05652      -0.64344
6837      0.10333       0.04484      -0.55729
6838      0.12977       0.00177      -0.56533
6839      0.07051       0.05524      -0.60466
6840      0.10042       0.09636      -0.59412
6841      0.16559       0.03559      -0.55358
6842      0.16267       0.08712      -0.59041
6843      0.18769       0.04618      -0.59876
6844      0.13366       0.09746      -0.63509
6845      0.02630       0.09751      -0.64834
6846      0.04905       0.09735      -0.59499
6847      0.06327       0.13659      -0.62564
6848      0.09604       0.13448      -0.67532
6849      0.11464       0.13560      -0.62478
6850      0.02020       0.02672      -0.80869
6851      0.09367       0.07166      -0.82489
6852      0.02043       0.00729      -0.86502
6853      0.09473       0.05403      -0.87848
6854      0.10958      -0.13321      -0.94383
6855      0.09115      -0.11711      -0.97964
6856      0.12483      -0.08207      -0.95780
6857      0.18008      -0.07737      -0.95490
6858      0.16263      -0.06139      -0.98994
6859      0.06736      -0.08136      -0.96115
6860      0.04857      -0.06264      -0.99770
6861      0.08286      -0.02761      -0.97495
6862      0.14033      -0.02833      -0.97160
6863      0.12322      -0.01067      -1.00707
6864      0.03856      -0.05394      -1.03231
6865      0.04471      -0.07197      -1.08617
6866      0.11457      -0.00290      -1.04158
6867      0.12016      -0.01832      -1.09471
6868      0.06078      -0.09737      -1.10662
6869      0.05012      -0.08753      -1.13988
6870      0.10046      -0.07652      -1.13762
6871      0.13509      -0.04145      -1.11500
6872      0.12541      -0.03200      -1.14811
6873      0.18612      -0.20494      -0.84601
6874      0.21428      -0.24355      -0.86670
6875      0.16192      -0.18599      -0.88763
6876      0.19305      -0.14814      -0.86434
6877      0.25322      -0.14855      -0.86151
6878      0.28249      -0.18733      -0.88114
6879      0.23018      -0.12922      -0.90051
6880      0.12713      -0.14612      -0.90250
6881      0.14175      -0.15579      -0.86331
6882      0.19648      -0.09029      -0.91468
6883      0.21007      -0.10026      -0.87728
6884      0.34920      -0.42695      -0.98675
6885      0.35970      -0.43561      -0.94129
6886      0.40255      -0.41496      -0.97398
6887      0.41531      -0.36202      -0.98933
6888      0.42454      -0.37045      -0.94642
6889      0.39531      -0.46871      -0.95468
6890      0.40450      -0.47345      -0.90893
6891      0.44985      -0.45371      -0.93936
6892      0.45709      -0.39996      -0.95866
6893      0.46483      -0.40454      -0.91566
6894      0.40660      -0.46079      -0.82661
6895      0.40255      -0.46785      -0.86780
6896      0.44664      -0.44463      -0.86176
6897      0.46733      -0.39657      -0.84518
6898      0.46357      -0.40106      -0.87920
6899      0.45097      -0.23112      -0.42856
6900      0.39620      -0.20419      -0.46099
6901      0.43198      -0.20117      -0.41706
6902      0.48277      -0.19256      -0.41908
6903      0.42826      -0.16368      -0.45316
6904      0.49868      -0.18831      -0.47120
6905      0.44242      -0.15827      -0.50345
6906      0.47906      -0.15507      -0.45519
6907      0.46300      -0.19860      -0.37179
6908      0.40501      -0.16985      -0.41096
6909      0.43603      -0.16729      -0.36568
6910      0.49101      -0.16048      -0.36010
6911      0.42707      -0.12892      -0.40610
6912      0.51078      -0.15444      -0.40740
6913      0.45032      -0.12274      -0.44831
6914      0.48205      -0.12211      -0.40052
6915     -0.06470       0.49684      -0.62924
6916      0.01960       0.49884      -0.65251
6917      0.16546       1.03904      -0.36117
6918      0.14188       1.01174      -0.38411
6919      0.18910       0.99121      -0.38266
6920      0.24232       1.00515      -0.40106
6921      0.22129       0.98200      -0.42197
6922      0.07585       0.86598      -0.41959
6923      0.05755       0.83966      -0.43955
6924      0.10481       0.82525      -0.44057
6925      0.15358       0.84077      -0.45914
6926      0.13602       0.81561      -0.47770
6927      0.08557       1.00688      -0.49898
6928      0.16416       0.97599      -0.53932
6929     -0.03118       0.91569      -0.72325
6930     -0.04076       0.92468      -0.76871
6931     -0.02942       0.94292      -0.73880
6932      0.02081       0.93483      -0.73057
6933      0.01022       0.93060      -0.76989
6934      0.05821       0.89702      -0.74700
6935      0.04963       0.90506      -0.79053
6936      0.06045       0.92251      -0.76165
6937     -0.02647       0.98552      -0.76867
6938     -0.02171       0.97135      -0.73574
6939     -0.03417       0.95709      -0.77173
6940      0.01192       0.96219      -0.79568
6941      0.02575       0.98630      -0.76395
6942      0.06414       0.96297      -0.79096
6943      0.06827       0.94978      -0.75877
6944      0.05632       0.93569      -0.79384
6945     -0.03878       0.96306      -0.79672
6946      0.05221       0.94167      -0.81858
6947     -0.00581       0.81746      -0.57773
6948     -0.00920       0.77650      -0.56096
6949     -0.02265       0.77268      -0.59930
6950      0.02469       0.74691      -0.58585
6951      0.07875       0.79846      -0.60696
6952      0.07495       0.75818      -0.58939
6953      0.06261       0.75524      -0.62610
6954     -0.02513       0.73399      -0.58254
6955     -0.03752       0.72861      -0.61941
6956      0.00966       0.70435      -0.60603
6957      0.05948       0.71727      -0.60934
6958      0.04784       0.71234      -0.64530
6959     -0.05803       0.75417      -0.70828
6960     -0.06833       0.74733      -0.74161
6961     -0.02096       0.72509      -0.72934
6962      0.02938       0.73738      -0.73182
6963      0.01945       0.73034      -0.76484
6964     -0.08399       0.76841      -0.81915
6965      0.00535       0.75107      -0.84094
6966     -0.10683       0.75934      -0.90580
6967     -0.10415       0.78648      -0.91498
6968     -0.06350       0.76518      -0.93583
6969     -0.01616       0.74388      -0.92810
6970     -0.01346       0.77011      -0.93850
6971      0.10752       0.30645      -0.34647
6972      0.14536       0.29377      -0.30554
6973      0.16634       0.24935      -0.30201
6974      0.14276       0.33360      -0.35187
6975      0.20233       0.27480      -0.30507
6976      0.16652       0.32669      -0.39006
6977      0.19973       0.31464      -0.35140
6978      0.21785       0.27413      -0.34705
6979      0.21377       0.23730      -0.26070
6980      0.25999       0.26173      -0.30825
6981      0.41234       0.12736      -0.14684
6982      0.44994       0.14865      -0.19075
6983      0.27482       0.47347      -0.11925
6984      0.31887       0.48837      -0.08456
6985      0.37578       0.44269      -0.05702
6986      0.29108       0.50954      -0.14734
6987      0.39005       0.48013      -0.08473
6988      0.31962       0.49034      -0.17968
6989      0.36226       0.50130      -0.14751
6990      0.41632       0.45849      -0.11847
6991      0.47691       0.41887      -0.00852
6992      0.42034       0.46247      -0.03068
6993      0.48484       0.45914      -0.04277
6994      0.50719       0.42836      -0.07509
6995      0.45455       0.47680      -0.09681
6996      0.13340       0.67658      -0.25483
6997      0.11896       0.71404      -0.28076
6998      0.14601       0.73166      -0.24938
6999      0.16046       0.69420      -0.22344
7000      0.18667       0.66342      -0.25361
7001      0.16095       0.73374      -0.30239
7002      0.19921       0.71694      -0.24841
7003      0.20098       0.66912      -0.30634
7004      0.18970       0.70198      -0.32919
7005      0.21414       0.71902      -0.30142
7006      0.22542       0.68616      -0.27857
7007      0.18008       0.65541      -0.19659
7008      0.19063       0.71235      -0.19198
7009      0.21025       0.67356      -0.16512
7010      0.23585       0.64084      -0.19593
7011      0.24527       0.69998      -0.19295
7012      0.24244       0.64885      -0.25294
7013      0.25385       0.70457      -0.24939
7014      0.27087       0.66726      -0.22376
7015      0.23740       0.63314      -0.13707
7016      0.24633       0.69244      -0.13361
7017      0.29307       0.62952      -0.19840
7018      0.30323       0.68733      -0.19631
7019      0.16027       0.78700      -0.24490
7020      0.22951       0.77116      -0.29678
7021      0.31245       1.12366      -0.20312
7022      0.33477       1.10594      -0.16440
7023      0.30599       1.06943      -0.17902
7024      0.28368       1.08715      -0.21775
7025      0.31401       1.08981      -0.26293
7026      0.37947       1.12385      -0.19754
7027      0.32306       1.05047      -0.22428
7028      0.38103       1.09000      -0.25735
7029      0.40004       1.07527      -0.22390
7030      0.37241       1.03840      -0.23602
7031      0.35340       1.05313      -0.26947
7032      0.24876       1.02742      -0.22589
7033      0.25632       1.07295      -0.24409
7034      0.27611       1.04162      -0.19955
7035      0.29760       1.00291      -0.22941
7036      0.26870       1.02135      -0.27584
7037      0.31753       0.99684      -0.27937
7038      0.32638       1.03821      -0.29469
7039      0.34455       1.01176      -0.25415
7040      0.28092       1.01182      -0.17870
7041      0.34746       0.98461      -0.23591
7042      0.36931       1.18768      -0.17583
7043      0.41854       1.23990      -0.15609
7044      0.37767       1.14049      -0.13493
7045      0.42485       1.21362      -0.21084
7046      0.43500       1.14979      -0.23254
7047      0.48440       1.19517      -0.20972
7048      0.44386       1.11063      -0.19468
7049     -0.03298       0.36147      -0.57301
7050      0.04493       0.37464      -0.60164
7051     -0.10703       0.60309      -0.82764
7052     -0.10569       0.57080      -0.81733
7053     -0.05849       0.58625      -0.81637
7054     -0.01717       0.59934      -0.84638
7055     -0.01621       0.56906      -0.83585
7056     -0.08340       0.35939      -0.77482
7057     -0.08949       0.36073      -0.80914
7058     -0.08724       0.39357      -0.76417
7059     -0.03914       0.38284      -0.75935
7060     -0.04163       0.35118      -0.80526
7061      0.00264       0.37463      -0.78979
7062     -0.00249       0.37642      -0.82183
7063     -0.00084       0.40564      -0.78039
7064     -0.08423       0.41864      -0.73426
7065     -0.08079       0.38813      -0.73545
7066     -0.03673       0.40528      -0.72818
7067      0.00214       0.42675      -0.75154
7068      0.00493       0.39998      -0.75208
7069     -0.13647       0.52845      -1.02139
7070     -0.04371       0.53868      -1.03313
7071     -0.10716       0.27865      -1.12997
7072     -0.10419       0.24726      -1.17384
7073     -0.11132       0.28744      -1.16115
7074     -0.06713       0.31420      -1.14903
7075     -0.06255       0.27838      -1.18059
7076     -0.01494       0.29699      -1.13710
7077     -0.01170       0.26739      -1.18164
7078     -0.01836       0.30514      -1.16847
7079     -0.11674       0.30102      -1.21297
7080     -0.11693       0.31516      -1.17642
7081     -0.11113       0.27329      -1.19770
7082     -0.06604       0.28583      -1.22157
7083     -0.07287       0.33181      -1.20952
7084     -0.02216       0.31662      -1.21811
7085     -0.02306       0.33084      -1.18213
7086     -0.01746       0.29092      -1.20446
7087     -0.11004       0.25877      -1.22277
7088     -0.01592       0.27654      -1.22906
7089     -0.10083       0.33250      -0.95201
7090     -0.09419       0.31955      -0.91188
7091     -0.01118       0.34892      -0.96127
7092     -0.00537       0.33614      -0.92143
7093     -0.07582       0.29060      -0.80598
7094     -0.06897       0.28331      -0.76864
7095     -0.06585       0.24890      -0.78776
7096     -0.07271       0.25618      -0.82510
7097     -0.03399       0.28498      -0.83884
7098     -0.03118       0.31159      -0.78546
7099     -0.02192       0.27101      -0.76810
7100      0.01065       0.30598      -0.81832
7101      0.01587       0.29929      -0.78492
7102      0.01879       0.26769      -0.80253
7103      0.01357       0.27437      -0.83593
7104     -0.07815       0.26470      -0.86240
7105     -0.07314       0.23116      -0.88307
7106      0.00926       0.28209      -0.87188
7107      0.01398       0.25148      -0.89139
7108     -0.06650       0.15028      -1.05888
7109      0.02069       0.17982      -1.06897
7110     -0.05591       0.24115      -0.74959
7111     -0.05034       0.20669      -0.76988
7112     -0.00716       0.23124      -0.74953
7113      0.02683       0.26111      -0.76803
7114      0.03191       0.23090      -0.78648
7115     -0.03340       0.07404      -1.02289
7116     -0.02090       0.04374      -1.04146
7117      0.01674       0.07561      -1.01911
7118      0.05016       0.11112      -1.03179
7119      0.06120       0.08477      -1.05001
7120     -0.02821       0.19118      -0.69129
7121     -0.00553       0.14766      -0.67051
7122     -0.02085       0.15500      -0.71224
7123      0.00782       0.19036      -0.73062
7124      0.02795       0.14960      -0.71415
7125      0.05043       0.21616      -0.71256
7126      0.06877       0.17910      -0.69513
7127      0.05662       0.18496      -0.73253
7128     -0.01358       0.03763      -1.00671
7129     -0.00001       0.00879      -1.02602
7130      0.03674       0.04197      -1.00367
7131      0.06706       0.07995      -1.01607
7132      0.07901       0.05476      -1.03539
7133     -0.00628       0.03088      -0.97106
7134      0.00105       0.02380      -0.93592
7135      0.01548      -0.00506      -0.95658
7136      0.00815       0.00202      -0.99172
7137      0.03008       0.06338      -0.94659
7138      0.05025       0.02861      -0.93299
7139      0.05755       0.00868      -0.98856
7140      0.07310       0.07448      -0.97920
7141      0.07928       0.06819      -0.94366
7142      0.09231       0.04235      -0.96497
7143      0.08614       0.04863      -1.00051
7144      0.02239      -0.02572      -1.01186
7145      0.09936       0.02326      -1.02076
7146      0.11496      -0.05316      -0.67957
7147      0.17805      -0.00365      -0.70519
7148      0.00924       0.01613      -0.90042
7149      0.02549      -0.01370      -0.92108
7150      0.08600       0.06100      -0.91123
7151      0.10065       0.03484      -0.93058
7152      0.04240      -0.04306      -0.94175
7153      0.03240      -0.03442      -0.97725
7154      0.11635       0.00798      -0.95187
7155      0.10801       0.01549      -0.98625
7156      0.08541      -0.13123      -1.12660
7157      0.10389      -0.14975      -1.08945
7158      0.14309      -0.12723      -1.12274
7159      0.15814      -0.07252      -1.13376
7160      0.17545      -0.09050      -1.09653
7161      0.12756      -0.18008      -1.11410
7162      0.19845      -0.11914      -1.12010
7163      0.26756      -0.30282      -0.84288
7164      0.33757      -0.25003      -0.86073
7165      0.43061      -0.49457      -0.88322
7166      0.43255      -0.50017      -0.92436
7167      0.47751      -0.47859      -0.91245
7168      0.49354      -0.42865      -0.89099
7169      0.49481      -0.43213      -0.92744
7170      0.26816      -0.17626      -0.58309
7171      0.24725      -0.13970      -0.56722
7172      0.29206      -0.15706      -0.52758
7173      0.26395      -0.12482      -0.61356
7174      0.28450      -0.10640      -0.55725
7175      0.32314      -0.12825      -0.62022
7176      0.30120      -0.09152      -0.60359
7177      0.34280      -0.11027      -0.56756
7178      0.20560       0.05963      -0.39332
7179      0.17251       0.10449      -0.39418
7180      0.22666       0.09121      -0.34430
7181      0.25976       0.04634      -0.34344
7182      0.27179       0.04958      -0.38812
7183      0.18808       0.10582      -0.43928
7184      0.20750       0.13672      -0.39068
7185      0.29258       0.07814      -0.34028
7186      0.25426       0.09576      -0.43408
7187      0.22307       0.13805      -0.43577
7188      0.27342       0.12366      -0.38666
7189      0.30461       0.08137      -0.38497
7190      0.29642       0.00253      -0.34221
7191      0.31895       0.03290      -0.29263
7192      0.35561      -0.01091      -0.29141
7193      0.36522      -0.00742      -0.33646
7194      0.38764       0.02033      -0.28648
7195      0.34058       0.03963      -0.38237
7196      0.36127       0.06556      -0.33413
7197      0.39724       0.02382      -0.33154
7198      0.01944       0.87026      -0.54475
7199      0.02865       0.91194      -0.55188
7200      0.04724       0.91883      -0.51318
7201      0.05671       0.88794      -0.59225
7202      0.08328       0.91231      -0.54580
7203      0.10186       0.84772      -0.57864
7204      0.11134       0.88830      -0.58616
7205      0.12849       0.89368      -0.54919
7206      0.04783       0.94385      -0.52964
7207      0.06347       0.96680      -0.51289
7208      0.09379       0.94947      -0.54986
7209      0.12924       0.91793      -0.56602
7210      0.14342       0.93878      -0.55143
7211      0.04694       0.97600      -0.55308
7212      0.12817       0.95008      -0.59159
7213      0.02776       0.94410      -0.57533
7214      0.11027       0.92046      -0.61174
7215      0.02926       1.06423      -0.65471
7216      0.02172       0.98533      -0.61688
7217      0.00766       1.01357      -0.67183
7218      0.05649       1.03278      -0.69908
7219      0.04630       0.97043      -0.67391
7220      0.11520       1.03837      -0.68824
7221      0.10590       0.96171      -0.65184
7222      0.09512       0.98964      -0.70116
7223      0.00209       0.86834      -0.59067
7224      0.08649       0.84776      -0.62177
7225     -0.01766       0.93308      -0.68902
7226     -0.01822       0.89433      -0.66392
7227      0.03217       0.91201      -0.67402
7228      0.07063       0.91377      -0.71557
7229      0.06915       0.87678      -0.69192
7230      0.00029       0.74232      -0.51351
7231     -0.01261       0.73937      -0.54756
7232      0.03338       0.71459      -0.53854
7233      0.08190       0.72459      -0.54611
7234      0.07068       0.72213      -0.57683
7235     -0.01442       0.70224      -0.53195
7236     -0.02694       0.69686      -0.56693
7237      0.02036       0.67539      -0.55577
7238      0.06816       0.68774      -0.56235
7239      0.05696       0.68288      -0.59486
7240     -0.04939       0.72307      -0.65662
7241     -0.06052       0.71732      -0.69239
7242     -0.01323       0.69385      -0.67923
7243      0.03683       0.70738      -0.68129
7244      0.02632       0.70162      -0.71618
7245     -0.07794       0.74270      -0.77481
7246      0.01048       0.72641      -0.79743
7247      0.18917       0.27763      -0.26344
7248      0.23804       0.27741      -0.22094
7249      0.22433       0.30132      -0.27129
7250      0.23748       0.29849      -0.31292
7251      0.28149       0.29699      -0.27331
7252      0.27625       0.29189      -0.18459
7253      0.17960       0.33607      -0.25097
7254      0.31724       0.31261      -0.23801
7255      0.23000       0.35334      -0.30237
7256      0.13579       0.35221      -0.29307
7257      0.19224       0.36949      -0.34085
7258      0.04783       0.61021      -0.38143
7259      0.03746       0.64390      -0.40366
7260      0.06581       0.62909      -0.35224
7261      0.09835       0.60296      -0.37860
7262      0.07155       0.61469      -0.42625
7263      0.12208       0.60744      -0.42341
7264      0.11315       0.63740      -0.44481
7265      0.13952       0.62507      -0.39509
7266      0.07894       0.59179      -0.32833
7267      0.09924       0.60648      -0.29519
7268      0.13128       0.58060      -0.32188
7269      0.15069       0.59177      -0.37215
7270      0.16984       0.60535      -0.34068
7271      0.05922       0.74927      -0.39140
7272      0.07941       0.76732      -0.36140
7273      0.08616       0.73281      -0.33736
7274      0.10432       0.76703      -0.40915
7275      0.13004       0.75123      -0.35675
7276      0.13618       0.73440      -0.43238
7277      0.15495       0.75094      -0.40450
7278      0.16058       0.71921      -0.38141
7279      0.10931       0.75025      -0.30612
7280      0.18168       0.73472      -0.35302
7281      0.24834       0.98642      -0.20644
7282      0.31679       0.96056      -0.26144
7283      0.21970       1.00419      -0.25262
7284      0.29025       0.97613      -0.30450
7285      0.21792       1.04749      -0.27998
7286      0.22065       1.08705      -0.30809
7287      0.25905       1.11251      -0.27220
7288      0.23755       1.03837      -0.33324
7289      0.27488       1.09513      -0.32840
7290      0.28833       1.01222      -0.32910
7291      0.29179       1.04645      -0.35354
7292      0.32984       1.07243      -0.31913
7293      0.46462       1.01161      -0.00924
7294      0.52202       0.99143      -0.07757
7295     -0.08546       0.57010      -0.72417
7296     -0.09181       0.53979      -0.74881
7297     -0.09204       0.57234      -0.75481
7298     -0.04474       0.58573      -0.75327
7299     -0.05118       0.55510      -0.77643
7300      0.00220       0.56574      -0.74410
7301     -0.00382       0.53783      -0.76784
7302     -0.00388       0.56850      -0.77489
7303     -0.11338       0.39850      -0.96249
7304     -0.12033       0.42133      -0.99659
7305     -0.12320       0.46049      -0.97350
7306     -0.07126       0.39978      -1.00940
7307     -0.07802       0.45628      -0.99334
7308     -0.02275       0.41281      -0.97142
7309     -0.02895       0.43473      -1.00615
7310     -0.03170       0.47115      -0.98450
7311     -0.12676       0.46219      -1.00168
7312     -0.13057       0.49201      -1.00604
7313     -0.08353       0.47932      -1.02036
7314     -0.03478       0.47340      -1.01202
7315     -0.03825       0.50212      -1.01701
7316     -0.13067       0.46495      -1.03877
7317     -0.03802       0.47700      -1.04745
7318     -0.12424       0.42409      -1.03368
7319     -0.03219       0.43832      -1.04158
7320     -0.13872       0.45438      -1.16383
7321     -0.12819       0.42032      -1.09144
7322     -0.12904       0.40118      -1.14935
7323     -0.08604       0.42547      -1.18087
7324     -0.07804       0.39179      -1.12374
7325     -0.04432       0.47052      -1.17033
7326     -0.03502       0.43411      -1.09815
7327     -0.03505       0.41608      -1.15526
7328     -0.10967       0.35714      -0.99573
7329     -0.01902       0.37302      -1.00458
7330     -0.11384       0.32142      -1.11443
7331     -0.10850       0.31294      -1.06866
7332     -0.06798       0.34477      -1.08704
7333     -0.02126       0.33754      -1.12164
7334     -0.01696       0.32961      -1.07691
7335     -0.09124       0.33713      -0.85509
7336     -0.08807       0.30688      -0.87771
7337     -0.04309       0.32567      -0.85444
7338     -0.00329       0.35303      -0.86548
7339      0.00001       0.32343      -0.88768
7340     -0.08222       0.29725      -0.84143
7341      0.00514       0.31340      -0.85185
7342     -0.07267       0.20572      -0.94248
7343      0.01482       0.22859      -0.95076
7344     -0.07023       0.17860      -1.00162
7345      0.01711       0.20556      -1.00952
7346     -0.02932       0.29261      -0.60503
7347     -0.01513       0.28819      -0.56718
7348     -0.02269       0.25604      -0.61516
7349      0.00712       0.28692      -0.63846
7350      0.01174       0.31767      -0.59741
7351      0.04818       0.31198      -0.63084
7352      0.05996       0.30792      -0.59587
7353      0.05417       0.27755      -0.64060
7354     -0.03638       0.26195      -0.65419
7355     -0.03259       0.22634      -0.67148
7356     -0.00054       0.25698      -0.69261
7357      0.04297       0.28195      -0.67688
7358      0.04645       0.24763      -0.69435
7359     -0.03812       0.09885      -0.96674
7360     -0.02656       0.06761      -0.98652
7361      0.01263       0.09762      -0.96249
7362      0.04545       0.13383      -0.97477
7363      0.05594       0.10562      -0.99507
7364     -0.03175       0.09155      -0.92990
7365     -0.02484       0.08403      -0.89372
7366     -0.01236       0.05334      -0.91470
7367     -0.01926       0.06086      -0.95087
7368      0.00661       0.12064      -0.90534
7369      0.05099       0.12671      -0.93793
7370      0.05639       0.12036      -0.90349
7371      0.06737       0.09379      -0.92376
7372      0.06198       0.10015      -0.95820
7373      0.08599      -0.09858      -0.92042
7374      0.15698      -0.04443      -0.93235
7375      0.09506      -0.15394      -1.24025
7376      0.07187      -0.12467      -1.21423
7377      0.09014      -0.14277      -1.17734
7378      0.11332      -0.17204      -1.20336
7379      0.15079      -0.14473      -1.24014
7380      0.11107      -0.09968      -1.24555
7381      0.10638      -0.08942      -1.18906
7382      0.14613      -0.13524      -1.17213
7383      0.16681      -0.09046      -1.24544
7384      0.14558      -0.06443      -1.22038
7385      0.16238      -0.08188      -1.18385
7386      0.18360      -0.10792      -1.20891
7387      0.14080      -0.20237      -1.23326
7388      0.13316      -0.19076      -1.16525
7389      0.20927      -0.13522      -1.23661
7390      0.20372      -0.12788      -1.16951
7391      0.18529      -0.18510      -0.78513
7392      0.15893      -0.16666      -0.82700
7393      0.19178      -0.13005      -0.80664
7394      0.25125      -0.13081      -0.80451
7395      0.22590      -0.11154      -0.84397
7396      0.53005      -0.59851      -1.05705
7397      0.53244      -0.60390      -1.09433
7398      0.49423      -0.57312      -1.07204
7399      0.49184      -0.56773      -1.03476
7400      0.53773      -0.54563      -1.03038
7401      0.57976      -0.57624      -1.08741
7402      0.53762      -0.55176      -1.10792
7403      0.51165      -0.52227      -1.04723
7404      0.58744      -0.52336      -1.06073
7405      0.58493      -0.52410      -1.10099
7406      0.55504      -0.50090      -1.08312
7407      0.55754      -0.50016      -1.04285
7408      0.49077      -0.56228      -0.99825
7409      0.46572      -0.53982      -1.01796
7410      0.46465      -0.53437      -0.98145
7411      0.51042      -0.51285      -0.97103
7412      0.48438      -0.48969      -0.99873
7413      0.55738      -0.49620      -1.00316
7414      0.53031      -0.47214      -1.02801
7415      0.53015      -0.46817      -0.98832
7416      0.35419      -0.13303      -0.42468
7417      0.37668      -0.17677      -0.45261
7418      0.32585      -0.13994      -0.46634
7419      0.32735      -0.09062      -0.48058
7420      0.37084      -0.14315      -0.49293
7421      0.40023      -0.08651      -0.46200
7422      0.42242      -0.13006      -0.49348
7423      0.37233      -0.09383      -0.50717
7424      0.28115      -0.12203      -0.49982
7425      0.33676      -0.17497      -0.49409
7426      0.33070      -0.07499      -0.53800
7427      0.38443      -0.12911      -0.53672
7428      0.47469      -0.16667      -0.31516
7429      0.40998      -0.13130      -0.35615
7430      0.44864      -0.13069      -0.30563
7431      0.50408      -0.13144      -0.30520
7432      0.43707      -0.08998      -0.34275
7433      0.52040      -0.12525      -0.35013
7434      0.45416      -0.08759      -0.39271
7435      0.49252      -0.09073      -0.34232
7436      0.39198      -0.05350      -0.29139
7437      0.41686      -0.02360      -0.23959
7438      0.45322      -0.06618      -0.23958
7439      0.46048      -0.06309      -0.28540
7440      0.48579      -0.03578      -0.23260
7441      0.43372      -0.01701      -0.33047
7442      0.45657       0.00815      -0.27950
7443      0.49304      -0.03268      -0.27842
7444     -0.07242       0.52789      -0.65987
7445      0.01365       0.52595      -0.68018
7446      0.13685       0.97219      -0.36746
7447      0.11636       0.94654      -0.39184
7448      0.16331       0.92718      -0.39240
7449      0.21556       0.94620      -0.40761
7450      0.19497       0.92169      -0.43238
7451      0.05783       0.81127      -0.42285
7452      0.04274       0.78913      -0.44136
7453      0.08916       0.77600      -0.44358
7454      0.13615       0.78997      -0.46131
7455      0.12204       0.77031      -0.47880
7456     -0.00422       0.95145      -0.65899
7457     -0.01670       0.96266      -0.70789
7458     -0.00327       0.98104      -0.67786
7459      0.03479       0.96895      -0.71001
7460      0.08269       0.93099      -0.68894
7461      0.07230       0.94112      -0.73268
7462      0.08436       0.95834      -0.70606
7463      0.00280       1.03209      -0.70479
7464     -0.00813       0.99956      -0.71081
7465      0.03810       1.00666      -0.73657
7466      0.09179       1.00735      -0.73086
7467      0.08102       0.97605      -0.73577
7468     -0.01314       1.00825      -0.73867
7469      0.07699       0.98471      -0.76186
7470      0.00182       0.91022      -0.61743
7471      0.08706       0.88973      -0.64884
7472      0.01497       0.72009      -0.47007
7473      0.00026       0.71009      -0.49895
7474      0.04772       0.69086      -0.49378
7475      0.09437       0.70587      -0.50712
7476      0.08084       0.69536      -0.53337
7477      0.00143       0.67403      -0.48400
7478     -0.01324       0.66618      -0.51701
7479      0.03469       0.64605      -0.51046
7480      0.08097       0.66288      -0.52024
7481      0.06829       0.65526      -0.54922
7482     -0.03979       0.68982      -0.60291
7483     -0.05167       0.68429      -0.64012
7484     -0.00436       0.66060      -0.62561
7485      0.04508       0.67513      -0.62872
7486      0.03407       0.67017      -0.66472
7487     -0.07076       0.71369      -0.72797
7488      0.01678       0.69859      -0.75107
7489     -0.11136       0.78714      -0.94173
7490     -0.10855       0.81334      -0.94907
7491     -0.06836       0.79326      -0.97254
7492     -0.02050       0.77131      -0.96664
7493     -0.01758       0.79641      -0.97463
7494      0.07448       0.40628      -0.35835
7495      0.12016       0.41017      -0.29725
7496      0.09011       0.34832      -0.35417
7497      0.09944       0.37870      -0.40022
7498      0.11503       0.44555      -0.35990
7499      0.13999       0.41797      -0.40177
7500      0.18014       0.42348      -0.34470
7501      0.15209       0.36398      -0.39792
7502      0.06247       0.35230      -0.39372
7503      0.12765       0.36719      -0.43563
7504      0.07320       0.53348      -0.33950
7505      0.05834       0.57410      -0.36260
7506      0.09379       0.55117      -0.30524
7507      0.12592       0.52499      -0.33295
7508      0.09057       0.54518      -0.38976
7509      0.14329       0.53669      -0.38321
7510      0.13058       0.57404      -0.40576
7511      0.16340       0.55442      -0.34959
7512      0.11469       0.50999      -0.27982
7513      0.11706       0.56794      -0.26978
7514      0.13795       0.52676      -0.24436
7515      0.17054       0.55756      -0.26475
7516      0.18083       0.51668      -0.32583
7517      0.18477       0.57022      -0.31685
7518      0.20219       0.53248      -0.29309
7519      0.19101       0.50258      -0.18399
7520      0.22875       0.51692      -0.14769
7521      0.21830       0.53322      -0.20677
7522      0.24755       0.51416      -0.23775
7523      0.28063       0.52584      -0.20641
7524      0.26618       0.53249      -0.11352
7525      0.31282       0.54874      -0.08038
7526      0.36551       0.50461      -0.05142
7527      0.28750       0.56310      -0.14373
7528      0.38241       0.53807      -0.08345
7529      0.31239       0.54015      -0.17755
7530      0.35709       0.55243      -0.14680
7531      0.40695       0.51359      -0.11676
7532      0.46535       0.48417      -0.00833
7533      0.41052       0.52631      -0.02907
7534      0.47200       0.52010      -0.04534
7535      0.49149       0.49507      -0.07977
7536      0.44389       0.53186      -0.09971
7537      0.26668       0.59178      -0.10893
7538      0.36091       0.56716      -0.04892
7539      0.31544       0.59314      -0.17435
7540      0.40181       0.57072      -0.11807
7541      0.44475       0.54979      -0.00812
7542      0.47972       0.55626      -0.07865
7543      0.28150       0.71279      -0.10317
7544      0.35826       0.69415      -0.04622
7545      0.33579       0.70770      -0.16883
7546      0.40423       0.69596      -0.11726
7547      0.41533       0.68136      -0.00797
7548      0.46864       0.68599      -0.07295
7549      0.11349       0.91113      -0.37547
7550      0.13596       0.93138      -0.34684
7551      0.13799       0.89555      -0.32327
7552      0.18569       0.91238      -0.34443
7553      0.19076       0.88664      -0.41725
7554      0.21304       0.90818      -0.38999
7555      0.21339       0.87169      -0.36744
7556      0.16341       0.91457      -0.29235
7557      0.23733       0.89199      -0.33980
7558      0.36001       1.22942      -0.22245
7559      0.30315       1.16540      -0.24974
7560      0.36448       1.20161      -0.28380
7561      0.42931       1.18581      -0.27219
7562      0.37534       1.12602      -0.29699
7563      0.26414       1.16272      -0.31215
7564      0.30824       1.21561      -0.28968
7565      0.32631       1.18628      -0.33804
7566      0.33705       1.11869      -0.35429
7567      0.38255       1.17228      -0.33215
7568     -0.09249       0.60502      -0.76326
7569     -0.09924       0.57208      -0.78666
7570     -0.09969       0.60476      -0.79511
7571     -0.05187       0.61866      -0.79419
7572     -0.00412       0.59937      -0.78420
7573     -0.01043       0.56927      -0.80614
7574     -0.01067       0.60014      -0.81545
7575     -0.09778       0.54120      -0.77793
7576     -0.00917       0.54063      -0.79629
7577     -0.08094       0.44426      -0.70733
7578     -0.07801       0.41367      -0.70567
7579     -0.03364       0.43056      -0.70077
7580      0.00521       0.45038      -0.72531
7581      0.00764       0.42217      -0.72328
7582     -0.15623       0.65120      -1.06678
7583     -0.06306       0.65781      -1.08876
7584     -0.11939       0.36079      -1.10188
7585     -0.11774       0.32929      -1.14815
7586     -0.12330       0.36865      -1.13560
7587     -0.07500       0.36007      -1.15354
7588     -0.02663       0.37577      -1.10890
7589     -0.02438       0.34498      -1.15442
7590     -0.02974       0.38320      -1.14168
7591     -0.12964       0.39128      -1.18685
7592     -0.12390       0.35875      -1.17310
7593     -0.07854       0.37213      -1.19768
7594     -0.03495       0.40632      -1.19169
7595     -0.02964       0.37344      -1.17811
7596     -0.12309       0.34463      -1.20137
7597     -0.02832       0.35931      -1.20582
7598     -0.11544       0.36456      -1.04412
7599     -0.02380       0.37999      -1.05232
7600     -0.08589       0.33038      -0.82385
7601      0.00117       0.34646      -0.83585
7602     -0.07949       0.32374      -0.78841
7603      0.00668       0.33903      -0.80231
7604     -0.05950       0.27616      -0.73006
7605     -0.04800       0.26866      -0.69159
7606     -0.04441       0.23364      -0.71112
7607     -0.01412       0.29879      -0.71134
7608      0.02346       0.29364      -0.74938
7609      0.03335       0.28711      -0.71236
7610      0.03671       0.25458      -0.73101
7611     -0.04003       0.19848      -0.73092
7612      0.04069       0.22312      -0.74923
7613     -0.04312       0.12342      -0.90920
7614      0.04029       0.15603      -0.91740
7615     -0.03385       0.16428      -0.75222
7616     -0.01290       0.12104      -0.73522
7617     -0.02590       0.13033      -0.77520
7618      0.00487       0.16583      -0.79079
7619      0.04653       0.19191      -0.76919
7620      0.06392       0.15449      -0.75447
7621      0.05384       0.16144      -0.79114
7622     -0.03583       0.11540      -0.87198
7623     -0.02665       0.10701      -0.83529
7624      0.00360       0.14392      -0.84897
7625      0.04603       0.14916      -0.88233
7626      0.05360       0.14190      -0.84770
7627      0.11472       0.08181      -0.49547
7628      0.14433       0.03279      -0.50295
7629      0.07372       0.09386      -0.54981
7630      0.10846       0.12982      -0.53931
7631      0.17812       0.07187      -0.48809
7632      0.17186       0.11987      -0.53193
7633      0.19938       0.07467      -0.53872
7634      0.13515       0.13231      -0.58362
7635      0.03382       0.13669      -0.58208
7636      0.05849       0.13320      -0.53690
7637      0.07193       0.17037      -0.56920
7638      0.10139       0.17027      -0.61277
7639      0.12190       0.16699      -0.57161
7640      0.10900      -0.16189      -1.14448
7641      0.18022      -0.10057      -1.15039
7642      0.06654      -0.11211      -1.15945
7643      0.14030      -0.05383      -1.16723
7644      0.19345      -0.14143      -0.66575
7645      0.21870      -0.18087      -0.68326
7646      0.18770      -0.16361      -0.72566
7647      0.16245      -0.12417      -0.70815
7648      0.19526      -0.08687      -0.69061
7649      0.25262      -0.14487      -0.66850
7650      0.24672      -0.16536      -0.72489
7651      0.19272      -0.10916      -0.74931
7652      0.25443      -0.09031      -0.69336
7653      0.28063      -0.12936      -0.71013
7654      0.25173      -0.11092      -0.74854
7655      0.22553      -0.07187      -0.73177
7656      0.14037      -0.09063      -0.69197
7657      0.14110      -0.11618      -0.74857
7658      0.20294      -0.03898      -0.71643
7659      0.20623      -0.06352      -0.76975
7660      0.14096      -0.13751      -0.80500
7661      0.20804      -0.08392      -0.82350
7662      0.43453      -0.51001      -1.02353
7663      0.39352      -0.47240      -1.01273
7664      0.43633      -0.50633      -0.96548
7665      0.44938      -0.46264      -1.05517
7666      0.49923      -0.44232      -1.03038
7667      0.45842      -0.40520      -1.01642
7668      0.49790      -0.43707      -0.97262
7669      0.46088      -0.52822      -0.94034
7670      0.52706      -0.46323      -0.94315
7671      0.31791      -0.25209      -0.60988
7672      0.29270      -0.21466      -0.59779
7673      0.35911      -0.26401      -0.56663
7674      0.37875      -0.25310      -0.61250
7675      0.31409      -0.20031      -0.64121
7676      0.37493      -0.20131      -0.64383
7677      0.34873      -0.16533      -0.63317
7678      0.41246      -0.21569      -0.60655
7679      0.40304      -0.29606      -0.54241
7680      0.37303      -0.29546      -0.58236
7681      0.42459      -0.29002      -0.58938
7682      0.46117      -0.25307      -0.58138
7683      0.43031      -0.24767      -0.61952
7684      0.20436      -0.12075      -0.60924
7685      0.17999      -0.08114      -0.59383
7686      0.22288      -0.10009      -0.55181
7687      0.20216      -0.06749      -0.63752
7688      0.21483      -0.04683      -0.58313
7689      0.26174      -0.07156      -0.64185
7690      0.23699      -0.03318      -0.62683
7691      0.27645      -0.05313      -0.58857
7692      0.31318      -0.08584      -0.41670
7693      0.36897      -0.08412      -0.34816
7694      0.34497      -0.03698      -0.39116
7695      0.35914      -0.04176      -0.45503
7696      0.41308      -0.04284      -0.38574
7697     -0.08447       0.60512      -0.73005
7698     -0.07830       0.56644      -0.69166
7699      0.00326       0.59865      -0.75139
7700      0.00877       0.56133      -0.71160
7701      0.09426       0.88878      -0.39864
7702      0.17129       0.86332      -0.43984
7703      0.04283       0.75938      -0.42762
7704      0.02891       0.73850      -0.44786
7705      0.07523       0.72647      -0.44983
7706      0.12157       0.74308      -0.46579
7707      0.10795       0.72307      -0.48540
7708      0.01589       0.57307      -0.43853
7709      0.02282       0.53409      -0.42413
7710     -0.00232       0.56338      -0.47355
7711      0.04125       0.58324      -0.48342
7712      0.06609       0.56037      -0.43328
7713      0.09145       0.57053      -0.47818
7714      0.09695       0.53490      -0.46416
7715      0.07449       0.56141      -0.51171
7716     -0.00776       0.59846      -0.48742
7717     -0.02332       0.59085      -0.51920
7718      0.02143       0.60816      -0.52846
7719      0.07044       0.59294      -0.52446
7720      0.05625       0.58566      -0.55424
7721     -0.06281       0.68035      -0.67910
7722      0.02389       0.66749      -0.70260
7723      0.04965       0.50966      -0.37933
7724      0.08685       0.48157      -0.32429
7725      0.06330       0.45775      -0.36412
7726      0.07932       0.47797      -0.41199
7727      0.12024       0.51349      -0.42241
7728      0.15410       0.48897      -0.36857
7729      0.13105       0.46577      -0.40777
7730      0.03766       0.44356      -0.40855
7731      0.04883       0.39209      -0.40278
7732      0.06581       0.41746      -0.44672
7733      0.10747       0.45187      -0.45016
7734      0.11641       0.40407      -0.44416
7735      0.16367       0.54341      -0.20960
7736      0.22517       0.54738      -0.26192
7737      0.12325       0.62201      -0.26159
7738      0.14107       0.58348      -0.23618
7739      0.17628       0.60899      -0.25883
7740      0.19083       0.61819      -0.31122
7741      0.20576       0.58307      -0.28740
7742      0.19235       0.55894      -0.17587
7743      0.22978       0.57450      -0.14170
7744      0.22564       0.58630      -0.20019
7745      0.25159       0.56058      -0.23109
7746      0.28335       0.57489      -0.20222
7747      0.14931       0.63855      -0.22920
7748      0.21363       0.63385      -0.28324
7749      0.20051       0.61586      -0.16984
7750      0.26098       0.61127      -0.22628
7751      0.13346       0.76847      -0.27542
7752      0.17282       0.75019      -0.21885
7753      0.20423       0.75251      -0.32488
7754      0.23942       0.73767      -0.27333
7755      0.21997       0.73173      -0.16153
7756      0.28155       0.72387      -0.22119
7757      0.18671       0.98101      -0.28679
7758      0.15794       0.95748      -0.31998
7759      0.20608       0.97936      -0.34130
7760      0.26063       0.95732      -0.33580
7761      0.23383       0.93427      -0.36575
7762      0.15882       0.99828      -0.34059
7763      0.23636       0.97229      -0.38337
7764      0.27281       1.20245      -0.34069
7765      0.22838       1.12292      -0.33048
7766      0.34614       1.15585      -0.38143
7767      0.29950       1.07895      -0.37435
7768      0.19157       1.06507      -0.33472
7769      0.26466       1.02628      -0.37809
7770     -0.02453       0.32543      -0.56830
7771      0.05187       0.34216      -0.59731
7772     -0.03721       0.32921      -0.60329
7773     -0.04566       0.36525      -0.60799
7774     -0.00734       0.35683      -0.63453
7775      0.04161       0.34529      -0.62866
7776      0.03466       0.37777      -0.63298
7777     -0.09070       0.50919      -0.74285
7778     -0.00294       0.50975      -0.76087
7779     -0.07241       0.31992      -0.75179
7780     -0.07632       0.35558      -0.73819
7781     -0.02857       0.34385      -0.73335
7782      0.01266       0.33552      -0.76703
7783      0.00862       0.37111      -0.75451
7784     -0.07390       0.38114      -0.70464
7785     -0.06943       0.34858      -0.70738
7786     -0.02654       0.36885      -0.69979
7787      0.01063       0.39299      -0.72333
7788      0.01432       0.36412      -0.72576
7789     -0.05279       0.30442      -0.67843
7790     -0.04117       0.29771      -0.64103
7791     -0.00990       0.32791      -0.66622
7792      0.02877       0.32227      -0.69913
7793      0.03839       0.31711      -0.66365
7794     -0.04415       0.17248      -0.79118
7795      0.03776       0.19969      -0.80645
7796     -0.04534       0.14779      -0.85064
7797      0.03729       0.17808      -0.86245
7798     -0.03631       0.13939      -0.81279
7799      0.04478       0.17035      -0.82697
7800      0.12741       0.11771      -0.44303
7801      0.15677       0.07003      -0.44428
7802      0.08537       0.12950      -0.49422
7803      0.12209       0.16264      -0.48668
7804      0.18276       0.15075      -0.48293
7805      0.20943       0.10766      -0.48309
7806      0.14518       0.16296      -0.53177
7807      0.04546       0.17156      -0.52531
7808      0.07233       0.16785      -0.48262
7809      0.08365       0.20333      -0.51680
7810      0.11012       0.20215      -0.56070
7811      0.13341       0.19812      -0.52086
7812      0.05477      -0.10086      -1.19249
7813      0.12943      -0.04275      -1.19998
7814      0.05753      -0.10953      -1.24502
7815      0.13282      -0.05023      -1.25019
7816      0.46905      -0.54804      -1.05432
7817      0.43786      -0.51823      -1.05989
7818      0.49286      -0.50685      -1.07052
7819      0.53547      -0.48108      -1.06343
7820      0.50438      -0.45126      -1.06580
7821      0.46042      -0.54505      -1.12470
7822      0.42982      -0.51098      -1.09374
7823      0.46847      -0.55231      -1.09085
7824      0.51163      -0.53085      -1.11942
7825      0.48012      -0.49500      -1.13228
7826      0.53134      -0.48079      -1.12700
7827      0.49969      -0.44666      -1.09371
7828      0.53603      -0.48539      -1.09909
7829      0.49365      -0.57738      -1.10856
7830      0.55560      -0.50522      -1.11877
7831      0.38788      -0.36081      -0.65645
7832      0.34026      -0.32049      -0.68311
7833      0.36476      -0.32526      -0.64023
7834      0.41739      -0.31857      -0.64467
7835      0.37216      -0.28052      -0.66790
7836      0.44941      -0.30860      -0.68638
7837      0.40156      -0.26766      -0.71297
7838      0.42479      -0.27383      -0.67234
7839      0.25369      -0.19806      -0.63965
7840      0.22915      -0.15966      -0.62495
7841      0.31301      -0.14711      -0.67007
7842      0.28741      -0.11002      -0.65712
7843      0.14324      -0.06504      -0.63765
7844      0.15466      -0.04020      -0.57991
7845      0.20387      -0.01652      -0.66685
7846      0.21204       0.00573      -0.61372
7847      0.19125       0.02477      -0.44539
7848      0.24008       0.01437      -0.39443
7849      0.25510       0.01878      -0.44025
7850      0.24197       0.06588      -0.48296
7851      0.28680       0.05398      -0.43394
7852      0.27692      -0.02995      -0.39654
7853      0.33327      -0.04180      -0.34432
7854      0.32315       0.01175      -0.43487
7855      0.37692      -0.00260      -0.38330
7856      0.38188       0.01891      -0.24182
7857      0.48154      -0.03644      -0.18752
7858      0.42121       0.04925      -0.28315
7859      0.52014      -0.00692      -0.22518
7860      0.54106      -0.07339      -0.14867
7861      0.49725      -0.06974      -0.19413
7862      0.54905      -0.07480      -0.19359
7863      0.58252      -0.04719      -0.18299
7864      0.53759      -0.04084      -0.23207
7865     -0.09196       0.63939      -0.77218
7866     -0.00335       0.63126      -0.79343
7867      0.07421       0.83314      -0.40241
7868      0.15118       0.80881      -0.44240
7869      0.02984       0.70818      -0.43498
7870      0.01591       0.68977      -0.45719
7871      0.06288       0.67720      -0.45827
7872      0.10827       0.69549      -0.47312
7873      0.09468       0.67829      -0.49485
7874      0.02272       0.62227      -0.42868
7875      0.03144       0.58875      -0.40930
7876      0.00717       0.60660      -0.45790
7877      0.05034       0.62498      -0.47088
7878      0.09917       0.61740      -0.46844
7879      0.10621       0.58631      -0.45023
7880      0.08441       0.60162      -0.49639
7881      0.00317       0.63946      -0.47224
7882     -0.01177       0.63132      -0.50175
7883      0.08186       0.63157      -0.50910
7884      0.06789       0.62289      -0.53717
7885     -0.02764       0.65986      -0.54997
7886     -0.04049       0.65282      -0.58595
7887      0.00735       0.63243      -0.57333
7888      0.05535       0.64795      -0.57912
7889      0.04347       0.64021      -0.61298
7890     -0.02617       0.62500      -0.53472
7891     -0.03907       0.61565      -0.56593
7892      0.05495       0.61558      -0.56707
7893      0.04399       0.60624      -0.59415
7894     -0.05392       0.63958      -0.62493
7895      0.03149       0.62807      -0.64898
7896      0.03052       0.49111      -0.41300
7897      0.01641       0.43068      -0.44914
7898      0.10247       0.49548      -0.45399
7899      0.08822       0.43931      -0.48839
7900      0.02626       0.39237      -0.44025
7901      0.09596       0.40322      -0.48057
7902      0.16974       0.59901      -0.20245
7903      0.23217       0.59627      -0.25657
7904      0.07415       0.80197      -0.38606
7905      0.10111       0.78621      -0.33176
7906      0.15075       0.78176      -0.42732
7907      0.17540       0.76849      -0.37671
7908      0.18494       1.02432      -0.31415
7909      0.25870       0.99342      -0.36040
7910     -0.09993       0.63751      -0.80498
7911     -0.10728       0.63585      -0.83751
7912     -0.05873       0.64877      -0.83629
7913     -0.01067       0.62992      -0.82551
7914     -0.01717       0.62911      -0.85644
7915     -0.05577       0.36940      -0.64084
7916     -0.06174       0.40363      -0.64454
7917     -0.02251       0.39497      -0.67029
7918      0.02591       0.38240      -0.66398
7919      0.02073       0.41419      -0.66821
7920     -0.04906       0.33432      -0.63929
7921      0.03182       0.35042      -0.66146
7922     -0.05927       0.34023      -0.67260
7923     -0.06598       0.37532      -0.67415
7924      0.02283       0.35652      -0.69340
7925      0.01693       0.38850      -0.69592
7926     -0.06294       0.31277      -0.71320
7927      0.02026       0.32987      -0.73149
7928      0.02430       0.17471      -0.56599
7929      0.01370       0.14066      -0.62484
7930      0.09344       0.20357      -0.59729
7931      0.08487       0.17309      -0.65229
7932      0.00708       0.10451      -0.69401
7933      0.07994       0.14049      -0.71816
7934      0.14738       0.15057      -0.39258
7935      0.10228       0.16379      -0.44142
7936      0.14004       0.19495      -0.43656
7937      0.20017       0.18110      -0.43466
7938      0.15985       0.19380      -0.48182
7939      0.06115       0.20559      -0.47219
7940      0.09111       0.20153      -0.43099
7941      0.10040       0.23580      -0.46687
7942      0.12289       0.23355      -0.51148
7943      0.14934       0.22922      -0.47244
7944      0.21352      -0.20242      -0.74301
7945      0.15947      -0.14629      -0.76778
7946      0.27796      -0.14880      -0.76488
7947      0.22503      -0.09293      -0.78818
7948      0.39132      -0.47103      -1.06811
7949      0.45838      -0.40470      -1.06864
7950      0.42328      -0.50143      -1.14471
7951      0.49506      -0.43811      -1.13838
7952      0.16866      -0.10251      -0.65004
7953      0.22876      -0.05185      -0.67809
7954      0.21962      -0.02353      -0.46199
7955      0.25588      -0.07942      -0.48215
7956      0.23393      -0.02237      -0.52135
7957      0.26940       0.01994      -0.49962
7958      0.30540      -0.03357      -0.51978
7959      0.19760      -0.05748      -0.53414
7960      0.25115      -0.01171      -0.57035
7961      0.42768      -0.09582      -0.29524
7962      0.46987      -0.05725      -0.33291
7963      0.51597      -0.10372      -0.20299
7964      0.47194      -0.10016      -0.24844
7965      0.52510      -0.10185      -0.24874
7966      0.55818      -0.07294      -0.23934
7967      0.51364      -0.06479      -0.28570
7968     -0.12199       0.76126      -0.96371
7969     -0.11920       0.78833      -0.96993
7970     -0.11414       0.76006      -0.93551
7971     -0.07394       0.74054      -0.95930
7972     -0.07911       0.76795      -0.99390
7973     -0.03106       0.74724      -0.98949
7974     -0.02826       0.77288      -0.99652
7975     -0.02330       0.74566      -0.95961
7976     -0.11694       0.73090      -0.92826
7977     -0.10963       0.73018      -0.89855
7978     -0.06903       0.70849      -0.92018
7979     -0.02603       0.71813      -0.95121
7980     -0.01890       0.71634      -0.91971
7981      0.01764       0.65520      -0.44543
7982      0.03238       0.67683      -0.42041
7983      0.09557       0.64698      -0.48372
7984      0.10956       0.66699      -0.46008
7985      0.04429       0.72854      -0.41253
7986      0.12203       0.71456      -0.45194
7987      0.05776       0.78010      -0.40650
7988      0.13572       0.76292      -0.44623
7989      0.04195       0.55264      -0.39046
7990      0.11472       0.55291      -0.43258
7991     -0.10652       0.66854      -0.84742
7992     -0.11330       0.66688      -0.88004
7993     -0.06410       0.67861      -0.87815
7994     -0.01631       0.65884      -0.86703
7995     -0.02236       0.65810      -0.89867
7996     -0.07009       0.40784      -0.67519
7997     -0.07437       0.44023      -0.67827
7998      0.01393       0.41769      -0.69588
7999      0.01082       0.44671      -0.69771
8000     -0.08335       0.47530      -0.71035
8001      0.00337       0.47846      -0.72855
8002      0.07983       0.24048      -0.42207
8003      0.05355       0.24218      -0.46036
8004      0.13986       0.26530      -0.46368
8005      0.11655       0.26627      -0.50048
8006      0.03654       0.20827      -0.51162
8007      0.10243       0.23578      -0.54712
8008      0.19363       0.13572      -0.34590
8009      0.12357       0.19554      -0.38997
8010      0.24211       0.16702      -0.38860
8011      0.17888       0.22427      -0.43159
8012      0.30964      -0.27821      -0.66820
8013      0.27454      -0.26147      -0.71519
8014      0.30759      -0.22321      -0.69809
8015      0.37010      -0.22553      -0.69779
8016      0.33674      -0.20711      -0.74057
8017      0.24608      -0.22080      -0.69852
8018      0.30823      -0.16778      -0.72446
8019      0.39130      -0.32841      -0.59942
8020      0.34648      -0.29231      -0.62318
8021      0.45068      -0.28019      -0.63464
8022      0.40442      -0.24131      -0.65723
8023      0.17271      -0.01552      -0.51955
8024      0.22680       0.02874      -0.55538
8025      0.49289      -0.13502      -0.25883
8026      0.53629      -0.09827      -0.29511
8027      0.28287       0.07705      -0.29552
8028      0.32565       0.10825      -0.33860
8029     -0.10472       0.70067      -0.85783
8030     -0.09894       0.67075      -0.81531
8031     -0.01441       0.68845      -0.87779
8032     -0.00948       0.66026      -0.83598
8033     -0.11912       0.69843      -0.92154
8034     -0.12494       0.73087      -0.96026
8035     -0.02797       0.68865      -0.94293
8036     -0.03378       0.71937      -0.98481
8037     -0.13107       0.75791      -0.99377
8038     -0.04007       0.74510      -1.02146
8039      0.28107      -0.23799      -0.65491
8040      0.34060      -0.18553      -0.68439
8041     -0.11197       0.69924      -0.88909
8042     -0.02116       0.68786      -0.90924
8043      0.51924      -0.59887      -1.01569
8044      0.50359      -0.56433      -0.95787
8045      0.46939      -0.52686      -0.88976
8046      0.45349      -0.49685      -0.84288
8047      0.43806      -0.46316      -0.78559
8048      0.42329      -0.43013      -0.72829
8049      0.41397      -0.39692      -0.67158
8050      0.41200      -0.36395      -0.61468
8051      0.41866      -0.33121      -0.55750
8052      0.42993      -0.29820      -0.50055
8053      0.45957      -0.26565      -0.44359
8054      0.47117      -0.23295      -0.38668
8055      0.48269      -0.20068      -0.33031
8056      0.50003      -0.16876      -0.27328
8057      0.52178      -0.13692      -0.21696
8058      0.54544      -0.10563      -0.16146
8059      0.56696      -0.07514      -0.10814
8060      0.57930      -0.04485      -0.05996
8061      0.59478      -0.02157       0.00163
8062      0.57403      -0.04776       0.06262
8063      0.55402      -0.07647       0.11170
8064      0.52811      -0.10765       0.16408
8065      0.50382      -0.14022       0.21855
8066      0.48197      -0.17307       0.27415
8067      0.46741      -0.20614       0.32970
8068      0.45859      -0.23920       0.38608
8069      0.44335      -0.27197       0.44279
8070      0.41083      -0.30571       0.49904
8071      0.39524      -0.33771       0.55615
8072      0.38735      -0.37211       0.61208
8073      0.38840      -0.40409       0.66932
8074      0.39125      -0.43668       0.72613
8075      0.39711      -0.46934       0.78349
8076      0.41609      -0.50159       0.84123
8077      0.44513      -0.53362       0.89862
8078      0.47663      -0.56687       0.95662
8079      0.50492      -0.59986       1.01553
8080      0.51478      -0.66267      -1.05989
8081      0.47846      -0.69813      -1.03688
8082      0.44473      -0.73284      -1.01264
8083      0.39220      -0.77754      -0.97874
8084      0.32769      -0.83731      -0.92813
8085      0.28868      -0.88017      -0.88758
8086      0.25684      -0.91248      -0.85433
8087      0.22112      -0.94217      -0.82147
8088      0.19328      -0.96500      -0.79453
8089      0.16961      -0.98515      -0.76940
8090      0.13605      -1.01288      -0.73252
8091      0.09907      -1.04094      -0.69206
8092      0.04611      -1.08216      -0.62564
8093      0.01236      -1.11609      -0.56288
8094     -0.00679      -1.13675      -0.51990
8095     -0.01950      -1.15092      -0.48772
8096     -0.03345      -1.16599      -0.45053
8097     -0.04413      -1.17705      -0.42078
8098     -0.05529      -1.18831      -0.38785
8099     -0.06356      -1.19627      -0.36254
8100     -0.07293      -1.20422      -0.33519
8101     -0.08057      -1.21013      -0.31319
8102     -0.09109      -1.21785      -0.28170
8103     -0.10329      -1.22568      -0.24538
8104     -0.11381      -1.23150      -0.21426
8105     -0.12460      -1.23679      -0.18121
8106     -0.13755      -1.24239      -0.13774
8107     -0.14861      -1.24649      -0.09366
8108     -0.15499      -1.24896      -0.05087
8109     -0.15746      -1.24996      -0.01026
8110     -0.15677      -1.24966       0.02916
8111     -0.15346      -1.24790       0.07236
8112     -0.14409      -1.24102       0.14957
8113     -0.13334      -1.22917       0.22726
8114     -0.12593      -1.21780       0.28189
8115     -0.12024      -1.20766       0.32258
8116     -0.11324      -1.19429       0.36902
8117     -0.10683      -1.18238       0.40556
8118     -0.09793      -1.16805       0.44516
8119     -0.09015      -1.15640       0.47460
8120     -0.08074      -1.14353       0.50482
8121     -0.07285      -1.13349       0.52697
8122     -0.06014      -1.11963       0.55581
8123     -0.04408      -1.10424       0.58580
8124     -0.02702      -1.08899       0.61367
8125     -0.00818      -1.07302       0.64119
8126      0.01427      -1.05530       0.66996
8127      0.04101      -1.03533       0.70042
8128      0.07407      -1.01157       0.73432
8129      0.11605      -0.98267       0.77256
8130      0.16555      -0.95101       0.81122
8131      0.21331      -0.91814       0.84825
8132      0.26183      -0.88190       0.88586
8133      0.31128      -0.84271       0.92322
8134      0.35814      -0.80300       0.95796
8135      0.40333      -0.76194       0.99093
8136      0.44324      -0.71933       1.02228
8137      0.47760      -0.68366       1.04648
8138      0.50971      -0.65905       1.06215
8139      0.55517      -0.63250       1.07817
8140      0.55687      -0.63312      -1.07780
8141      0.49669      -0.12952       0.09980
8142      0.39643      -0.20522       0.07945
8143      0.29517      -0.28169       0.05604
8144      0.20450      -0.35450       0.03052
8145      0.13514      -0.42078      -0.00019
8146      0.08945      -0.47370      -0.02489
8147      0.04964      -0.52630      -0.03950
8148      0.01248      -0.58529      -0.05144
8149     -0.01639      -0.64213      -0.06313
8150     -0.03706      -0.69630      -0.07486
8151     -0.05431      -0.74750      -0.08637
8152     -0.06731      -0.79533      -0.09729
8153     -0.07574      -0.84027      -0.11006
8154     -0.08223      -0.88698      -0.12522
8155     -0.08870      -0.93742      -0.13803
8156     -0.09628      -0.98962      -0.14662
8157     -0.10360      -1.04216      -0.15259
8158     -0.10945      -1.09416      -0.15792
8159     -0.11451      -1.14504      -0.16408
8160     -0.11938      -1.19366      -0.17359
8161      0.15573      -0.89794       0.76688
8162      0.14773      -0.85876       0.72991
8163      0.14103      -0.81229       0.68679
8164      0.13773      -0.76997       0.64814
8165      0.13006      -0.73158       0.60359
8166      0.12420      -0.68548       0.55200
8167      0.12336      -0.64507       0.50867
8168      0.12183      -0.60857       0.46314
8169      0.11623      -0.57731       0.41237
8170      0.11368      -0.54659       0.35928
8171      0.12214      -0.50965       0.30620
8172      0.13739      -0.47129       0.25607
8173      0.15127      -0.43263       0.19010
8174      0.16226      -0.40691       0.13290
8175      0.18276      -0.38034       0.08030
8176      0.03986      -0.99772       0.67135
8177      0.03683      -0.95755       0.63370
8178      0.03125      -0.91920       0.59335
8179      0.02561      -0.88207       0.55064
8180      0.01918      -0.84480       0.50577
8181      0.01178      -0.80699       0.45957
8182      0.00670      -0.76871       0.41293
8183      0.00701      -0.72890       0.36659
8184      0.00849      -0.68599       0.31949
8185      0.02378      -0.63136       0.27665
8186      0.02882      -0.58910       0.20280
8187      0.03881      -0.55579       0.14252
8188      0.05210      -0.52563       0.08565
8189      0.07020      -0.49782       0.03046
8190      0.01522      -1.02095       0.64538
8191      0.01314      -0.98260       0.61105
8192      0.00904      -0.94626       0.57158
8193      0.00286      -0.91098       0.52835
8194     -0.00288      -0.87493       0.48245
8195     -0.00968      -0.83787       0.43513
8196     -0.01503      -0.79977       0.38719
8197     -0.01630      -0.76031       0.33883
8198     -0.01617      -0.71929       0.28922
8199     -0.00962      -0.67520       0.23635
8200     -0.00143      -0.63383       0.17841
8201      0.00979      -0.59924       0.12088
8202      0.02097      -0.56879       0.06526
8203      0.03689      -0.54173       0.01045
8204     -0.13049      -1.20043      -0.13204
8205     -0.12374      -1.14955      -0.12408
8206     -0.11715      -1.09701      -0.11708
8207     -0.11096      -1.04430      -0.11120
8208     -0.10310      -0.99231      -0.10573
8209     -0.09539      -0.94229      -0.09846
8210     -0.08824      -0.89449      -0.08766
8211     -0.08118      -0.84852      -0.07435
8212     -0.07239      -0.80278      -0.06060
8213     -0.05967      -0.75496      -0.04698
8214     -0.04360      -0.70402      -0.03324
8215     -0.02237      -0.64994      -0.01982
8216      0.00482      -0.59282      -0.00657
8217      0.51971      -0.10278       0.05096
8218      0.42809      -0.17884       0.03036
8219      0.32191      -0.25875       0.00694
8220      0.22682      -0.33175      -0.01626
8221      0.15539      -0.39701      -0.04310
8222      0.10160      -0.45901      -0.06780
8223      0.05816      -0.52001      -0.08385
8224      0.02163      -0.57943      -0.09565
8225     -0.00740      -0.63658      -0.10640
8226     -0.03044      -0.69102      -0.11651
8227     -0.04855      -0.74264      -0.12600
8228     -0.06209      -0.79138      -0.13399
8229     -0.06910      -0.83055      -0.14438
8230     -0.07438      -0.87744      -0.16420
8231     -0.08025      -0.93220      -0.18000
8232     -0.08765      -0.98723      -0.18864
8233     -0.09428      -1.04074      -0.19385
8234     -0.10000      -1.09232      -0.19784
8235     -0.10476      -1.14148      -0.20205
8236     -0.10891      -1.18676      -0.20735
8237      0.46639      -0.15884       0.15084
8238      0.36733      -0.23254       0.12962
8239      0.27057      -0.30721       0.10603
8240      0.44006      -0.18994       0.20337
8241      0.34390      -0.26127       0.18069
8242      0.24895      -0.33398       0.15715
8243      0.41531      -0.22561       0.25784
8244      0.32262      -0.29331       0.23602
8245      0.23122      -0.36357       0.21239
8246      0.38704      -0.31228       0.43524
8247      0.32554      -0.35565       0.41777
8248      0.25858      -0.40108       0.38183
8249      0.18718      -0.45458       0.34334
8250      0.36740      -0.34189       0.48595
8251      0.30039      -0.39201       0.46102
8252      0.23592      -0.44168       0.42735
8253      0.17280      -0.49281       0.39103
8254      0.35081      -0.37552       0.53796
8255      0.28500      -0.42873       0.50856
8256      0.22239      -0.48111       0.47414
8257      0.16451      -0.53058       0.43658
8258      0.36625      -0.71488       0.92745
8259      0.32775      -0.66457       0.85180
8260      0.30574      -0.61961       0.79234
8261      0.30330      -0.56840       0.74483
8262      0.32409      -0.50735       0.71041
8263      0.33838      -0.45116       0.64670
8264      0.34215      -0.41154       0.59152
8265      0.16038      -0.57181       0.48665
8266      0.21502      -0.52146       0.52240
8267      0.27713      -0.46761       0.55856
8268     -0.00652      -1.04121       0.61986
8269     -0.00666      -1.00602       0.58923
8270     -0.01138      -0.97360       0.55116
8271     -0.01753      -0.94122       0.50661
8272     -0.02428      -0.90637       0.45908
8273     -0.02885      -0.86994       0.41033
8274     -0.03465      -0.83224       0.36100
8275     -0.03700      -0.79347       0.31111
8276     -0.03562      -0.75372       0.26025
8277     -0.03207      -0.71344       0.20744
8278     -0.02434      -0.67508       0.15273
8279     -0.01344      -0.64080       0.09796
8280     -0.00356      -0.61075       0.04355
8281     -0.14002      -1.20502      -0.08957
8282     -0.13163      -1.15401      -0.08265
8283     -0.12368      -1.10049      -0.07512
8284     -0.11619      -1.04650      -0.06895
8285     -0.10829      -0.99414      -0.06557
8286     -0.10017      -0.94633      -0.06097
8287     -0.09317      -0.90136      -0.05142
8288     -0.08552      -0.85714      -0.03852
8289     -0.07636      -0.81226      -0.02362
8290     -0.06382      -0.76505      -0.00759
8291     -0.04771      -0.71431       0.00862
8292     -0.02670      -0.65982       0.02448
8293      0.00192      -0.63312      -0.15311
8294      0.01661      -0.63076      -0.22160
8295      0.02902      -0.63795      -0.27931
8296      0.03385      -0.65973      -0.33109
8297      0.04106      -0.68333      -0.38047
8298      0.05256      -0.70315      -0.42910
8299      0.06584      -0.72405      -0.47720
8300      0.08241      -0.74661      -0.52572
8301      0.10278      -0.77005      -0.57528
8302      0.12414      -0.79144      -0.62728
8303      0.14949      -0.81722      -0.68903
8304      0.18134      -0.84742      -0.74934
8305      0.21716      -0.87211      -0.80030
8306     -0.09940      -1.18452      -0.23987
8307     -0.09448      -1.14035      -0.23846
8308     -0.08955      -1.09237      -0.23676
8309     -0.08385      -1.04102      -0.23507
8310     -0.07691      -0.98643      -0.23188
8311     -0.06922      -0.92816      -0.22554
8312     -0.06092      -0.85741      -0.21150
8313     -0.04410      -0.79272      -0.22698
8314     -0.02836      -0.74213      -0.22976
8315     -0.00741      -0.68891      -0.22749
8316     -0.08876      -1.18314      -0.27551
8317     -0.08428      -1.14129      -0.27347
8318     -0.07845      -1.09486      -0.27499
8319     -0.07204      -1.04369      -0.27649
8320     -0.06462      -0.98816      -0.27628
8321     -0.05642      -0.92843      -0.27374
8322     -0.04693      -0.86458      -0.27133
8323     -0.03406      -0.80315      -0.27340
8324     -0.01829      -0.74802      -0.27438
8325      0.00276      -0.69468      -0.27472
8326     -0.07911      -1.17804      -0.30610
8327     -0.07532      -1.14571      -0.30597
8328     -0.06813      -1.10063      -0.31249
8329     -0.05999      -1.04945      -0.31825
8330     -0.05144      -0.99280      -0.32166
8331     -0.04238      -0.93195      -0.32201
8332     -0.03266      -0.86952      -0.32052
8333     -0.02124      -0.80930      -0.31950
8334     -0.00526      -0.75237      -0.31731
8335      0.01158      -0.70504      -0.31800
8336      0.19835      -0.91167      -0.78712
8337      0.16586      -0.88640      -0.73787
8338      0.13420      -0.85985      -0.67913
8339      0.10852      -0.83381      -0.62024
8340      0.08568      -0.80922      -0.56541
8341      0.06597      -0.78354      -0.51483
8342      0.04965      -0.76015      -0.46741
8343      0.03598      -0.73991      -0.42019
8344      0.02368      -0.72168      -0.37137
8345      0.20803      -0.41309       0.29036
8346      0.15856      -0.61173       0.53451
8347      0.21203      -0.56305       0.57122
8348      0.27194      -0.50967       0.60951
8349      0.11201      -0.45020       0.05148
8350     -0.02449      -1.05917       0.59538
8351     -0.02443      -1.02763       0.56882
8352     -0.02917      -1.00357       0.53430
8353     -0.03692      -0.97371       0.48534
8354     -0.04252      -0.93935       0.43557
8355     -0.04739      -0.90335       0.38520
8356     -0.05158      -0.86597       0.33445
8357     -0.05367      -0.82767       0.28355
8358     -0.05268      -0.78912       0.23218
8359     -0.04799      -0.75104       0.17971
8360     -0.04083      -0.71431       0.12673
8361     -0.03193      -0.68073       0.07375
8362     -0.14650      -1.20891      -0.04794
8363     -0.13737      -1.15886      -0.04095
8364     -0.12846      -1.10487      -0.03197
8365     -0.11970      -1.04866      -0.02437
8366     -0.11105      -0.99185      -0.02454
8367     -0.10372      -0.94970      -0.02553
8368     -0.09663      -0.90832      -0.01708
8369     -0.08879      -0.86674      -0.00364
8370     -0.07966      -0.82367       0.01282
8371     -0.06814      -0.77794       0.03168
8372     -0.05041      -0.72728       0.05163
8373      0.36037      -0.43434      -0.66140
8374      0.29567      -0.48962      -0.64601
8375      0.24099      -0.54642      -0.63058
8376      0.19704      -0.60210      -0.61532
8377      0.15879      -0.65780      -0.60203
8378      0.12819      -0.71478      -0.58879
8379      0.35831      -0.40267      -0.60587
8380      0.28521      -0.46011      -0.59256
8381      0.22503      -0.51899      -0.57891
8382      0.17924      -0.57688      -0.56550
8383      0.14125      -0.63429      -0.55262
8384      0.10922      -0.69161      -0.53954
8385      0.35820      -0.37153      -0.55018
8386      0.27777      -0.43136      -0.53879
8387      0.21486      -0.49249      -0.52686
8388      0.16636      -0.55237      -0.51492
8389      0.12563      -0.61123      -0.50290
8390      0.09294      -0.66923      -0.49037
8391      0.36034      -0.34087      -0.49449
8392      0.26918      -0.40351      -0.48492
8393      0.20561      -0.46705      -0.47459
8394      0.15453      -0.52885      -0.46396
8395      0.11225      -0.58911      -0.45302
8396      0.07935      -0.64790      -0.44147
8397      0.36146      -0.31102      -0.43892
8398      0.26416      -0.37695      -0.43111
8399      0.19539      -0.44298      -0.42223
8400      0.14408      -0.50668      -0.41279
8401      0.10240      -0.56842      -0.40293
8402      0.06980      -0.62805      -0.39298
8403      0.36954      -0.28267      -0.38366
8404      0.26819      -0.35216      -0.37764
8405      0.18930      -0.42057      -0.36998
8406      0.13804      -0.48587      -0.36159
8407      0.09606      -0.54934      -0.35228
8408      0.06179      -0.61114      -0.34434
8409      0.03089      -0.57549      -0.14369
8410      0.04442      -0.57569      -0.21600
8411      0.05487      -0.59100      -0.28739
8412      0.15500      -0.93481      -0.73432
8413      0.11971      -0.90296      -0.66791
8414      0.09203      -0.87400      -0.60865
8415      0.06862      -0.84748      -0.55342
8416      0.04909      -0.81746      -0.49988
8417      0.03581      -0.79346      -0.45797
8418      0.02181      -0.77431      -0.41101
8419      0.00811      -0.75998      -0.36610
8420      0.30372      -0.34260       0.32936
8421      0.41998      -0.56725       0.89206
8422      0.37064      -0.61759       0.87445
8423      0.41639      -0.66411       0.95650
8424      0.06968      -0.96687       0.69584
8425      0.11060      -0.92957       0.72878
8426      0.06341      -0.92924       0.65779
8427      0.10741      -0.89085       0.69611
8428      0.09256      -0.47814       0.10626
8429     -0.05728      -1.08904       0.53840
8430     -0.05127      -1.04793       0.51727
8431     -0.05538      -1.00845       0.46292
8432     -0.05857      -0.97400       0.41153
8433     -0.06296      -0.93833       0.35943
8434     -0.06623      -0.90095       0.30725
8435     -0.06752      -0.86267       0.25570
8436     -0.06787      -0.82489       0.20446
8437     -0.06382      -0.78845       0.15221
8438     -0.05517      -0.75222       0.09953
8439     -0.14879      -1.21256      -0.00878
8440     -0.14007      -1.16514       0.00016
8441     -0.13064      -1.11079       0.01199
8442     -0.12164      -1.05337       0.02411
8443     -0.11046      -0.98030       0.03406
8444     -0.10278      -0.93792       0.06144
8445     -0.09411      -0.89908       0.08239
8446     -0.08487      -0.86311       0.10196
8447     -0.07411      -0.82620       0.12573
8448     -0.07071      -0.79586       0.07194
8449      0.40689      -0.53380      -0.83007
8450      0.34560      -0.59059      -0.81370
8451      0.29829      -0.63764      -0.79369
8452      0.26334      -0.68366      -0.77984
8453      0.23402      -0.73501      -0.77361
8454      0.20170      -0.79745      -0.76056
8455      0.17902      -0.68024      -0.65265
8456      0.20526      -0.70674      -0.71289
8457      0.16808      -0.77102      -0.69932
8458      0.38201      -0.25880      -0.32607
8459      0.28144      -0.32785      -0.32316
8460      0.19272      -0.40070      -0.31650
8461      0.13785      -0.46413      -0.30639
8462      0.09151      -0.53052      -0.29709
8463      0.06678      -0.51423      -0.13262
8464      0.08217      -0.51273      -0.21270
8465      0.45267      -0.59868       0.95040
8466      0.47876      -0.62466       1.00256
8467      0.45933      -0.65344       1.00100
8468      0.05152      -0.85200       0.57510
8469      0.09320      -0.80971       0.61151
8470      0.07818      -0.50737       0.16368
8471     -0.06974      -1.10432       0.51122
8472     -0.06898      -1.07577       0.48558
8473     -0.07178      -1.04313       0.43928
8474     -0.07442      -1.01031       0.38706
8475     -0.07751      -0.97512       0.33285
8476     -0.07911      -0.93719       0.27891
8477     -0.07877      -0.89801       0.22700
8478     -0.07754      -0.86041       0.17693
8479     -0.08318      -1.11183       0.46086
8480     -0.08495      -1.07935       0.41791
8481     -0.08842      -1.04863       0.36283
8482     -0.09086      -1.01430       0.30540
8483     -0.09089      -0.97488       0.24860
8484     -0.08924      -0.93287       0.19653
8485     -0.08691      -0.89423       0.14966
8486     -0.09937      -1.12693       0.39024
8487     -0.10070      -1.09071       0.33938
8488     -0.10294      -1.05735       0.27688
8489     -0.10252      -1.01533       0.21422
8490     -0.09913      -0.96609       0.16188
8491     -0.09558      -0.92395       0.12151
8492     -0.11362      -1.14512       0.30797
8493     -0.11406      -1.10656       0.24976
8494     -0.11683      -1.06647       0.16294
8495     -0.10993      -0.99912       0.10934
8496     -0.12473      -1.16275       0.22723
8497     -0.14148      -1.17917       0.04949
8498     -0.13165      -1.14801       0.13621
8499     -0.08193      -0.83831       0.05038
8500      0.23948      -0.82328      -0.81404
8501      0.14772      -0.74070      -0.63896
8502      0.25025      -0.31340      -0.06354
8503      0.27503      -0.30161      -0.12889
8504      0.27747      -0.31001      -0.19207
8505      0.28684      -0.31453      -0.25812
8506      0.15814      -0.41229      -0.20046
8507     -0.06510      -1.15692      -0.34476
8508     -0.05859      -1.11139      -0.34978
8509     -0.04908      -1.05899      -0.36047
8510     -0.03823      -1.00067      -0.36822
8511     -0.02769      -0.93724      -0.37077
8512     -0.01762      -0.87347      -0.36821
8513     -0.00762      -0.81432      -0.36482
8514     -0.04663      -1.12834      -0.39741
8515     -0.03845      -1.07363      -0.40381
8516     -0.02505      -1.01256      -0.41692
8517     -0.01086      -0.94348      -0.42238
8518     -0.00079      -0.87465      -0.41572
8519      0.00818      -0.81743      -0.40736
8520     -0.02394      -1.09479      -0.45892
8521     -0.01140      -1.03173      -0.46815
8522      0.01501      -0.94794      -0.49091
8523      0.02385      -0.86588      -0.47161
8524      0.00294      -1.06115      -0.52078
8525      0.09756      -0.95732      -0.65172
8526      0.04047      -0.99268      -0.56893
8527      0.40537      -0.28200       0.37942
8528      0.40465      -0.25995       0.32573
8529      0.15930      -0.65403       0.58116
8530      0.21293      -0.60637       0.61982
8531      0.26917      -0.55575       0.65948
8532      0.04562      -0.81343       0.53111
8533      0.08911      -0.76997       0.57096
8534      0.03416      -0.73684       0.43947
8535      0.07710      -0.69055       0.47493
8536      0.06927      -0.53880       0.22357
8537     -0.12186      -1.17283       0.26985
8538      0.32305      -0.67590      -0.84849
8539      0.34622      -0.71477      -0.90236
8540      0.27847      -0.76073      -0.84051
8541      0.11344      -0.44754      -0.11650
8542     -0.00949      -1.09400      -0.50052
8543      0.34798      -0.32518       0.37937
8544      0.03919      -0.77467       0.48523
8545      0.08287      -0.72566       0.52021
8546     -0.12257      -1.06562       0.07202
8547     -0.13146      -1.11838       0.05662
8548     -0.12383      -1.08102       0.10390
8549     -0.12969      -1.11614       0.09725
8550      0.43435      -0.56612      -0.88635
8551      0.37588      -0.62139      -0.86950
8552      0.26037      -0.57466      -0.68192
8553      0.27793      -0.60176      -0.73454
8554      0.23317      -0.66030      -0.72203
8555      0.48353      -0.15860      -0.16595
8556      0.37901      -0.23616      -0.18216
8557      0.34733      -0.24041      -0.04591
8558      0.36735      -0.23439      -0.12081
8559      0.17729      -0.37544      -0.08677
8560      0.20105      -0.35848      -0.13065
8561      0.05219      -0.88780      -0.54153
8562      0.07353      -0.91386      -0.59318
8563      0.04226      -0.91991      -0.53668
8564      0.05337      -0.94132      -0.56840
8565      0.38902      -0.53363       0.83691
8566      0.34876      -0.57717       0.82134
8567      0.16454      -0.69742       0.62862
8568      0.21563      -0.65125       0.66871
8569      0.26594      -0.60135       0.70790
8570      0.05816      -0.89012       0.61747
8571      0.10039      -0.84639       0.65271
8572      0.03339      -0.69852       0.39582
8573      0.07546      -0.65590       0.43265
8574      0.04003      -0.65625       0.35805
8575      0.07468      -0.62334       0.39161
8576      0.07174      -0.56374       0.28542
8577      0.07598      -0.58670       0.33935
8578     -0.10901      -1.15348       0.35533
8579     -0.09254      -0.87884       0.03212
8580      0.40886      -0.65939      -0.93776
8581      0.28870      -0.70358      -0.82451
8582      0.48116      -0.14952      -0.11183
8583      0.47735      -0.14129      -0.02783
8584     -0.03491      -1.12780      -0.43543
8585      0.37235      -0.50365       0.78852
8586      0.33941      -0.54112       0.77930
8587     -0.10251      -0.95025       0.09706
8588      0.21304      -0.62977      -0.66454
8589      0.40418      -0.22724      -0.24177
8590      0.02205      -0.82225      -0.44370
8591      0.46080      -0.59902      -0.94346
8592      0.21344      -0.37383      -0.26623
8593      0.32458      -0.75374       0.89776
8594      0.29332      -0.70584       0.83126
8595      0.27077      -0.65306       0.76343
8596      0.19346      -0.86739       0.79672
8597      0.23700      -0.82732       0.82867
8598      0.28237      -0.78796       0.86460
8599      0.17170      -0.74018       0.67527
8600      0.17526      -0.79017       0.71892
8601      0.18080      -0.83031       0.75553
8602      0.22182      -0.70843       0.72681
8603      0.25933      -0.74810       0.81081
8604      0.22305      -0.79184       0.78789
8605      0.04637      -0.62367       0.32842
8606     -0.14888      -1.21419       0.02139
8607      0.48641      -0.63026      -1.00437
8608      0.45615      -0.65951      -0.99152
8609      0.53518      -0.08748       0.01094
8610      0.13154      -0.96760      -0.70688
8611     -0.09341      -1.13380       0.43193
8612      0.37199      -0.46671      -0.71690
8613      0.31163      -0.51987      -0.69879
8614     -0.02174      -0.68806      -0.16155
8615     -0.05577      -1.15633      -0.37655
8616      0.36321      -0.48837       0.75712
8617      0.34078      -0.51486       0.75437
8618     -0.07273      -1.17892      -0.32764
8619     -0.09942      -0.91707       0.01629
8620      0.38748      -0.50017      -0.77300
8621      0.32483      -0.55308      -0.75126
8622     -0.04078      -0.73977      -0.16864
8623      0.20557      -0.76717       0.74656
8624     -0.07747      -1.11830       0.49378
8625      0.47699      -0.17110      -0.20591
8626     -0.04025      -1.07338       0.57018
8627      0.18274      -0.93460      -0.77310
8628     -0.03784      -1.04983       0.55535
8629     -0.05433      -0.78756      -0.17714
8630     -0.10424      -0.94657       0.00636
8631     -0.06211      -0.82269      -0.17656
8632      0.45141      -0.45432       0.63652
8633      0.45270      -0.49118       0.69315
8634      0.45746      -0.52093       0.74140
8635      0.47720      -0.54638       0.79066
8636      0.50989      -0.56820       0.84277
8637      0.54422      -0.60216       0.90270
8638      0.57053      -0.63920       0.95990
8639      0.60433      -0.67469       1.00732
8640      0.61490      -0.67174      -1.01179
8641      0.57637      -0.70123      -0.99715
8642      0.54803      -0.72293      -0.97555
8643      0.51132      -0.75717      -0.94791
8644      0.45733      -0.80139      -0.91237
8645      0.40117      -0.85596      -0.86922
8646      0.36383      -0.89172      -0.82897
8647      0.32834      -0.92489      -0.79148
8648      0.29350      -0.95853      -0.76057
8649      0.26594      -0.98409      -0.73475
8650      0.24548      -1.00232      -0.71314
8651      0.21278      -1.03597      -0.67965
8652      0.17573      -1.06654      -0.64025
8653      0.12979      -1.10290      -0.58340
8654      0.10059      -1.12756      -0.52681
8655      0.08297      -1.14571      -0.48706
8656      0.07099      -1.15860      -0.45661
8657      0.05728      -1.17438      -0.42030
8658      0.04712      -1.18513      -0.39209
8659      0.03624      -1.19668      -0.36012
8660      0.02783      -1.20442      -0.33431
8661      0.01818      -1.21355      -0.30641
8662      0.01059      -1.22014      -0.28481
8663     -0.00006      -1.22887      -0.25326
8664     -0.01225      -1.23826      -0.21763
8665      0.58199      -0.64948      -0.96621
8666      0.56497      -0.61115      -0.90533
8667      0.52851      -0.57199      -0.83554
8668      0.50868      -0.55020      -0.79386
8669      0.48920      -0.51854      -0.73671
8670      0.47631      -0.48563      -0.68427
8671      0.46233      -0.45882      -0.63428
8672      0.46753      -0.42120      -0.58468
8673      0.46973      -0.39113      -0.53054
8674      0.47502      -0.35952      -0.47291
8675      0.48444      -0.33297      -0.41191
8676      0.49857      -0.30027      -0.36581
8677      0.51582      -0.25816      -0.30103
8678      0.54024      -0.22265      -0.25727
8679      0.56811      -0.18269      -0.21031
8680      0.59254      -0.14533      -0.16005
8681      0.60706      -0.11497      -0.09664
8682      0.62077      -0.07845      -0.05275
8683      0.63318      -0.05379       0.00131
8684      0.61452      -0.08363       0.06084
8685      0.59505      -0.11690       0.10565
8686      0.56999      -0.15285       0.15907
8687      0.54638      -0.18876       0.20661
8688      0.52620      -0.22411       0.25871
8689      0.51460      -0.25708       0.30836
8690      0.50695      -0.29411       0.36653
8691      0.49040      -0.33372       0.43083
8692      0.46840      -0.36081       0.48414
8693      0.45393      -0.39312       0.53557
8694      0.44742      -0.42592       0.58437
8695     -0.02291      -1.24626      -0.18714
8696     -0.03362      -1.25265      -0.15499
8697     -0.04653      -1.26167      -0.11408
8698     -0.05664      -1.26825      -0.07681
8699     -0.06205      -1.27153      -0.04255
8700     -0.06407      -1.27206      -0.00804
8701     -0.06345      -1.27178       0.02496
8702     -0.06003      -1.26843       0.06429
8703     -0.04989      -1.25596       0.13869
8704     -0.03874      -1.24163       0.21668
8705     -0.03115      -1.22876       0.27125
8706     -0.02549      -1.21909       0.31224
8707     -0.01884      -1.20737       0.35748
8708     -0.01299      -1.19797       0.39261
8709     -0.00502      -1.18610       0.42909
8710      0.00198      -1.17584       0.45591
8711      0.01058      -1.16415       0.48356
8712      0.01697      -1.15565       0.50135
8713      0.02768      -1.14332       0.52514
8714      0.04165      -1.13151       0.55230
8715      0.05593      -1.11907       0.57584
8716      0.07278      -1.10420       0.60009
8717      0.09306      -1.08862       0.62640
8718      0.11756      -1.06904       0.65331
8719      0.14808      -1.04612       0.68388
8720      0.18554      -1.02059       0.71826
8721      0.23300      -0.98606       0.75257
8722      0.28206      -0.94942       0.78899
8723      0.33093      -0.91086       0.82584
8724      0.37956      -0.87011       0.86155
8725      0.42664      -0.82965       0.89620
8726      0.47310      -0.78678       0.92986
8727      0.51701      -0.74684       0.96736
8728      0.54567      -0.72438       0.99240
8729      0.56553      -0.70818       1.00144
8730     -0.02357      -1.15725      -0.14285
8731     -0.01875      -1.10546      -0.13930
8732     -0.03237      -1.16460      -0.10697
8733     -0.02597      -1.10920      -0.10188
8734     -0.01007      -1.10337      -0.17533
8735     -0.01423      -1.15207      -0.17816
8736      0.28285      -0.53190       0.44528
8737      0.34317      -0.48158       0.47959
8738      0.27841      -0.56872       0.48891
8739      0.33804      -0.51830       0.52615
8740      0.40668      -0.43226       0.51293
8741      0.40216      -0.46478       0.56225
8742      0.08183      -0.63761       0.11310
8743      0.08966      -0.61060       0.05976
8744      0.10504      -0.60048       0.13159
8745      0.11519      -0.57282       0.07898
8746      0.00540      -0.86578      -0.06674
8747      0.01257      -0.82310      -0.05466
8748      0.00135      -0.87458      -0.03341
8749      0.00907      -0.83208      -0.02134
8750     -0.03905      -1.21668      -0.11141
8751     -0.02850      -1.20844      -0.14976
8752      0.14276      -0.75165      -0.44211
8753      0.12956      -0.73165      -0.39746
8754      0.12865      -0.78416      -0.43300
8755      0.11446      -0.76570      -0.38820
8756     -0.00746      -1.00462      -0.13071
8757     -0.01388      -1.05512      -0.13480
8758      0.00076      -1.00092      -0.16921
8759     -0.00509      -1.05310      -0.17280
8760      0.40796      -0.28399       0.12166
8761      0.31458      -0.36031       0.09892
8762      0.43447      -0.25569       0.07619
8763      0.33672      -0.33441       0.05219
8764      0.23226      -0.43306       0.07357
8765      0.25197      -0.40704       0.02575
8766      0.48090      -0.24130       0.19131
8767      0.45883      -0.27807       0.24075
8768      0.24248      -0.50861       0.32090
8769      0.18161      -0.56013       0.28290
8770      0.25983      -0.46756       0.26974
8771      0.19378      -0.52313       0.23587
8772      0.20497      -0.48463       0.17352
8773      0.27898      -0.41775       0.19534
8774      0.22601      -0.57872       0.40450
8775      0.17987      -0.62318       0.37945
8776      0.23151      -0.54391       0.36339
8777      0.17623      -0.59459       0.33206
8778      0.27752      -0.60728       0.53369
8779      0.33544      -0.55729       0.57315
8780      0.40096      -0.50246       0.61432
8781      0.13059      -0.54663       0.02799
8782      0.14913      -0.52178      -0.02381
8783      0.16808      -0.50089       0.04743
8784      0.18968      -0.47092      -0.00429
8785      0.06231      -0.74993       0.26820
8786      0.06553      -0.71135       0.21870
8787      0.08174      -0.72205       0.29134
8788      0.09435      -0.67304       0.25613
8789      0.10251      -0.58650       0.01131
8790      0.11391      -0.57185      -0.03539
8791      0.01879      -0.79090      -0.00622
8792      0.00621      -0.84285       0.01342
8793      0.01506      -0.80298       0.02924
8794     -0.00067      -0.91014      -0.07715
8795     -0.00521      -0.91748      -0.04487
8796      0.02267      -0.78068      -0.04296
8797     -0.02047      -1.05739      -0.09840
8798      0.09073      -0.66596      -0.20432
8799      0.10316      -0.67289      -0.25795
8800      0.11420      -0.61586      -0.19985
8801      0.12627      -0.62926      -0.26709
8802      0.10925      -0.69324      -0.30730
8803      0.13489      -0.64757      -0.32137
8804      0.03819      -0.87961      -0.24723
8805      0.04875      -0.82232      -0.24863
8806      0.02478      -0.87254      -0.19161
8807      0.03923      -0.81302      -0.20723
8808      0.06194      -0.82871      -0.29450
8809      0.07463      -0.77783      -0.29119
8810      0.06113      -0.77547      -0.25049
8811      0.10205      -0.74927      -0.34326
8812      0.08908      -0.73554      -0.29359
8813      0.08730      -0.78613      -0.33668
8814      0.15870      -0.77026      -0.48454
8815      0.14362      -0.80482      -0.47389
8816      0.11705      -0.71461      -0.35187
8817     -0.01810      -1.19933      -0.18214
8818      0.50519      -0.20826       0.14373
8819      0.36731      -0.34722       0.21918
8820      0.38653      -0.31408       0.16863
8821      0.31043      -0.45770       0.35971
8822      0.35096      -0.39916       0.30818
8823      0.29197      -0.49623       0.40240
8824      0.48237      -0.70086       0.90000
8825      0.43438      -0.74538       0.86961
8826      0.39615      -0.69712       0.79811
8827      0.43446      -0.65443       0.81826
8828      0.19107      -0.68707       0.47147
8829      0.18740      -0.65285       0.42801
8830      0.22500      -0.65536       0.49739
8831      0.22505      -0.61687       0.45174
8832      0.15163      -0.52745       0.09873
8833      0.21389      -0.45977       0.12311
8834      0.07201      -0.67175       0.16622
8835      0.09773      -0.63113       0.18627
8836      0.03039      -0.85098       0.26541
8837      0.03015      -0.81469       0.21727
8838      0.04420      -0.82091       0.28859
8839      0.04537      -0.78180       0.24332
8840      0.03060      -0.75455       0.04665
8841      0.01358      -0.81819       0.06585
8842      0.02693      -0.77866       0.09430
8843      0.01999      -0.81295       0.14650
8844      0.01174      -0.84586       0.12004
8845      0.03303      -0.74156       0.00788
8846      0.05019      -0.69260       0.02272
8847      0.04617      -0.71203       0.06777
8848      0.03630      -0.73257      -0.02921
8849     -0.01388      -1.00792      -0.09329
8850      0.22864      -0.83680      -0.64504
8851      0.25593      -0.86304      -0.69479
8852      0.24401      -0.79953      -0.65556
8853      0.27330      -0.81815      -0.70458
8854      0.30323      -0.76413      -0.71940
8855      0.27716      -0.73943      -0.66665
8856      0.19622      -0.64627      -0.46550
8857      0.16710      -0.69991      -0.45398
8858      0.21219      -0.66896      -0.51293
8859      0.18364      -0.72107      -0.50029
8860      0.25587      -0.49005      -0.39303
8861      0.20846      -0.55060      -0.38312
8862      0.26608      -0.51313      -0.43939
8863      0.21879      -0.57383      -0.43145
8864      0.24730      -0.47078      -0.34680
8865      0.20304      -0.53025      -0.33934
8866      0.12321      -0.56406      -0.07729
8867      0.09119      -0.61989      -0.08519
8868      0.13209      -0.55766      -0.12306
8869      0.10073      -0.61572      -0.13262
8870      0.06657      -0.67271      -0.09481
8871      0.07570      -0.66951      -0.13988
8872      0.02994      -0.94189      -0.24879
8873      0.01783      -0.94256      -0.20471
8874      0.05136      -0.77019      -0.20963
8875      0.05196      -0.88452      -0.29338
8876      0.07974      -0.72588      -0.25202
8877      0.10142      -0.79811      -0.37874
8878      0.17903      -0.79394      -0.53222
8879      0.16349      -0.83123      -0.52315
8880     -0.00078      -0.95302      -0.12320
8881      0.00729      -0.94708      -0.16227
8882      0.53511      -0.17483       0.09344
8883      0.29463      -0.38784       0.14510
8884      0.35430      -0.44978       0.43995
8885      0.54454      -0.66694       0.94927
8886      0.52640      -0.69388       0.94741
8887      0.51608      -0.64149       0.89651
8888      0.14310      -1.00322       0.64810
8889      0.11577      -1.03246       0.62593
8890      0.11332      -0.99193       0.59117
8891      0.13752      -0.96464       0.61237
8892      0.13875      -0.55657       0.15080
8893      0.06300      -0.78925       0.31333
8894      0.03271      -0.88852       0.31176
8895      0.04787      -0.85650       0.33539
8896      0.03367      -0.77843       0.16930
8897      0.04770      -0.74239       0.19348
8898      0.03976      -0.74231       0.12077
8899     -0.02569      -1.08164       0.15403
8900     -0.02190      -1.12103       0.24014
8901     -0.03868      -1.16075       0.12835
8902     -0.03135      -1.17541       0.21791
8903      0.00366      -0.85977       0.04588
8904      0.00162      -0.88282       0.09505
8905     -0.00698      -0.95763      -0.08656
8906     -0.01136      -0.96222      -0.05354
8907      0.05356      -0.68413      -0.01804
8908      0.07614      -0.63191      -0.00508
8909      0.06973      -0.64740       0.03982
8910      0.31015      -0.84070      -0.75424
8911      0.28873      -0.88670      -0.74007
8912      0.20242      -0.81543      -0.58613
8913      0.22359      -0.76825      -0.59678
8914      0.25098      -0.71230      -0.60826
8915      0.33079      -0.48567      -0.50161
8916      0.27565      -0.54168      -0.49251
8917      0.34077      -0.51444      -0.55528
8918      0.28742      -0.56530      -0.54001
8919      0.23203      -0.59483      -0.47837
8920      0.24677      -0.61625      -0.52590
8921      0.31081      -0.43509      -0.40045
8922      0.32004      -0.46002      -0.45251
8923      0.17317      -0.60664      -0.37634
8924      0.18314      -0.62589      -0.42110
8925      0.31396      -0.41258      -0.35755
8926      0.16648      -0.58878      -0.33142
8927      0.24780      -0.45517      -0.30597
8928      0.20133      -0.50988      -0.28982
8929      0.14788      -0.55619      -0.19909
8930      0.16031      -0.57115      -0.27923
8931      0.21239      -0.46433      -0.18968
8932      0.02270      -1.00019      -0.25024
8933      0.01085      -0.99929      -0.20866
8934      0.06923      -0.72183      -0.20863
8935      0.09838      -0.96583      -0.45475
8936      0.07571      -1.04775      -0.43743
8937      0.12212      -1.01421      -0.52774
8938      0.08964      -1.07655      -0.48609
8939      0.11539      -0.81545      -0.42236
8940      0.18746      -0.85518      -0.57780
8941      0.01059      -0.85705      -0.10001
8942      0.00518      -0.90155      -0.11256
8943      0.01670      -0.84701      -0.13076
8944      0.01235      -0.89232      -0.14807
8945      0.44949      -0.31453       0.30366
8946      0.41824      -0.40262       0.46721
8947      0.47971      -0.60605       0.83314
8948      0.19335      -0.72432       0.51116
8949      0.22679      -0.69491       0.53978
8950      0.17878      -0.92657       0.64699
8951      0.18166      -0.96539       0.67759
8952      0.21814      -0.89436       0.67947
8953      0.22580      -0.93238       0.71342
8954      0.13156      -0.58661       0.20366
8955      0.06490      -0.82874       0.35964
8956      0.03680      -0.92742       0.35991
8957      0.05411      -0.89476       0.38307
8958      0.05315      -0.70797       0.14468
8959      0.01049      -0.99481       0.31469
8960      0.00896      -0.95563       0.26489
8961      0.02372      -0.95930       0.33879
8962      0.02069      -0.91972       0.28995
8963      0.00072      -0.91137       0.14071
8964      0.00956      -0.87749       0.16832
8965     -0.00730      -0.94072       0.11330
8966     -0.00660      -0.91705       0.07480
8967     -0.01202      -1.07385       0.26588
8968     -0.01234      -1.03136       0.20447
8969     -0.02063      -1.15926       0.29687
8970     -0.02813      -1.18522       0.26004
8971     -0.05544      -1.23132      -0.00692
8972     -0.05337      -1.22646      -0.03914
8973     -0.00193      -0.88561      -0.00101
8974     -0.01855      -1.00886      -0.05648
8975      0.34938      -0.78453      -0.78396
8976      0.41248      -0.75124      -0.84640
8977      0.22978      -0.69186      -0.55960
8978      0.20312      -0.73987      -0.54547
8979      0.40586      -0.46470      -0.57102
8980      0.40259      -0.43434      -0.51712
8981      0.40025      -0.40363      -0.46087
8982      0.40335      -0.37160      -0.40957
8983      0.41055      -0.34422      -0.36322
8984      0.32526      -0.38897      -0.31204
8985      0.16094      -0.50676      -0.06634
8986      0.17209      -0.49553      -0.10943
8987     -0.00883      -1.19632      -0.21319
8988      0.01618      -1.05489      -0.24988
8989      0.00477      -1.05271      -0.21085
8990      0.04370      -0.94553      -0.29510
8991      0.07435      -0.83306      -0.33431
8992      0.08943      -0.83742      -0.37456
8993      0.06257      -1.02748      -0.38924
8994      0.07457      -0.95889      -0.39178
8995      0.06554      -1.10543      -0.42965
8996      0.07905      -1.10474      -0.46769
8997      0.12839      -0.83821      -0.46102
8998      0.21388      -0.87611      -0.63379
8999      0.01728      -0.81586      -0.08868
9000      0.02191      -0.81315      -0.12281
9001      0.45115      -0.33923       0.35724
9002      0.43369      -0.37451       0.42034
9003      0.39369      -0.38545       0.36150
9004      0.37517      -0.41507       0.39884
9005      0.27965      -0.64874       0.57903
9006      0.10280      -0.91516       0.51272
9007      0.09592      -0.87611       0.46775
9008      0.12635      -0.88600       0.53388
9009      0.12010      -0.84762       0.49167
9010      0.19962      -0.76965       0.55991
9011      0.15341      -0.76354       0.48031
9012      0.16055      -0.80691       0.52899
9013      0.11259      -0.80905       0.44638
9014      0.06984      -0.86505       0.40167
9015      0.08871      -0.83760       0.42387
9016      0.08330      -0.80170       0.38171
9017      0.05776      -0.93438       0.42907
9018      0.07636      -0.90545       0.44852
9019      0.04255      -0.96385       0.41025
9020      0.06217      -0.67508       0.09210
9021      0.01394      -1.03265       0.36927
9022      0.02743      -0.99868       0.38825
9023      0.00896      -0.91474       0.21497
9024      0.01899      -0.88067       0.24086
9025     -0.00070      -0.94957       0.18678
9026     -0.01003      -0.98253       0.15245
9027     -0.00925      -1.10725       0.32585
9028     -0.01982      -1.01372       0.10238
9029     -0.03220      -1.09578       0.09915
9030     -0.03737      -1.13050       0.09292
9031     -0.04828      -1.19498       0.04573
9032     -0.03913      -1.13313       0.05439
9033     -0.03120      -1.08057       0.06931
9034      0.49072      -0.61266      -0.82991
9035      0.46333      -0.58372      -0.77864
9036      0.30176      -0.69678      -0.67448
9037      0.33169      -0.71659      -0.72762
9038      0.36304      -0.67658      -0.74162
9039      0.34267      -0.64617      -0.68940
9040      0.15403      -0.67993      -0.41025
9041      0.14413      -0.66182      -0.36614
9042      0.31538      -0.35765      -0.12113
9043      0.31910      -0.36721      -0.18229
9044      0.40581      -0.28726      -0.11268
9045      0.41866      -0.29054      -0.17345
9046      0.22736      -0.42776      -0.08412
9047      0.24760      -0.41273      -0.11994
9048      0.29260      -0.36787      -0.06095
9049      0.01085      -1.10502      -0.24855
9050     -0.00016      -1.10260      -0.21137
9051      0.03605      -1.00475      -0.29509
9052      0.06699      -0.88817      -0.33958
9053      0.08290      -0.89087      -0.38418
9054      0.05087      -1.08544      -0.37700
9055      0.10530      -0.88413      -0.43486
9056      0.12427      -0.93777      -0.49761
9057      0.13417      -0.96058      -0.52620
9058      0.17564      -0.97681      -0.60276
9059      0.15262      -0.93335      -0.54832
9060      0.13267      -0.90716      -0.50102
9061      0.44995      -0.57539       0.78320
9062      0.33787      -0.59889       0.62326
9063      0.28533      -0.69012       0.62657
9064      0.33727      -0.64192       0.67054
9065      0.39150      -0.55652       0.67927
9066      0.37485      -0.60748       0.70597
9067      0.21121      -0.84871       0.63867
9068      0.17213      -0.88218       0.60629
9069      0.13266      -0.92513       0.57442
9070      0.10616      -0.77390       0.40319
9071      0.14133      -0.63239       0.31248
9072      0.14224      -0.66562       0.35978
9073      0.08166      -0.94265       0.49201
9074      0.06464      -0.96908       0.47411
9075      0.04626      -1.00213       0.45505
9076      0.01759      -0.84476       0.19239
9077      0.01680      -1.06629       0.41916
9078      0.03043      -1.03557       0.43812
9079     -0.00177      -0.99245       0.23702
9080     -0.00732      -1.14432       0.37542
9081     -0.01609      -1.16973       0.34310
9082     -0.04733      -1.18238       0.00024
9083     -0.03849      -1.12581       0.01289
9084     -0.00534      -0.89754       0.03194
9085     -0.02533      -1.06034      -0.06038
9086      0.04213      -0.72578      -0.06758
9087      0.05872      -0.67700      -0.05597
9088      0.43683      -0.66347      -0.81384
9089      0.38736      -0.71182      -0.79184
9090      0.47499      -0.69658      -0.88227
9091      0.35724      -0.73534      -0.77043
9092      0.26354      -0.63935      -0.56976
9093      0.42210      -0.31946      -0.31244
9094      0.46530      -0.22703       0.02949
9095      0.36142      -0.31111       0.00579
9096      0.51444      -0.18633      -0.02373
9097      0.38544      -0.29270      -0.04297
9098      0.51727      -0.19825      -0.10347
9099      0.27122      -0.38547      -0.01808
9100      0.20834      -0.44748      -0.04363
9101     -0.00434      -1.15059      -0.21261
9102      0.00580      -1.15189      -0.24699
9103      0.02853      -1.06075      -0.29167
9104      0.05822      -0.95151      -0.34239
9105      0.04390      -1.13802      -0.37057
9106      0.05534      -1.13630      -0.40648
9107      0.19910      -0.91833      -0.62081
9108      0.17121      -0.89320      -0.56468
9109      0.14736      -0.86869      -0.51154
9110      0.24216      -0.90055      -0.68460
9111      0.02709      -0.77513      -0.07931
9112      0.03250      -0.77017      -0.11518
9113      0.43462      -0.55106       0.74349
9114      0.41462      -0.61435       0.76980
9115      0.37563      -0.65496       0.74492
9116      0.23356      -0.73561       0.58455
9117      0.10765      -0.95264       0.55202
9118      0.16470      -0.84632       0.56726
9119      0.20763      -0.80736       0.60232
9120      0.08170      -0.76402       0.33664
9121      0.10564      -0.73639       0.36413
9122      0.11000      -0.69615       0.32757
9123      0.13575      -0.61086       0.26264
9124      0.05421      -1.03321       0.50311
9125      0.06929      -1.00476       0.51559
9126      0.01958      -1.09929       0.46199
9127      0.03412      -1.07621       0.48867
9128     -0.00117      -1.03206       0.29150
9129     -0.01365      -0.96667       0.08980
9130     -0.02052      -0.99486       0.03347
9131     -0.01375      -0.95301       0.05769
9132     -0.04523      -1.17688      -0.03295
9133     -0.00849      -0.92474      -0.01243
9134     -0.03223      -1.11466      -0.06377
9135      0.08240      -0.62590      -0.04461
9136      0.40633      -0.63539      -0.76187
9137      0.28102      -0.67054      -0.62211
9138      0.32350      -0.61879      -0.63645
9139      0.35343      -0.53843      -0.60161
9140      0.30344      -0.58839      -0.58451
9141      0.44384      -0.28360      -0.23139
9142      0.32959      -0.37351      -0.24814
9143      0.00204      -1.19433      -0.24891
9144      0.04934      -1.01367      -0.34106
9145      0.10317      -0.84276      -0.40983
9146      0.27143      -0.92577      -0.72796
9147      0.40585      -0.58240       0.73370
9148      0.14662      -0.73003       0.43743
9149      0.14367      -0.69678       0.39714
9150      0.09136      -1.01577       0.57041
9151      0.08808      -0.97880       0.53425
9152      0.02966      -1.11640       0.51064
9153      0.01912      -1.12872       0.48684
9154      0.00138      -1.06858       0.34693
9155     -0.03031      -1.06724       0.02390
9156     -0.01472      -0.96558      -0.02020
9157     -0.03981      -1.17027      -0.06942
9158      0.51617      -0.65324      -0.89118
9159      0.51892      -0.21061      -0.15494
9160      0.26245      -0.43086      -0.25547
9161      0.04008      -1.07115      -0.33508
9162      0.04737      -0.72326      -0.10645
9163      0.36341      -0.73746       0.77892
9164      0.39346      -0.78333       0.84030
9165      0.33069      -0.78045       0.76027
9166      0.35198      -0.81802       0.80834
9167      0.11393      -0.66667       0.30010
9168      0.05773      -1.05831       0.53362
9169      0.07399      -1.03829       0.55242
9170      0.00557      -1.09851       0.40027
9171     -0.05559      -1.23334       0.01876
9172     -0.04796      -1.22350      -0.07416
9173      0.55173      -0.67582      -0.95311
9174      0.52061      -0.69892      -0.93424
9175      0.57295      -0.12713       0.01035
9176      0.55808      -0.14422       0.04783
9177      0.03151      -1.12189      -0.32391
9178      0.02142      -1.11161      -0.28629
9179      0.20979      -0.98635      -0.65646
9180      0.23314      -0.94845      -0.68245
9181      0.24544      -0.82587       0.67012
9182      0.24168      -0.77712       0.62934
9183      0.34302      -0.68704       0.71866
9184      0.29294      -0.74379       0.68094
9185      0.30737      -0.85896       0.77422
9186      0.29381      -0.82525       0.73675
9187      0.26320      -0.90074       0.74225
9188      0.25091      -0.86549       0.70451
9189      0.09395      -1.05385       0.60330
9190      0.07420      -1.07336       0.58092
9191      0.05759      -1.08986       0.55797
9192      0.00767      -1.13235       0.44187
9193     -0.00170      -1.15354       0.41547
9194      0.42536      -0.52106      -0.67149
9195      0.41285      -0.49170      -0.62186
9196      0.02563      -1.16662      -0.31787
9197      0.01506      -1.15633      -0.27970
9198      0.03524      -1.16509      -0.34968
9199      0.42556      -0.54088       0.71989
9200      0.40657      -0.56241       0.71581
9201     -0.03655      -1.12000      -0.02707
9202     -0.02104      -1.00670      -0.02035
9203      0.37220      -0.56694      -0.65362
9204      0.05489      -0.72156      -0.14637
9205      0.01172      -1.18881      -0.27925
9206      0.01805      -1.18844      -0.29973
9207     -0.01081      -0.93234       0.01869
9208      0.38609      -0.60038      -0.70485
9209      0.44271      -0.55276      -0.72519
9210      0.27570      -0.80252       0.69735
9211      0.01334      -1.13983       0.47384
9212      0.51143      -0.22604      -0.19296
9213     -0.02857      -1.06252      -0.01957
9214      0.04425      -1.10186       0.53659
9215      0.03969      -0.76765      -0.15402
9216      0.25731      -0.94948      -0.71575
9217      0.04614      -1.07979       0.52329
9218      0.02876      -0.80954      -0.16017
9219     -0.01511      -0.96206       0.00859
9220      0.02304      -0.83936      -0.15972
9221     -0.05251      -0.82506      -0.21924
9222     -0.04922      -0.79014      -0.20206
9223     -0.05822      -0.80513      -0.17685
9224     -0.06152      -0.84005      -0.19403
9225     -0.01807      -0.86497      -0.20155
9226     -0.00244      -0.80287      -0.21710
9227     -0.01279      -0.79855      -0.16866
9228     -0.01954      -0.83103      -0.16814
9229      0.03200      -0.84278      -0.19942
9230      0.03399      -0.81128      -0.18370
9231      0.02590      -0.82445      -0.15995
9232      0.02391      -0.85595      -0.17567
9233     -0.07174      -0.85400      -0.15429
9234     -0.06765      -0.86742      -0.18785
9235     -0.06561      -0.82662      -0.16047
9236     -0.02620      -0.83878      -0.13757
9237     -0.03101      -0.88488      -0.15613
9238      0.01452      -0.86966      -0.13942
9239      0.01856      -0.88243      -0.16984
9240      0.01987      -0.84318      -0.14524
9241     -0.05821      -0.78947      -0.15557
9242     -0.06560      -0.81097      -0.13919
9243     -0.02009      -0.80227      -0.12840
9244      0.02533      -0.81135      -0.14149
9245      0.01931      -0.83008      -0.12679
9246     -0.10110      -0.92750       0.03886
9247     -0.10662      -0.95911       0.04775
9248     -0.10735      -0.96344       0.02021
9249     -0.10183      -0.93182       0.01133
9250     -0.05512      -0.92470       0.01749
9251     -0.05827      -0.94546       0.05956
9252     -0.06549      -0.98758       0.03376
9253     -0.05967      -0.95432       0.00748
9254     -0.01228      -0.94267       0.03819
9255     -0.01713      -0.97393       0.04558
9256     -0.01781      -0.97846       0.02103
9257     -0.01296      -0.94720       0.01364
9258     -0.10017      -0.92901      -0.02131
9259     -0.09802      -0.91269      -0.00039
9260     -0.10398      -0.94814      -0.00959
9261     -0.05922      -0.95764      -0.02287
9262     -0.05256      -0.91653      -0.01476
9263     -0.01161      -0.94516      -0.01632
9264     -0.00965      -0.92854       0.00313
9265     -0.01491      -0.96382      -0.00581
9266     -0.11076      -0.98608       0.00476
9267     -0.10738      -0.97078      -0.02504
9268     -0.06604      -0.99928      -0.02245
9269     -0.02078      -1.00078       0.00656
9270     -0.01788      -0.98614      -0.02028
9271     -0.13583      -1.17952      -0.08611
9272     -0.13450      -1.15643      -0.06180
9273     -0.14194      -1.18388      -0.04444
9274     -0.14326      -1.20697      -0.06875
9275     -0.09399      -1.21426      -0.08187
9276     -0.08572      -1.16214      -0.07604
9277     -0.09130      -1.16787      -0.03695
9278     -0.09993      -1.21768      -0.04354
9279     -0.04389      -1.19688      -0.07179
9280     -0.04252      -1.17358      -0.05119
9281     -0.04930      -1.20167      -0.03605
9282     -0.05066      -1.22498      -0.05665
9283     -0.15180      -1.24773      -0.07227
9284     -0.14432      -1.22575      -0.09162
9285     -0.15075      -1.22894      -0.04940
9286     -0.10852      -1.26025      -0.04671
9287     -0.10263      -1.25737      -0.08524
9288     -0.05935      -1.26989      -0.05968
9289     -0.05230      -1.24588      -0.07549
9290     -0.05771      -1.24899      -0.04085
9291      0.24984      -0.31810       0.04328
9292      0.21566      -0.34313       0.00713
9293      0.27437      -0.29525      -0.00466
9294      0.30854      -0.27022       0.03149
9295      0.31595      -0.30805       0.05412
9296      0.22823      -0.38077       0.02813
9297      0.24902      -0.35861      -0.01717
9298      0.34166      -0.28493       0.00637
9299      0.29434      -0.37072       0.03897
9300      0.26159      -0.39625       0.00384
9301      0.31632      -0.34829      -0.00614
9302      0.34907      -0.32276       0.02899
9303      0.34580      -0.24345       0.06775
9304      0.37500      -0.21879       0.01865
9305      0.41226      -0.19203       0.05491
9306      0.41545      -0.23046       0.07782
9307      0.44669      -0.20294       0.02993
9308      0.38560      -0.29505       0.06419
9309      0.41336      -0.26907       0.01764
9310      0.44989      -0.24136       0.05284
9311     -0.03623      -0.76742      -0.22837
9312     -0.03457      -0.74095      -0.19920
9313     -0.04756      -0.76366      -0.17289
9314      0.01150      -0.75616      -0.21970
9315     -0.00054      -0.75371      -0.16133
9316      0.04529      -0.79160      -0.20843
9317      0.04553      -0.76892      -0.18183
9318      0.03422      -0.78860      -0.15709
9319     -0.05532      -0.76701      -0.13000
9320     -0.04466      -0.74121      -0.14732
9321     -0.00802      -0.75641      -0.12059
9322      0.02720      -0.79166      -0.11899
9323      0.03610      -0.76891      -0.13460
9324     -0.12766      -1.12725      -0.07889
9325     -0.12607      -1.10268      -0.05354
9326     -0.13292      -1.13186      -0.03646
9327     -0.07796      -1.10758      -0.06944
9328     -0.08251      -1.11243      -0.02952
9329     -0.03602      -1.14246      -0.06660
9330     -0.03439      -1.11733      -0.04542
9331     -0.04089      -1.14844      -0.03001
9332     -0.00659      -1.02361       0.60455
9333      0.00324      -0.99431       0.60014
9334      0.01418      -1.00177       0.62821
9335      0.00435      -1.03108       0.63262
9336      0.03384      -1.05729       0.60039
9337      0.03366      -1.02215       0.57082
9338      0.05225      -0.99919       0.59073
9339      0.05459      -1.03740       0.62434
9340      0.07409      -1.05582       0.56667
9341      0.08267      -1.02703       0.56141
9342      0.09266      -1.03481       0.58685
9343      0.08407      -1.06361       0.59211
9344      0.00305      -1.06416       0.65558
9345     -0.00735      -1.05712       0.63053
9346      0.01475      -1.03812       0.65767
9347      0.05367      -1.07196       0.64818
9348      0.03230      -1.08861       0.62064
9349      0.08292      -1.09641       0.61324
9350      0.07349      -1.08878       0.59050
9351      0.09351      -1.07124       0.61485
9352      0.44656      -0.16737       0.08963
9353      0.47390      -0.14081       0.04066
9354      0.50820      -0.11615       0.07538
9355      0.51590      -0.15218       0.09662
9356      0.53889      -0.12350       0.04939
9357      0.48479      -0.21526       0.08482
9358      0.51169      -0.18563       0.03866
9359      0.54659      -0.15953       0.07064
9360      0.56402      -0.06211       0.08716
9361      0.52535      -0.10299       0.10575
9362      0.54687      -0.07527       0.05679
9363      0.59428      -0.06569       0.06173
9364      0.57453      -0.09668       0.10867
9365      0.60479      -0.10026       0.08324
9366      0.56508      -0.14587       0.09954
9367      0.58630      -0.11392       0.05434
9368     -0.07731      -0.90482      -0.17210
9369     -0.07474      -0.93018      -0.20277
9370     -0.06507      -0.89278      -0.21852
9371     -0.03648      -0.93964      -0.17113
9372     -0.02570      -0.93536      -0.21512
9373      0.00982      -0.91970      -0.15517
9374      0.01256      -0.94482      -0.18349
9375      0.02130      -0.90755      -0.19816
9376     -0.02446      -1.04340       0.58210
9377     -0.03237      -1.06627       0.58278
9378     -0.03905      -1.06161       0.56276
9379     -0.03114      -1.03873       0.56209
9380      0.01665      -1.04297       0.55122
9381      0.01655      -1.07452       0.57668
9382      0.00200      -1.08762       0.55338
9383      0.00415      -1.06481       0.53932
9384      0.05766      -1.07408       0.54580
9385      0.05092      -1.09586       0.54728
9386      0.04519      -1.09083       0.52994
9387      0.05193      -1.06905       0.52846
9388     -0.04022      -1.02575       0.52578
9389     -0.02680      -1.01560       0.55156
9390     -0.04456      -1.04888       0.53631
9391     -0.00858      -1.06207       0.50297
9392      0.01252      -1.01839       0.51870
9393      0.04416      -1.05471       0.49589
9394      0.05597      -1.04576       0.51836
9395      0.04013      -1.07800       0.50598
9396     -0.04876      -1.08121       0.55429
9397     -0.05428      -1.06848       0.52783
9398     -0.01381      -1.10272       0.52452
9399      0.03696      -1.10913       0.52361
9400      0.03189      -1.09630       0.49965
9401     -0.00902      -0.98981       0.57019
9402     -0.00117      -0.95993       0.56137
9403      0.01109      -0.96443       0.59131
9404      0.02895      -0.98918       0.53337
9405      0.04856      -0.96253       0.55291
9406      0.07164      -1.02153       0.53401
9407      0.07868      -0.99178       0.52492
9408      0.08972      -0.99729       0.55233
9409      0.18211      -0.89903      -0.76249
9410      0.16043      -0.91060      -0.73609
9411      0.16887      -0.93470      -0.75371
9412      0.19055      -0.92313      -0.78011
9413      0.23489      -0.91872      -0.75754
9414      0.20401      -0.89347      -0.71124
9415      0.19407      -0.94163      -0.70838
9416      0.22003      -0.94204      -0.74443
9417      0.25680      -0.91316      -0.70628
9418      0.23765      -0.92450      -0.68352
9419      0.24522      -0.94896      -0.69910
9420      0.26437      -0.93762      -0.72186
9421      0.20720      -0.95359      -0.80800
9422      0.20974      -0.92692      -0.80429
9423      0.18801      -0.94980      -0.78381
9424      0.22961      -0.97455      -0.76464
9425      0.25731      -0.95035      -0.79102
9426      0.27972      -0.97131      -0.74766
9427      0.28247      -0.94215      -0.74427
9428      0.26162      -0.96678      -0.72525
9429      0.16231      -0.95998      -0.75186
9430      0.18144      -0.97508      -0.78196
9431      0.20754      -0.99374      -0.74127
9432      0.23931      -0.97539      -0.69779
9433      0.25571      -0.99321      -0.72395
9434     -0.01789      -0.71552      -0.22863
9435     -0.01458      -0.68849      -0.19452
9436     -0.03126      -0.71392      -0.16510
9437      0.03091      -0.70537      -0.21806
9438      0.01658      -0.70481      -0.15396
9439      0.06030      -0.74601      -0.20913
9440      0.06206      -0.72170      -0.17750
9441      0.04729      -0.74461      -0.15019
9442     -0.03950      -0.71683      -0.12125
9443     -0.02609      -0.68954      -0.13903
9444      0.00846      -0.70714      -0.11148
9445      0.03993      -0.74672      -0.11081
9446      0.05113      -0.72241      -0.12641
9447     -0.11994      -1.07350      -0.07203
9448     -0.11795      -1.04758      -0.04666
9449     -0.12408      -1.07676      -0.02817
9450     -0.07076      -1.05342      -0.06466
9451     -0.07414      -1.05559      -0.02197
9452     -0.02878      -1.08750      -0.06208
9453     -0.02695      -1.06143      -0.03997
9454     -0.03256      -1.09126      -0.02332
9455     -0.11538      -1.02026      -0.02446
9456     -0.11605      -1.01683       0.02908
9457     -0.12067      -1.05101      -0.00013
9458     -0.07597      -1.06030       0.02400
9459     -0.02480      -1.03461      -0.01996
9460     -0.02541      -1.03105       0.02868
9461     -0.02944      -1.06488       0.00216
9462     -0.05211      -1.11193       0.57081
9463     -0.05871      -1.10433       0.54711
9464     -0.04217      -1.08881       0.57799
9465     -0.00122      -1.11787       0.56905
9466     -0.01623      -1.13147       0.54047
9467      0.03467      -1.13741       0.53872
9468      0.02867      -1.12986       0.51789
9469      0.04295      -1.11669       0.54444
9470     -0.03555      -1.09662       0.59974
9471     -0.02575      -1.07408       0.60453
9472      0.01446      -1.10403       0.59476
9473      0.04879      -1.12529       0.56407
9474      0.05676      -1.10446       0.56691
9475      0.06955      -0.50000      -0.03220
9476      0.05390      -0.52315      -0.06168
9477      0.07988      -0.48951      -0.07582
9478      0.09553      -0.46636      -0.04635
9479      0.11929      -0.49774      -0.02435
9480      0.08177      -0.54908      -0.03744
9481      0.09068      -0.54203      -0.08057
9482      0.13127      -0.48289      -0.06707
9483      0.13152      -0.54682      -0.02960
9484      0.11856      -0.56795      -0.05634
9485      0.14208      -0.53541      -0.07182
9486      0.15504      -0.51427      -0.04507
9487      0.11230      -0.44724      -0.01254
9488      0.12849      -0.42801      -0.05545
9489      0.14527      -0.40890      -0.02165
9490      0.16241      -0.44585      -0.00224
9491      0.18187      -0.42225      -0.04336
9492      0.16941      -0.49635      -0.01405
9493      0.18464      -0.47712      -0.05498
9494      0.19901      -0.45920      -0.02396
9495      0.16982      -0.38764       0.01516
9496      0.19110      -0.36438      -0.02968
9497      0.22083      -0.43898       0.01073
9498      0.23978      -0.41648      -0.03085
9499      0.15003      -0.87312      -0.70850
9500      0.12696      -0.88140      -0.67352
9501      0.13736      -0.91888      -0.70111
9502      0.17404      -0.86798      -0.65646
9503      0.15941      -0.91064      -0.64436
9504      0.22802      -0.88833      -0.65920
9505      0.20649      -0.89722      -0.62730
9506      0.21612      -0.93339      -0.65163
9507     -0.08395      -0.95971      -0.18432
9508     -0.08228      -0.98683      -0.21026
9509     -0.07307      -0.95729      -0.22871
9510     -0.04344      -0.99407      -0.17892
9511     -0.03303      -0.99286      -0.22027
9512      0.00403      -0.97400      -0.16574
9513      0.00581      -1.00010      -0.18893
9514      0.01434      -0.97092      -0.20668
9515      0.28600      -0.54727      -0.69035
9516      0.26915      -0.58821      -0.70823
9517      0.30138      -0.57742      -0.74290
9518      0.31823      -0.53647      -0.72502
9519      0.34192      -0.54340      -0.67621
9520      0.29193      -0.59672      -0.65918
9521      0.31030      -0.62397      -0.71197
9522      0.35546      -0.57673      -0.72805
9523      0.34785      -0.59286      -0.64504
9524      0.33308      -0.63248      -0.66293
9525      0.36438      -0.62327      -0.69713
9526      0.37914      -0.58366      -0.67924
9527      0.34181      -0.49329      -0.70784
9528      0.35615      -0.52662      -0.76213
9529      0.37974      -0.48344      -0.74495
9530      0.39868      -0.49389      -0.69419
9531      0.41510      -0.52646      -0.74909
9532      0.39878      -0.54400      -0.66256
9533      0.41440      -0.57657      -0.71502
9534      0.43404      -0.53691      -0.69834
9535     -0.11224      -1.02032      -0.06726
9536     -0.10967      -0.99300      -0.04506
9537     -0.06342      -1.00150      -0.06103
9538     -0.02194      -1.03460      -0.05843
9539     -0.01980      -1.00778      -0.03842
9540     -0.12614      -1.08208       0.01805
9541     -0.12955      -1.10783      -0.00999
9542     -0.08456      -1.11830       0.01244
9543     -0.03440      -1.09652       0.01839
9544     -0.03752      -1.12290      -0.00709
9545     -0.05333      -1.02819       0.49009
9546     -0.04615      -0.99108       0.47413
9547     -0.03304      -0.98864       0.50982
9548     -0.01247      -1.02201       0.45052
9549      0.00467      -0.98792       0.47019
9550      0.03228      -1.05589       0.46339
9551      0.03835      -1.01885       0.44658
9552      0.05023      -1.01767       0.47908
9553      0.18943      -0.93458       0.82973
9554      0.16064      -0.92448       0.78905
9555      0.17459      -0.88267       0.78180
9556      0.20339      -0.89276       0.82248
9557      0.24769      -0.93378       0.81862
9558      0.19928      -0.96854       0.78189
9559      0.19076      -0.91516       0.74015
9560      0.22833      -0.88407       0.76949
9561      0.25753      -0.96774       0.77078
9562      0.22940      -0.95922       0.73300
9563      0.24450      -0.91656       0.72784
9564      0.27263      -0.92508       0.76562
9565      0.23757      -0.90002       0.86706
9566      0.21523      -0.84735       0.81269
9567      0.24941      -0.85461       0.85726
9568      0.29638      -0.89638       0.85585
9569      0.27218      -0.84314       0.80144
9570      0.30650      -0.93014       0.80742
9571      0.28529      -0.87985       0.75823
9572      0.31915      -0.88491       0.80003
9573      0.03106      -0.55579      -0.04547
9574      0.01705      -0.58236      -0.07354
9575      0.03990      -0.54972      -0.08975
9576      0.04744      -0.60559      -0.04803
9577      0.05641      -0.59966      -0.09042
9578      0.09815      -0.59887      -0.04000
9579      0.08679      -0.62289      -0.06490
9580      0.10720      -0.59197      -0.08124
9581      0.12136      -0.84683      -0.64969
9582      0.10027      -0.85391      -0.61445
9583      0.10587      -0.88848      -0.63828
9584      0.14799      -0.84450      -0.59902
9585      0.13162      -0.88360      -0.58667
9586      0.20067      -0.86565      -0.60579
9587      0.17933      -0.87419      -0.57124
9588      0.18515      -0.90577      -0.59274
9589      0.43127      -0.19738      -0.17406
9590      0.39160      -0.23170      -0.21196
9591      0.44059      -0.19917      -0.22384
9592      0.48026      -0.16485      -0.18593
9593      0.50123      -0.18461      -0.16044
9594      0.39884      -0.26335      -0.17781
9595      0.42401      -0.25542      -0.23658
9596      0.49421      -0.19857      -0.19944
9597      0.46879      -0.25058      -0.16419
9598      0.43125      -0.28707      -0.20242
9599      0.47764      -0.25482      -0.21218
9600      0.51517      -0.21833      -0.17395
9601      0.53361      -0.12128      -0.18921
9602      0.51449      -0.13212      -0.16371
9603      0.49939      -0.15401      -0.21143
9604      0.54494      -0.15980      -0.21364
9605      0.56899      -0.12548      -0.16076
9606      0.58033      -0.16401      -0.18518
9607      0.55573      -0.17797      -0.15749
9608      0.53977      -0.20437      -0.20164
9609      0.45210      -0.19800      -0.25752
9610      0.51091      -0.15284      -0.24512
9611      0.52014      -0.19570      -0.26527
9612      0.49204      -0.25312      -0.24433
9613      0.55418      -0.20267      -0.23379
9614      0.43068      -0.44665      -0.75694
9615      0.39764      -0.44842      -0.72259
9616      0.41277      -0.48167      -0.77930
9617      0.46363      -0.49085      -0.76115
9618      0.44980      -0.45788      -0.70628
9619      0.48276      -0.50209      -0.71049
9620      0.45084      -0.50335      -0.67788
9621      0.46595      -0.53565      -0.73095
9622      0.44578      -0.48001      -0.81424
9623      0.39719      -0.51699      -0.80153
9624      0.43019      -0.51533      -0.83647
9625      0.48108      -0.52353      -0.81837
9626      0.43511      -0.55876      -0.80435
9627      0.49894      -0.53437      -0.76528
9628      0.45302      -0.56824      -0.75191
9629      0.48600      -0.56696      -0.78625
9630     -0.07608      -1.09380       0.47322
9631     -0.06936      -1.09005       0.49840
9632     -0.07360      -1.11131       0.50250
9633     -0.08032      -1.11506       0.47732
9634     -0.03775      -1.12209       0.45137
9635     -0.02470      -1.08753       0.47379
9636     -0.02531      -1.11652       0.49903
9637     -0.03206      -1.12906       0.48381
9638      0.01362      -1.11582       0.45193
9639      0.01935      -1.11401       0.47442
9640      0.01623      -1.13428       0.48034
9641      0.01051      -1.13609       0.45786
9642     -0.08545      -1.14996       0.48971
9643     -0.08667      -1.13411       0.46773
9644     -0.07910      -1.13091       0.49930
9645     -0.03508      -1.15384       0.49419
9646     -0.04409      -1.16612       0.46526
9647      0.00628      -1.17000       0.46974
9648      0.00483      -1.15409       0.44889
9649      0.01196      -1.15199       0.47870
9650     -0.07130      -1.11891       0.51910
9651     -0.07680      -1.13851       0.51590
9652     -0.02794      -1.14457       0.51416
9653      0.01805      -1.14219       0.49410
9654      0.01377      -1.15990       0.49246
9655      0.17348      -0.76518       0.69710
9656      0.19676      -0.72431       0.70104
9657      0.21370      -0.73780       0.73669
9658      0.19042      -0.77867       0.73274
9659      0.21035      -0.80802       0.69452
9660      0.20669      -0.75865       0.65231
9661      0.25738      -0.72611       0.70388
9662      0.24064      -0.78485       0.72195
9663      0.24356      -0.80150       0.64973
9664      0.26731      -0.76046       0.65514
9665      0.28432      -0.77316       0.68914
9666      0.26057      -0.81420       0.68373
9667      0.20192      -0.81108       0.77171
9668      0.17803      -0.81024       0.73723
9669      0.21431      -0.77951       0.76722
9670      0.25843      -0.80855       0.76232
9671      0.21585      -0.84790       0.73002
9672      0.27236      -0.84537       0.72063
9673      0.24817      -0.84568       0.68732
9674      0.28475      -0.81389       0.71705
9675      0.24058      -0.72827       0.76881
9676      0.24119      -0.76997       0.79935
9677      0.29501      -0.76428       0.78554
9678      0.31182      -0.76212       0.72061
9679      0.31225      -0.80285       0.74851
9680      0.26836      -0.62720       0.73566
9681      0.28462      -0.58488       0.72636
9682      0.30452      -0.59401       0.76859
9683      0.28826      -0.63633       0.77788
9684      0.30690      -0.67005       0.74104
9685      0.30161      -0.62163       0.68922
9686      0.33907      -0.58794       0.72540
9687      0.34069      -0.63728       0.76863
9688      0.34015      -0.66448       0.69460
9689      0.35606      -0.62470       0.68825
9690      0.37524      -0.63122       0.72544
9691      0.35933      -0.67100       0.73179
9692      0.28205      -0.67945       0.79734
9693      0.31675      -0.64209       0.82207
9694      0.31054      -0.68520       0.84153
9695      0.32837      -0.72165       0.80509
9696      0.36195      -0.68085       0.82495
9697      0.35322      -0.71225       0.74879
9698      0.38589      -0.67604       0.77151
9699      0.37978      -0.71729       0.78851
9700     -0.00196      -0.61371      -0.05729
9701     -0.01189      -0.63935      -0.08476
9702      0.00712      -0.60800      -0.10102
9703      0.02117      -0.65956      -0.05955
9704      0.02959      -0.65465      -0.10060
9705      0.07056      -0.65145      -0.05029
9706      0.06265      -0.67486      -0.07539
9707      0.07888      -0.64630      -0.09000
9708     -0.07721      -1.16188      -0.30604
9709     -0.07980      -1.14350      -0.28972
9710     -0.08652      -1.16221      -0.27449
9711     -0.08394      -1.18059      -0.29081
9712     -0.03370      -1.18342      -0.29268
9713     -0.03013      -1.15102      -0.29283
9714     -0.03924      -1.14659      -0.26023
9715     -0.04336      -1.18874      -0.26221
9716      0.01339      -1.17257      -0.27947
9717      0.01043      -1.15411      -0.26334
9718      0.00392      -1.17311      -0.24795
9719      0.00688      -1.19157      -0.26408
9720     -0.08583      -1.21399      -0.29744
9721     -0.07984      -1.19409      -0.30965
9722     -0.08993      -1.20049      -0.27860
9723     -0.04558      -1.22336      -0.26748
9724     -0.03499      -1.21513      -0.29900
9725      0.00526      -1.22450      -0.26904
9726      0.01115      -1.20447      -0.28203
9727      0.00099      -1.21160      -0.25109
9728     -0.09097      -1.01399      -0.19125
9729     -0.08907      -1.04088      -0.21446
9730     -0.08038      -1.01372      -0.23348
9731     -0.04969      -1.04692      -0.18333
9732     -0.03954      -1.04687      -0.22296
9733     -0.00216      -1.02701      -0.17101
9734     -0.00016      -1.05291      -0.19183
9735      0.00781      -1.02600      -0.20975
9736      0.37624      -0.56220      -0.82189
9737      0.33521      -0.57183      -0.78248
9738      0.37596      -0.61299      -0.78779
9739      0.43483      -0.60956      -0.77025
9740      0.39621      -0.61788      -0.73336
9741      0.28811      -0.61970      -0.76412
9742      0.32194      -0.61411      -0.80370
9743      0.33067      -0.65711      -0.76766
9744      0.35286      -0.66137      -0.71551
9745      0.38469      -0.65599      -0.75174
9746     -0.09333      -0.88896       0.05726
9747     -0.09845      -0.91850       0.07191
9748     -0.09598      -0.89795       0.02421
9749     -0.04894      -0.88819       0.03203
9750     -0.05036      -0.90807       0.07859
9751     -0.00597      -0.90729       0.05337
9752     -0.01018      -0.93503       0.06624
9753     -0.00808      -0.91494       0.02531
9754     -0.09271      -0.88753      -0.01036
9755     -0.09067      -0.87279       0.01424
9756     -0.04536      -0.87618      -0.00233
9757     -0.00521      -0.90518      -0.00672
9758     -0.00363      -0.89158       0.01546
9759     -0.08406      -1.09559       0.43938
9760     -0.07836      -1.06124       0.42859
9761     -0.07038      -1.05945       0.46243
9762     -0.03969      -1.08893       0.40909
9763     -0.02749      -1.05471       0.42922
9764      0.00662      -1.11543       0.42107
9765      0.01118      -1.08240       0.40972
9766      0.01819      -1.08279       0.44058
9767     -0.05697      -0.99122       0.43723
9768     -0.05054      -0.95668       0.42355
9769     -0.03972      -0.95653       0.46045
9770     -0.01557      -0.98634       0.39989
9771      0.00002      -0.95160       0.42291
9772      0.02893      -1.01712       0.41318
9773      0.03499      -0.98126       0.39925
9774      0.04440      -0.98299       0.43265
9775     -0.01446      -0.95741       0.52888
9776     -0.00733      -0.92610       0.51748
9777      0.00595      -0.92862       0.54996
9778      0.02355      -0.95515       0.49036
9779      0.04226      -0.92681       0.51018
9780      0.06696      -0.98692       0.49485
9781      0.07315      -0.95586       0.48306
9782      0.08487      -0.96073       0.51313
9783      0.14438      -0.83552       0.70835
9784      0.15815      -0.80123       0.70286
9785      0.16426      -0.84453       0.74272
9786      0.18293      -0.87656       0.70469
9787      0.17612      -0.83050       0.66273
9788      0.21467      -0.87153       0.65907
9789      0.22833      -0.83729       0.65439
9790      0.23452      -0.87993       0.69199
9791      0.15173      -0.87835       0.74840
9792      0.18713      -0.84885       0.77613
9793      0.22197      -0.91337       0.69644
9794      0.25705      -0.88311       0.72338
9795      0.28655      -0.86230       0.90454
9796      0.25968      -0.80764       0.84663
9797      0.29682      -0.81534       0.89391
9798      0.34542      -0.85641       0.89239
9799      0.31718      -0.80299       0.83647
9800      0.35524      -0.89048       0.84370
9801      0.32968      -0.83849       0.79128
9802      0.36577      -0.84406       0.83495
9803      0.30895      -0.72979       0.86451
9804      0.34700      -0.68973       0.88963
9805      0.34542      -0.73431       0.91261
9806      0.35902      -0.76854       0.86903
9807      0.40032      -0.73013       0.89853
9808      0.37844      -0.76040       0.80961
9809      0.41527      -0.72125       0.83386
9810      0.41392      -0.76436       0.85495
9811     -0.07021      -1.15132      -0.32536
9812     -0.07592      -1.17848      -0.31687
9813     -0.06891      -1.16792      -0.33620
9814     -0.01973      -1.16177      -0.33131
9815     -0.02734      -1.18368      -0.31369
9816      0.02035      -1.16147      -0.29878
9817      0.01488      -1.18862      -0.28949
9818      0.02184      -1.17753      -0.30880
9819     -0.06825      -1.20025      -0.34887
9820     -0.06433      -1.17660      -0.35365
9821     -0.07283      -1.19157      -0.33142
9822     -0.02738      -1.20888      -0.32080
9823     -0.01787      -1.20035      -0.34842
9824      0.02300      -1.20899      -0.32036
9825      0.02673      -1.18552      -0.32609
9826      0.01811      -1.20099      -0.30307
9827     -0.07675      -1.20718      -0.32419
9828      0.01438      -1.21684      -0.29561
9829     -0.07172      -1.12317      -0.30923
9830     -0.07329      -1.09774      -0.29374
9831     -0.08137      -1.11807      -0.27423
9832     -0.02335      -1.10612      -0.29939
9833     -0.03380      -1.09994      -0.26177
9834      0.01824      -1.13397      -0.28299
9835      0.01614      -1.10832      -0.26742
9836      0.00832      -1.12846      -0.24777
9837      0.00460      -0.65983      -0.22455
9838      0.00927      -0.63194      -0.18735
9839     -0.00991      -0.66059      -0.15733
9840      0.05367      -0.64836      -0.21296
9841      0.03881      -0.65132      -0.14650
9842      0.07998      -0.69390      -0.20647
9843      0.08322      -0.66774      -0.17210
9844      0.06530      -0.69554      -0.14313
9845     -0.01892      -0.66380      -0.11145
9846     -0.00274      -0.63485      -0.12975
9847      0.05697      -0.69799      -0.10063
9848      0.07114      -0.67111      -0.11735
9849      0.26833      -0.51802      -0.63830
9850      0.25068      -0.56054      -0.65625
9851      0.30365      -0.50475      -0.67240
9852      0.32455      -0.51403      -0.62381
9853      0.27221      -0.56741      -0.60755
9854      0.32844      -0.56341      -0.59306
9855      0.31347      -0.60359      -0.61048
9856      0.36282      -0.55268      -0.62762
9857      0.32802      -0.46198      -0.65370
9858      0.36618      -0.45052      -0.68915
9859      0.38661      -0.46302      -0.64163
9860      0.38314      -0.51506      -0.61174
9861      0.41911      -0.50638      -0.64667
9862      0.51141      -0.58160      -0.98678
9863      0.48220      -0.58167      -0.95067
9864      0.47361      -0.61464      -0.97392
9865      0.50282      -0.61456      -1.01003
9866      0.55061      -0.62418      -0.99095
9867      0.53428      -0.58774      -0.93160
9868      0.48849      -0.62613      -0.91732
9869      0.51907      -0.65304      -0.97874
9870      0.57348      -0.63032      -0.93577
9871      0.54057      -0.63220      -0.89826
9872      0.53395      -0.66453      -0.92215
9873      0.56686      -0.66265      -0.95966
9874      0.53805      -0.61600      -1.04675
9875      0.50060      -0.64646      -1.03213
9876      0.53582      -0.64790      -1.06885
9877      0.58588      -0.65243      -1.04480
9878      0.54558      -0.68195      -1.02852
9879      0.59844      -0.66061      -0.98900
9880      0.56405      -0.68853      -0.97513
9881      0.59563      -0.68649      -1.00447
9882     -0.10423      -0.97024      -0.06327
9883     -0.10194      -0.94801      -0.04325
9884     -0.05576      -0.95427      -0.05726
9885     -0.01496      -0.98554      -0.05501
9886     -0.01304      -0.96390      -0.03687
9887     -0.13536      -1.13796       0.00607
9888     -0.13872      -1.16200      -0.02040
9889     -0.09370      -1.17376       0.00020
9890     -0.04291      -1.15409       0.00656
9891     -0.04628      -1.17963      -0.01636
9892     -0.08668      -1.06399       0.39037
9893     -0.08142      -1.02947       0.37494
9894     -0.07310      -1.02672       0.41317
9895     -0.04352      -1.05861       0.35488
9896     -0.03024      -1.02148       0.37816
9897      0.00347      -1.08354       0.37360
9898      0.00766      -1.05062       0.35810
9899      0.01537      -1.04947       0.39421
9900     -0.06077      -0.95617       0.38548
9901     -0.05518      -0.92084       0.37231
9902     -0.04495      -0.92135       0.41039
9903     -0.01962      -0.94882       0.34911
9904     -0.00530      -0.91538       0.37256
9905      0.02558      -0.97899       0.36352
9906      0.03026      -0.94336       0.34935
9907      0.03967      -0.94563       0.38508
9908      0.09865      -0.63223       0.44790
9909      0.12259      -0.62682       0.48591
9910      0.10023      -0.66781       0.49180
9911      0.07628      -0.67322       0.45379
9912      0.10957      -0.67634       0.41489
9913      0.15461      -0.63071       0.44558
9914      0.15722      -0.66607       0.49007
9915      0.11186      -0.71029       0.45618
9916      0.16553      -0.67482       0.41258
9917      0.18924      -0.66996       0.44974
9918      0.16885      -0.70855       0.45445
9919      0.14515      -0.71341       0.41729
9920      0.05443      -0.67721       0.41424
9921      0.05563      -0.71370       0.45720
9922      0.03378      -0.71768       0.41765
9923      0.06952      -0.71746       0.37998
9924      0.07016      -0.75537       0.42133
9925      0.12465      -0.71658       0.38063
9926      0.12639      -0.75197       0.42031
9927      0.10590      -0.75514       0.38366
9928      0.24079      -0.62630       0.68830
9929      0.24630      -0.68074       0.74512
9930      0.21873      -0.67984       0.69776
9931      0.25048      -0.67068       0.64764
9932      0.31130      -0.66602       0.64855
9933      0.31798      -0.71542       0.69980
9934      0.28914      -0.71696       0.65375
9935      0.19009      -0.67433       0.64866
9936      0.16812      -0.71880       0.65195
9937      0.19905      -0.71651       0.60658
9938      0.25945      -0.71286       0.60556
9939      0.23762      -0.75636       0.60695
9940      0.39418      -0.45301       0.75481
9941      0.38473      -0.48650       0.78601
9942      0.36778      -0.49601       0.77282
9943      0.37723      -0.46252       0.74162
9944      0.42197      -0.46393       0.70964
9945      0.42729      -0.49513       0.76244
9946      0.40348      -0.52736       0.76601
9947      0.39439      -0.51462       0.73850
9948      0.45508      -0.50605       0.71727
9949      0.44604      -0.53599       0.74245
9950      0.43009      -0.54597       0.73169
9951      0.43913      -0.51603       0.70652
9952      0.35767      -0.47202       0.71827
9953      0.35199      -0.50161       0.75574
9954      0.33244      -0.51111       0.73239
9955      0.35780      -0.53194       0.69484
9956      0.37368      -0.53864       0.73509
9957      0.42210      -0.52385       0.68621
9958      0.41607      -0.55165       0.71785
9959      0.39904      -0.55947       0.69754
9960      0.32135      -0.55476       0.76206
9961      0.31370      -0.53788       0.72762
9962      0.34010      -0.52799       0.76683
9963      0.37263      -0.56176       0.75650
9964      0.39035      -0.59494       0.71983
9965      0.38318      -0.58200       0.69262
9966      0.40621      -0.57241       0.72475
9967      0.35588      -0.52239       0.78391
9968      0.42023      -0.56673       0.73860
9969     -0.05261      -1.11987      -0.37360
9970     -0.06185      -1.13416      -0.34727
9971     -0.06044      -1.15663      -0.36065
9972     -0.05120      -1.14234      -0.38698
9973     -0.00136      -1.13318      -0.38399
9974     -0.01354      -1.11664      -0.33684
9975     -0.01027      -1.16071      -0.36312
9976      0.03770      -1.12995      -0.34724
9977      0.02857      -1.14425      -0.32089
9978      0.03044      -1.16585      -0.33378
9979      0.03957      -1.15156      -0.36013
9980     -0.04971      -1.18268      -0.40432
9981     -0.04538      -1.15270      -0.40910
9982     -0.05553      -1.17232      -0.38220
9983     -0.00953      -1.19249      -0.37399
9984      0.00149      -1.18109      -0.40643
9985      0.04168      -1.19090      -0.37610
9986      0.04551      -1.16157      -0.38133
9987      0.03574      -1.18089      -0.35490
9988     -0.05943      -1.19229      -0.37519
9989      0.03203      -1.20055      -0.34722
9990     -0.06336      -1.10601      -0.33114
9991      0.02647      -1.11675      -0.30510
9992     -0.06406      -1.07504      -0.31537
9993     -0.06602      -1.04657      -0.29737
9994     -0.07525      -1.06927      -0.27574
9995     -0.01573      -1.05510      -0.30496
9996     -0.02793      -1.04929      -0.26319
9997      0.02498      -1.08618      -0.28898
9998      0.02236      -1.05782      -0.27077
9999      0.01352      -1.07996      -0.24922
10000     -0.09714      -1.06653      -0.19584
10001     -0.09477      -1.09235      -0.21730
10002     -0.08670      -1.06670      -0.23592
10003     -0.05503      -1.09785      -0.18658
10004     -0.04485      -1.09748      -0.22407
10005     -0.00758      -1.07824      -0.17407
10006     -0.00511      -1.10299      -0.19335
10007      0.00231      -1.07765      -0.21111
10008      0.32176      -0.43139      -0.59921
10009      0.29044      -0.47487      -0.61928
10010      0.35934      -0.41851      -0.63364
10011      0.38209      -0.43369      -0.58845
10012      0.31299      -0.48728      -0.57392
10013      0.37332      -0.48957      -0.56315
10014      0.34710      -0.52643      -0.57844
10015      0.40936      -0.47820      -0.59644
10016      0.41299      -0.38044      -0.64313
10017      0.38515      -0.38331      -0.61028
10018      0.38717      -0.41563      -0.66649
10019      0.43815      -0.42787      -0.65293
10020      0.43976      -0.39258      -0.59968
10021      0.46493      -0.44001      -0.60948
10022      0.43670      -0.44295      -0.57785
10023      0.43759      -0.47526      -0.62807
10024      0.41863      -0.41353      -0.69994
10025      0.46932      -0.47222      -0.65928
10026     -0.04569      -0.72190      -0.08062
10027     -0.04033      -0.70016      -0.05405
10028     -0.05164      -0.72949      -0.04011
10029     -0.05699      -0.75123      -0.06667
10030     -0.01361      -0.76132      -0.08284
10031      0.00253      -0.71104      -0.07122
10032     -0.00365      -0.71829      -0.03122
10033     -0.01850      -0.76782      -0.04497
10034      0.03461      -0.75046      -0.07345
10035      0.03921      -0.72918      -0.04839
10036      0.02948      -0.75662      -0.03608
10037      0.02488      -0.77790      -0.06114
10038     -0.06081      -0.77142      -0.09183
10039     -0.06603      -0.77887      -0.05379
10040     -0.06985      -0.79905      -0.07895
10041     -0.02501      -0.80560      -0.09299
10042     -0.02991      -0.81294      -0.05763
10043      0.02218      -0.79550      -0.08400
10044      0.01762      -0.80189      -0.04881
10045      0.01492      -0.81948      -0.07167
10046     -0.09216      -1.10314       0.40407
10047     -0.08830      -1.12281       0.44640
10048     -0.09639      -1.13036       0.41109
10049     -0.05335      -1.13562       0.38283
10050     -0.04756      -1.14367       0.42370
10051     -0.00088      -1.12141       0.38785
10052      0.00298      -1.14294       0.42867
10053     -0.00451      -1.14893       0.39544
10054     -0.10238      -1.17521       0.42536
10055     -0.10310      -1.15465       0.39790
10056     -0.09567      -1.15092       0.43855
10057     -0.05148      -1.17707       0.43713
10058     -0.05991      -1.19018       0.39908
10059     -0.00901      -1.19204       0.41085
10060     -0.01016      -1.17114       0.38401
10061     -0.00336      -1.16982       0.42228
10062     -0.09404      -1.16222       0.45988
10063     -0.00152      -1.18097       0.44250
10064     -0.08964      -1.03147       0.33411
10065     -0.08418      -0.99471       0.31913
10066     -0.07597      -0.99272       0.35995
10067     -0.04602      -1.02318       0.29845
10068     -0.03351      -0.98497       0.32377
10069      0.00010      -1.05032       0.31921
10070      0.00466      -1.01344       0.30310
10071      0.01222      -1.01373       0.34198
10072     -0.01555      -1.01682       0.57903
10073     -0.01551      -1.05019       0.60762
10074      0.06586      -1.04830       0.54302
10075      0.06589      -1.08161       0.56944
10076     -0.01760      -1.08101       0.62743
10077      0.06435      -1.11163       0.58796
10078      0.02499      -0.97007       0.62237
10079      0.03834      -0.97763       0.65252
10080      0.02754      -1.00933       0.65836
10081      0.07507      -0.97474       0.61243
10082      0.07781      -1.01509       0.64864
10083      0.10234      -1.00385       0.58079
10084      0.11454      -1.01220       0.60855
10085      0.10486      -1.04316       0.61461
10086      0.02764      -1.04532       0.68519
10087      0.04043      -1.01653       0.68588
10088      0.07928      -1.05219       0.67686
10089      0.10531      -1.07883       0.63985
10090      0.11667      -1.05075       0.63962
10091      0.23002      -0.80958       0.80828
10092      0.30059      -0.84211       0.75548
10093      0.27085      -0.76803       0.83770
10094      0.34134      -0.79924       0.78431
10095      0.27633      -0.72697       0.82103
10096      0.34705      -0.75896       0.76960
10097      0.13389      -0.75077       0.62587
10098      0.14730      -0.71450       0.61610
10099      0.15472      -0.75508       0.66171
10100      0.17268      -0.78867       0.62523
10101      0.16484      -0.75062       0.58175
10102      0.20363      -0.78851       0.58112
10103      0.21659      -0.75263       0.57223
10104      0.22466      -0.79224       0.61583
10105      0.13938      -0.79113       0.66747
10106      0.20942      -0.82803       0.62049
10107      0.33471      -0.82286       0.94059
10108      0.30347      -0.77085       0.88118
10109      0.34136      -0.77837       0.92786
10110      0.39239      -0.81633       0.92708
10111      0.40310      -0.84988       0.87888
10112      0.37272      -0.80068       0.82432
10113      0.41005      -0.80649       0.86825
10114      0.38074      -0.78247       0.97445
10115      0.38479      -0.73841       0.95919
10116      0.43822      -0.77436       0.96040
10117      0.44987      -0.80822       0.91303
10118      0.45374      -0.76608       0.89973
10119      0.38982      -0.42039       0.69773
10120      0.33123      -0.47926       0.67855
10121      0.36339      -0.42763       0.65801
10122      0.41991      -0.42920       0.65292
10123      0.36967      -0.47681       0.63051
10124      0.45205      -0.47275       0.66484
10125      0.39623      -0.52949       0.64680
10126      0.42619      -0.47839       0.62542
10127      0.10863      -0.93014      -0.65981
10128      0.11455      -0.96246      -0.67930
10129      0.14327      -0.95120      -0.72060
10130      0.13660      -0.96707      -0.62724
10131      0.17066      -0.97698      -0.68167
10132      0.18737      -0.94757      -0.61178
10133      0.19271      -0.98158      -0.62961
10134      0.22146      -0.96740      -0.66945
10135      0.15283      -0.99901      -0.75096
10136      0.13379      -0.99024      -0.71970
10137      0.17441      -1.02442      -0.70608
10138      0.22913      -1.01915      -0.69639
10139      0.21128      -1.01116      -0.66805
10140      0.09831      -0.99913      -0.67189
10141      0.11756      -1.02691      -0.71229
10142      0.13740      -1.05374      -0.66615
10143      0.17568      -1.02168      -0.62150
10144      0.19425      -1.05126      -0.65995
10145     -0.04254      -1.10099      -0.40061
10146     -0.04376      -1.06631      -0.38214
10147     -0.05384      -1.08519      -0.35513
10148      0.00621      -1.07954      -0.39040
10149     -0.00450      -1.06507      -0.34777
10150      0.04739      -1.11173      -0.37378
10151      0.04548      -1.07830      -0.35604
10152      0.03580      -1.09652      -0.32949
10153     -0.05454      -1.05422      -0.33936
10154      0.03431      -1.06595      -0.31337
10155      0.45272      -0.16006       0.00127
10156      0.50627      -0.11439      -0.00844
10157      0.52745      -0.09513       0.03095
10158      0.49589      -0.16381      -0.02578
10159      0.55407      -0.10730       0.01064
10160      0.48987      -0.20668       0.00288
10161      0.54369      -0.15673      -0.00669
10162      0.56551      -0.13567       0.02909
10163      0.58440      -0.03467       0.03212
10164      0.56498      -0.05452       0.00628
10165      0.61398      -0.03768       0.00147
10166      0.62385      -0.06871       0.03107
10167      0.60307      -0.09046       0.00583
10168      0.52832      -0.09307      -0.04389
10169      0.58704      -0.03321      -0.02917
10170      0.60003      -0.06165      -0.05636
10171      0.56760      -0.13239      -0.03824
10172      0.62697      -0.06612      -0.02572
10173      0.05543      -0.65569      -0.38672
10174      0.04681      -0.69324      -0.40478
10175      0.06596      -0.67553      -0.43529
10176      0.07458      -0.63797      -0.41723
10177      0.10697      -0.64493      -0.37956
10178      0.07905      -0.69897      -0.36617
10179      0.09106      -0.71740      -0.41328
10180      0.11669      -0.66392      -0.42586
10181      0.13059      -0.68821      -0.35901
10182      0.12330      -0.72313      -0.37466
10183      0.14180      -0.70579      -0.40385
10184      0.14908      -0.67087      -0.38820
10185      0.08610      -0.59823      -0.39796
10186      0.09580      -0.61850      -0.44725
10187      0.10733      -0.57876      -0.42798
10188      0.13778      -0.58753      -0.38964
10189      0.14770      -0.60750      -0.43706
10190      0.15865      -0.63423      -0.37124
10191      0.16858      -0.65291      -0.41567
10192      0.17815      -0.61627      -0.39872
10193      0.49662      -0.68040      -1.04838
10194      0.47128      -0.64488      -0.99794
10195      0.46730      -0.67882      -1.01420
10196      0.51324      -0.71053      -1.00621
10197      0.48838      -0.67921      -0.96288
10198      0.56220      -0.71208      -0.98635
10199      0.53617      -0.68737      -0.94368
10200      0.53432      -0.71092      -0.95489
10201      0.42679      -0.69612      -0.97520
10202      0.46159      -0.71549      -1.02476
10203      0.43250      -0.65945      -0.96464
10204      0.44192      -0.67798      -0.91002
10205      0.47802      -0.74501      -0.98027
10206      0.49315      -0.72687      -0.91509
10207      0.52967      -0.74005      -0.96173
10208      0.49780      -0.69775      -0.90826
10209      0.43483      -0.62920      -0.94061
10210      0.49558      -0.67491      -0.88673
10211     -0.12711      -1.17499      -0.12806
10212     -0.12768      -1.15178      -0.10337
10213     -0.13526      -1.20273      -0.11081
10214     -0.08477      -1.20856      -0.12172
10215     -0.07805      -1.15707      -0.11552
10216     -0.03571      -1.19064      -0.10919
10217     -0.03609      -1.16744      -0.08820
10218     -0.04351      -1.22009      -0.09278
10219     -0.14308      -1.24444      -0.11570
10220     -0.13402      -1.22141      -0.13489
10221     -0.09204      -1.25203      -0.12591
10222     -0.05159      -1.26496      -0.09544
10223     -0.04279      -1.23917      -0.11274
10224     -0.14443      -1.18885      -0.00431
10225     -0.14078      -1.17215       0.02482
10226     -0.14518      -1.19668       0.03544
10227     -0.14883      -1.21337       0.00631
10228     -0.10212      -1.22194      -0.00785
10229     -0.09488      -1.18708       0.04761
10230     -0.10224      -1.22376       0.02008
10231     -0.05139      -1.20685      -0.00334
10232     -0.04781      -1.18868       0.02299
10233     -0.05194      -1.21416       0.03225
10234     -0.05552      -1.23233       0.00592
10235     -0.15712      -1.24981       0.00945
10236     -0.15313      -1.23126      -0.00952
10237     -0.15282      -1.23192       0.02528
10238     -0.11011      -1.26072       0.02706
10239     -0.11077      -1.26101      -0.00915
10240     -0.06376      -1.27192       0.00846
10241     -0.05976      -1.25169      -0.00748
10242     -0.05952      -1.25256       0.02186
10243     -0.14747      -1.21354       0.06092
10244     -0.15511      -1.24878       0.05076
10245     -0.10674      -1.25817       0.06833
10246     -0.05415      -1.23171       0.05501
10247     -0.06174      -1.27011       0.04463
10248     -0.10004      -1.10882       0.36481
10249     -0.09456      -1.06967       0.35110
10250     -0.05497      -1.09898       0.33261
10251     -0.00828      -1.12578       0.35063
10252     -0.00394      -1.08791       0.33639
10253     -0.09087      -0.99459       0.27700
10254     -0.08500      -0.95604       0.26376
10255     -0.07831      -0.95616       0.30588
10256     -0.04633      -0.98367       0.24281
10257     -0.03507      -0.94641       0.27190
10258     -0.00147      -1.01226       0.26426
10259      0.00359      -0.97404       0.25095
10260      0.00973      -0.97522       0.28979
10261     -0.06460      -0.91964       0.33334
10262     -0.05891      -0.88346       0.32085
10263     -0.04949      -0.88466       0.35982
10264     -0.02277      -0.91034       0.29860
10265     -0.00944      -0.87725       0.32311
10266      0.02221      -0.93951       0.31437
10267      0.02670      -0.90412       0.30086
10268      0.03475      -0.90797       0.33584
10269     -0.02028      -0.98858       0.54273
10270      0.06175      -1.01899       0.50935
10271      0.07533      -0.60502       0.36548
10272      0.05736      -0.63979       0.37483
10273      0.04320      -0.63996       0.34323
10274      0.06117      -0.60519       0.33389
10275      0.10865      -0.60954       0.32592
10276      0.10846      -0.64448       0.37570
10277      0.07502      -0.67620       0.34281
10278      0.08015      -0.64517       0.31426
10279      0.14178      -0.64900       0.33613
10280      0.12612      -0.68088       0.34368
10281      0.11197      -0.68141       0.31384
10282      0.12763      -0.64953       0.30629
10283      0.04776      -0.59755       0.28103
10284      0.07386      -0.57522       0.31239
10285      0.03507      -0.62752       0.30253
10286      0.05906      -0.65220       0.26639
10287      0.10375      -0.58730       0.27403
10288      0.11505      -0.64195       0.25939
10289      0.13854      -0.62162       0.28756
10290      0.10414      -0.66985       0.27812
10291      0.02426      -0.67112       0.33877
10292      0.01613      -0.65868       0.29807
10293      0.04512      -0.70402       0.30541
10294      0.09587      -0.70910       0.30945
10295      0.08805      -0.69754       0.27373
10296      0.11546      -0.78984       0.62983
10297      0.12071      -0.82934       0.66975
10298      0.09679      -0.82805       0.63211
10299      0.12895      -0.82801       0.58938
10300      0.13626      -0.86429       0.62950
10301      0.18617      -0.82684       0.58479
10302      0.19167      -0.86544       0.62248
10303      0.16842      -0.86425       0.58677
10304      0.07236      -0.83085       0.59331
10305      0.07927      -0.86826       0.63509
10306      0.05484      -0.87106       0.59629
10307      0.08894      -0.86900       0.55449
10308      0.09541      -0.90762       0.59595
10309      0.14553      -0.86616       0.55057
10310      0.15240      -0.90365       0.59036
10311      0.12950      -0.90557       0.55415
10312     -0.05143      -0.74507      -0.10618
10313     -0.03375      -0.69366      -0.09569
10314      0.02979      -0.77265      -0.09725
10315      0.04475      -0.72452      -0.08701
10316     -0.02673      -0.66921      -0.06900
10317      0.05043      -0.70139      -0.06177
10318      0.05886      -0.83247      -0.52665
10319      0.03647      -0.84167      -0.48575
10320      0.03802      -0.87684      -0.50657
10321      0.06041      -0.86764      -0.54748
10322      0.10799      -0.85808      -0.53248
10323      0.08874      -0.82783      -0.48045
10324      0.06457      -0.87501      -0.45324
10325      0.09243      -0.89748      -0.52128
10326      0.13787      -0.85345      -0.48628
10327      0.11685      -0.86117      -0.44794
10328      0.11899      -0.89565      -0.46794
10329      0.14001      -0.88793      -0.50628
10330      0.08032      -0.86074      -0.58104
10331      0.06286      -0.90083      -0.56735
10332      0.08278      -0.89393      -0.60092
10333      0.11308      -0.92361      -0.57075
10334      0.15928      -0.88094      -0.53811
10335      0.14265      -0.92026      -0.52467
10336      0.16192      -0.91328      -0.55650
10337      0.07259      -1.06155      -0.65885
10338      0.06901      -0.97500      -0.61033
10339      0.04329      -1.03742      -0.59728
10340      0.08795      -1.09253      -0.60452
10341      0.08129      -1.00345      -0.54833
10342      0.15276      -1.08472      -0.61182
10343      0.14888      -0.99551      -0.56525
10344      0.12596      -1.05855      -0.55557
10345     -0.03175      -1.04310      -0.41036
10346     -0.03164      -1.00662      -0.39257
10347     -0.04366      -1.02983      -0.36434
10348      0.01876      -1.02002      -0.40308
10349      0.00556      -1.00717      -0.35464
10350      0.05672      -1.05646      -0.38312
10351      0.05596      -1.02057      -0.36515
10352      0.04471      -1.04241      -0.33807
10353     -0.04484      -0.99673      -0.34494
10354     -0.05572      -1.02112      -0.31996
10355     -0.00770      -0.99877      -0.30838
10356      0.04269      -1.00921      -0.31807
10357      0.03229      -1.03275      -0.29338
10358      0.28216      -0.31227      -0.22510
10359      0.21781      -0.36115      -0.19626
10360      0.18579      -0.39306      -0.23335
10361      0.25014      -0.34418      -0.26218
10362      0.30821      -0.34402      -0.25313
10363      0.29829      -0.33861      -0.18718
10364      0.18527      -0.43831      -0.19507
10365      0.23795      -0.40235      -0.26085
10366      0.32435      -0.37036      -0.21521
10367      0.26575      -0.41577      -0.18599
10368      0.23742      -0.44759      -0.22257
10369      0.29602      -0.40218      -0.25180
10370      0.23708      -0.36428      -0.31983
10371      0.28414      -0.32119      -0.29064
10372      0.20308      -0.38727      -0.29137
10373      0.22026      -0.42794      -0.31124
10374      0.30335      -0.35841      -0.31760
10375      0.28653      -0.42207      -0.30901
10376      0.32742      -0.38124      -0.28009
10377      0.25512      -0.44302      -0.28072
10378      0.14800      -0.43821      -0.25342
10379      0.16528      -0.43241      -0.31144
10380      0.16959      -0.48701      -0.29810
10381      0.20686      -0.48711      -0.23975
10382      0.22457      -0.48253      -0.29790
10383      0.42426      -0.19196      -0.11632
10384      0.37318      -0.23528      -0.15149
10385      0.48234      -0.15406      -0.13889
10386      0.49921      -0.17389      -0.10765
10387      0.38658      -0.26083      -0.11675
10388      0.46154      -0.24276      -0.10808
10389      0.41224      -0.28890      -0.14307
10390      0.51809      -0.20443      -0.12920
10391      0.55620      -0.09039      -0.13480
10392      0.52406      -0.11233      -0.10999
10393      0.58701      -0.09506      -0.10239
10394      0.59980      -0.13015      -0.12835
10395      0.56216      -0.15661      -0.10006
10396      0.49136      -0.18472      -0.30179
10397      0.39310      -0.24302      -0.28392
10398      0.43235      -0.22974      -0.32819
10399      0.49926      -0.22942      -0.31567
10400      0.40206      -0.28913      -0.31926
10401      0.52803      -0.24041      -0.27915
10402      0.43297      -0.30153      -0.27191
10403      0.46896      -0.28881      -0.30673
10404      0.09582      -0.71911      -0.53263
10405      0.09260      -0.75833      -0.55050
10406      0.11549      -0.74241      -0.58204
10407      0.11871      -0.70319      -0.56417
10408      0.14643      -0.70634      -0.51992
10409      0.12056      -0.75844      -0.50513
10410      0.14091      -0.78199      -0.55375
10411      0.16566      -0.72732      -0.56713
10412      0.17117      -0.74567      -0.49242
10413      0.16887      -0.78210      -0.50838
10414      0.19108      -0.76690      -0.53885
10415      0.19338      -0.73047      -0.52288
10416      0.12524      -0.66295      -0.54608
10417      0.14349      -0.68629      -0.59541
10418      0.15002      -0.64604      -0.57732
10419      0.17672      -0.65162      -0.53278
10420      0.19429      -0.67483      -0.58081
10421      0.19792      -0.69501      -0.50661
10422      0.21645      -0.71586      -0.55254
10423      0.22099      -0.68041      -0.53626
10424      0.17792      -0.62995      -0.60867
10425      0.16891      -0.66902      -0.62734
10426      0.19603      -0.65501      -0.65859
10427      0.20504      -0.61594      -0.63993
10428      0.23029      -0.62073      -0.59254
10429      0.21500      -0.69627      -0.63046
10430      0.24703      -0.65016      -0.64332
10431      0.24666      -0.66561      -0.56468
10432      0.24038      -0.70208      -0.58393
10433      0.26600      -0.69142      -0.61518
10434      0.27228      -0.65495      -0.59593
10435      0.21901      -0.57426      -0.62295
10436      0.23670      -0.60222      -0.67323
10437      0.28349      -0.61387      -0.57714
10438      0.30226      -0.64466      -0.62928
10439      0.40512      -0.59376      -0.87792
10440      0.39237      -0.64039      -0.90363
10441      0.44758      -0.58257      -0.91491
10442      0.46254      -0.58939      -0.85813
10443      0.40636      -0.64243      -0.84167
10444      0.46377      -0.63807      -0.82188
10445      0.45591      -0.68003      -0.84806
10446      0.50345      -0.63295      -0.86055
10447      0.48649      -0.54559      -0.92382
10448      0.45187      -0.54649      -0.88806
10449      0.49895      -0.54942      -0.86265
10450      0.54674      -0.59157      -0.87043
10451      0.50962      -0.59233      -0.83273
10452     -0.07152      -0.81780      -0.10368
10453     -0.07679      -0.82565      -0.06748
10454     -0.07846      -0.84439      -0.09221
10455     -0.03257      -0.84866      -0.10503
10456     -0.03789      -0.85715      -0.07054
10457      0.01393      -0.83646      -0.09434
10458      0.00898      -0.84444      -0.06070
10459      0.00799      -0.86141      -0.08337
10460     -0.12044      -1.12328      -0.12058
10461     -0.12041      -1.09875      -0.09610
10462     -0.07156      -1.10310      -0.10948
10463     -0.02917      -1.13690      -0.10443
10464     -0.02910      -1.11193      -0.08283
10465     -0.09667      -0.92384      -0.05620
10466     -0.09490      -0.90484      -0.03425
10467     -0.04919      -0.90942      -0.04815
10468     -0.00828      -0.93985      -0.04921
10469     -0.00685      -0.92111      -0.02865
10470     -0.11019      -0.98971       0.07170
10471     -0.11625      -1.03237       0.09068
10472     -0.12211      -1.05949       0.04806
10473     -0.06487      -1.00642       0.10586
10474     -0.07688      -1.07309       0.07066
10475     -0.02017      -1.00429       0.06793
10476     -0.02551      -1.04714       0.08585
10477     -0.03075      -1.07390       0.04660
10478     -0.12702      -1.09200       0.06432
10479     -0.13105      -1.11459       0.03431
10480     -0.08529      -1.12576       0.05550
10481     -0.03516      -1.10685       0.06185
10482     -0.03881      -1.12947       0.03364
10483     -0.14878      -1.24446       0.11096
10484     -0.13657      -1.16359       0.09285
10485     -0.13787      -1.19451       0.14289
10486     -0.09699      -1.24849       0.14413
10487     -0.08516      -1.15438       0.13228
10488     -0.05496      -1.26220       0.10149
10489     -0.04348      -1.17787       0.08704
10490     -0.04428      -1.20836       0.13352
10491     -0.10182      -1.07403       0.30813
10492     -0.09690      -1.03582       0.29114
10493     -0.05748      -1.06560       0.27138
10494     -0.01063      -1.09055       0.29587
10495     -0.00660      -1.05296       0.27869
10496     -0.06013      -1.06185       0.50142
10497     -0.06351      -1.09668       0.52481
10498      0.02685      -1.08775       0.47533
10499      0.02439      -1.12256       0.49874
10500     -0.06650      -1.12656       0.54139
10501      0.02233      -1.14949       0.51324
10502     -0.06688      -0.88181       0.28148
10503     -0.06059      -0.84517       0.26963
10504     -0.05263      -0.84682       0.30900
10505     -0.02426      -0.87167       0.24828
10506     -0.01164      -0.83932       0.27448
10507      0.01984      -0.90020       0.26540
10508      0.02469      -0.86582       0.25313
10509      0.03155      -0.86975       0.28859
10510      0.00063      -0.60178       0.01849
10511      0.02086      -0.56727       0.00194
10512      0.02893      -0.55526       0.03785
10513      0.00871      -0.58977       0.05440
10514      0.03309      -0.62907       0.04169
10515      0.04048      -0.61236      -0.00582
10516      0.06970      -0.56411       0.01088
10517      0.05532      -0.58969       0.06251
10518      0.07293      -0.63965       0.01737
10519      0.08932      -0.60920       0.00312
10520      0.09609      -0.59855       0.03554
10521      0.07970      -0.62900       0.04979
10522     -0.00850      -0.62578       0.07075
10523      0.01538      -0.58401       0.09307
10524     -0.00183      -0.62002       0.10942
10525      0.02436      -0.65794       0.09503
10526      0.04581      -0.61843       0.11699
10527      0.06595      -0.66124       0.06596
10528      0.08575      -0.62411       0.08643
10529      0.07200      -0.65634       0.10260
10530      0.01423      -0.89652       0.53949
10531      0.02843      -0.90064       0.57200
10532      0.02015      -0.93273       0.58247
10533      0.06420      -0.89862       0.53168
10534      0.06945      -0.93592       0.57269
10535      0.09223      -0.92891       0.50237
10536      0.10523      -0.93390       0.53237
10537      0.09787      -0.96572       0.54313
10538      0.03404      -0.93838       0.61353
10539      0.11049      -0.97229       0.57160
10540      0.09546      -0.60032       0.40199
10541      0.11903      -0.59294       0.43775
10542      0.07507      -0.63962       0.41213
10543      0.14805      -0.60025       0.39591
10544      0.16105      -0.64440       0.36962
10545      0.18363      -0.63802       0.40373
10546      0.14295      -0.68120       0.37846
10547      0.03671      -0.67739       0.37694
10548      0.10782      -0.71627       0.34585
10549      0.12378      -0.66528       0.53033
10550      0.10353      -0.70557       0.53610
10551      0.07998      -0.70811       0.49757
10552      0.15878      -0.70490       0.53158
10553      0.11814      -0.74460       0.50026
10554      0.19221      -0.70569       0.49131
10555      0.17338      -0.74393       0.49573
10556      0.15002      -0.74679       0.45887
10557      0.06103      -0.75017       0.50272
10558      0.03668      -0.75575       0.46235
10559      0.07589      -0.79186       0.46581
10560      0.13300      -0.78629       0.46334
10561      0.10938      -0.79148       0.42478
10562      0.30516      -0.48041       0.62810
10563      0.29663      -0.53155       0.68494
10564      0.27055      -0.53271       0.63449
10565      0.30369      -0.53348       0.59133
10566      0.30352      -0.57732       0.64137
10567      0.36820      -0.52987       0.59373
10568      0.36469      -0.57771       0.65127
10569      0.33665      -0.57809       0.59820
10570      0.24198      -0.53636       0.59036
10571      0.24105      -0.58106       0.63965
10572      0.21248      -0.58471       0.59552
10573      0.24477      -0.58516       0.55245
10574      0.24629      -0.62755       0.59943
10575      0.30648      -0.58229       0.55342
10576      0.30876      -0.62381       0.60114
10577      0.27858      -0.62801       0.55636
10578      0.32725      -0.59839       0.80684
10579      0.34408      -0.55915       0.80032
10580      0.38169      -0.59576       0.79557
10581      0.39513      -0.63466       0.75736
10582      0.41023      -0.59838       0.75175
10583      0.36889      -0.55540       0.82912
10584      0.38068      -0.51864       0.81271
10585      0.41948      -0.55451       0.81006
10586      0.43228      -0.59487       0.77650
10587      0.44228      -0.56322       0.76335
10588      0.33390      -0.36695       0.47348
10589      0.31296      -0.37383       0.43940
10590      0.35629      -0.33396       0.42650
10591      0.37722      -0.32708       0.46059
10592      0.39282      -0.37226       0.47658
10593      0.32734      -0.42089       0.45048
10594      0.35035      -0.38536       0.40831
10595      0.41036      -0.34339       0.42779
10596      0.38627      -0.42620       0.45358
10597      0.36473      -0.43242       0.41940
10598      0.40443      -0.39479       0.40959
10599      0.42597      -0.38857       0.44377
10600      0.42709      -0.28884       0.47092
10601      0.38912      -0.32380       0.49250
10602      0.41519      -0.29212       0.43901
10603      0.46688      -0.30284       0.43681
10604      0.43961      -0.33326       0.49159
10605      0.47940      -0.34726       0.45748
10606      0.44332      -0.38172       0.47567
10607      0.46205      -0.35411       0.42558
10608      0.19925      -0.85976      -0.77482
10609      0.17360      -0.86691      -0.74361
10610      0.20775      -0.89189      -0.79371
10611      0.25294      -0.87941      -0.77018
10612      0.21863      -0.85523      -0.72206
10613      0.27233      -0.87487      -0.71743
10614      0.24904      -0.88179      -0.68969
10615      0.28008      -0.90624      -0.73402
10616      0.23898      -0.92732      -0.83790
10617      0.23700      -0.89229      -0.82732
10618      0.29259      -0.91869      -0.82290
10619      0.31092      -0.94171      -0.77602
10620      0.30853      -0.90580      -0.76577
10621      0.09710      -0.82151      -0.59282
10622      0.07715      -0.82835      -0.55942
10623      0.12459      -0.82022      -0.54428
10624      0.17547      -0.84321      -0.55047
10625      0.15542      -0.84996      -0.51735
10626      0.02881      -0.78388      -0.43449
10627      0.01500      -0.79587      -0.40919
10628      0.01511      -0.81984      -0.42553
10629      0.02893      -0.80785      -0.45083
10630      0.07560      -0.80446      -0.44016
10631      0.06161      -0.78621      -0.39488
10632      0.04880      -0.82743      -0.39096
10633      0.06261      -0.83250      -0.42677
10634      0.10841      -0.80678      -0.40055
10635      0.09542      -0.81777      -0.37665
10636      0.09630      -0.84009      -0.39220
10637      0.10928      -0.82911      -0.41610
10638      0.04245      -0.80546      -0.47892
10639      0.02295      -0.84406      -0.45766
10640      0.12189      -0.82683      -0.44169
10641      0.10423      -0.86345      -0.42235
10642      0.00369      -0.84604      -0.41154
10643      0.01153      -0.87027      -0.44367
10644      0.04105      -0.88276      -0.39995
10645      0.08616      -0.86415      -0.37937
10646      0.09410      -0.88750      -0.40952
10647     -0.01795      -0.97802      -0.41965
10648     -0.01927      -0.94036      -0.39658
10649     -0.03296      -0.96896      -0.36949
10650      0.03186      -0.95119      -0.40708
10651      0.01527      -0.94437      -0.35658
10652      0.06857      -0.99319      -0.39051
10653      0.06640      -0.95520      -0.36708
10654      0.05378      -0.98259      -0.34172
10655     -0.03504      -0.93459      -0.34639
10656     -0.04691      -0.96237      -0.32184
10657      0.00066      -0.93874      -0.30855
10658      0.05096      -0.94852      -0.31874
10659      0.03987      -0.97514      -0.29509
10660     -0.08938      -1.14082      -0.25597
10661     -0.09694      -1.16243      -0.23917
10662     -0.09408      -1.18383      -0.25769
10663     -0.04941      -1.14547      -0.22554
10664     -0.05411      -1.19042      -0.22653
10665      0.00073      -1.15124      -0.22980
10666     -0.00659      -1.17346      -0.21290
10667     -0.00339      -1.19533      -0.23105
10668     -0.09719      -1.22176      -0.26354
10669     -0.10134      -1.20510      -0.24263
10670     -0.05777      -1.23197      -0.23151
10671     -0.00616      -1.23357      -0.23545
10672     -0.01054      -1.21729      -0.21541
10673     -0.10238      -1.11690      -0.19994
10674     -0.09962      -1.14091      -0.22025
10675     -0.09201      -1.11636      -0.23761
10676     -0.05949      -1.14678      -0.19011
10677     -0.01215      -1.12772      -0.17675
10678     -0.00928      -1.15133      -0.19539
10679     -0.00225      -1.12660      -0.21199
10680      0.26264      -0.30750      -0.09621
10681      0.32119      -0.26800      -0.12485
10682      0.35734      -0.23740      -0.08336
10683      0.29879      -0.27690      -0.05473
10684      0.27142      -0.34063      -0.06224
10685      0.29520      -0.32963      -0.12501
10686      0.36639      -0.26656      -0.04444
10687      0.30399      -0.36276      -0.09104
10688      0.36059      -0.32246      -0.11691
10689      0.39562      -0.28998      -0.07783
10690      0.33902      -0.33029      -0.05196
10691      0.23853      -0.32258      -0.03990
10692      0.33462      -0.24958      -0.01949
10693      0.28191      -0.37667      -0.03951
10694      0.37343      -0.30191      -0.01859
10695      0.57313      -0.06000      -0.08405
10696      0.47925      -0.14541      -0.06983
10697      0.61391      -0.09671      -0.07470
10698      0.51585      -0.19229      -0.06360
10699      0.33173      -0.29332      -0.32462
10700      0.34551      -0.27089      -0.24994
10701      0.37368      -0.35422      -0.31224
10702      0.38672      -0.32855      -0.23976
10703      0.32824      -0.27308      -0.18712
10704      0.36888      -0.32887      -0.17787
10705      0.31476      -0.37219      -0.48971
10706      0.27347      -0.41743      -0.51186
10707      0.31799      -0.40144      -0.54449
10708      0.35927      -0.35620      -0.52233
10709      0.38029      -0.37225      -0.47768
10710      0.29461      -0.43176      -0.46872
10711      0.30428      -0.45851      -0.52020
10712      0.38040      -0.40294      -0.53365
10713      0.36015      -0.43182      -0.45669
10714      0.32541      -0.47285      -0.47706
10715      0.36669      -0.46001      -0.50937
10716      0.40142      -0.41898      -0.48899
10717      0.42429      -0.31470      -0.52902
10718      0.39513      -0.31954      -0.49752
10719      0.38843      -0.35137      -0.55384
10720      0.44420      -0.36117      -0.54402
10721      0.45247      -0.32886      -0.48673
10722      0.47237      -0.37533      -0.50173
10723      0.43763      -0.38157      -0.46689
10724      0.43616      -0.41274      -0.52383
10725      0.20214      -0.54794      -0.57221
10726      0.18814      -0.58949      -0.59041
10727      0.23301      -0.53271      -0.60475
10728      0.25622      -0.54214      -0.55946
10729      0.21300      -0.59656      -0.54570
10730      0.26709      -0.59077      -0.53295
10731      0.25515      -0.62780      -0.54783
10732      0.29543      -0.57684      -0.56226
10733      0.25512      -0.48955      -0.58573
10734      0.31409      -0.53987      -0.54764
10735      0.25555      -0.63103      -0.72829
10736      0.22311      -0.64504      -0.69328
10737      0.26746      -0.67854      -0.69825
10738      0.32221      -0.67147      -0.68194
10739      0.29139      -0.68366      -0.64829
10740      0.19214      -0.69349      -0.68277
10741      0.21921      -0.68352      -0.71746
10742      0.24121      -0.72308      -0.68977
10743      0.26407      -0.72587      -0.63746
10744      0.28946      -0.71811      -0.67056
10745      0.31067      -0.65677      -0.82109
10746      0.34947      -0.64865      -0.85899
10747      0.36074      -0.60599      -0.84160
10748      0.35521      -0.69386      -0.82016
10749      0.37520      -0.69420      -0.76673
10750      0.41209      -0.68765      -0.80284
10751      0.42158      -0.64943      -0.78785
10752      0.42062      -0.54996      -0.85821
10753      0.47703      -0.59819      -0.80428
10754      0.04327      -0.53402      -0.01453
10755      0.00865      -0.58905      -0.02900
10756      0.10821      -0.57917      -0.01204
10757      0.07927      -0.62890      -0.02484
10758     -0.00877      -0.62138      -0.01319
10759     -0.01938      -0.64604      -0.04148
10760      0.01559      -0.66704      -0.01893
10761      0.06485      -0.65802      -0.01156
10762      0.05614      -0.68057      -0.03700
10763     -0.07898      -0.86363      -0.11764
10764     -0.08471      -0.87150      -0.08100
10765     -0.08524      -0.89073      -0.10644
10766     -0.03853      -0.89427      -0.11889
10767     -0.04446      -0.90231      -0.08240
10768      0.00789      -0.87930      -0.10628
10769      0.00237      -0.88796      -0.07194
10770      0.00226      -0.90585      -0.09485
10771     -0.11405      -1.07065      -0.11414
10772     -0.11358      -1.04540      -0.09008
10773     -0.06572      -1.05084      -0.10480
10774     -0.02322      -1.08329      -0.10014
10775     -0.02290      -1.05887      -0.07939
10776     -0.08934      -0.87925      -0.04497
10777     -0.08715      -0.86194      -0.02108
10778     -0.04209      -0.86586      -0.03596
10779     -0.00193      -0.89603      -0.03914
10780     -0.00029      -0.88009      -0.01721
10781     -0.14765      -1.21074      -0.02836
10782     -0.05440      -1.22889      -0.02303
10783     -0.09484      -0.91152       0.10195
10784     -0.09904      -0.93710       0.10928
10785     -0.10264      -0.94409       0.07925
10786     -0.05144      -0.93234       0.11741
10787     -0.05808      -0.95846       0.09343
10788     -0.00695      -0.92888       0.09405
10789     -0.01047      -0.95370       0.10155
10790     -0.01370      -0.95984       0.07374
10791     -0.10622      -0.97469       0.10320
10792     -0.01673      -0.99020       0.09609
10793     -0.09735      -0.94502       0.14169
10794     -0.10453      -0.98261       0.13561
10795     -0.05458      -0.97431       0.15717
10796     -0.00867      -0.96162       0.13288
10797     -0.01492      -0.99812       0.12742
10798     -0.10273      -1.03634       0.24555
10799     -0.09670      -0.99511       0.23141
10800     -0.05743      -1.02334       0.20934
10801     -0.01218      -1.05261       0.23518
10802     -0.00706      -1.01190       0.22074
10803     -0.09006      -0.95388       0.22256
10804     -0.08401      -0.91544       0.21177
10805     -0.07894      -0.91760       0.25296
10806     -0.04497      -0.94122       0.19165
10807     -0.03491      -0.90638       0.22098
10808     -0.00124      -0.97101       0.21190
10809      0.00413      -0.93215       0.20087
10810      0.00896      -0.93519       0.23993
10811     -0.06358      -1.02579       0.45110
10812      0.02361      -1.05093       0.42864
10813     -0.06769      -0.84378       0.23008
10814     -0.06028      -0.80701       0.21832
10815     -0.05318      -0.80840       0.25787
10816     -0.02514      -0.83483       0.19842
10817     -0.01127      -0.80190       0.22472
10818      0.01829      -0.86271       0.21662
10819      0.02387      -0.82972       0.20483
10820      0.03027      -0.83283       0.24134
10821     -0.02722      -0.95746       0.49597
10822      0.05545      -0.98560       0.46458
10823     -0.01889      -0.65794       0.12534
10824      0.00418      -0.61653       0.14964
10825     -0.01288      -0.65445       0.16557
10826      0.01441      -0.69152       0.14870
10827      0.03529      -0.65279       0.17231
10828      0.05766      -0.69152       0.11839
10829      0.07692      -0.65468       0.13966
10830      0.06258      -0.68986       0.15545
10831     -0.01623      -0.73980       0.31402
10832     -0.00384      -0.70264       0.30435
10833      0.00775      -0.70745       0.34304
10834     -0.00465      -0.74460       0.35271
10835      0.02335      -0.77478       0.32608
10836      0.02307      -0.73461       0.27871
10837      0.04435      -0.74646       0.35162
10838      0.06266      -0.76959       0.29076
10839      0.07203      -0.73599       0.27977
10840      0.08172      -0.74304       0.31399
10841      0.07235      -0.77664       0.32499
10842     -0.01567      -0.78004       0.36301
10843      0.00685      -0.74881       0.38976
10844     -0.00417      -0.78424       0.40006
10845      0.02493      -0.81426       0.37342
10846      0.04500      -0.78521       0.39732
10847      0.06395      -0.80900       0.33649
10848      0.08250      -0.78286       0.35918
10849      0.07410      -0.81522       0.37068
10850      0.11791      -0.52812       0.33274
10851      0.09483      -0.56664       0.34931
10852      0.09694      -0.53670       0.29581
10853      0.15187      -0.53489       0.29455
10854      0.14496      -0.57059       0.34567
10855      0.17892      -0.57736       0.30748
10856      0.15878      -0.61349       0.32227
10857      0.15868      -0.58550       0.27277
10858      0.10333      -0.50504       0.23982
10859      0.12977      -0.49047       0.28113
10860      0.07051      -0.55127       0.25449
10861      0.10041      -0.56270       0.21361
10862      0.16559      -0.49721       0.24597
10863      0.16267      -0.55487       0.21976
10864      0.18769      -0.54163       0.25938
10865      0.13366      -0.59873       0.23315
10866      0.02630      -0.61023       0.23972
10867      0.04905      -0.56395       0.21318
10868      0.06328      -0.61012       0.19454
10869      0.09604      -0.65209       0.22120
10870      0.11464      -0.60887       0.19497
10871      0.02020      -0.71371       0.38121
10872      0.09367      -0.75020       0.35039
10873      0.02043      -0.75278       0.42620
10874      0.09473      -0.78780       0.39245
10875      0.10958      -0.75078       0.58727
10876      0.09116      -0.78984       0.59124
10877      0.12483      -0.78844       0.54998
10878      0.18009      -0.78828       0.54445
10879      0.16263      -0.82662       0.54813
10880      0.06736      -0.79170       0.55103
10881      0.04857      -0.83271       0.55310
10882      0.08286      -0.83052       0.51139
10883      0.14033      -0.82727       0.51033
10884      0.12323      -0.86681       0.51278
10885      0.03857      -0.86703       0.56287
10886      0.04471      -0.90466       0.60541
10887      0.11457      -0.90058       0.52330
10888      0.12016      -0.93888       0.56322
10889      0.06079      -0.90968       0.63763
10890      0.05012      -0.94339       0.64574
10891      0.10047      -0.94694       0.63508
10892      0.13509      -0.94488       0.59339
10893      0.12542      -0.97829       0.60177
10894      0.18612      -0.63020       0.60049
10895      0.21428      -0.62881       0.64426
10896      0.16192      -0.67572       0.60489
10897      0.19305      -0.67447       0.56047
10898      0.25322      -0.67182       0.55941
10899      0.28249      -0.66943       0.60280
10900      0.23018      -0.71526       0.56216
10901      0.12713      -0.70853       0.57779
10902      0.14175      -0.66975       0.56658
10903      0.19648      -0.74699       0.53553
10904      0.21007      -0.70961       0.52547
10905      0.34919      -0.64108       0.86312
10906      0.35970      -0.59738       0.84790
10907      0.40255      -0.63601       0.84636
10908      0.41530      -0.67578       0.80818
10909      0.42454      -0.63439       0.79403
10910      0.39531      -0.59242       0.88326
10911      0.40450      -0.55044       0.86449
10912      0.44984      -0.58665       0.86260
10913      0.45709      -0.63024       0.82570
10914      0.46483      -0.59072       0.80817
10915      0.40660      -0.48547       0.81236
10916      0.40255      -0.51761       0.83907
10917      0.44664      -0.52399       0.81594
10918      0.46733      -0.53366       0.76603
10919      0.46357      -0.56089       0.78693
10920      0.45097      -0.25559       0.41444
10921      0.39620      -0.29714       0.40733
10922      0.43198      -0.26060       0.38275
10923      0.48277      -0.26666       0.37630
10924      0.42826      -0.31061       0.36833
10925      0.49868      -0.31391       0.39868
10926      0.44242      -0.35687       0.38879
10927      0.47905      -0.31667       0.36188
10928      0.46300      -0.22267       0.35789
10929      0.40501      -0.27097       0.35258
10930      0.43603      -0.23305       0.32771
10931      0.49101      -0.23161       0.31903
10932      0.42707      -0.28724       0.31470
10933      0.51078      -0.27560       0.33744
10934      0.45032      -0.32688       0.33045
10935      0.48205      -0.28580       0.30601
10936     -0.06470      -0.79335      -0.11564
10937      0.01960      -0.81451      -0.10574
10938      0.16541      -0.83232      -0.71919
10939      0.14184      -0.83854      -0.68408
10940      0.18906      -0.82701      -0.66703
10941      0.24228      -0.84992      -0.66991
10942      0.22126      -0.85645      -0.63941
10943      0.07583      -0.79638      -0.54012
10944      0.05753      -0.80050      -0.50736
10945      0.10479      -0.79418      -0.49436
10946      0.15355      -0.81802      -0.49852
10947      0.13601      -0.82152      -0.46746
10948      0.08554      -0.93559      -0.62245
10949      0.16413      -0.95508      -0.57554
10950     -0.03119      -1.08421      -0.43136
10951     -0.04077      -1.12807      -0.41642
10952     -0.02942      -1.11129      -0.44717
10953      0.02080      -1.10011      -0.44428
10954      0.01021      -1.13205      -0.42095
10955      0.05821      -1.09544      -0.40332
10956      0.04962      -1.13716      -0.38852
10957      0.06044      -1.12087      -0.41806
10958     -0.02648      -1.15845      -0.46913
10959     -0.02172      -1.12286      -0.47332
10960     -0.03418      -1.14689      -0.44298
10961      0.01191      -1.17018      -0.43542
10962      0.02574      -1.15476      -0.47217
10963      0.06414      -1.16649      -0.43846
10964      0.06827      -1.13202      -0.44313
10965      0.05631      -1.15534      -0.41339
10966     -0.03879      -1.17152      -0.43566
10967      0.05220      -1.17975      -0.40619
10968     -0.00583      -0.90907      -0.41905
10969     -0.00921      -0.87406      -0.39197
10970     -0.02266      -0.90535      -0.36949
10971      0.02468      -0.88082      -0.35390
10972      0.07874      -0.92488      -0.38798
10973      0.07494      -0.88952      -0.36188
10974      0.06260      -0.91984      -0.34099
10975     -0.02514      -0.87149      -0.34436
10976     -0.03752      -0.90073      -0.32127
10977      0.00965      -0.87702      -0.30695
10978      0.05948      -0.88634      -0.31648
10979      0.04783      -0.91502      -0.29424
10980     -0.05803      -0.99048      -0.29897
10981     -0.06833      -1.01593      -0.27638
10982     -0.02096      -0.99418      -0.26326
10983      0.02937      -1.00247      -0.27266
10984      0.01944      -1.02754      -0.25006
10985     -0.08400      -1.09361      -0.25588
10986      0.00535      -1.10381      -0.22996
10987     -0.10683      -1.16412      -0.20470
10988     -0.10416      -1.18564      -0.22361
10989     -0.06351      -1.19304      -0.19475
10990     -0.01616      -1.17570      -0.18015
10991     -0.01347      -1.19782      -0.19767
10992      0.10752      -0.45327      -0.09215
10993      0.14536      -0.41149      -0.10163
10994      0.16634      -0.38623      -0.06493
10995      0.14276      -0.47153      -0.11296
10996      0.20233      -0.40160      -0.08544
10997      0.16652      -0.50115      -0.08788
10998      0.19973      -0.46164      -0.09677
10999      0.21785      -0.43762      -0.06387
11000      0.21377      -0.34442      -0.07515
11001      0.25998      -0.39781      -0.07253
11002      0.41234      -0.19085      -0.03687
11003      0.44994      -0.23952      -0.03335
11004      0.27482      -0.34000      -0.35040
11005      0.31887      -0.31741      -0.38065
11006      0.37578      -0.27073      -0.35487
11007      0.29108      -0.38237      -0.36759
11008      0.39005      -0.31344      -0.37344
11009      0.31961      -0.40078      -0.33479
11010      0.36225      -0.37840      -0.36038
11011      0.41633      -0.33184      -0.33783
11012      0.47693      -0.21681      -0.35849
11013      0.42035      -0.25781      -0.38517
11014      0.48487      -0.26661      -0.37624
11015      0.50720      -0.27922      -0.33342
11016      0.45456      -0.32224      -0.36451
11017      0.13339      -0.55898      -0.45849
11018      0.11894      -0.60017      -0.47796
11019      0.14599      -0.58180      -0.50891
11020      0.16044      -0.54061      -0.48944
11021      0.18666      -0.55134      -0.44771
11022      0.16093      -0.62875      -0.48420
11023      0.19919      -0.57360      -0.49664
11024      0.20096      -0.59986      -0.42628
11025      0.18968      -0.63608      -0.44330
11026      0.21412      -0.62055      -0.47194
11027      0.22541      -0.58433      -0.45491
11028      0.18007      -0.49795      -0.46928
11029      0.19061      -0.52243      -0.52089
11030      0.21024      -0.47977      -0.50073
11031      0.23584      -0.49009      -0.45699
11032      0.24526      -0.51709      -0.50969
11033      0.24243      -0.54348      -0.43542
11034      0.25384      -0.56825      -0.48544
11035      0.27087      -0.52740      -0.46595
11036      0.23739      -0.43528      -0.47976
11037      0.24632      -0.46192      -0.53283
11038      0.29306      -0.48657      -0.44595
11039      0.30322      -0.51367      -0.49706
11040      0.16024      -0.60558      -0.55906
11041      0.22948      -0.64260      -0.51941
11042      0.31235      -0.73775      -0.87144
11043      0.33464      -0.69533      -0.87542
11044      0.30588      -0.68974      -0.83650
11045      0.28359      -0.73216      -0.83251
11046      0.31392      -0.77263      -0.81224
11047      0.37935      -0.73300      -0.87438
11048      0.32297      -0.71946      -0.79747
11049      0.38093      -0.76788      -0.81518
11050      0.39992      -0.73153      -0.81912
11051      0.37230      -0.72358      -0.78114
11052      0.35331      -0.75993      -0.77719
11053      0.24868      -0.70934      -0.77672
11054      0.25624      -0.74787      -0.80706
11055      0.27602      -0.69362      -0.80217
11056      0.29751      -0.70013      -0.75373
11057      0.26862      -0.74957      -0.74650
11058      0.31746      -0.74036      -0.72351
11059      0.32630      -0.77433      -0.75168
11060      0.34447      -0.72596      -0.74902
11061      0.28081      -0.66065      -0.78677
11062      0.34737      -0.69659      -0.73462
11063      0.36921      -0.74615      -0.94055
11064      0.41846      -0.75519      -0.99569
11065      0.37754      -0.68708      -0.92006
11066      0.42476      -0.78947      -0.94555
11067      0.43490      -0.77631      -0.87938
11068      0.48432      -0.77928      -0.93014
11069      0.44373      -0.72391      -0.86434
11070     -0.03298      -0.67698      -0.02653
11071      0.04493      -0.70835      -0.02362
11072     -0.10703      -1.01831      -0.10846
11073     -0.10570      -0.99323      -0.08565
11074     -0.05849      -1.00012      -0.09951
11075     -0.01717      -1.03265      -0.09585
11076     -0.01622      -1.00839      -0.07489
11077     -0.08340      -0.85071       0.07617
11078     -0.08949      -0.88110       0.09217
11079     -0.08724      -0.85857       0.04125
11080     -0.03914      -0.84904       0.04813
11081     -0.04163      -0.87296       0.09851
11082      0.00264      -0.87129       0.07046
11083     -0.00249      -0.89993       0.08493
11084     -0.00084      -0.87865       0.03891
11085     -0.08423      -0.84521       0.00459
11086     -0.08080      -0.83099       0.03160
11087     -0.03673      -0.83326       0.01312
11088      0.00214      -0.86423       0.00620
11089      0.00493      -0.85131       0.02965
11090     -0.13647      -1.14878       0.05305
11091     -0.04371      -1.16406       0.05006
11092     -0.10716      -1.11791       0.32367
11093     -0.10419      -1.14021       0.37279
11094     -0.11132      -1.14930       0.33165
11095     -0.06713      -1.15219       0.30242
11096     -0.06255      -1.16161       0.34922
11097     -0.01494      -1.13325       0.31136
11098     -0.01170      -1.15702       0.35926
11099     -0.01836      -1.16449       0.31998
11100     -0.11674      -1.20097       0.34580
11101     -0.11693      -1.17639       0.31527
11102     -0.11113      -1.17389       0.36218
11103     -0.06604      -1.20083       0.36325
11104     -0.07287      -1.21337       0.31741
11105     -0.02216      -1.21323       0.33486
11106     -0.02306      -1.18917       0.30455
11107     -0.01746      -1.18855       0.35029
11108     -0.11004      -1.18833       0.38729
11109     -0.01592      -1.20267       0.37504
11110     -0.10083      -0.99071       0.18805
11111     -0.09419      -0.94948       0.17920
11112     -0.01118      -1.00694       0.17846
11113     -0.00537      -0.96605       0.16962
11114     -0.07582      -0.84330       0.15133
11115     -0.06897      -0.80732       0.13897
11116     -0.06585      -0.80667       0.17833
11117     -0.07271      -0.84265       0.19069
11118     -0.03399      -0.86895       0.17262
11119     -0.03118      -0.83603       0.12289
11120     -0.02191      -0.80070       0.14935
11121      0.01065      -0.86167       0.14418
11122      0.01587      -0.82941       0.13327
11123      0.01879      -0.82886       0.16944
11124      0.01357      -0.86113       0.18035
11125     -0.07816      -0.87921       0.20197
11126     -0.07314      -0.88034       0.24135
11127      0.00926      -0.89611       0.19164
11128      0.01398      -0.89770       0.22791
11129     -0.06650      -0.99216       0.39929
11130      0.02069      -1.01567       0.37876
11131     -0.05590      -0.76974       0.16596
11132     -0.05034      -0.77008       0.20595
11133     -0.00716      -0.76473       0.17451
11134      0.02683      -0.79569       0.15790
11135      0.03191      -0.79656       0.19328
11136     -0.03340      -0.92286       0.44733
11137     -0.02090      -0.92380       0.48285
11138      0.01674      -0.92038       0.44408
11139      0.05016      -0.94911       0.41966
11140      0.06120      -0.95173       0.45159
11141     -0.02820      -0.69426       0.18008
11142     -0.00552      -0.65451       0.20738
11143     -0.02084      -0.69432       0.22189
11144      0.00782      -0.72792       0.20046
11145      0.02796      -0.69327       0.22753
11146      0.05043      -0.72518       0.16908
11147      0.06877      -0.69155       0.19246
11148      0.05662      -0.72687       0.20609
11149     -0.01358      -0.89065       0.47077
11150     -0.00001      -0.89295       0.50540
11151      0.03674      -0.89019       0.46549
11152      0.06706      -0.91991       0.43880
11153      0.07901      -0.92405       0.47027
11154     -0.00628      -0.85640       0.45879
11155      0.00105      -0.82243       0.44735
11156      0.01548      -0.82589       0.48267
11157      0.00815      -0.85987       0.49411
11158      0.03008      -0.85146       0.41840
11159      0.05025      -0.82230       0.44172
11160      0.05755      -0.86046       0.48676
11161      0.07310      -0.88525       0.42510
11162      0.07927      -0.85132       0.41277
11163      0.09231      -0.85686       0.44581
11164      0.08614      -0.89078       0.45813
11165      0.02239      -0.86344       0.52820
11166      0.09936      -0.89564       0.49023
11167      0.11496      -0.56195       0.38582
11168      0.17805      -0.60889       0.35576
11169      0.00924      -0.78785       0.43625
11170      0.02549      -0.79083       0.47240
11171      0.08600      -0.81965       0.40279
11172      0.10065      -0.82333       0.43512
11173      0.04241      -0.79405       0.50817
11174      0.03240      -0.82912       0.51844
11175      0.11635      -0.82833       0.46902
11176      0.10801      -0.86187       0.47971
11177      0.08541      -0.91004       0.67695
11178      0.10390      -0.86862       0.67441
11179      0.14309      -0.90871       0.67155
11180      0.15815      -0.94560       0.62968
11181      0.17545      -0.90437       0.62664
11182      0.12757      -0.87480       0.71301
11183      0.19846      -0.91047       0.66323
11184      0.26756      -0.57855       0.68369
11185      0.33757      -0.62040       0.64690
11186      0.43061      -0.51761       0.86992
11187      0.43255      -0.55043       0.89534
11188      0.47751      -0.55091       0.87069
11189      0.49355      -0.55729       0.81671
11190      0.49480      -0.58712       0.83796
11191      0.26816      -0.41684       0.44419
11192      0.24725      -0.42138       0.40459
11193      0.29206      -0.37837       0.39980
11194      0.26395      -0.46895       0.41488
11195      0.28450      -0.42939       0.37077
11196      0.32314      -0.47301       0.42118
11197      0.30120      -0.47697       0.38105
11198      0.34280      -0.43639       0.37927
11199      0.20560      -0.37044       0.14502
11200      0.17251      -0.39362       0.10660
11201      0.22666      -0.34378       0.09317
11202      0.25976      -0.32060       0.13159
11203      0.27179      -0.36091       0.15113
11204      0.18807      -0.43334       0.12800
11205      0.20751      -0.40670       0.07694
11206      0.29257      -0.33376       0.10248
11207      0.25426      -0.42380       0.13411
11208      0.22308      -0.44641       0.09834
11209      0.27342      -0.39669       0.08625
11210      0.30460      -0.37408       0.12201
11211      0.29642      -0.29763       0.16892
11212      0.31895      -0.26988       0.11783
11213      0.35562      -0.24691       0.15516
11214      0.36521      -0.28768       0.17466
11215      0.38765      -0.25826       0.12564
11216      0.34058      -0.35096       0.15687
11217      0.36127      -0.32215       0.11029
11218      0.39724      -0.29903       0.14515
11219      0.01943      -0.90691      -0.48126
11220      0.02863      -0.93393      -0.51379
11221      0.04722      -0.90386      -0.53911
11222      0.05669      -0.95688      -0.47283
11223      0.08326      -0.92884      -0.51715
11224      0.10184      -0.92498      -0.44480
11225      0.11133      -0.95180      -0.47618
11226      0.12847      -0.92247      -0.49932
11227      0.04781      -0.93062      -0.55254
11228      0.06345      -0.92759      -0.58079
11229      0.09377      -0.95095      -0.54730
11230      0.12922      -0.94917      -0.51191
11231      0.14340      -0.94697      -0.53726
11232      0.04692      -0.96700      -0.56866
11233      0.12815      -0.98739      -0.52697
11234      0.02774      -0.97031      -0.52992
11235      0.11025      -0.99002      -0.49124
11236      0.02924      -1.09913      -0.59426
11237      0.02170      -1.02692      -0.54485
11238      0.00765      -1.08862      -0.54183
11239      0.05647      -1.12183      -0.54485
11240      0.04629      -1.06885      -0.50343
11241      0.11519      -1.11523      -0.55510
11242      0.10588      -1.04538      -0.50691
11243      0.09511      -1.10205      -0.50645
11244      0.00208      -0.94571      -0.45664
11245      0.08648      -0.96236      -0.42327
11246     -0.01767      -1.06326      -0.46353
11247     -0.01823      -1.02214      -0.44253
11248      0.03215      -1.03974      -0.45279
11249      0.07063      -1.07659      -0.43354
11250      0.06914      -1.03761      -0.41333
11251      0.00028      -0.81587      -0.38609
11252     -0.01262      -0.84389      -0.36651
11253      0.03337      -0.82369      -0.34956
11254      0.08189      -0.83524      -0.35444
11255      0.07067      -0.86062      -0.33695
11256     -0.01443      -0.81181      -0.34216
11257     -0.02695      -0.83941      -0.32001
11258      0.02035      -0.81900      -0.30700
11259      0.06815      -0.83089      -0.31440
11260      0.05695      -0.85661      -0.29394
11261     -0.04940      -0.93019      -0.29787
11262     -0.06052      -0.95830      -0.27501
11263     -0.01324      -0.93516      -0.26126
11264      0.03682      -0.94371      -0.27194
11265      0.02632      -0.97104      -0.24951
11266     -0.07795      -1.04236      -0.25578
11267      0.01048      -1.05380      -0.23037
11268      0.18917      -0.36696      -0.10871
11269      0.23804      -0.33004      -0.12977
11270      0.22432      -0.38560      -0.12530
11271      0.23748      -0.42024      -0.10203
11272      0.28149      -0.38519      -0.12054
11273      0.27625      -0.30581      -0.16048
11274      0.17960      -0.38539      -0.16555
11275      0.31724      -0.36243      -0.15171
11276      0.22999      -0.43853      -0.15481
11277      0.13579      -0.42992      -0.15848
11278      0.19224      -0.47993      -0.14955
11279      0.04782      -0.63544      -0.33772
11280      0.03745      -0.67153      -0.35578
11281      0.06580      -0.61959      -0.36866
11282      0.09834      -0.62936      -0.33286
11283      0.07155      -0.67649      -0.31919
11284      0.12207      -0.67041      -0.31433
11285      0.11315      -0.70392      -0.32958
11286      0.13951      -0.65469      -0.34376
11287      0.07893      -0.58024      -0.34831
11288      0.09923      -0.55888      -0.37761
11289      0.13127      -0.56906      -0.34185
11290      0.15069      -0.61818      -0.32640
11291      0.16982      -0.59771      -0.35388
11292      0.05920      -0.71360      -0.45315
11293      0.07939      -0.69664      -0.48378
11294      0.08615      -0.65857      -0.46592
11295      0.10430      -0.73785      -0.45965
11296      0.13002      -0.68457      -0.47217
11297      0.13616      -0.74165      -0.41978
11298      0.15493      -0.72578      -0.44804
11299      0.16057      -0.68992      -0.43211
11300      0.10928      -0.64023      -0.49663
11301      0.18166      -0.67309      -0.45974
11302      0.24826      -0.67198      -0.75093
11303      0.31672      -0.70668      -0.70105
11304      0.21964      -0.72087      -0.74325
11305      0.29019      -0.75178      -0.69302
11306      0.21786      -0.76623      -0.76708
11307      0.22059      -0.81037      -0.78730
11308      0.25898      -0.79201      -0.82728
11309      0.23750      -0.80780      -0.73257
11310      0.27482      -0.83199      -0.78414
11311      0.28826      -0.79114      -0.71199
11312      0.29172      -0.82943      -0.72941
11313      0.32976      -0.81261      -0.76910
11314      0.46144      -0.51186      -0.86632
11315      0.51860      -0.56109      -0.81470
11316     -0.08547      -0.91220      -0.13163
11317     -0.09182      -0.91839      -0.09306
11318     -0.09204      -0.93985      -0.11824
11319     -0.04474      -0.94522      -0.13062
11320     -0.05119      -0.94996      -0.09251
11321      0.00220      -0.92729      -0.11788
11322     -0.00383      -0.93389      -0.08185
11323     -0.00388      -0.95533      -0.10488
11324     -0.11338      -1.03279       0.13614
11325     -0.12033      -1.07374       0.13342
11326     -0.12320      -1.07332       0.08796
11327     -0.07126      -1.07405       0.15849
11328     -0.07802      -1.08840       0.10152
11329     -0.02275      -1.04768       0.12821
11330     -0.02895      -1.08871       0.12659
11331     -0.03170      -1.08817       0.08423
11332     -0.12676      -1.09858       0.10057
11333     -0.13057      -1.11726       0.07693
11334     -0.08353      -1.12332       0.09509
11335     -0.03478      -1.11314       0.09603
11336     -0.03825      -1.13181       0.07366
11337     -0.13067      -1.13207       0.11673
11338     -0.03802      -1.14562       0.11064
11339     -0.12424      -1.10724       0.14957
11340     -0.03219      -1.12119       0.14119
11341     -0.13872      -1.23509       0.18842
11342     -0.12819      -1.15538       0.18172
11343     -0.12904      -1.19596       0.22725
11344     -0.08604      -1.23540       0.22197
11345     -0.07804      -1.16908       0.22257
11346     -0.04431      -1.24880       0.17769
11347     -0.03502      -1.16808       0.17313
11348     -0.03505      -1.20852       0.21730
11349     -0.10967      -1.04090       0.18858
11350     -0.01902      -1.05650       0.17925
11351     -0.11384      -1.12584       0.27886
11352     -0.10850      -1.08195       0.26332
11353     -0.06798      -1.11379       0.24495
11354     -0.02126      -1.14014       0.26850
11355     -0.01696      -1.09744       0.25301
11356     -0.09124      -0.90909       0.13558
11357     -0.08807      -0.91355       0.17310
11358     -0.04309      -0.90280       0.14519
11359     -0.00329      -0.92604       0.12701
11360      0.00001      -0.93047       0.16375
11361     -0.08222      -0.87732       0.16330
11362      0.00514      -0.89443       0.15452
11363     -0.07267      -0.91907       0.29308
11364      0.01482      -0.93768       0.27742
11365     -0.07023      -0.95673       0.34614
11366      0.01711      -0.97706       0.32674
11367     -0.02932      -0.67028       0.04911
11368     -0.01513      -0.63529       0.03401
11369     -0.02269      -0.66077       0.08585
11370      0.00712      -0.69638       0.07076
11371      0.01174      -0.67621       0.02360
11372      0.04818      -0.70231       0.04524
11373      0.05996      -0.67000       0.03127
11374      0.05417      -0.69355       0.07993
11375     -0.03638      -0.69752       0.10024
11376     -0.03259      -0.69469       0.13973
11377     -0.00054      -0.72831       0.12375
11378      0.04296      -0.72717       0.09427
11379      0.04646      -0.72514       0.13272
11380     -0.03812      -0.88664       0.39777
11381     -0.02656      -0.88816       0.43471
11382      0.01263      -0.88235       0.39670
11383      0.04545      -0.91109       0.37149
11384      0.05594      -0.91457       0.40607
11385     -0.03175      -0.85109       0.38566
11386     -0.02484      -0.81600       0.37409
11387     -0.01236      -0.81882       0.41116
11388     -0.01926      -0.85391       0.42273
11389      0.00661      -0.84437       0.34819
11390      0.05099      -0.87563       0.35923
11391      0.05639      -0.84262       0.34752
11392      0.06737      -0.84690       0.38066
11393      0.06198      -0.87990       0.39237
11394      0.08599      -0.74782       0.54559
11395      0.15698      -0.78523       0.50465
11396      0.09506      -0.99712       0.75344
11397      0.07187      -0.98922       0.71508
11398      0.09014      -0.94822       0.71231
11399      0.11332      -0.95612       0.75067
11400      0.15079      -1.00163       0.74541
11401      0.11107      -1.02884       0.70910
11402      0.10639      -0.98504       0.67197
11403      0.14613      -0.94748       0.70318
11404      0.16681      -1.03335       0.70107
11405      0.14559      -1.02467       0.66599
11406      0.16238      -0.98431       0.66284
11407      0.18360      -0.99299       0.69792
11408      0.14080      -0.96684       0.79189
11409      0.13316      -0.91376       0.74783
11410      0.20927      -1.00333       0.73541
11411      0.20373      -0.94888       0.69550
11412      0.18529      -0.58739       0.55286
11413      0.15893      -0.63288       0.55783
11414      0.19178      -0.63354       0.51595
11415      0.25126      -0.63132       0.51554
11416      0.22590      -0.67513       0.51858
11417      0.53004      -0.61618       1.04685
11418      0.53244      -0.64577       1.07016
11419      0.49423      -0.64185       1.03235
11420      0.49184      -0.61226       1.00905
11421      0.53772      -0.61953       0.98772
11422      0.57975      -0.65359       1.04275
11423      0.53762      -0.68361       1.03179
11424      0.51165      -0.64580       0.97591
11425      0.58743      -0.65695       0.98361
11426      0.58493      -0.69143       1.00438
11427      0.55504      -0.68756       0.97535
11428      0.55754      -0.65307       0.95458
11429      0.49077      -0.58337       0.98608
11430      0.46572      -0.61167       0.97648
11431      0.46465      -0.58278       0.95351
11432      0.51042      -0.58452       0.92966
11433      0.48438      -0.62008       0.92345
11434      0.55738      -0.62068       0.93130
11435      0.53031      -0.65421       0.92289
11436      0.53015      -0.62182       0.89960
11437      0.35419      -0.30128       0.32755
11438      0.37668      -0.30359       0.37939
11439      0.32585      -0.33389       0.35436
11440      0.32734      -0.37088       0.31877
11441      0.37084      -0.35531       0.37044
11442      0.40023      -0.35684       0.30592
11443      0.42242      -0.36234       0.35937
11444      0.37233      -0.39230       0.33484
11445      0.28115      -0.37184       0.35560
11446      0.33676      -0.34041       0.39857
11447      0.33070      -0.42843       0.33394
11448      0.38443      -0.40026       0.38017
11449      0.47469      -0.18961       0.30192
11450      0.40998      -0.24278       0.29178
11451      0.44864      -0.19934       0.26599
11452      0.50408      -0.19859       0.26643
11453      0.43707      -0.25184       0.24929
11454      0.52040      -0.24060       0.28354
11455      0.45416      -0.29630       0.27221
11456      0.49251      -0.25109       0.24973
11457      0.39198      -0.22560       0.19203
11458      0.41686      -0.19569       0.14023
11459      0.45323      -0.17439       0.17710
11460      0.46048      -0.21562       0.19734
11461      0.48579      -0.18355       0.14728
11462      0.43372      -0.27769       0.17997
11463      0.45658      -0.24612       0.13269
11464      0.49305      -0.22478       0.16752
11465     -0.07242      -0.83541      -0.12722
11466      0.01364      -0.85203      -0.11539
11467      0.13681      -0.80433      -0.65816
11468      0.11633      -0.81263      -0.62376
11469      0.16328      -0.80343      -0.60671
11470      0.21553      -0.82611      -0.61559
11471      0.19494      -0.83530      -0.58197
11472      0.05781      -0.77184      -0.49112
11473      0.04273      -0.77680      -0.46269
11474      0.08915      -0.77215      -0.45021
11475      0.13614      -0.79449      -0.45345
11476      0.12202      -0.79981      -0.42768
11477     -0.00423      -1.04644      -0.49446
11478     -0.01671      -1.09439      -0.47972
11479     -0.00328      -1.07757      -0.51065
11480      0.03478      -1.09937      -0.48411
11481      0.08268      -1.06215      -0.46176
11482      0.07230      -1.10509      -0.44867
11483      0.08435      -1.09065      -0.47689
11484      0.00278      -1.12642      -0.54139
11485     -0.00814      -1.11537      -0.51021
11486      0.03809      -1.14123      -0.50348
11487      0.09178      -1.13664      -0.50693
11488      0.08101      -1.12523      -0.47738
11489     -0.01315      -1.14384      -0.50381
11490      0.07698      -1.15216      -0.47183
11491      0.00180      -0.98983      -0.47953
11492      0.08705      -1.00679      -0.44609
11493      0.01496      -0.76714      -0.38856
11494      0.00025      -0.78715      -0.36546
11495      0.04771      -0.77306      -0.35139
11496      0.09436      -0.79212      -0.35771
11497      0.08083      -0.80960      -0.33549
11498      0.00143      -0.75618      -0.34171
11499     -0.01325      -0.78084      -0.31840
11500      0.03468      -0.76510      -0.30425
11501      0.08096      -0.78198      -0.31393
11502      0.06829      -0.80327      -0.29284
11503     -0.03979      -0.86705      -0.29593
11504     -0.05167      -0.89651      -0.27253
11505     -0.00437      -0.87209      -0.25928
11506      0.04508      -0.88206      -0.27030
11507      0.03406      -0.91075      -0.24801
11508     -0.07077      -0.98729      -0.25408
11509      0.01677      -0.99974      -0.22945
11510     -0.11136      -1.20913      -0.21081
11511     -0.10855      -1.22859      -0.22982
11512     -0.06836      -1.23888      -0.20070
11513     -0.02051      -1.22279      -0.18464
11514     -0.01758      -1.24226      -0.20239
11515      0.07448      -0.51348      -0.17266
11516      0.12016      -0.46251      -0.20658
11517      0.09011      -0.48089      -0.12456
11518      0.09944      -0.53595      -0.12784
11519      0.11503      -0.53446      -0.20589
11520      0.13999      -0.55693      -0.16108
11521      0.18014      -0.51026      -0.19439
11522      0.15209      -0.52660      -0.11624
11523      0.06247      -0.51712      -0.10824
11524      0.12765      -0.56086      -0.10018
11525      0.07319      -0.56076      -0.29224
11526      0.05833      -0.60107      -0.31587
11527      0.09379      -0.53993      -0.32469
11528      0.12591      -0.55084      -0.28816
11529      0.09057      -0.61013      -0.27724
11530      0.14329      -0.60021      -0.27316
11531      0.13058      -0.63842      -0.29423
11532      0.16339      -0.57997      -0.30533
11533      0.11468      -0.49732      -0.30174
11534      0.11705      -0.51761      -0.35694
11535      0.13794      -0.47500      -0.33399
11536      0.17054      -0.50806      -0.35047
11537      0.18082      -0.54052      -0.28452
11538      0.18476      -0.55951      -0.33538
11539      0.20219      -0.52007      -0.31458
11540      0.19101      -0.41063      -0.34324
11541      0.22875      -0.38636      -0.37381
11542      0.21830      -0.44568      -0.35839
11543      0.24755      -0.46298      -0.32639
11544      0.28063      -0.44168      -0.35217
11545      0.26618      -0.36455      -0.40438
11546      0.31281      -0.34398      -0.43502
11547      0.36550      -0.29684      -0.41129
11548      0.28749      -0.40602      -0.41578
11549      0.38240      -0.34131      -0.42425
11550      0.31239      -0.42383      -0.37900
11551      0.35708      -0.40335      -0.40501
11552      0.40695      -0.35791      -0.38639
11553      0.46537      -0.24930      -0.41513
11554      0.41052      -0.28833      -0.44126
11555      0.47201      -0.29931      -0.42775
11556      0.49150      -0.31662      -0.38886
11557      0.44389      -0.35228      -0.41074
11558      0.26667      -0.39023      -0.45802
11559      0.36090      -0.32595      -0.46671
11560      0.31543      -0.44756      -0.42648
11561      0.40180      -0.38761      -0.43522
11562      0.44475      -0.28193      -0.47207
11563      0.47973      -0.34625      -0.44241
11564      0.28149      -0.44573      -0.56568
11565      0.35826      -0.38710      -0.57802
11566      0.33578      -0.50006      -0.52845
11567      0.40423      -0.44952      -0.54407
11568      0.41533      -0.34758      -0.58609
11569      0.46863      -0.40617      -0.55761
11570      0.11346      -0.78074      -0.60128
11571      0.13593      -0.76607      -0.63312
11572      0.13796      -0.72774      -0.61388
11573      0.18565      -0.75448      -0.61787
11574      0.19073      -0.80468      -0.55918
11575      0.21301      -0.79184      -0.59146
11576      0.21335      -0.75406      -0.57113
11577      0.16337      -0.71047      -0.64581
11578      0.23729      -0.74027      -0.60252
11579      0.35994      -0.80742      -0.95343
11580      0.30308      -0.79902      -0.88432
11581      0.36443      -0.84663      -0.89868
11582      0.42925      -0.82868      -0.89080
11583      0.37527      -0.82024      -0.82659
11584      0.26408      -0.85173      -0.85081
11585      0.30818      -0.85874      -0.90785
11586      0.32625      -0.88595      -0.85827
11587      0.33699      -0.86621      -0.79160
11588      0.38250      -0.87384      -0.84910
11589     -0.09249      -0.96352      -0.14232
11590     -0.09924      -0.96730      -0.10209
11591     -0.09969      -0.99097      -0.12617
11592     -0.05187      -0.99712      -0.13867
11593     -0.00412      -0.97882      -0.12696
11594     -0.01043      -0.98278      -0.08993
11595     -0.01067      -1.00627      -0.11200
11596     -0.09778      -0.94431      -0.07972
11597     -0.00917      -0.95993      -0.07005
11598     -0.08094      -0.83470      -0.03107
11599     -0.07801      -0.81796      -0.00540
11600     -0.03364      -0.82217      -0.02248
11601      0.00521      -0.85333      -0.02737
11602      0.00764      -0.83747      -0.00396
11603     -0.15623      -1.24946      -0.03056
11604     -0.06306      -1.27180      -0.02530
11605     -0.11939      -1.13465       0.23849
11606     -0.11774      -1.15897       0.28891
11607     -0.12330      -1.16779       0.24854
11608     -0.07500      -1.17902       0.26495
11609     -0.02663      -1.14822       0.22902
11610     -0.02438      -1.17224       0.27845
11611     -0.02974      -1.18032       0.23898
11612     -0.12964      -1.22348       0.25457
11613     -0.12390      -1.19531       0.27587
11614     -0.07854      -1.22328       0.27657
11615     -0.03495      -1.23519       0.24397
11616     -0.02964      -1.20699       0.26565
11617     -0.12309      -1.21273       0.30223
11618     -0.02832      -1.22392       0.29175
11619     -0.11544      -1.08651       0.20635
11620     -0.02380      -1.10133       0.19709
11621     -0.08589      -0.87867       0.12581
11622      0.00117      -0.89709       0.11788
11623     -0.07949      -0.84465       0.11385
11624      0.00668      -0.86434       0.10755
11625     -0.05950      -0.77033       0.12587
11626     -0.04800      -0.73326       0.11313
11627     -0.04441      -0.73267       0.15322
11628     -0.01412      -0.76544       0.09692
11629      0.02346      -0.79580       0.12040
11630      0.03335      -0.76048       0.10754
11631      0.03671      -0.76037       0.14503
11632     -0.04003      -0.73224       0.19357
11633      0.04069      -0.76041       0.18139
11634     -0.04312      -0.84910       0.34772
11635      0.04029      -0.87251       0.32358
11636     -0.03384      -0.73358       0.23384
11637     -0.01289      -0.69724       0.26279
11638     -0.02590      -0.73650       0.27473
11639      0.00487      -0.76776       0.25179
11640      0.04653      -0.76210       0.21840
11641      0.06392      -0.73064       0.24345
11642      0.05384      -0.76587       0.25576
11643     -0.03583      -0.81285       0.33605
11644     -0.02665      -0.77689       0.32497
11645      0.00360      -0.80719       0.29985
11646      0.04604      -0.83870       0.31199
11647      0.05360      -0.80508       0.30096
11648      0.11472      -0.47000       0.17689
11649      0.14433      -0.45196       0.22308
11650      0.07372      -0.52308       0.19362
11651      0.10846      -0.53197       0.15724
11652      0.17812      -0.45863       0.18181
11653      0.17186      -0.52060       0.16216
11654      0.19937      -0.50388       0.20469
11655      0.13515      -0.57159       0.17723
11656      0.03382      -0.57244       0.17266
11657      0.05849      -0.53158       0.15310
11658      0.07193      -0.57813       0.13705
11659      0.10139      -0.61581       0.15893
11660      0.12190      -0.57853       0.14119
11661      0.10900      -0.91021       0.71244
11662      0.18022      -0.94598       0.66229
11663      0.06655      -0.94805       0.67682
11664      0.14031      -0.98393       0.63023
11665      0.19345      -0.50585       0.45536
11666      0.21870      -0.50129       0.49827
11667      0.18770      -0.54664       0.50452
11668      0.16245      -0.55120       0.46161
11669      0.19526      -0.55465       0.42054
11670      0.25262      -0.50651       0.45971
11671      0.24672      -0.54509       0.50566
11672      0.19271      -0.59434       0.46920
11673      0.25443      -0.55531       0.42489
11674      0.28063      -0.55031       0.46710
11675      0.25173      -0.59280       0.47033
11676      0.22553      -0.59780       0.42812
11677      0.14037      -0.55394       0.42447
11678      0.14110      -0.59019       0.47489
11679      0.20294      -0.60095       0.39197
11680      0.20623      -0.63486       0.43988
11681      0.14096      -0.62840       0.52159
11682      0.20804      -0.67121       0.48443
11683      0.43453      -0.63139       0.95345
11684      0.39351      -0.64085       0.91547
11685      0.43632      -0.58296       0.92123
11686      0.44938      -0.68249       0.92825
11687      0.49923      -0.67118       0.89825
11688      0.45841      -0.67765       0.85913
11689      0.49790      -0.62377       0.86482
11690      0.46088      -0.55025       0.92762
11691      0.52706      -0.58518       0.87274
11692      0.31791      -0.40213       0.52326
11693      0.29270      -0.41037       0.48479
11694      0.35911      -0.35871       0.51195
11695      0.37874      -0.40389       0.52544
11696      0.31409      -0.45515       0.49408
11697      0.37492      -0.45692       0.49626
11698      0.34873      -0.46568       0.45977
11699      0.41246      -0.41744       0.49007
11700      0.40304      -0.32171       0.52760
11701      0.37302      -0.35662       0.54705
11702      0.42459      -0.36541       0.54586
11703      0.46116      -0.37696       0.50985
11704      0.43031      -0.41269       0.52425
11705      0.20436      -0.46724       0.40919
11706      0.17999      -0.47370       0.36718
11707      0.22288      -0.42783       0.36259
11708      0.20216      -0.51836       0.37721
11709      0.21483      -0.48160       0.33212
11710      0.26174      -0.52007       0.38290
11711      0.23699      -0.52626       0.34215
11712      0.27645      -0.48315       0.34030
11713      0.31317      -0.31796       0.28269
11714      0.36896      -0.25946       0.24693
11715      0.34496      -0.32026       0.22760
11716      0.35914      -0.37319       0.26368
11717      0.41307      -0.31265       0.22997
11718     -0.08448      -0.93481      -0.15901
11719     -0.07831      -0.88221      -0.14471
11720      0.00326      -0.95005      -0.14273
11721      0.00877      -0.89693      -0.13031
11722      0.09423      -0.78963      -0.57034
11723      0.17126      -0.81258      -0.52769
11724      0.04281      -0.75003      -0.44380
11725      0.02889      -0.75711      -0.41560
11726      0.07522      -0.75281      -0.40419
11727      0.12156      -0.77493      -0.41060
11728      0.10794      -0.78190      -0.38347
11729      0.01589      -0.66631      -0.27702
11730      0.02281      -0.63435      -0.25045
11731     -0.00233      -0.69179      -0.25111
11732      0.04125      -0.71028      -0.26337
11733      0.06609      -0.65542      -0.26863
11734      0.09145      -0.69938      -0.25499
11735      0.09695      -0.66943      -0.23113
11736      0.07449      -0.72385      -0.23033
11737     -0.00776      -0.72135      -0.27455
11738     -0.02332      -0.74507      -0.25207
11739      0.02142      -0.76174      -0.26244
11740      0.07044      -0.75067      -0.25126
11741      0.05624      -0.77283      -0.23006
11742     -0.06282      -0.92830      -0.24964
11743      0.02389      -0.94222      -0.22675
11744      0.04965      -0.58335      -0.25170
11745      0.08684      -0.52163      -0.25489
11746      0.06330      -0.54421      -0.21435
11747      0.07931      -0.59578      -0.20793
11748      0.12023      -0.62256      -0.23347
11749      0.15410      -0.56367      -0.23916
11750      0.13104      -0.58602      -0.19947
11751      0.03765      -0.57559      -0.17985
11752      0.04883      -0.54486      -0.13816
11753      0.06581      -0.59560      -0.13816
11754      0.10746      -0.61579      -0.16624
11755      0.11641      -0.58669      -0.12784
11756      0.16367      -0.45322      -0.36579
11757      0.22517      -0.50052      -0.34307
11758      0.12324      -0.53755      -0.40786
11759      0.14106      -0.49628      -0.38719
11760      0.17627      -0.52864      -0.39796
11761      0.19081      -0.57862      -0.37973
11762      0.20575      -0.54043      -0.36123
11763      0.19234      -0.43178      -0.39610
11764      0.22977      -0.40996      -0.42667
11765      0.22563      -0.46652      -0.40763
11766      0.25158      -0.48042      -0.36991
11767      0.28334      -0.46257      -0.39674
11768      0.14931      -0.51777      -0.43837
11769      0.21362      -0.56222      -0.40729
11770      0.20050      -0.45502      -0.44841
11771      0.26097      -0.50159      -0.41621
11772      0.13344      -0.62276      -0.52776
11773      0.17280      -0.56462      -0.54021
11774      0.20421      -0.65761      -0.48921
11775      0.23940      -0.60554      -0.50214
11776      0.21995      -0.50574      -0.55289
11777      0.28153      -0.55349      -0.51626
11778      0.18667      -0.73888      -0.70611
11779      0.15790      -0.75586      -0.66914
11780      0.20605      -0.78527      -0.67744
11781      0.26058      -0.76948      -0.66110
11782      0.23380      -0.78389      -0.62617
11783      0.15878      -0.79412      -0.69418
11784      0.23633      -0.81816      -0.65030
11785      0.27276      -0.89633      -0.87095
11786      0.22832      -0.84770      -0.80717
11787      0.34608      -0.90831      -0.81022
11788      0.29944      -0.86370      -0.74715
11789      0.19152      -0.82244      -0.75495
11790      0.26461      -0.84059      -0.69968
11791     -0.02453      -0.65488       0.00233
11792      0.05187      -0.68836       0.00234
11793     -0.03721      -0.68707       0.01655
11794     -0.04566      -0.70916      -0.01231
11795     -0.00734      -0.72793       0.00825
11796      0.04161      -0.71708       0.01530
11797      0.03466      -0.73706      -0.01066
11798     -0.09071      -0.89792      -0.06954
11799     -0.00294      -0.91381      -0.06101
11800     -0.07241      -0.81103       0.09884
11801     -0.07632      -0.81708       0.06116
11802     -0.02857      -0.80702       0.06890
11803      0.01266      -0.83203       0.09295
11804      0.00862      -0.83898       0.05587
11805     -0.07390      -0.80081       0.02225
11806     -0.06942      -0.78690       0.05181
11807     -0.02654      -0.79046       0.03046
11808      0.01063      -0.82292       0.02133
11809      0.01432      -0.81058       0.04755
11810     -0.05279      -0.73975       0.07558
11811     -0.04117      -0.70400       0.06269
11812     -0.00990      -0.74091       0.04914
11813      0.02877      -0.76660       0.07048
11814      0.03839      -0.73329       0.05721
11815     -0.04415      -0.77142       0.24622
11816      0.03776      -0.79824       0.23029
11817     -0.04533      -0.81057       0.29733
11818      0.03730      -0.83594       0.27700
11819     -0.03631      -0.77359       0.28568
11820      0.04478      -0.80135       0.26596
11821      0.12741      -0.44252       0.11958
11822      0.15677      -0.41977       0.16150
11823      0.08537      -0.49276       0.13497
11824      0.12209      -0.50280       0.10250
11825      0.18276      -0.49361       0.11092
11826      0.20943      -0.47220       0.14831
11827      0.14519      -0.54201       0.12476
11828      0.04546      -0.54071       0.11408
11829      0.07233      -0.50189       0.09595
11830      0.08365      -0.54923       0.08231
11831      0.11012      -0.58665       0.10528
11832      0.13341      -0.55014       0.08885
11833      0.05477      -0.98229       0.68359
11834      0.12943      -1.01784       0.63702
11835      0.05754      -1.02345       0.71737
11836      0.13282      -1.05758       0.66860
11837      0.46905      -0.63905       1.00178
11838      0.43786      -0.65877       0.97875
11839      0.49286      -0.67366       0.97421
11840      0.53547      -0.68041       0.94834
11841      0.50438      -0.69737       0.92370
11842      0.46042      -0.70149       1.03438
11843      0.42981      -0.69172       0.98939
11844      0.46846      -0.66855       1.02374
11845      0.51163      -0.70402       1.01944
11846      0.48012      -0.73308       0.99482
11847      0.53134      -0.73561       0.97988
11848      0.49969      -0.72385       0.93368
11849      0.53603      -0.70913       0.96991
11850      0.49365      -0.67135       1.05431
11851      0.55560      -0.71628       0.99692
11852      0.38788      -0.38810       0.64070
11853      0.34026      -0.43135       0.61911
11854      0.36475      -0.39182       0.60180
11855      0.41739      -0.39901       0.59823
11856      0.37216      -0.43816       0.57689
11857      0.44941      -0.44012       0.61045
11858      0.40156      -0.48362       0.58829
11859      0.42479      -0.44535       0.57331
11860      0.25369      -0.45492       0.49135
11861      0.22915      -0.46139       0.45075
11862      0.31301      -0.50674       0.46244
11863      0.28741      -0.51407       0.42384
11864      0.14324      -0.51970       0.37515
11865      0.15466      -0.48212       0.32477
11866      0.20387      -0.56925       0.34773
11867      0.21204      -0.53437       0.30190
11868      0.19125      -0.39810       0.20124
11869      0.24008      -0.34877       0.18477
11870      0.25510      -0.39066       0.20387
11871      0.24197      -0.45119       0.18443
11872      0.28680      -0.40280       0.17022
11873      0.27692      -0.32844       0.22421
11874      0.33326      -0.27729       0.20836
11875      0.32314      -0.38248       0.20726
11876      0.37692      -0.33065       0.19391
11877      0.38188      -0.21888       0.10454
11878      0.48154      -0.14418       0.12532
11879      0.42122      -0.26984       0.09892
11880      0.52015      -0.19155       0.11858
11881      0.54106      -0.09206       0.13789
11882      0.49725      -0.13325       0.15746
11883      0.54905      -0.13025       0.16158
11884      0.58252      -0.13488       0.13236
11885      0.53759      -0.18056       0.15140
11886     -0.09196      -0.98843      -0.16763
11887     -0.00335      -1.00277      -0.14996
11888      0.07419      -0.76507      -0.52028
11889      0.15116      -0.78754      -0.47922
11890      0.02983      -0.73080      -0.39578
11891      0.01590      -0.74083      -0.36874
11892      0.06287      -0.73547      -0.35732
11893      0.10825      -0.75748      -0.36573
11894      0.09467      -0.76770      -0.33997
11895      0.02271      -0.68238      -0.32454
11896      0.03143      -0.64884      -0.30520
11897      0.00717      -0.69986      -0.29636
11898      0.05033      -0.72029      -0.30579
11899      0.09916      -0.71439      -0.30044
11900      0.10620      -0.68307      -0.28262
11901      0.08441      -0.73071      -0.27281
11902      0.00316      -0.72870      -0.31765
11903     -0.01177      -0.75019      -0.29585
11904      0.08185      -0.75668      -0.29239
11905      0.06788      -0.77665      -0.27084
11906     -0.02765      -0.80622      -0.29645
11907     -0.04049      -0.83387      -0.27237
11908      0.00734      -0.81273      -0.26101
11909      0.05535      -0.82552      -0.27156
11910      0.04347      -0.85096      -0.24793
11911     -0.02617      -0.77558      -0.27389
11912     -0.03908      -0.79793      -0.25019
11913      0.05494      -0.79889      -0.24956
11914      0.04399      -0.81767      -0.22793
11915     -0.05392      -0.86099      -0.24141
11916      0.03148      -0.87607      -0.21942
11917      0.03051      -0.60323      -0.21880
11918      0.01641      -0.60430      -0.14840
11919      0.10247      -0.64091      -0.20209
11920      0.08821      -0.64261      -0.13625
11921      0.02626      -0.57746      -0.11967
11922      0.09596      -0.61780      -0.10891
11923      0.16973      -0.47483      -0.41751
11924      0.23217      -0.52033      -0.38807
11925      0.07412      -0.73533      -0.50146
11926      0.10108      -0.68042      -0.51495
11927      0.15073      -0.76096      -0.46333
11928      0.17537      -0.71049      -0.47714
11929      0.18489      -0.78423      -0.72994
11930      0.25865      -0.80884      -0.68007
11931     -0.09994      -1.01589      -0.14960
11932     -0.10728      -1.04323      -0.13189
11933     -0.05874      -1.04864      -0.14370
11934     -0.01067      -1.02987      -0.13276
11935     -0.01717      -1.05626      -0.11660
11936     -0.05577      -0.73968       0.00052
11937     -0.06175      -0.76000      -0.02728
11938     -0.02251      -0.77797      -0.00690
11939      0.02591      -0.76623       0.00083
11940      0.02073      -0.78579      -0.02459
11941     -0.04906      -0.72080       0.03012
11942      0.03182      -0.74805       0.02727
11943     -0.05927      -0.75261       0.04166
11944     -0.06598      -0.77149       0.01205
11945      0.02283      -0.77877       0.03795
11946      0.01693      -0.79694       0.01151
11947     -0.06294      -0.77404       0.08574
11948      0.02026      -0.79842       0.08008
11949      0.02430      -0.57751       0.13170
11950      0.01370      -0.61146       0.19061
11951      0.09344      -0.61905       0.12235
11952      0.08487      -0.65144       0.17624
11953      0.00708      -0.65328       0.25650
11954      0.07994      -0.69219       0.23742
11955      0.14738      -0.41527       0.06589
11956      0.10229      -0.46417       0.07887
11957      0.14005      -0.47555       0.04945
11958      0.20017      -0.46698       0.06050
11959      0.15985      -0.51417       0.07308
11960      0.06115      -0.51173       0.05805
11961      0.09111      -0.47401       0.04097
11962      0.10040      -0.52222       0.02923
11963      0.12289      -0.55973       0.05348
11964      0.14934      -0.52376       0.03771
11965      0.21353      -0.54226       0.54681
11966      0.15947      -0.59177       0.51058
11967      0.27797      -0.58800       0.51130
11968      0.22503      -0.63612       0.47457
11969      0.39132      -0.68949       0.94198
11970      0.45838      -0.72312       0.88480
11971      0.42328      -0.74063       1.00661
11972      0.49506      -0.76681       0.94861
11973      0.16866      -0.51170       0.41380
11974      0.22876      -0.56132       0.38395
11975      0.21963      -0.38833       0.25138
11976      0.25588      -0.37784       0.30986
11977      0.23393      -0.44032       0.28005
11978      0.26940      -0.44266       0.23254
11979      0.30540      -0.43336       0.28896
11980      0.19761      -0.43383       0.31685
11981      0.25115      -0.48808       0.29532
11982      0.42768      -0.20777       0.23060
11983      0.46986      -0.25969       0.21603
11984      0.51597      -0.12394       0.19132
11985      0.47194      -0.16508       0.21096
11986      0.52510      -0.16449       0.21258
11987      0.55818      -0.17081       0.18284
11988      0.51364      -0.21503       0.19896
11989     -0.12199      -1.21523      -0.17740
11990     -0.11920      -1.23415      -0.19774
11991     -0.11415      -1.19021      -0.19047
11992     -0.07394      -1.20105      -0.16167
11993     -0.07911      -1.24472      -0.16810
11994     -0.03106      -1.23054      -0.15237
11995     -0.02826      -1.24945      -0.17107
11996     -0.02330      -1.20388      -0.16595
11997     -0.11694      -1.16935      -0.16884
11998     -0.10963      -1.14326      -0.18307
11999     -0.06904      -1.15114      -0.15347
12000     -0.02604      -1.18284      -0.14630
12001     -0.01890      -1.15466      -0.16051
12002      0.01763      -0.71336      -0.34469
12003      0.03237      -0.70251      -0.37592
12004      0.09556      -0.74240      -0.31842
12005      0.10955      -0.73194      -0.34756
12006      0.04427      -0.72153      -0.42464
12007      0.12201      -0.74867      -0.39283
12008      0.05774      -0.74210      -0.47230
12009      0.13570      -0.76791      -0.43756
12010      0.04195      -0.61447      -0.28335
12011      0.11471      -0.65108      -0.26252
12012     -0.10652      -1.06816      -0.15526
12013     -0.11330      -1.09558      -0.13750
12014     -0.06410      -1.09981      -0.14861
12015     -0.01632      -1.08029      -0.13705
12016     -0.02236      -1.10733      -0.12059
12017     -0.07009      -0.78865      -0.01560
12018     -0.07437      -0.80752      -0.04211
12019      0.01393      -0.81149      -0.01378
12020      0.01082      -0.82759      -0.03800
12021     -0.08335      -0.85283      -0.05644
12022      0.00337      -0.87018      -0.05007
12023      0.07983      -0.48576       0.00278
12024      0.05355      -0.51978       0.02045
12025      0.13986      -0.53421       0.00209
12026      0.11655      -0.56656       0.01965
12027      0.03654      -0.54721       0.07545
12028      0.10243      -0.59171       0.06937
12029      0.19363      -0.36742       0.05541
12030      0.12358      -0.43549       0.02564
12031      0.24211      -0.42005       0.04966
12032      0.17888      -0.48590       0.02157
12033      0.30964      -0.43958       0.57504
12034      0.27453      -0.48864       0.58403
12035      0.30759      -0.49296       0.54235
12036      0.37010      -0.49154       0.54420
12037      0.33674      -0.53779       0.54965
12038      0.24608      -0.49454       0.54048
12039      0.30823      -0.54351       0.50753
12040      0.39130      -0.35491       0.58412
12041      0.34648      -0.39353       0.56474
12042      0.45068      -0.40952       0.55997
12043      0.40442      -0.44852       0.53759
12044      0.17271      -0.44219       0.27322
12045      0.22680      -0.49535       0.25281
12046      0.49290      -0.15665       0.24635
12047      0.53629      -0.20644       0.23266
12048      0.28287      -0.29445       0.08104
12049      0.32565      -0.34736       0.07556
12050     -0.10472      -1.09324      -0.17788
12051     -0.09894      -1.04145      -0.17322
12052     -0.01441      -1.10441      -0.15732
12053     -0.00948      -1.05411      -0.15380
12054     -0.11912      -1.14729      -0.14408
12055     -0.12494      -1.19705      -0.15282
12056     -0.02797      -1.16093      -0.12491
12057     -0.03378      -1.21256      -0.13058
12058     -0.13107      -1.23959      -0.15948
12059     -0.04007      -1.25716      -0.13454
12060      0.28107      -0.44817       0.53356
12061      0.34060      -0.49994       0.50287
12062     -0.11198      -1.11960      -0.16100
12063     -0.02116      -1.13135      -0.14108
