     1   0.988598   -0.512589   0.909917
     2   0.970685   -0.477842   0.863466
     3   0.953553   -0.438707   0.820249
     4   0.935397   -0.396879   0.780029
     5   0.918106   -0.354841   0.739666
     6   0.900325   -0.314197   0.698103
     7   0.882173   -0.276949   0.653633
     8   0.864256   -0.243189   0.606375
     9   0.846560   -0.213437   0.556421
     10   0.828765   -0.187946   0.504183
     11   0.810149   -0.166010   0.450643
     12   0.791273   -0.146867   0.396121
     13   0.770294   -0.130064   0.341601
     14   0.750573   -0.113058   0.286665
     15   0.729627   -0.095845   0.232243
     16   0.707806   -0.076527   0.178904
     17   0.687299   -0.052178   0.127171
     18   0.668680   -0.019467   0.079715
     19   0.661898   0.026702   0.041654
     20   0.670368   0.083331   0.022491
     21   0.687187   0.141399   0.018597
     22   0.708895   0.197708   0.024832
     23   0.731014   0.253150   0.036327
     24   0.751725   0.308690   0.049863
     25   0.772663   0.363941   0.064204
     26   0.791560   0.419946   0.078374
     27   0.810222   0.476578   0.090161
     28   0.828199   0.533822   0.099977
     29   0.846165   0.591664   0.103742
     30   0.863052   0.649865   0.105133
     31   0.881263   0.707524   0.098890
     32   0.899578   0.764460   0.088290
     33   0.917323   0.820604   0.073176
     34   0.935595   0.875660   0.055001
     35   0.954154   0.930463   0.036322
     36   0.971413   0.987061   0.022503
     37   0.988621   1.044475   0.012606
     38   0.944889   -0.542807   0.959653
     39   0.884089   -0.539281   0.961654
     40   0.823378   -0.534405   0.964399
     41   0.762579   -0.530435   0.966608
     42   0.701735   -0.527021   0.968490
     43   0.640808   -0.525387   0.969389
     44   0.580137   -0.520114   0.972249
     45   0.520466   -0.509989   0.977634
     46   0.463330   -0.491238   0.987294
     47   0.408539   -0.467236   0.998934
     48   0.356347   -0.438623   1.011935
     49   0.307822   -0.404667   1.026193
     50   0.263997   -0.364987   1.041013
     51   0.222196   -0.322871   1.054995
     52   0.183525   -0.277633   1.068058
     53   0.148422   -0.229127   1.079528
     54   0.114759   -0.179223   1.089073
     55   0.084025   -0.127135   1.096659
     56   0.057783   -0.072338   1.101605
     57   0.033171   -0.016623   1.103983
     58   0.011797   0.040441   1.103641
     59   -0.007563   0.098117   1.099941
     60   -0.024535   0.156281   1.093326
     61   -0.039710   0.214528   1.083690
     62   -0.051913   0.272763   1.070435
     63   -0.062754   0.330442   1.054113
     64   -0.070774   0.387662   1.034680
     65   -0.075400   0.443891   1.011634
     66   -0.077724   0.498991   0.985671
     67   -0.077506   0.552675   0.956826
     68   -0.078127   0.604474   0.924743
     69   -0.075774   0.654504   0.890000
     70   -0.069902   0.702439   0.852863
     71   -0.062641   0.747934   0.812946
     72   -0.052460   0.790983   0.771068
     73   -0.040075   0.831536   0.727273
     74   -0.024909   0.868989   0.681632
     75   -0.007135   0.903677   0.634796
     76   0.011568   0.935793   0.586484
     77   0.034298   0.964340   0.537672
     78   0.057592   0.990364   0.487785
     79   0.084162   1.013397   0.437993
     80   0.115234   1.032783   0.389258
     81   0.148714   1.049521   0.341182
     82   0.183401   1.063895   0.293156
     83   0.221945   1.075207   0.247302
     84   0.263231   1.084222   0.203420
     85   0.307941   1.091052   0.162567
     86   0.355785   1.095776   0.125198
     87   0.408527   1.098718   0.094959
     88   0.463478   1.100614   0.068631
     89   0.520665   1.101630   0.047663
     90   0.580231   1.102052   0.035604
     91   0.640972   1.102188   0.030513
     92   0.701862   1.102256   0.027422
     93   0.762715   1.102327   0.023769
     94   0.823494   1.102402   0.018967
     95   0.884145   1.102464   0.012767
     96   0.944876   1.102493   0.008096
     97   1.005840   1.102495   0.007650
     98   1.005840   -0.544065   0.958933
     99   0.642207   0.150715   0.061412
     100   0.599794   0.156719   0.106742
     101   0.557901   0.163767   0.155332
     102   0.517939   0.170756   0.205572
     103   0.481127   0.178367   0.256850
     104   0.444831   0.185857   0.308460
     105   0.409781   0.195280   0.361348
     106   0.375079   0.206349   0.413493
     107   0.340876   0.217817   0.464424
     108   0.307344   0.228996   0.513968
     109   0.275901   0.239873   0.562753
     110   0.245675   0.249781   0.609955
     111   0.216035   0.257232   0.656006
     112   0.186577   0.262006   0.703270
     113   0.154780   0.268812   0.752501
     114   0.121331   0.277623   0.802030
     115   0.087126   0.287682   0.851796
     116   0.051230   0.297878   0.901100
     117   0.015011   0.308601   0.951078
     118   -0.022875   0.319374   1.001675
     119   0.477917   1.044171   0.096833
     120   0.491648   0.989757   0.121453
     121   0.506804   0.938000   0.144158
     122   0.523266   0.885035   0.162542
     123   0.537156   0.828053   0.178094
     124   0.548240   0.769811   0.191343
     125   0.554764   0.710747   0.199327
     126   0.558972   0.652881   0.204774
     127   0.560237   0.596446   0.206767
     128   0.558609   0.540983   0.207376
     129   0.552619   0.484303   0.206292
     130   0.545974   0.423225   0.203285
     131   0.537231   0.360154   0.200367
     132   0.527380   0.297117   0.197825
     133   0.519767   0.233917   0.198707
     134   0.330161   1.035280   0.191265
     135   0.349171   0.980329   0.216477
     136   0.365877   0.925550   0.238899
     137   0.380435   0.869762   0.257804
     138   0.393114   0.812891   0.272832
     139   0.403929   0.755166   0.283777
     140   0.414115   0.697308   0.291802
     141   0.423793   0.639279   0.295544
     142   0.434649   0.580379   0.293615
     143   0.452258   0.515713   0.282013
     144   0.447365   0.442290   0.285220
     145   0.442917   0.376127   0.286592
     146   0.439717   0.312164   0.289676
     147   0.439151   0.248858   0.296228
     148   0.285472   1.029633   0.229634
     149   0.304696   0.976425   0.253997
     150   0.320722   0.922540   0.276111
     151   0.334289   0.866600   0.294154
     152   0.346820   0.809567   0.309009
     153   0.358478   0.751855   0.320526
     154   0.369709   0.693807   0.328998
     155   0.379243   0.634788   0.332574
     156   0.388863   0.574689   0.332764
     157   0.397730   0.511878   0.329944
     158   0.399659   0.446375   0.330941
     159   0.398645   0.382270   0.332668
     160   0.398388   0.319157   0.337459
     161   0.400876   0.256672   0.346422
     162   -0.032042   0.376826   0.981634
     163   0.004318   0.366273   0.930229
     164   0.039724   0.355750   0.879888
     165   0.074579   0.345151   0.830362
     166   0.108514   0.334487   0.781671
     167   0.140575   0.324159   0.733819
     168   0.171389   0.315594   0.686514
     169   0.201649   0.308626   0.639665
     170   0.232262   0.301221   0.592868
     171   0.263774   0.292926   0.545408
     172   0.295882   0.283860   0.496650
     173   0.329658   0.274752   0.447248
     174   0.364813   0.265563   0.397290
     175   0.633214   0.093047   0.065027
     176   0.599618   0.093049   0.112362
     177   0.560973   0.100699   0.165861
     178   0.526141   0.109530   0.220491
     179   0.492808   0.117423   0.273514
     180   0.460259   0.123358   0.327927
     181   0.426657   0.135487   0.383496
     182   0.391827   0.149397   0.437113
     183   0.357105   0.163401   0.488521
     184   0.323226   0.176777   0.537982
     185   0.290893   0.189488   0.585466
     186   0.260341   0.200803   0.630317
     187   0.232499   0.208223   0.672862
     188   0.207312   0.206058   0.719905
     189   0.173491   0.210817   0.772175
     190   0.137919   0.218798   0.823513
     191   0.101096   0.228165   0.873114
     192   0.064082   0.238657   0.922016
     193   0.026712   0.249883   0.970754
     194   -0.011764   0.261316   1.019834
     195   0.658045   0.209228   0.064777
     196   0.609801   0.218507   0.106894
     197   0.564045   0.226410   0.152319
     198   0.677396   0.267379   0.073361
     199   0.625865   0.279781   0.112839
     200   0.575406   0.289116   0.154466
     201   0.697544   0.326266   0.083063
     202   0.643795   0.343212   0.119997
     203   0.588761   0.352568   0.159442
     204   0.758315   0.483774   0.106365
     205   0.709708   0.487057   0.124507
     206   0.660223   0.479794   0.144536
     207   0.605163   0.480054   0.173372
     208   0.771149   0.538427   0.112936
     209   0.716342   0.540327   0.131117
     210   0.662269   0.539007   0.151959
     211   0.608977   0.539160   0.177880
     212   0.784168   0.595371   0.118130
     213   0.723765   0.597275   0.134348
     214   0.666046   0.597254   0.155053
     215   0.611416   0.596904   0.179423
     216   0.770912   1.035381   0.033843
     217   0.770949   0.969315   0.049506
     218   0.772838   0.907488   0.069003
     219   0.783502   0.847896   0.086641
     220   0.811400   0.785149   0.097505
     221   0.805238   0.716222   0.110144
     222   0.795492   0.654452   0.116568
     223   0.611521   0.654998   0.177845
     224   0.669039   0.656331   0.154729
     225   0.730284   0.656464   0.133006
     226   0.243885   1.023357   0.270541
     227   0.262161   0.973113   0.293187
     228   0.274563   0.920352   0.314092
     229   0.287729   0.864892   0.333590
     230   0.300453   0.807641   0.349159
     231   0.312637   0.749625   0.360989
     232   0.323815   0.691076   0.368890
     233   0.333898   0.632026   0.373187
     234   0.343465   0.572345   0.375367
     235   0.350838   0.511392   0.375682
     236   0.354564   0.449403   0.376782
     237   0.356932   0.387567   0.380185
     238   0.359440   0.326236   0.386503
     239   -0.038418   0.433448   0.959958
     240   -0.003652   0.423411   0.908960
     241   0.030734   0.412802   0.858517
     242   0.065099   0.401563   0.808898
     243   0.098607   0.389440   0.760775
     244   0.130240   0.377050   0.716156
     245   0.160387   0.367864   0.671775
     246   0.190268   0.360645   0.626263
     247   0.221248   0.354098   0.579818
     248   0.253296   0.347297   0.532320
     249   0.286708   0.340242   0.484010
     250   0.322109   0.333329   0.435394
     251   0.377550   0.111961   0.518359
     252   0.398807   0.062148   0.552748
     253   0.420003   0.014549   0.591275
     254   0.439780   -0.031958   0.631081
     255   0.457620   -0.077999   0.670274
     256   0.474692   -0.122357   0.709170
     257   0.489214   -0.167513   0.746285
     258   0.502278   -0.213384   0.782681
     259   0.514133   -0.262100   0.816654
     260   0.525851   -0.313082   0.848670
     261   0.537832   -0.366356   0.878033
     262   0.552175   -0.419723   0.906712
     263   0.567487   -0.471655   0.935371
     264   0.000400   0.202963   1.036223
     265   0.039490   0.190786   0.990424
     266   0.077896   0.178649   0.943893
     267   0.117072   0.167758   0.896619
     268   0.155775   0.157825   0.846838
     269   0.195253   0.149410   0.793550
     270   0.237605   0.142794   0.731841
     271   0.282736   0.113549   0.688912
     272   0.321812   0.094781   0.645257
     273   0.359942   0.078433   0.599988
     274   0.013674   0.145190   1.051545
     275   0.051459   0.130934   1.010359
     276   0.090730   0.117004   0.966911
     277   0.131814   0.105144   0.921687
     278   0.172477   0.094496   0.873456
     279   0.213858   0.085268   0.823106
     280   0.256122   0.075680   0.771465
     281   0.298177   0.059832   0.725002
     282   0.338720   0.044838   0.680479
     283   0.378897   0.029903   0.636155
     284   0.025224   0.089823   1.065120
     285   0.060699   0.070226   1.032296
     286   0.101642   0.053202   0.992132
     287   0.144869   0.039830   0.948408
     288   0.188300   0.029177   0.901858
     289   0.231653   0.020784   0.853570
     290   0.274393   0.013527   0.805186
     291   0.315607   0.004462   0.759175
     292   0.356479   -0.006059   0.715732
     293   0.397402   -0.018498   0.673103
     294   0.512878   -0.465228   0.951945
     295   0.494893   -0.417910   0.930823
     296   0.481405   -0.362863   0.905290
     297   0.472449   -0.307343   0.877419
     298   0.463188   -0.254881   0.846433
     299   0.453692   -0.204424   0.814089
     300   0.443454   -0.158433   0.778961
     301   0.430563   -0.112635   0.744807
     302   0.414537   -0.066532   0.709240
     303   0.600656   0.417575   0.164925
     304   0.609498   0.714400   0.173725
     305   0.668383   0.716923   0.148043
     306   0.733970   0.717977   0.127824
     307   0.478641   0.241295   0.247085
     308   0.205936   1.016187   0.312470
     309   0.221529   0.970190   0.330515
     310   0.228015   0.922261   0.355322
     311   0.239775   0.865117   0.376474
     312   0.253111   0.806763   0.393263
     313   0.265936   0.747962   0.405203
     314   0.278291   0.689167   0.413356
     315   0.289246   0.630253   0.417740
     316   0.299221   0.571321   0.420242
     317   0.307111   0.512024   0.421645
     318   0.312570   0.452317   0.423635
     319   0.317068   0.392645   0.427992
     320   -0.043797   0.488365   0.936567
     321   -0.010248   0.479984   0.887337
     322   0.024100   0.469276   0.837274
     323   0.058868   0.457387   0.786976
     324   0.093371   0.443314   0.737872
     325   0.123207   0.425182   0.699525
     326   0.150827   0.416673   0.659502
     327   0.179850   0.411289   0.616074
     328   0.210915   0.406806   0.570327
     329   0.244482   0.402303   0.523614
     330   0.279615   0.397472   0.475982
     331   0.828866   -0.279137   0.672101
     332   0.775539   -0.279752   0.691880
     333   0.722599   -0.278635   0.713218
     334   0.670220   -0.276098   0.736432
     335   0.618014   -0.272617   0.761362
     336   0.566196   -0.267799   0.788446
     337   0.811588   -0.243309   0.626799
     338   0.758764   -0.241952   0.648413
     339   0.706268   -0.238692   0.671654
     340   0.654282   -0.233984   0.696634
     341   0.602884   -0.228137   0.723534
     342   0.552418   -0.221141   0.752551
     343   0.793698   -0.211580   0.578727
     344   0.741111   -0.207314   0.602514
     345   0.689023   -0.201201   0.627784
     346   0.637666   -0.193638   0.654824
     347   0.587020   -0.185454   0.683607
     348   0.537527   -0.176724   0.714274
     349   0.775301   -0.182725   0.528773
     350   0.722459   -0.175568   0.554365
     351   0.670384   -0.166745   0.581166
     352   0.619420   -0.156132   0.609945
     353   0.569707   -0.144745   0.641162
     354   0.521497   -0.133375   0.674500
     355   0.755713   -0.157405   0.476813
     356   0.702669   -0.146319   0.504282
     357   0.650987   -0.133606   0.532692
     358   0.600321   -0.119438   0.562788
     359   0.550874   -0.105075   0.596277
     360   0.503317   -0.091239   0.632469
     361   0.734807   -0.134201   0.423226
     362   0.681199   -0.119560   0.452421
     363   0.630739   -0.102132   0.482194
     364   0.580589   -0.082873   0.512358
     365   0.531329   -0.064394   0.549365
     366   0.484480   -0.047446   0.589675
     367   0.414943   0.095771   0.467266
     368   0.440125   0.044291   0.503171
     369   0.463444   -0.002854   0.545785
     370   0.435208   -0.421710   0.962467
     371   0.422926   -0.358210   0.937473
     372   0.419228   -0.300091   0.906922
     373   0.413356   -0.246213   0.876688
     374   0.404659   -0.194078   0.845099
     375   0.401325   -0.149791   0.810287
     376   0.389631   -0.104765   0.780884
     377   0.373517   -0.056865   0.749124
     378   0.665565   0.414119   0.126960
     379   0.896394   0.947863   0.040094
     380   0.835880   0.963446   0.043445
     381   0.845838   1.033931   0.027556
     382   0.376935   1.039356   0.155512
     383   0.426004   1.041651   0.123191
     384   0.395550   0.984424   0.182089
     385   0.443128   0.987426   0.150106
     386   0.482165   0.304606   0.242999
     387   0.142530   0.985533   0.396773
     388   0.174892   0.933466   0.399734
     389   0.190024   0.867308   0.424743
     390   0.204714   0.806161   0.442170
     391   0.218821   0.746217   0.453962
     392   0.231991   0.686735   0.460986
     393   0.244828   0.628089   0.465052
     394   0.256441   0.570216   0.467236
     395   0.265165   0.512540   0.468159
     396   0.273027   0.454994   0.471194
     397   -0.047600   0.540468   0.913827
     398   -0.017999   0.537146   0.865980
     399   0.016939   0.524714   0.815807
     400   0.053295   0.513001   0.763808
     401   0.095071   0.499464   0.705528
     402   0.127438   0.503703   0.654281
     403   0.157160   0.508017   0.609740
     404   0.190460   0.511150   0.563646
     405   0.226509   0.512418   0.516066
     406   0.235913   0.457307   0.518614
     407   0.877881   -0.401893   0.795916
     408   0.820640   -0.406679   0.810973
     409   0.765570   -0.408448   0.825369
     410   0.715665   -0.410308   0.840946
     411   0.667808   -0.419810   0.863429
     412   0.610177   -0.421541   0.885054
     413   0.632644   -0.320115   0.796341
     414   0.648487   -0.368994   0.830027
     415   0.593814   -0.368788   0.853344
     416   0.712004   -0.110211   0.367591
     417   0.659021   -0.091423   0.401006
     418   0.611368   -0.071371   0.431588
     419   0.561256   -0.044829   0.455616
     420   0.510267   -0.022211   0.499599
     421   0.453436   0.078986   0.412395
     422   0.486086   0.023790   0.448302
     423   0.911590   1.005529   0.025680
     424   0.933147   1.053916   0.015803
     425   0.887715   1.063446   0.018766
     426   0.426726   0.874006   0.223998
     427   0.474048   0.878743   0.192016
     428   0.489042   0.368132   0.242777
     429   0.107625   0.970946   0.444864
     430   0.123661   0.922939   0.460577
     431   0.140595   0.864796   0.481178
     432   0.155572   0.803819   0.496280
     433   0.170897   0.742942   0.506918
     434   0.186489   0.682858   0.513278
     435   0.201513   0.624228   0.515440
     436   0.214859   0.567525   0.515459
     437   0.074335   0.924518   0.518940
     438   0.089122   0.863148   0.539644
     439   0.106102   0.800862   0.555181
     440   0.123269   0.738138   0.565112
     441   0.140692   0.675911   0.569691
     442   0.159549   0.616805   0.568579
     443   0.176691   0.562712   0.564881
     444   0.036671   0.862654   0.604170
     445   0.055771   0.797203   0.619023
     446   0.075269   0.731438   0.628587
     447   0.094711   0.664423   0.633094
     448   0.119874   0.602484   0.625244
     449   0.142926   0.554489   0.612829
     450   0.005307   0.793059   0.688136
     451   0.026908   0.724355   0.696650
     452   0.045248   0.646609   0.710485
     453   0.084116   0.572503   0.687901
     454   -0.018304   0.725041   0.759088
     455   -0.029869   0.602363   0.847433
     456   -0.012347   0.658655   0.789541
     457   0.201113   0.458921   0.565274
     458   0.628269   -0.475964   0.919546
     459   0.579549   -0.317558   0.821549
     460   0.545756   0.054203   0.244101
     461   0.571608   0.010347   0.275729
     462   0.595650   -0.025783   0.318177
     463   0.633317   -0.062274   0.352749
     464   0.544086   -0.002282   0.379327
     465   0.063520   0.006727   1.061221
     466   0.109270   -0.014622   1.020316
     467   0.156258   -0.029193   0.976602
     468   0.203396   -0.039275   0.930703
     469   0.249789   -0.045807   0.883016
     470   0.293411   -0.048296   0.834971
     471   0.333556   -0.050598   0.790181
     472   0.115435   -0.089130   1.051004
     473   0.167221   -0.102828   1.006142
     474   0.219331   -0.111480   0.960332
     475   0.271075   -0.116891   0.911770
     476   0.317035   -0.110523   0.861080
     477   0.352256   -0.101865   0.817207
     478   0.177414   -0.181722   1.035424
     479   0.233270   -0.188374   0.988881
     480   0.297675   -0.200778   0.940507
     481   0.351197   -0.176366   0.878451
     482   0.238890   -0.259631   1.018275
     483   0.356078   -0.348648   0.973724
     484   0.298292   -0.288814   0.985513
     485   0.743668   0.433266   0.098241
     486   0.719640   0.384559   0.092623
     487   0.602728   0.774705   0.163203
     488   0.663640   0.779616   0.139012
     489   0.731516   0.781994   0.115965
     490   0.439320   0.817255   0.239106
     491   0.487416   0.822437   0.207979
     492   0.458727   0.702243   0.258312
     493   0.505526   0.706925   0.227850
     494   0.496286   0.431852   0.243250
     495   -0.021612   0.769781   0.739576
     496   0.774412   -0.448813   0.863387
     497   0.770095   -0.488123   0.909346
     498   0.699025   -0.474112   0.903155
     499   0.491405   0.064274   0.352992
     500   0.200277   -0.239466   1.040996
     501   0.706092   0.444962   0.116003
     502   0.450174   0.759941   0.250746
     503   0.497848   0.764783   0.219495
     504   0.044702   0.568796   0.748229
     505   0.010210   0.577984   0.797002
     506   0.033330   0.610601   0.745296
     507   0.010140   0.615654   0.777114
     508   0.893704   -0.443591   0.837747
     509   0.833251   -0.449453   0.854029
     510   0.738023   -0.321015   0.752356
     511   0.752677   -0.364585   0.789629
     512   0.700451   -0.366364   0.808254
     513   0.670493   -0.057266   0.217052
     514   0.638292   -0.044600   0.265960
     515   0.579330   0.040109   0.187898
     516   0.606835   -0.006422   0.225074
     517   0.516159   0.063207   0.295956
     518   0.543408   0.023255   0.316774
     519   0.366569   -0.236689   0.906320
     520   0.368805   -0.289081   0.934777
     521   0.332630   -0.236048   0.933106
     522   0.333614   -0.271006   0.951629
     523   0.884749   0.892644   0.056967
     524   0.831250   0.903788   0.060580
     525   0.591794   0.835625   0.150478
     526   0.651535   0.844033   0.122991
     527   0.718409   0.846046   0.101991
     528   0.411906   0.929480   0.204710
     529   0.459175   0.933596   0.173143
     530   0.466712   0.646089   0.262699
     531   0.511351   0.650442   0.232690
     532   0.473901   0.593344   0.263254
     533   0.514580   0.596320   0.234583
     534   0.503284   0.494283   0.241479
     535   0.513876   0.545652   0.235835
     536   0.005706   0.841575   0.657991
     537   0.169607   0.459960   0.610589
     538   0.844780   -0.494838   0.907362
     539   0.729485   -0.445798   0.867863
     540   0.643818   -0.025515   0.172330
     541   0.619519   0.024369   0.122125
     542   0.135724   -0.150107   1.058344
     543   0.876288   0.843358   0.072170
     544   0.832257   0.852507   0.076096
     545   0.117839   0.543488   0.651433
     546   0.685355   -0.320858   0.773393
     547   0.685228   -0.082979   0.304716
     548   0.368286   -0.142650   0.835342
     549   0.910363   -0.483347   0.881536
     550   0.595651   -0.046175   0.387646
     551   0.705177   1.037022   0.039199
     552   0.706032   0.973045   0.058112
     553   0.707594   0.910409   0.082473
     554   0.531149   1.045026   0.074705
     555   0.585520   1.043267   0.057265
     556   0.643140   1.039342   0.045533
     557   0.575282   0.894691   0.132957
     558   0.553660   0.943332   0.118420
     559   0.541633   0.992208   0.098932
     560   0.633724   0.915419   0.101386
     561   0.643123   0.979402   0.071013
     562   0.590657   0.991212   0.081988
     563   0.479868   0.551580   0.260158
     564   -0.052142   0.582336   0.895165
     565   0.932672   -0.514653   0.919548
     566   0.887167   -0.516366   0.929442
     567   0.635207   0.047453   0.074180
     568   0.382232   -0.403260   0.982164
     569   0.040601   0.907507   0.569671
     570   0.845792   -0.317838   0.715082
     571   0.791548   -0.320238   0.733019
     572   0.341359   0.126894   0.566945
     573   0.079150   -0.051455   1.071501
     574   0.871344   0.807722   0.082275
     575   0.838383   0.815199   0.085559
     576   0.033545   0.045676   1.076688
     577   0.141518   0.460727   0.652238
     578   0.862102   -0.359400   0.755686
     579   0.806716   -0.362835   0.772220
     580   0.306751   0.141692   0.612798
     581   0.592632   0.949926   0.100454
     582   0.079504   0.961721   0.483573
     583   0.694873   -0.079082   0.251258
     584   0.171570   1.005078   0.352743
     585   0.470195   -0.459814   0.966576
     586   0.189370   0.969608   0.361034
     587   0.274444   0.156336   0.654545
     588   0.119591   0.461681   0.685547
     589   0.248075   0.169052   0.686352
     590   0.886002   0.710850   0.128815
     591   0.903934   0.770796   0.117784
     592   0.921179   0.828322   0.102409
     593   0.939615   0.883935   0.084060
     594   0.958061   0.937729   0.065665
     595   0.974631   0.992497   0.052321
     596   0.990614   1.048407   0.042766
     597   1.007052   1.105763   0.037930
     598   1.007137   -0.518559   0.975570
     599   0.946720   -0.517566   0.976640
     600   0.886725   -0.514559   0.979287
     601   0.826073   -0.509969   0.982417
     602   0.765097   -0.506267   0.985008
     603   0.704305   -0.503607   0.987834
     604   0.644604   -0.503584   0.990347
     605   0.586212   -0.500959   0.995167
     606   0.528874   -0.493624   1.001935
     607   0.473872   -0.476931   1.012057
     608   0.420776   -0.454544   1.023799
     609   0.370084   -0.427411   1.036727
     610   0.322979   -0.394510   1.050609
     611   0.280574   -0.355516   1.064772
     612   0.239807   -0.313993   1.078234
     613   0.201762   -0.268912   1.090870
     614   0.167257   -0.220221   1.101776
     615   0.134240   -0.170295   1.110748
     616   0.104270   -0.118562   1.117769
     617   0.078621   -0.063799   1.122145
     618   0.054507   -0.007964   1.123953
     619   0.033675   0.049117   1.123008
     620   0.014710   0.107019   1.118747
     621   -0.001834   0.165472   1.111471
     622   -0.016492   0.223872   1.101087
     623   0.990583   -0.487560   0.927198
     624   0.973909   -0.454002   0.882183
     625   0.957460   -0.416142   0.840363
     626   0.939460   -0.375050   0.800910
     627   0.922370   -0.332896   0.760386
     628   0.904966   -0.291243   0.717613
     629   0.887376   -0.252636   0.671264
     630   0.870136   -0.217574   0.621813
     631   0.853194   -0.186719   0.569505
     632   0.836333   -0.160445   0.514928
     633   0.818712   -0.138052   0.459248
     634   0.801167   -0.118868   0.402991
     635   0.782062   -0.102514   0.347215
     636   0.763963   -0.086044   0.291136
     637   0.744539   -0.069531   0.236011
     638   0.724988   -0.051717   0.183181
     639   0.707589   -0.030244   0.133191
     640   0.691999   -0.002739   0.089981
     641   0.686266   0.035268   0.057835
     642   0.693167   0.083475   0.042720
     643   0.707119   0.135728   0.040949
     644   0.725777   0.188772   0.048585
     645   0.745548   0.243169   0.061191
     646   0.764331   0.298705   0.075755
     647   0.783450   0.354342   0.091047
     648   0.800820   0.411375   0.106120
     649   0.818051   0.469526   0.118762
     650   0.834995   0.528692   0.129243
     651   0.852352   0.588950   0.133463
     652   0.868459   0.650196   0.135128
     653   -0.028234   0.282104   1.087201
     654   -0.038733   0.339744   1.070406
     655   -0.046437   0.396600   1.050707
     656   -0.050801   0.452599   1.027385
     657   -0.052852   0.507500   1.001099
     658   -0.052510   0.561518   0.971861
     659   -0.053268   0.613764   0.939735
     660   -0.051154   0.663569   0.905514
     661   -0.045508   0.711697   0.868618
     662   -0.038488   0.757465   0.828909
     663   -0.028753   0.800874   0.787474
     664   -0.016816   0.842003   0.743960
     665   -0.002027   0.879844   0.698590
     666   0.015365   0.915113   0.651884
     667   0.033439   0.947894   0.603927
     668   0.055643   0.977303   0.555147
     669   0.078526   1.004023   0.505226
     670   0.104332   1.027365   0.456079
     671   0.134729   1.047059   0.407837
     672   0.167535   1.064419   0.359966
     673   0.201496   1.079588   0.312006
     674   0.239336   1.091274   0.266496
     675   0.279582   1.100501   0.223336
     676   0.323106   1.107600   0.183188
     677   0.369594   1.112119   0.146906
     678   0.420630   1.114275   0.118208
     679   0.473868   1.115355   0.093203
     680   0.529020   1.115018   0.073740
     681   0.585999   1.112735   0.063562
     682   0.644365   1.109837   0.059822
     683   0.704158   1.107990   0.057269
     684   0.765063   1.107249   0.053757
     685   0.826243   1.107146   0.048950
     686   0.886924   1.107090   0.042765
     687   0.946763   1.106360   0.038270
     688   0.039157   0.318659   0.966725
     689   0.075364   0.308412   0.916450
     690   0.028849   0.375832   0.945586
     691   0.064221   0.365727   0.895034
     692   0.087771   0.249621   0.937754
     693   0.050446   0.260188   0.986864
     694   0.677457   0.596086   0.183293
     695   0.733045   0.595491   0.163326
     696   0.679880   0.657602   0.183187
     697   0.739010   0.657387   0.162196
     698   0.791322   0.592983   0.147662
     699   0.801975   0.655002   0.146346
     700   0.421142   0.383147   0.353214
     701   0.421991   0.321634   0.356585
     702   0.464429   0.375488   0.308176
     703   0.462562   0.312940   0.309839
     704   0.226386   0.318896   0.654212
     705   0.257063   0.311171   0.607529
     706   0.215176   0.369377   0.641506
     707   0.246088   0.362343   0.595439
     708   -0.007614   0.385965   0.997407
     709   0.001185   0.328935   1.017761
     710   0.505140   -0.148384   0.763878
     711   0.491634   -0.102722   0.725185
     712   0.460292   -0.140582   0.797039
     713   0.448426   -0.094372   0.761432
     714   0.145564   0.289012   0.816592
     715   0.111269   0.298655   0.866820
     716   0.161555   0.231092   0.838318
     717   0.124706   0.239810   0.888476
     718   0.629758   0.213166   0.129304
     719   0.585465   0.223544   0.173813
     720   0.622455   0.155509   0.127091
     721   0.581517   0.165362   0.174535
     722   0.542413   0.233458   0.219102
     723   0.542305   0.174896   0.223410
     724   0.692988   0.258285   0.097921
     725   0.711222   0.317188   0.108744
     726   0.620250   0.476282   0.199587
     727   0.569419   0.481753   0.231596
     728   0.616770   0.412631   0.190321
     729   0.563870   0.419825   0.227722
     730   0.556343   0.356278   0.223792
     731   0.606229   0.347027   0.183798
     732   0.624865   0.596549   0.206774
     733   0.575418   0.596917   0.233193
     734   0.623251   0.537025   0.204727
     735   0.574504   0.539792   0.233356
     736   0.678787   0.720944   0.176409
     737   0.742240   0.721724   0.156920
     738   0.811209   0.719680   0.139833
     739   0.463271   0.252566   0.314490
     740   0.469663   0.193934   0.324180
     741   0.502233   0.243048   0.266304
     742   0.505815   0.184675   0.273576
     743   0.409013   0.577320   0.355482
     744   0.418480   0.513223   0.352230
     745   0.453607   0.582347   0.317400
     746   0.471583   0.515968   0.305582
     747   0.425434   0.262086   0.363644
     748   0.434674   0.204807   0.376133
     749   0.278124   0.354781   0.548338
     750   0.235571   0.413708   0.586863
     751   0.268953   0.408254   0.540783
     752   0.196132   0.325979   0.700968
     753   0.185321   0.376917   0.686789
     754   0.288712   0.302309   0.560209
     755   0.099089   0.355421   0.845288
     756   0.420354   0.080315   0.564355
     757   0.440393   0.033645   0.603466
     758   0.461254   0.063437   0.513944
     759   0.483182   0.017453   0.557059
     760   0.459104   -0.012569   0.644485
     761   0.502995   -0.026728   0.602206
     762   0.278146   0.090422   0.786520
     763   0.319885   0.075642   0.739418
     764   0.260556   0.157135   0.745862
     765   0.305229   0.129015   0.702472
     766   0.336430   0.020316   0.774797
     767   0.376929   0.010948   0.730618
     768   0.360051   0.061730   0.694217
     769   0.433474   -0.048174   0.724518
     770   0.417402   -0.000348   0.687233
     771   0.392960   -0.039727   0.765165
     772   0.517258   -0.195076   0.801901
     773   0.469616   -0.187374   0.833704
     774   0.475738   -0.058312   0.684875
     775   0.011917   0.270983   1.036411
     776   0.676028   0.201464   0.088129
     777   0.659449   0.335925   0.145114
     778   0.643423   0.272578   0.136689
     779   0.673146   0.474933   0.171710
     780   0.679163   0.407377   0.153392
     781   0.674411   0.535965   0.179750
     782   0.848804   1.039380   0.057398
     783   0.773691   1.041456   0.063582
     784   0.774902   0.977620   0.078566
     785   0.839418   0.970876   0.072793
     786   0.568683   0.715169   0.226081
     787   0.573478   0.655171   0.231483
     788   0.621759   0.718609   0.201311
     789   0.624254   0.656711   0.205485
     790   0.504124   0.303475   0.264107
     791   0.548068   0.293987   0.219989
     792   0.421162   0.446936   0.352536
     793   0.467771   0.441632   0.307852
     794   0.310701   0.635357   0.438779
     795   0.321113   0.575298   0.441074
     796   0.354507   0.636572   0.395179
     797   0.364583   0.575705   0.397087
     798   0.303831   0.402328   0.493843
     799   0.259949   0.462398   0.536653
     800   0.296645   0.459128   0.490013
     801   0.288199   0.516548   0.487714
     802   0.250112   0.517344   0.534711
     803   0.311409   0.346750   0.500640
     804   0.346517   0.338702   0.452842
     805   0.340824   0.396339   0.446728
     806   0.320791   0.292564   0.511909
     807   0.133147   0.344876   0.796311
     808   0.549502   -0.350741   0.901464
     809   0.562213   -0.403784   0.930675
     810   0.604220   -0.351725   0.876358
     811   0.618691   -0.404108   0.908563
     812   0.675302   -0.401061   0.886262
     813   0.657606   -0.350686   0.852626
     814   0.600648   -0.163723   0.700072
     815   0.552366   -0.156302   0.731355
     816   0.615508   -0.207289   0.741838
     817   0.566257   -0.201532   0.771340
     818   0.664091   -0.108431   0.543807
     819   0.614972   -0.095602   0.574880
     820   0.682191   -0.141829   0.594159
     821   0.632769   -0.132429   0.623693
     822   0.645404   -0.077188   0.491773
     823   0.596716   -0.059295   0.522990
     824   0.450741   0.149670   0.395654
     825   0.415687   0.163859   0.449386
     826   0.475806   0.096887   0.422795
     827   0.437479   0.113080   0.478292
     828   0.380823   0.177920   0.501000
     829   0.400204   0.128706   0.529998
     830   0.236095   0.098965   0.838820
     831   0.218245   0.162859   0.808368
     832   0.344030   0.111141   0.658208
     833   0.295563   0.028222   0.821463
     834   0.399821   0.047863   0.649140
     835   0.408095   -0.087767   0.798180
     836   0.528191   -0.244959   0.837574
     837   0.478274   -0.239001   0.867629
     838   0.179026   0.280605   0.766717
     839   0.197117   0.223690   0.786497
     840   0.663272   0.146527   0.083040
     841   0.594620   0.283950   0.177557
     842   0.726418   0.536357   0.159608
     843   0.935518   1.058195   0.045888
     844   0.890547   1.068125   0.048751
     845   0.914792   1.011028   0.055488
     846   0.391075   1.055234   0.177351
     847   0.345525   1.051213   0.212220
     848   0.364999   0.994902   0.238068
     849   0.410232   0.999074   0.204424
     850   0.509456   0.365883   0.265299
     851   0.398879   0.638808   0.355536
     852   0.299297   0.695526   0.434507
     853   0.343956   0.697090   0.390962
     854   0.329499   0.515105   0.442097
     855   0.372507   0.513616   0.397002
     856   0.335607   0.455303   0.443368
     857   0.069333   0.654751   0.727297
     858   0.050496   0.733419   0.713693
     859   0.012023   0.667447   0.805597
     860   0.005662   0.734424   0.775417
     861   0.225459   0.464840   0.582631
     862   0.214448   0.516852   0.581565
     863   0.165295   0.334569   0.748295
     864   0.155129   0.386342   0.731098
     865   0.354434   0.282657   0.463144
     866   0.389569   0.272391   0.413708
     867   0.383567   0.330255   0.404689
     868   0.633892   -0.456061   0.941935
     869   0.575148   -0.453931   0.958954
     870   0.538870   -0.296979   0.871035
     871   0.591358   -0.300132   0.843593
     872   0.643112   -0.301413   0.818012
     873   0.750262   -0.182006   0.616825
     874   0.699789   -0.176978   0.642829
     875   0.766965   -0.217686   0.664933
     876   0.716062   -0.215496   0.688832
     877   0.649923   -0.170617   0.670599
     878   0.665513   -0.211936   0.714432
     879   0.714058   -0.119886   0.514314
     880   0.732644   -0.149543   0.566528
     881   0.566899   -0.082614   0.609228
     882   0.584421   -0.122351   0.655688
     883   0.694143   -0.093306   0.460919
     884   0.548798   -0.042261   0.560942
     885   0.627561   -0.046977   0.440059
     886   0.578894   -0.021796   0.464965
     887   0.506627   0.044058   0.458114
     888   0.529155   -0.000594   0.509845
     889   0.563705   0.019478   0.387731
     890   0.194937   0.107165   0.889706
     891   0.178841   0.170506   0.862208
     892   0.381839   0.095700   0.612291
     893   0.315579   -0.188281   0.961775
     894   0.252103   -0.177395   1.010184
     895   0.315136   -0.278163   1.008576
     896   0.256932   -0.249930   1.040844
     897   0.418877   -0.133156   0.828841
     898   0.486608   -0.292535   0.899986
     899   0.240359   0.269301   0.669853
     900   0.210841   0.274056   0.717239
     901   0.256321   0.221687   0.686289
     902   0.231037   0.219316   0.733702
     903   0.731443   0.375803   0.119326
     904   0.779122   0.533631   0.141961
     905   0.900126   0.955107   0.069465
     906   0.561769   0.776644   0.217788
     907   0.614623   0.781579   0.190412
     908   0.456574   1.001996   0.173257
     909   0.438619   1.056987   0.146314
     910   0.503449   1.003799   0.145796
     911   0.488790   1.058679   0.121335
     912   0.515499   0.429907   0.266832
     913   0.388911   0.699562   0.351959
     914   0.286489   0.755886   0.426270
     915   0.332330   0.757368   0.382927
     916   0.376906   0.451196   0.397438
     917   0.192853   0.751222   0.526371
     918   0.208837   0.689940   0.532756
     919   0.240100   0.754320   0.474225
     920   0.253687   0.693462   0.481310
     921   0.200334   0.568673   0.583170
     922   0.238003   0.572783   0.534583
     923   0.166950   0.561000   0.630421
     924   0.181428   0.514435   0.627029
     925   0.098408   0.740162   0.646406
     926   0.118259   0.672141   0.650842
     927   0.028532   0.803113   0.705122
     928   0.002073   0.779491   0.756122
     929   -0.022645   0.549345   0.928909
     930   -0.018916   0.497021   0.951899
     931   0.204678   0.418929   0.632018
     932   0.123456   0.398819   0.775728
     933   0.703303   -0.452390   0.924105
     934   0.772847   -0.464563   0.928488
     935   0.629646   -0.252913   0.781498
     936   0.579100   -0.249380   0.809020
     937   0.818217   -0.218108   0.642610
     938   0.801187   -0.185303   0.592236
     939   0.783782   -0.155687   0.540001
     940   0.765237   -0.129903   0.485865
     941   0.745722   -0.106734   0.430672
     942   0.673655   -0.065740   0.408442
     943   0.484526   0.136828   0.340526
     944   0.513832   0.082364   0.362931
     945   0.023625   0.212686   1.053402
     946   0.154285   0.116929   0.938574
     947   0.140100   0.179738   0.912596
     948   0.253072   0.034375   0.870469
     949   0.353358   -0.034649   0.806990
     950   0.371145   -0.086013   0.835122
     951   0.239041   -0.099604   0.980320
     952   0.290411   -0.103651   0.931261
     953   0.196584   -0.172028   1.057048
     954   0.218714   -0.230297   1.063469
     955   0.421402   -0.178185   0.865001
     956   0.494427   -0.348755   0.928964
     957   0.270142   0.261706   0.623673
     958   0.284205   0.214489   0.643441
     959   0.753855   0.425268   0.125832
     960   0.767258   0.477177   0.134747
     961   0.717523   0.437884   0.143357
     962   0.720607   0.481296   0.152383
     963   0.673664   0.786433   0.166978
     964   0.397152   0.880674   0.280837
     965   0.410229   0.821834   0.296414
     966   0.442281   0.885115   0.247739
     967   0.455256   0.826247   0.263482
     968   0.550349   0.837343   0.203952
     969   0.512864   0.771589   0.245131
     970   0.502055   0.831580   0.233101
     971   0.466533   0.766855   0.275518
     972   0.377224   0.759374   0.343353
     973   0.421556   0.762359   0.307579
     974   0.432303   0.702787   0.315638
     975   0.319657   0.816969   0.370912
     976   0.365055   0.818646   0.331683
     977   0.273164   0.816333   0.414127
     978   0.380148   0.389921   0.399794
     979   0.177138   0.813436   0.515554
     980   0.225605   0.815798   0.462163
     981   0.224243   0.630265   0.534828
     982   0.266929   0.633687   0.485282
     983   0.182828   0.623339   0.587139
     984   0.143697   0.609473   0.642926
     985   0.078459   0.807146   0.636784
     986   0.108484   0.580000   0.704605
     987   0.057778   0.618571   0.761661
     988   0.034696   0.623814   0.793221
     989   -0.005119   0.611223   0.862859
     990   0.034941   0.586406   0.812702
     991   0.069289   0.576869   0.764334
     992   0.897363   -0.420979   0.857855
     993   0.881915   -0.380171   0.816914
     994   0.708335   -0.347011   0.830443
     995   0.722242   -0.390661   0.863301
     996   0.770981   -0.387933   0.847252
     997   0.759445   -0.344314   0.811361
     998   0.537401   -0.112353   0.689804
     999   0.520487   -0.070174   0.646271
     1000   0.592435   0.031069   0.283844
     1001   0.614228   -0.002651   0.325161
     1002   0.627488   0.014710   0.232555
     1003   0.656291   -0.020712   0.271827
     1004   0.538949   0.080707   0.306125
     1005   0.564527   0.043546   0.325217
     1006   0.568974   0.070879   0.254677
     1007   0.113314   0.127957   0.984202
     1008   0.101031   0.189843   0.960278
     1009   0.209989   0.041647   0.919267
     1010   0.313574   -0.033572   0.852456
     1011   0.336153   -0.095899   0.879780
     1012   0.187305   -0.092153   1.026432
     1013   0.369069   -0.161749   0.898350
     1014   0.349651   -0.223351   0.954971
     1015   0.350316   -0.259100   0.974175
     1016   0.371284   -0.337480   0.997663
     1017   0.384991   -0.276609   0.957393
     1018   0.383484   -0.223143   0.927754
     1019   0.888684   0.900947   0.086029
     1020   0.739379   0.788610   0.144660
     1021   0.661122   0.853374   0.150375
     1022   0.725840   0.854961   0.130175
     1023   0.816959   0.791642   0.126762
     1024   0.789229   0.856408   0.115343
     1025   0.519296   0.951149   0.168654
     1026   0.473110   0.946747   0.196847
     1027   0.427027   0.942498   0.227752
     1028   0.475586   0.707345   0.283187
     1029   0.531156   0.545323   0.260942
     1030   0.531204   0.597422   0.260106
     1031   0.352005   0.877401   0.316481
     1032   0.306350   0.875800   0.355115
     1033   0.259287   0.876210   0.397096
     1034   0.278971   0.574770   0.487253
     1035   0.161721   0.876002   0.500077
     1036   0.210421   0.878536   0.444413
     1037   0.163624   0.683292   0.588364
     1038   0.059009   0.873769   0.621678
     1039   0.028559   0.852331   0.675052
     1040   0.006891   0.546044   0.881156
     1041   0.041775   0.533502   0.831136
     1042   0.194193   0.466722   0.627287
     1043   0.089913   0.410850   0.823966
     1044   0.331945   0.240526   0.527782
     1045   0.365448   0.229003   0.478571
     1046   0.836738   -0.426911   0.874246
     1047   0.778185   -0.426813   0.884143
     1048   0.847696   -0.470906   0.926012
     1049   0.734402   -0.424784   0.889387
     1050   0.680429   -0.255145   0.756073
     1051   0.724767   -0.083253   0.373868
     1052   0.624378   0.098309   0.129342
     1053   0.585785   0.108889   0.181555
     1054   0.643624   0.038792   0.133956
     1055   0.602889   0.055969   0.198965
     1056   0.664250   -0.003884   0.178939
     1057   0.550934   0.119929   0.234852
     1058   0.517286   0.129586   0.287002
     1059   0.062756   0.201216   1.007126
     1060   0.074267   0.141112   1.027830
     1061   0.166673   0.051274   0.966370
     1062   0.270254   -0.032295   0.901118
     1063   0.135958   -0.079739   1.071490
     1064   0.155350   -0.140884   1.079763
     1065   0.437065   -0.345489   0.961291
     1066   0.434309   -0.286465   0.929636
     1067   0.429331   -0.231554   0.898110
     1068   0.506384   -0.403436   0.955062
     1069   0.300535   0.251599   0.576343
     1070   0.314782   0.203501   0.598194
     1071   0.880329   0.851326   0.101312
     1072   0.835442   0.912388   0.089519
     1073   0.778015   0.916843   0.097546
     1074   0.603352   0.845050   0.177060
     1075   0.382200   0.938422   0.261191
     1076   0.488339   0.890008   0.216467
     1077   0.536144   0.896506   0.187674
     1078   0.442396   0.642955   0.319406
     1079   0.484080   0.649453   0.287520
     1080   0.491733   0.594872   0.287926
     1081   0.521461   0.493035   0.265914
     1082   0.247018   0.934640   0.375685
     1083   0.292726   0.932700   0.335227
     1084   0.144327   0.935618   0.479049
     1085   0.194604   0.946262   0.419145
     1086   0.145856   0.746600   0.583747
     1087   0.142174   0.550472   0.668406
     1088   0.119825   0.507371   0.721457
     1089   0.151966   0.510817   0.670918
     1090   0.014652   0.488818   0.902536
     1091   0.175698   0.424884   0.675093
     1092   0.055549   0.421913   0.873690
     1093   0.399812   0.216897   0.427847
     1094   0.825123   -0.385360   0.832290
     1095   0.694443   -0.300947   0.794605
     1096   0.745832   -0.300014   0.773020
     1097   0.782830   -0.256687   0.710424
     1098   0.731414   -0.256560   0.732298
     1099   0.700195   -0.056935   0.309888
     1100   0.649705   -0.037449   0.359398
     1101   0.036438   0.154707   1.069441
     1102   0.224133   -0.026971   0.949348
     1103   0.386496   -0.126927   0.854057
     1104   0.522408   -0.449591   0.976311
     1105   0.836901   0.860804   0.105055
     1106   0.521004   0.711661   0.253676
     1107   0.527395   0.653336   0.258444
     1108   0.321633   0.990835   0.274842
     1109   0.338051   0.935135   0.297793
     1110   0.162112   0.999359   0.415600
     1111   0.127942   0.984555   0.463057
     1112   0.128225   0.810627   0.573735
     1113   0.078060   0.521457   0.779436
     1114   0.148111   0.433688   0.714903
     1115   0.021162   0.432362   0.924230
     1116   0.913537   -0.459536   0.900299
     1117   0.688019   -0.032785   0.221802
     1118   0.612880   -0.022200   0.395220
     1119   0.177232   -0.018055   0.995708
     1120   0.346987   0.191131   0.550568
     1121   0.711323   0.982925   0.086457
     1122   0.708461   1.044402   0.068590
     1123   0.650228   0.990843   0.098356
     1124   0.647951   1.048844   0.074091
     1125   0.498030   0.551860   0.284634
     1126   0.240047   0.983856   0.350499
     1127   0.279987   0.987126   0.313556
     1128   0.110790   0.874249   0.557983
     1129   -0.027274   0.591548   0.910190
     1130   -0.013723   0.442246   0.975507
     1131   0.934995   -0.489820   0.937068
     1132   0.889910   -0.491786   0.947256
     1133   0.659970   0.055619   0.089964
     1134   0.657092   0.094907   0.083880
     1135   0.130665   -0.004475   1.039508
     1136   0.123649   0.063760   1.010388
     1137   0.396093   -0.391948   1.006841
     1138   0.447821   -0.408843   0.987050
     1139   0.564364   0.956058   0.143963
     1140   0.586460   0.906250   0.158850
     1141   0.714345   0.920692   0.110361
     1142   0.642630   0.926676   0.128275
     1143   0.592489   1.055081   0.084484
     1144   0.599298   1.003733   0.108400
     1145   0.540176   1.058526   0.100499
     1146   0.551705   1.005508   0.124441
     1147   0.301995   1.045422   0.249802
     1148   0.261398   1.038892   0.290060
     1149   0.224130   1.031205   0.331769
     1150   0.095650   0.937074   0.536746
     1151   0.062421   0.919431   0.587298
     1152   0.850978   -0.295205   0.734828
     1153   0.834724   -0.255214   0.690056
     1154   0.085162   0.015946   1.080603
     1155   0.083007   0.080020   1.050611
     1156   0.100191   -0.042583   1.091690
     1157   0.875660   0.815141   0.111521
     1158   0.843136   0.822790   0.114694
     1159   0.048998   0.478126   0.852465
     1160   0.118298   0.451919   0.753158
     1161   0.797991   -0.298330   0.753207
     1162   0.364191   0.143041   0.579069
     1163   0.047564   0.099002   1.083713
     1164   0.055521   0.054574   1.095842
     1165   0.166240   0.468206   0.668423
     1166   0.812288   -0.341765   0.793529
     1167   0.866695   -0.337710   0.776602
     1168   0.602001   0.962108   0.126776
     1169   0.100434   0.975261   0.501113
     1170   0.710337   -0.053130   0.255308
     1171   0.083767   0.466135   0.802226
     1172   0.190454   1.019415   0.371898
     1173   0.329802   0.157178   0.625361
     1174   0.480987   -0.445531   0.991245
     1175   0.208347   0.983175   0.380651
     1176   0.297605   0.171211   0.667635
     1177   0.144443   0.469603   0.701316
     1178   0.271394   0.183418   0.699725
     1179   0.260170   0.128171   0.710377
     1180   0.278590   0.134943   0.671729
     1181   0.261259   0.162694   0.670448
     1182   0.242840   0.155923   0.709096
     1183   0.249080   0.149964   0.738852
     1184   0.293982   0.121282   0.695692
     1185   0.286024   0.163773   0.661090
     1186   0.259734   0.176235   0.693038
     1187   0.282893   0.143075   0.724167
     1188   0.301417   0.150113   0.685054
     1189   0.284499   0.177314   0.683680
     1190   0.265975   0.170277   0.722794
     1191   0.219905   0.207140   0.696383
     1192   0.222458   0.174426   0.725873
     1193   0.240287   0.188637   0.679607
     1194   0.244410   0.214955   0.679576
     1195   0.219174   0.212687   0.726803
     1196   0.243679   0.220501   0.709996
     1197   0.245796   0.188225   0.739782
     1198   0.263857   0.202553   0.693007
     1199   0.267393   0.178570   0.642431
     1200   0.246420   0.204513   0.651590
     1201   0.272273   0.207646   0.636879
     1202   0.290905   0.192850   0.655538
     1203   0.270263   0.218088   0.664865
     1204   0.134478   0.482215   0.653260
     1205   0.111254   0.501583   0.679905
     1206   0.107331   0.480572   0.695538
     1207   0.130555   0.461204   0.668892
     1208   0.153879   0.464466   0.660330
     1209   0.139702   0.507260   0.662600
     1210   0.107448   0.503417   0.713493
     1211   0.132017   0.465642   0.693431
     1212   0.159103   0.489511   0.669670
     1213   0.135896   0.509094   0.696188
     1214   0.132134   0.488487   0.711386
     1215   0.155341   0.468904   0.684869
     1216   0.137017   0.420927   0.679514
     1217   0.146173   0.438700   0.655870
     1218   0.121399   0.443432   0.692536
     1219   0.135659   0.429435   0.707214
     1220   0.163263   0.420779   0.667298
     1221   0.161905   0.429286   0.694998
     1222   0.170969   0.446545   0.671758
     1223   0.146277   0.451645   0.708110
     1224   0.094221   0.471389   0.721700
     1225   0.108289   0.434248   0.718698
     1226   0.105834   0.447617   0.745515
     1227   0.119061   0.479645   0.737308
     1228   0.133204   0.442803   0.734031
     1229   -0.021035   0.428430   0.934459
     1230   -0.006950   0.451697   0.898148
     1231   -0.027022   0.484175   0.911952
     1232   -0.041108   0.460907   0.948262
     1233   -0.026071   0.437847   0.967733
     1234   0.008755   0.427886   0.916595
     1235   0.002202   0.484401   0.894936
     1236   -0.031356   0.492693   0.944233
     1237   0.003720   0.437304   0.949868
     1238   0.017907   0.460590   0.913383
     1239   -0.002132   0.492919   0.927217
     1240   -0.016320   0.469634   0.963703
     1241   -0.076562   0.471441   0.998653
     1242   -0.056909   0.438669   0.985796
     1243   -0.060761   0.493678   0.961119
     1244   -0.065288   0.503245   0.993385
     1245   -0.063100   0.448245   1.019509
     1246   -0.051827   0.480049   1.014242
     1247   -0.032262   0.447422   1.001446
     1248   -0.035884   0.502260   0.976499
     1249   0.537920   0.167261   0.180452
     1250   0.522040   0.140143   0.213031
     1251   0.543557   0.105115   0.193176
     1252   0.559437   0.132233   0.160596
     1253   0.569709   0.164564   0.164933
     1254   0.530122   0.172826   0.214491
     1255   0.538537   0.114729   0.227672
     1256   0.573379   0.104794   0.173708
     1257   0.561911   0.170129   0.198972
     1258   0.546619   0.147412   0.229131
     1259   0.568359   0.114409   0.208204
     1260   0.583651   0.137126   0.178045
     1261   0.578847   0.160243   0.131037
     1262   0.580295   0.096874   0.139112
     1263   0.599706   0.124884   0.109552
     1264   0.611124   0.156114   0.116917
     1265   0.611998   0.095679   0.120852
     1266   0.601986   0.160435   0.150813
     1267   0.605081   0.103599   0.155449
     1268   0.623416   0.126909   0.128216
     1269   0.302274   0.104165   0.667085
     1270   0.314281   0.118237   0.629027
     1271   0.290597   0.149014   0.633671
     1272   0.332921   0.102961   0.651732
     1273   0.318276   0.149435   0.619080
     1274   0.324630   0.120078   0.680340
     1275   0.336916   0.134159   0.641785
     1276   0.313703   0.164194   0.646498
     1277   0.275617   0.195145   0.607892
     1278   0.298822   0.165590   0.599132
     1279   0.302837   0.196494   0.591830
     1280   0.299493   0.208995   0.620818
     1281   0.322292   0.180339   0.611778
     1282   0.013541   0.418106   0.883739
     1283   0.027417   0.441039   0.847895
     1284   0.006926   0.474630   0.862305
     1285   0.043142   0.417357   0.866104
     1286   0.036549   0.473701   0.844869
     1287   0.038356   0.427137   0.898960
     1288   0.052274   0.450019   0.863077
     1289   0.031825   0.483472   0.877500
     1290   0.253023   0.998235   0.281864
     1291   0.283429   0.974769   0.273592
     1292   0.295084   1.003029   0.241815
     1293   0.264678   1.026495   0.250088
     1294   0.252641   1.031125   0.280300
     1295   0.271074   0.980120   0.303372
     1296   0.313165   0.983630   0.264420
     1297   0.293734   1.037527   0.239718
     1298   0.270692   1.013009   0.301808
     1299   0.300810   0.988981   0.294199
     1300   0.311814   1.018128   0.262322
     1301   0.281696   1.042157   0.269931
     1302   0.242588   1.079714   0.225361
     1303   0.232915   1.049282   0.258922
     1304   0.274351   1.056927   0.216527
     1305   0.271406   1.092361   0.213378
     1306   0.230640   1.083241   0.256899
     1307   0.259459   1.095888   0.244916
     1308   0.250367   1.065083   0.278278
     1309   0.290788   1.072961   0.236569
     1310   0.621000   0.153717   0.084077
     1311   0.616416   0.093048   0.088695
     1312   0.637711   0.121881   0.063220
     1313   0.652740   0.148621   0.072226
     1314   0.645153   0.093977   0.074454
     1315   0.642863   0.151018   0.105065
     1316   0.640735   0.096608   0.106611
     1317   0.660182   0.120717   0.083460
     1318   0.678778   0.112365   0.020544
     1319   0.664697   0.146057   0.040005
     1320   0.651791   0.088189   0.043759
     1321   0.681768   0.083403   0.032605
     1322   0.697153   0.138563   0.029773
     1323   0.700143   0.109602   0.041834
     1324   0.685196   0.141128   0.061994
     1325   0.675130   0.089191   0.063300
     1326   0.190401   0.208437   0.746040
     1327   0.184372   0.180114   0.782863
     1328   0.216429   0.146102   0.762696
     1329   0.185304   0.217254   0.779336
     1330   0.206749   0.156135   0.800959
     1331   0.214077   0.221503   0.760100
     1332   0.207681   0.193275   0.797433
     1333   0.239400   0.159997   0.777115
     1334   0.213732   0.993189   0.321493
     1335   0.188753   1.010633   0.332607
     1336   0.180470   0.987343   0.356889
     1337   0.205450   0.969899   0.345775
     1338   0.230788   0.977023   0.340507
     1339   0.215033   1.023696   0.322120
     1340   0.181012   1.012247   0.362320
     1341   0.198858   0.976391   0.370843
     1342   0.232089   1.007531   0.341134
     1343   0.207292   1.025310   0.351833
     1344   0.199400   1.001295   0.376274
     1345   0.224197   0.983515   0.365575
     1346   0.201454   0.927863   0.377528
     1347   0.224772   0.946226   0.342919
     1348   0.182131   0.951537   0.380384
     1349   0.184748   0.939864   0.409439
     1350   0.237516   0.928450   0.365504
     1351   0.220811   0.940451   0.397415
     1352   0.243532   0.959248   0.363092
     1353   0.201475   0.964718   0.399898
     1354   0.157050   0.995306   0.374758
     1355   0.158711   0.959500   0.398254
     1356   0.152321   0.992446   0.406187
     1357   0.176283   1.009387   0.393749
     1358   0.178358   0.972810   0.417372
     1359   0.268362   0.946732   0.303640
     1360   0.297643   0.921446   0.295101
     1361   0.312709   0.949483   0.265054
     1362   0.283644   0.926526   0.324660
     1363   0.329386   0.928838   0.286952
     1364   0.286356   0.959913   0.324392
     1365   0.315388   0.933918   0.316510
     1366   0.329842   0.962985   0.286318
     1367   0.503885   -0.441569   0.941384
     1368   0.465050   -0.419810   0.946645
     1369   0.452702   -0.440762   0.964521
     1370   0.491537   -0.462521   0.959261
     1371   0.517643   -0.457410   0.964128
     1372   0.500638   -0.410673   0.942942
     1373   0.441514   -0.415277   0.974758
     1374   0.475591   -0.452672   0.978910
     1375   0.514396   -0.426514   0.965686
     1376   0.477103   -0.406140   0.971056
     1377   0.464404   -0.427187   0.989148
     1378   0.501698   -0.447561   0.983778
     1379   0.491898   -0.500614   0.982464
     1380   0.516672   -0.487609   0.964790
     1381   0.466763   -0.475526   0.976935
     1382   0.468601   -0.484085   0.999676
     1383   0.524670   -0.501806   0.989784
     1384   0.501373   -0.485278   1.006996
     1385   0.525641   -0.471607   0.989123
     1386   0.477430   -0.461231   1.001651
     1387   0.421873   -0.444473   0.980700
     1388   0.435935   -0.479237   0.993114
     1389   0.414658   -0.460890   1.011367
     1390   0.434299   -0.431694   1.005425
     1391   0.447324   -0.465738   1.017928
     1392   0.340877   0.086607   0.622622
     1393   0.350650   0.102664   0.583467
     1394   0.324055   0.134293   0.589872
     1395   0.370891   0.087067   0.606140
     1396   0.352775   0.134968   0.573007
     1397   0.362935   0.103421   0.635250
     1398   0.373015   0.119371   0.595680
     1399   0.346997   0.150110   0.602215
     1400   0.307059   0.183132   0.561724
     1401   0.332292   0.151836   0.552464
     1402   0.335107   0.183954   0.544275
     1403   0.330884   0.197316   0.574381
     1404   0.355589   0.167086   0.564818
     1405   0.047917   0.407182   0.833707
     1406   0.061983   0.429475   0.797937
     1407   0.041484   0.463332   0.812125
     1408   0.077506   0.406206   0.816432
     1409   0.071317   0.461761   0.794601
     1410   0.072731   0.416381   0.848828
     1411   0.086840   0.438493   0.813096
     1412   0.066383   0.472131   0.827345
     1413   0.076119   0.450351   0.762424
     1414   0.074183   0.506232   0.734668
     1415   0.056081   0.485194   0.775392
     1416   0.065677   0.517229   0.771622
     1417   0.101032   0.459027   0.777692
     1418   0.098942   0.514414   0.750447
     1419   0.080913   0.493796   0.790831
     1420   0.131974   1.041152   0.365220
     1421   0.128882   1.009158   0.393016
     1422   0.160142   1.027300   0.346962
     1423   0.158124   1.056970   0.350574
     1424   0.124981   1.039921   0.398548
     1425   0.151132   1.055739   0.383901
     1426   0.148420   1.023209   0.411719
     1427   0.178994   1.041917   0.365932
     1428   0.166057   1.056708   0.317169
     1429   0.194668   1.040041   0.302813
     1430   0.192448   1.071741   0.302581
     1431   0.184515   1.072004   0.335986
     1432   0.212813   1.055397   0.321888
     1433   0.427306   0.190569   0.334904
     1434   0.418219   0.165384   0.372422
     1435   0.443458   0.129423   0.355711
     1436   0.452545   0.154608   0.318193
     1437   0.457247   0.189896   0.316320
     1438   0.422228   0.200043   0.368741
     1439   0.438699   0.142578   0.389575
     1440   0.472393   0.130093   0.334226
     1441   0.452169   0.199371   0.350157
     1442   0.442708   0.177238   0.385894
     1443   0.467633   0.143249   0.368090
     1444   0.477094   0.165381   0.332353
     1445   0.462979   0.182112   0.282655
     1446   0.476534   0.120391   0.300720
     1447   0.486968   0.147895   0.265182
     1448   0.493471   0.181521   0.265213
     1449   0.505047   0.123505   0.280258
     1450   0.487739   0.189305   0.298878
     1451   0.500906   0.133207   0.313764
     1452   0.511550   0.157131   0.280289
     1453   0.499533   0.174561   0.231211
     1454   0.509475   0.113477   0.247003
     1455   0.524060   0.179786   0.248493
     1456   0.534110   0.124757   0.260927
     1457   0.488149   -0.390386   0.918057
     1458   0.452165   -0.360536   0.921382
     1459   0.429067   -0.389960   0.949970
     1460   0.487916   -0.355809   0.917127
     1461   0.429995   -0.351849   0.949382
     1462   0.500405   -0.376096   0.942013
     1463   0.465746   -0.347122   0.945128
     1464   0.442443   -0.377166   0.974171
     1465   0.155705   0.214807   0.797844
     1466   0.146847   0.188311   0.835176
     1467   0.175514   0.153618   0.820194
     1468   0.149737   0.224945   0.830916
     1469   0.167308   0.164165   0.854523
     1470   0.179336   0.227391   0.812408
     1471   0.170198   0.200799   0.850263
     1472   0.198543   0.166682   0.835288
     1473   0.764785   -0.320627   0.742688
     1474   0.745350   -0.342800   0.770993
     1475   0.779696   -0.363710   0.780925
     1476   0.799132   -0.341537   0.752620
     1477   0.794769   -0.309284   0.743113
     1478   0.741927   -0.310515   0.762688
     1479   0.756061   -0.354449   0.800495
     1480   0.809502   -0.352300   0.782875
     1481   0.771911   -0.299172   0.763113
     1482   0.752639   -0.322164   0.792191
     1483   0.785867   -0.343039   0.802445
     1484   0.805139   -0.320048   0.773368
     1485   0.818670   -0.319038   0.724051
     1486   0.834409   -0.361117   0.763953
     1487   0.853947   -0.338619   0.735384
     1488   0.848385   -0.306522   0.724955
     1489   0.864399   -0.348555   0.766144
     1490   0.824484   -0.296768   0.744017
     1491   0.839492   -0.339738   0.785065
     1492   0.858837   -0.316458   0.755715
     1493   0.081853   0.395501   0.784836
     1494   0.095989   0.416377   0.749323
     1495   0.111031   0.394130   0.768251
     1496   0.106684   0.404835   0.799847
     1497   0.120877   0.425369   0.764443
     1498   0.035117   0.518857   0.789808
     1499   0.020520   0.496995   0.826541
     1500   0.029357   0.529108   0.823472
     1501   0.059917   0.527479   0.805286
     1502   0.045387   0.505814   0.841801
     1503   0.182458   0.900387   0.412238
     1504   0.214899   0.866212   0.400608
     1505   0.233895   0.893689   0.365898
     1506   0.200223   0.872922   0.434578
     1507   0.249531   0.870664   0.386785
     1508   0.202512   0.912399   0.431779
     1509   0.234854   0.877373   0.420755
     1510   0.253152   0.905425   0.386391
     1511   0.492071   1.101122   0.058147
     1512   0.470697   1.072393   0.082732
     1513   0.504533   1.044599   0.085769
     1514   0.525907   1.073328   0.061184
     1515   0.524842   1.108324   0.060701
     1516   0.468673   1.107985   0.080917
     1517   0.483354   1.051425   0.109084
     1518   0.535663   1.051776   0.087602
     1519   0.501444   1.115187   0.083471
     1520   0.481329   1.087017   0.107269
     1521   0.514483   1.058602   0.110917
     1522   0.534598   1.086772   0.087119
     1523   0.550448   1.101841   0.041633
     1524   0.558335   1.044147   0.065985
     1525   0.582876   1.072660   0.046434
     1526   0.583115   1.107394   0.049583
     1527   0.589005   1.049174   0.070874
     1528   0.557510   1.113876   0.068651
     1529   0.566332   1.056804   0.092491
     1530   0.589244   1.083908   0.074023
     1531   0.392430   0.200815   0.387420
     1532   0.383453   0.177873   0.425303
     1533   0.409242   0.142442   0.410305
     1534   0.387446   0.211623   0.420670
     1535   0.403757   0.156628   0.443250
     1536   0.417243   0.210852   0.401990
     1537   0.407750   0.190378   0.438616
     1538   0.433214   0.156764   0.422520
     1539   0.476927   -0.335103   0.891355
     1540   0.445839   -0.303717   0.892170
     1541   0.421077   -0.329150   0.922197
     1542   0.479528   -0.299939   0.888703
     1543   0.426769   -0.293278   0.918279
     1544   0.490517   -0.320645   0.914475
     1545   0.460458   -0.289500   0.914811
     1546   0.435687   -0.315977   0.945464
     1547   0.654393   -0.050933   0.241506
     1548   0.661760   -0.063789   0.285338
     1549   0.690050   -0.081030   0.277987
     1550   0.682683   -0.068174   0.234155
     1551   0.679256   -0.045025   0.219427
     1552   0.647291   -0.032656   0.268894
     1553   0.692712   -0.069957   0.307302
     1554   0.702605   -0.066106   0.253283
     1555   0.672155   -0.026748   0.246815
     1556   0.678243   -0.038824   0.290858
     1557   0.705266   -0.055033   0.282598
     1558   0.699178   -0.042958   0.238555
     1559   0.718716   -0.086186   0.205574
     1560   0.689150   -0.066896   0.197978
     1561   0.712250   -0.087463   0.241751
     1562   0.737083   -0.082688   0.234127
     1563   0.716397   -0.064122   0.181043
     1564   0.734764   -0.060624   0.209596
     1565   0.706503   -0.042251   0.202492
     1566   0.727438   -0.061331   0.245659
     1567   0.717901   -0.098018   0.295690
     1568   0.740100   -0.104451   0.259454
     1569   0.757268   -0.099551   0.288900
     1570   0.732079   -0.071489   0.300512
     1571   0.754251   -0.077787   0.263573
     1572   0.909216   -0.334519   0.718885
     1573   0.873059   -0.316018   0.706593
     1574   0.890104   -0.357120   0.747676
     1575   0.920238   -0.343868   0.750026
     1576   0.902645   -0.302720   0.707858
     1577   0.913668   -0.312070   0.739000
     1578   0.877972   -0.293224   0.726221
     1579   0.894533   -0.335303   0.768494
     1580   0.926752   -0.375860   0.759848
     1581   0.869991   -0.380647   0.775801
     1582   0.906639   -0.399386   0.787972
     1583   0.937429   -0.385965   0.790470
     1584   0.879898   -0.391032   0.806415
     1585   0.930915   -0.353973   0.780648
     1586   0.874305   -0.358940   0.796758
     1587   0.910688   -0.377611   0.808912
     1588   0.098998   0.923729   0.489759
     1589   0.115643   0.946943   0.452720
     1590   0.093565   0.966333   0.464218
     1591   0.076920   0.943120   0.501257
     1592   0.084993   0.930796   0.527843
     1593   0.133994   0.929279   0.469813
     1594   0.117784   0.977751   0.453961
     1595   0.089969   0.968491   0.492343
     1596   0.119989   0.936346   0.507897
     1597   0.136135   0.960086   0.471053
     1598   0.114188   0.979908   0.482085
     1599   0.098042   0.956168   0.518929
     1600   0.045945   0.977352   0.512728
     1601   0.054317   0.944429   0.528306
     1602   0.068548   0.976042   0.485679
     1603   0.068059   0.997194   0.496505
     1604   0.044971   0.970821   0.546410
     1605   0.067084   0.990663   0.530187
     1606   0.075647   0.957188   0.545947
     1607   0.089480   0.989642   0.503169
     1608   0.095893   0.992172   0.441428
     1609   0.070877   1.001880   0.462889
     1610   0.094247   1.020381   0.447036
     1611   0.116137   1.005960   0.459568
     1612   0.091429   1.015694   0.480652
     1613   0.564471   0.919011   0.125688
     1614   0.604503   0.905055   0.117172
     1615   0.613178   0.932672   0.100920
     1616   0.573146   0.946629   0.109437
     1617   0.559012   0.949695   0.131192
     1618   0.580871   0.900470   0.145903
     1619   0.638177   0.921048   0.114831
     1620   0.597316   0.956017   0.113615
     1621   0.575412   0.931154   0.151407
     1622   0.614545   0.916463   0.143562
     1623   0.622316   0.944392   0.127525
     1624   0.583183   0.959083   0.135370
     1625   0.566145   0.991710   0.090460
     1626   0.547646   0.967770   0.108676
     1627   0.591644   0.970569   0.091221
     1628   0.594977   0.997472   0.095194
     1629   0.546669   0.998858   0.111686
     1630   0.575501   1.004621   0.116420
     1631   0.558035   0.980783   0.134202
     1632   0.600650   0.982921   0.117588
     1633   0.638424   0.947411   0.086200
     1634   0.616890   0.985307   0.076500
     1635   0.646676   0.985123   0.084684
     1636   0.646429   0.958760   0.113315
     1637   0.624763   0.997288   0.103378
     1638   0.713002   0.878228   0.092232
     1639   0.750956   0.846971   0.094316
     1640   0.778170   0.877692   0.077822
     1641   0.740216   0.908949   0.075738
     1642   0.710969   0.915551   0.096417
     1643   0.722125   0.850504   0.116083
     1644   0.786366   0.852152   0.100992
     1645   0.775426   0.912165   0.083274
     1646   0.720092   0.887826   0.120268
     1647   0.757534   0.855684   0.122759
     1648   0.783622   0.886625   0.106444
     1649   0.746180   0.918767   0.103953
     1650   0.706813   0.941727   0.070293
     1651   0.771893   0.938401   0.059255
     1652   0.738491   0.971180   0.053809
     1653   0.708677   0.977985   0.072284
     1654   0.772925   0.973467   0.064036
     1655   0.712834   0.951808   0.098409
     1656   0.776458   0.947231   0.088056
     1657   0.743112   0.980272   0.082511
     1658   0.357978   0.212083   0.438958
     1659   0.348991   0.190609   0.476473
     1660   0.374466   0.156399   0.462817
     1661   0.353162   0.223410   0.471497
     1662   0.368964   0.170661   0.494761
     1663   0.382630   0.222950   0.453209
     1664   0.373135   0.203462   0.489785
     1665   0.398255   0.170889   0.475193
     1666   0.042962   0.080025   1.048708
     1667   0.056079   0.100580   1.021328
     1668   0.032566   0.138062   1.030952
     1669   0.019449   0.117507   1.058332
     1670   0.036394   0.094413   1.074416
     1671   0.071853   0.075123   1.041454
     1672   0.062863   0.136023   1.019095
     1673   0.025056   0.149948   1.060493
     1674   0.065285   0.089511   1.067162
     1675   0.078637   0.110566   1.039221
     1676   0.055352   0.147909   1.048636
     1677   0.042001   0.126855   1.076577
     1678   -0.016049   0.127199   1.096633
     1679   0.008831   0.093970   1.082530
     1680   -0.005430   0.150735   1.072436
     1681   -0.013185   0.160876   1.102399
     1682   0.003573   0.102568   1.109344
     1683   0.006438   0.136246   1.115109
     1684   0.031137   0.103011   1.101230
     1685   0.017302   0.160089   1.090456
     1686   0.119507   0.223481   0.848314
     1687   0.109084   0.197962   0.884866
     1688   0.136424   0.162792   0.871729
     1689   0.112901   0.233988   0.880795
     1690   0.128586   0.173748   0.904607
     1691   0.143130   0.235451   0.863397
     1692   0.132403   0.209774   0.900536
     1693   0.159471   0.175122   0.887402
     1694   0.849260   -0.404286   0.803444
     1695   0.813678   -0.384757   0.791597
     1696   0.822882   -0.396020   0.821631
     1697   0.853519   -0.382765   0.824602
     1698   0.818706   -0.363563   0.812909
     1699   0.759124   -0.386517   0.807499
     1700   0.793105   -0.407564   0.818171
     1701   0.768276   -0.398190   0.836310
     1702   0.765213   -0.366123   0.829307
     1703   0.798052   -0.386646   0.839771
     1704   0.163384   0.483989   0.610164
     1705   0.142299   0.505860   0.632011
     1706   0.155563   0.460344   0.631413
     1707   0.181900   0.463341   0.618938
     1708   0.169294   0.511226   0.618384
     1709   0.187810   0.490579   0.627158
     1710   0.166697   0.512626   0.648973
     1711   0.180217   0.467464   0.647855
     1712   0.165339   0.413981   0.637788
     1713   0.174729   0.435625   0.613331
     1714   0.192264   0.415109   0.624046
     1715   0.190188   0.421906   0.653555
     1716   0.199436   0.442825   0.629653
     1717   0.081729   0.893833   0.529292
     1718   0.114859   0.863972   0.510411
     1719   0.132128   0.893868   0.470877
     1720   0.099956   0.868699   0.548814
     1721   0.151158   0.870399   0.490627
     1722   0.103220   0.905662   0.547365
     1723   0.136255   0.875126   0.529030
     1724   0.153024   0.905810   0.489563
     1725   0.197369   0.836734   0.433456
     1726   0.228913   0.806462   0.417717
     1727   0.246443   0.835940   0.384869
     1728   0.215160   0.810980   0.452167
     1729   0.263138   0.811548   0.403695
     1730   0.218013   0.847167   0.453288
     1731   0.249385   0.816065   0.438145
     1732   0.266226   0.846271   0.405612
     1733   0.281146   0.892622   0.323841
     1734   0.311009   0.865746   0.313872
     1735   0.327505   0.894570   0.285132
     1736   0.297040   0.870346   0.344353
     1737   0.343147   0.872001   0.305317
     1738   0.299538   0.904250   0.345171
     1739   0.329178   0.876601   0.335798
     1740   0.345028   0.906268   0.307137
     1741   0.499226   0.963878   0.132805
     1742   0.530232   0.940666   0.131289
     1743   0.516641   0.990983   0.110192
     1744   0.497549   0.996778   0.133624
     1745   0.513050   0.944574   0.156406
     1746   0.511373   0.977474   0.157225
     1747   0.541830   0.953604   0.156309
     1748   0.527577   1.004654   0.135118
     1749   0.484783   1.016964   0.109143
     1750   0.536391   1.018617   0.086818
     1751   0.496120   1.031239   0.133565
     1752   0.545940   1.032017   0.112470
     1753   0.610602   1.102120   0.033059
     1754   0.614330   1.041305   0.051399
     1755   0.642056   1.070765   0.038023
     1756   0.642669   1.106012   0.045168
     1757   0.645546   1.044093   0.059812
     1758   0.615182   1.111286   0.061692
     1759   0.620220   1.051963   0.079288
     1760   0.646158   1.079341   0.066957
     1761   0.705604   1.005033   0.048656
     1762   0.770931   1.002348   0.041675
     1763   0.738045   1.036201   0.036521
     1764   0.706819   1.040712   0.053894
     1765   0.772302   1.038418   0.048712
     1766   0.709892   1.013663   0.077523
     1767   0.774296   1.009538   0.071074
     1768   0.741076   1.042929   0.066086
     1769   0.062109   0.038476   1.046759
     1770   0.029385   0.067750   1.070904
     1771   0.048532   0.026202   1.068955
     1772   0.074341   0.011336   1.070912
     1773   0.044533   0.050125   1.086265
     1774   0.084085   0.047983   1.065607
     1775   0.051543   0.076788   1.089778
     1776   0.070342   0.035260   1.088223
     1777   0.022484   0.011909   1.103812
     1778   0.048345   -0.004948   1.082602
     1779   0.022671   0.043059   1.090164
     1780   0.022736   0.044779   1.113324
     1781   0.043839   -0.012293   1.113968
     1782   0.044091   0.020577   1.123480
     1783   0.069835   0.003991   1.102278
     1784   0.044598   0.051845   1.109425
     1785   0.002117   0.069279   1.101791
     1786   0.024193   0.078068   1.120878
     1787   0.081171   0.061714   1.012214
     1788   0.096186   0.085103   0.979521
     1789   0.071094   0.123969   0.988635
     1790   0.112646   0.058481   1.001260
     1791   0.102022   0.122481   0.975556
     1792   0.103328   0.071890   1.030500
     1793   0.118482   0.095859   0.997295
     1794   0.093791   0.134535   1.006016
     1795   0.379374   0.070291   0.576368
     1796   0.388178   0.087055   0.535554
     1797   0.359454   0.119428   0.542652
     1798   0.409580   0.071232   0.558552
     1799   0.388877   0.120334   0.524178
     1800   0.401097   0.088008   0.588323
     1801   0.410279   0.104511   0.547176
     1802   0.382197   0.135874   0.554533
     1803   0.340166   0.170089   0.513252
     1804   0.367328   0.137681   0.503440
     1805   0.363905   0.184525   0.525784
     1806   0.390513   0.153313   0.515499
     1807   0.749069   -0.279193   0.702549
     1808   0.730311   -0.299825   0.732787
     1809   0.783543   -0.299995   0.712450
     1810   0.779184   -0.268219   0.701152
     1811   0.727007   -0.267597   0.722758
     1812   0.757122   -0.256623   0.721361
     1813   0.738623   -0.278287   0.752659
     1814   0.790410   -0.277508   0.731816
     1815   0.802203   -0.279444   0.681991
     1816   0.837329   -0.298488   0.693592
     1817   0.831795   -0.267176   0.681079
     1818   0.808777   -0.255950   0.700240
     1819   0.842851   -0.275210   0.712442
     1820   0.979642   -0.495215   0.886691
     1821   0.940524   -0.480594   0.872501
     1822   0.921517   -0.499000   0.900542
     1823   0.960635   -0.513621   0.914732
     1824   0.989590   -0.500074   0.918558
     1825   0.972297   -0.465922   0.872824
     1826   0.911950   -0.471442   0.890917
     1827   0.933834   -0.502237   0.928308
     1828   0.982246   -0.470781   0.904690
     1829   0.943723   -0.456769   0.891241
     1830   0.924266   -0.474678   0.918683
     1831   0.962789   -0.488690   0.932133
     1832   0.997219   -0.528327   0.934425
     1833   0.938780   -0.528730   0.939600
     1834   0.975364   -0.543436   0.959293
     1835   1.006489   -0.531312   0.967252
     1836   0.945804   -0.530186   0.968146
     1837   0.998860   -0.503059   0.951384
     1838   0.940858   -0.503693   0.956854
     1839   0.976929   -0.518062   0.976105
     1840   0.114423   0.383245   0.738465
     1841   0.126724   0.401116   0.707841
     1842   0.142684   0.381696   0.723627
     1843   0.139292   0.392581   0.753413
     1844   0.151620   0.410015   0.723001
     1845   -0.000530   0.530930   0.840894
     1846   -0.014123   0.508565   0.876658
     1847   -0.005554   0.541595   0.873568
     1848   0.024333   0.539773   0.856146
     1849   0.010771   0.517431   0.891846
     1850   0.097612   0.832005   0.547413
     1851   0.130837   0.802341   0.525731
     1852   0.148084   0.834308   0.488729
     1853   0.117163   0.805744   0.564458
     1854   0.166355   0.808627   0.505917
     1855   0.119507   0.842438   0.565859
     1856   0.152682   0.812031   0.544644
     1857   0.169430   0.844719   0.507815
     1858   0.211768   0.776189   0.448066
     1859   0.242379   0.747089   0.429582
     1860   0.259524   0.777362   0.399233
     1861   0.229461   0.750268   0.464093
     1862   0.276213   0.751924   0.415737
     1863   0.232853   0.785059   0.468194
     1864   0.263295   0.755103   0.450247
     1865   0.279827   0.786109   0.420199
     1866   0.535161   0.651661   0.218732
     1867   0.556868   0.681814   0.202051
     1868   0.530145   0.708836   0.213589
     1869   0.508438   0.678683   0.230270
     1870   0.519373   0.651889   0.245567
     1871   0.566225   0.654026   0.218129
     1872   0.561723   0.712958   0.212704
     1873   0.513265   0.709293   0.240763
     1874   0.550436   0.654253   0.244964
     1875   0.571080   0.685170   0.228782
     1876   0.544843   0.713415   0.239879
     1877   0.524200   0.682498   0.256060
     1878   0.489032   0.648265   0.247695
     1879   0.482126   0.704584   0.243081
     1880   0.462719   0.674166   0.260506
     1881   0.475396   0.647771   0.275110
     1882   0.467157   0.704794   0.270749
     1883   0.505738   0.651394   0.272982
     1884   0.498295   0.709503   0.268431
     1885   0.479833   0.678399   0.285353
     1886   0.684972   0.845039   0.112491
     1887   0.670659   0.912914   0.091930
     1888   0.642629   0.879726   0.112189
     1889   0.656328   0.848703   0.136683
     1890   0.693481   0.854167   0.140275
     1891   0.678488   0.923684   0.119318
     1892   0.651876   0.890025   0.139325
     1893   0.621664   0.839829   0.136734
     1894   0.583538   0.865158   0.141717
     1895   0.597573   0.840337   0.163769
     1896   0.632237   0.849212   0.163717
     1897   0.594906   0.875650   0.167955
     1898   0.908450   0.792532   0.080733
     1899   0.896806   0.831981   0.072673
     1900   0.873816   0.825540   0.077222
     1901   0.885461   0.786091   0.085282
     1902   0.901756   0.767628   0.103037
     1903   0.919251   0.824463   0.087792
     1904   0.878309   0.847342   0.086741
     1905   0.873502   0.811432   0.096898
     1906   0.912557   0.799559   0.110097
     1907   0.900754   0.839824   0.101860
     1908   0.877994   0.833234   0.106416
     1909   0.889797   0.792968   0.114653
     1910   0.855489   0.774805   0.092897
     1911   0.854864   0.811461   0.083917
     1912   0.824892   0.800174   0.091532
     1913   0.814179   0.788396   0.112134
     1914   0.840759   0.818995   0.100127
     1915   0.860446   0.781219   0.122273
     1916   0.859398   0.818966   0.113108
     1917   0.830047   0.807216   0.120728
     1918   0.807879   0.850201   0.081368
     1919   0.797451   0.816523   0.092073
     1920   0.835320   0.833853   0.080827
     1921   0.834579   0.856655   0.090575
     1922   0.813065   0.858606   0.110199
     1923   0.803094   0.824025   0.121053
     1924   0.840018   0.841797   0.109874
     1925   0.854272   0.847932   0.074133
     1926   0.858615   0.856065   0.103183
     1927   0.112352   -0.051876   1.035660
     1928   0.086395   -0.003947   1.040769
     1929   0.071335   -0.022364   1.066361
     1930   0.097292   -0.070293   1.061253
     1931   0.125696   -0.084434   1.061247
     1932   0.119968   -0.009548   1.029912
     1933   0.089670   -0.047019   1.081595
     1934   0.133311   -0.042107   1.055499
     1935   0.107914   0.005736   1.060055
     1936   0.092677   -0.013319   1.086146
     1937   0.118074   -0.061161   1.081590
     1938   0.070904   -0.099737   1.099132
     1939   0.099730   -0.108133   1.073832
     1940   0.068466   -0.061897   1.086553
     1941   0.068202   -0.068069   1.111875
     1942   0.094148   -0.122848   1.107214
     1943   0.091446   -0.091180   1.119957
     1944   0.120114   -0.099150   1.094630
     1945   0.089406   -0.053191   1.106917
     1946   0.045477   -0.044480   1.102794
     1947   0.066564   -0.035882   1.123049
     1948   0.105456   0.019290   1.006224
     1949   0.127157   0.029642   1.024948
     1950   0.123256   0.046516   0.970270
     1951   0.138342   0.072487   0.935048
     1952   0.111272   0.111074   0.944299
     1953   0.155771   0.045552   0.957389
     1954   0.143050   0.111037   0.930131
     1955   0.145161   0.057517   0.988379
     1956   0.160479   0.084102   0.952472
     1957   0.133800   0.122443   0.961388
     1958   0.082589   0.233411   0.897565
     1959   0.070989   0.208653   0.932955
     1960   0.097484   0.173203   0.920256
     1961   0.075927   0.244139   0.929885
     1962   0.089463   0.184246   0.952086
     1963   0.106238   0.244716   0.913115
     1964   0.094401   0.219732   0.949016
     1965   0.120565   0.184790   0.936437
     1966   0.785176   -0.242631   0.637606
     1967   0.767152   -0.260852   0.670146
     1968   0.820227   -0.261223   0.649450
     1969   0.814903   -0.230708   0.634704
     1970   0.762865   -0.229819   0.656673
     1971   0.792591   -0.217897   0.653771
     1972   0.774897   -0.237186   0.687678
     1973   0.826471   -0.236661   0.666333
     1974   0.873215   -0.260069   0.630004
     1975   0.837922   -0.243249   0.616587
     1976   0.855520   -0.278043   0.662867
     1977   0.884775   -0.264793   0.662448
     1978   0.867196   -0.230382   0.614094
     1979   0.878756   -0.235105   0.646538
     1980   0.844177   -0.217841   0.632211
     1981   0.861050   -0.253925   0.680660
     1982   0.891249   -0.295573   0.675868
     1983   0.896171   -0.271940   0.694439
     1984   0.291622   0.234435   0.538360
     1985   0.301613   0.256428   0.505309
     1986   0.279828   0.288393   0.521029
     1987   0.269837   0.266400   0.554081
     1988   0.288218   0.245736   0.569548
     1989   0.319645   0.234761   0.520875
     1990   0.308337   0.288212   0.504279
     1991   0.276243   0.297618   0.552809
     1992   0.316240   0.246063   0.552063
     1993   0.326368   0.266545   0.519846
     1994   0.304752   0.297437   0.536059
     1995   0.294624   0.276954   0.568276
     1996   0.260788   0.244827   0.586354
     1997   0.248018   0.297074   0.569138
     1998   0.238969   0.275501   0.601412
     1999   0.257909   0.255743   0.616814
     2000   0.244663   0.306196   0.600199
     2001   0.285339   0.256653   0.600008
     2002   0.272888   0.306740   0.583869
     2003   0.263603   0.286439   0.615601
     2004   0.062897   0.862901   0.571907
     2005   0.057468   0.916012   0.544305
     2006   0.038636   0.885080   0.586920
     2007   0.047840   0.868212   0.612924
     2008   0.051511   0.913469   0.578485
     2009   0.084899   0.874009   0.589831
     2010   0.079036   0.928253   0.562022
     2011   0.060715   0.896600   0.604488
     2012   0.002216   0.919735   0.610640
     2013   0.014768   0.883166   0.619483
     2014   0.026084   0.921650   0.578077
     2015   0.022503   0.941844   0.595206
     2016   0.004115   0.909395   0.643340
     2017   0.024402   0.931503   0.627906
     2018   0.037187   0.894441   0.636781
     2019   0.047930   0.933662   0.595613
     2020   0.022933   0.950067   0.562078
     2021   0.044541   0.962598   0.579537
     2022   0.114685   0.769500   0.560146
     2023   0.147083   0.740540   0.536015
     2024   0.163235   0.773381   0.501599
     2025   0.134562   0.742369   0.574429
     2026   0.181875   0.747082   0.516644
     2027   0.137040   0.778613   0.578741
     2028   0.169354   0.748911   0.555059
     2029   0.184996   0.782329   0.520962
     2030   0.241845   0.971652   0.311851
     2031   0.224910   1.019772   0.291506
     2032   0.260017   0.985491   0.332028
     2033   0.242764   1.035049   0.310915
     2034   0.202673   1.069551   0.270229
     2035   0.220416   1.085431   0.289251
     2036   0.326934   0.978377   0.235237
     2037   0.339666   1.007805   0.203871
     2038   0.307816   1.032456   0.210449
     2039   0.357085   0.987615   0.227273
     2040   0.337843   1.043246   0.201742
     2041   0.343316   0.992868   0.256455
     2042   0.355262   1.023057   0.225144
     2043   0.323760   1.048317   0.231011
     2044   0.285586   1.087637   0.182994
     2045   0.319051   1.063166   0.176916
     2046   0.315524   1.099326   0.172877
     2047   0.301344   1.104051   0.203262
     2048   0.334316   1.079407   0.197704
     2049   0.588089   1.017239   0.069626
     2050   0.595893   1.029407   0.096442
     2051   0.643132   1.009372   0.058273
     2052   0.649089   1.019844   0.086224
     2053   0.674578   0.976223   0.064562
     2054   0.680775   0.986884   0.092406
     2055   0.530211   0.856544   0.170318
     2056   0.564475   0.831839   0.164286
     2057   0.549274   0.889863   0.147750
     2058   0.529705   0.890770   0.175108
     2059   0.543753   0.832698   0.191023
     2060   0.543247   0.866925   0.195813
     2061   0.576851   0.841197   0.190506
     2062   0.561302   0.901378   0.173262
     2063   0.515035   0.911517   0.153350
     2064   0.527720   0.923827   0.178164
     2065   0.671417   1.102222   0.028968
     2066   0.674159   1.038182   0.042366
     2067   0.703520   1.069639   0.033310
     2068   0.703010   1.105123   0.042345
     2069   0.674262   1.108914   0.058546
     2070   0.678206   1.046623   0.071340
     2071   0.706309   1.076196   0.062929
     2072   0.732288   1.102292   0.025595
     2073   0.766814   1.068854   0.028806
     2074   0.763889   1.104788   0.038763
     2075   0.734610   1.107620   0.055513
     2076   0.769377   1.074352   0.058669
     2077   0.890421   0.735992   0.093590
     2078   0.808319   0.750686   0.103825
     2079   0.843251   0.711873   0.104517
     2080   0.883633   0.709187   0.113853
     2081   0.808223   0.717951   0.124989
     2082   0.894968   0.740823   0.123299
     2083   0.814084   0.755661   0.133298
     2084   0.848606   0.715265   0.134324
     2085   0.389502   -0.353429   0.955599
     2086   0.369155   -0.375954   0.977944
     2087   0.408720   -0.412485   0.972315
     2088   0.363681   -0.343064   0.985694
     2089   0.389162   -0.397604   0.994502
     2090   0.404175   -0.341484   0.979477
     2091   0.383688   -0.364714   1.002252
     2092   0.421957   -0.400396   0.996946
     2093   0.382443   -0.452929   1.005435
     2094   0.369289   -0.420942   0.997050
     2095   0.363215   -0.433017   1.024331
     2096   0.395430   -0.440978   1.030263
     2097   0.383088   -0.409680   1.021784
     2098   0.331950   -0.376658   0.999959
     2099   0.332084   -0.421645   1.019064
     2100   0.315401   -0.399589   1.038401
     2101   0.347132   -0.365995   1.024136
     2102   0.346531   -0.410961   1.043668
     2103   0.141328   -0.095979   1.028573
     2104   0.161739   -0.066011   0.991372
     2105   0.132764   -0.021907   0.998459
     2106   0.177263   -0.097491   1.016287
     2107   0.166745   -0.023624   0.986155
     2108   0.161631   -0.085946   1.048961
     2109   0.182268   -0.055104   1.011070
     2110   0.153949   -0.011265   1.017608
     2111   0.150563   0.005318   0.962505
     2112   0.171953   0.016610   0.981039
     2113   0.609569   0.058709   0.117244
     2114   0.627363   0.035911   0.098153
     2115   0.634210   0.070250   0.069604
     2116   0.631572   0.031581   0.128041
     2117   0.647588   0.051536   0.082072
     2118   0.634001   0.068551   0.131649
     2119   0.651797   0.047205   0.111960
     2120   0.658531   0.075263   0.086922
     2121   0.666133   0.055016   0.032072
     2122   0.648552   0.037077   0.057917
     2123   0.674082   0.030985   0.049744
     2124   0.689716   0.059372   0.050277
     2125   0.673118   0.045443   0.073899
     2126   0.644099   0.002451   0.100920
     2127   0.665289   0.003618   0.060685
     2128   0.680340   -0.011103   0.084848
     2129   0.667812   0.018027   0.111969
     2130   0.689132   0.016265   0.073908
     2131   0.480469   -0.084619   0.651372
     2132   0.466156   -0.100178   0.689722
     2133   0.498095   -0.127866   0.691835
     2134   0.512407   -0.112307   0.653485
     2135   0.511902   -0.080706   0.639370
     2136   0.466679   -0.068156   0.677575
     2137   0.483163   -0.112540   0.717178
     2138   0.529449   -0.122864   0.682152
     2139   0.498113   -0.064243   0.665573
     2140   0.483686   -0.080517   0.705030
     2141   0.514517   -0.107538   0.707494
     2142   0.528944   -0.091264   0.668038
     2143   0.527095   -0.098157   0.614373
     2144   0.545602   -0.139060   0.657831
     2145   0.560290   -0.124910   0.618720
     2146   0.558886   -0.093845   0.602753
     2147   0.577064   -0.133548   0.648425
     2148   0.543693   -0.076394   0.627750
     2149   0.560911   -0.117352   0.672746
     2150   0.575660   -0.102482   0.632458
     2151   0.914489   -0.541044   0.960653
     2152   0.909920   -0.515509   0.924495
     2153   0.885628   -0.527823   0.945548
     2154   0.885407   -0.526920   0.970470
     2155   0.888539   -0.504076   0.938349
     2156   0.916722   -0.516063   0.977964
     2157   0.912453   -0.490803   0.942162
     2158   0.888317   -0.503173   0.963271
     2159   0.834079   -0.514621   0.935880
     2160   0.853733   -0.536843   0.963026
     2161   0.865974   -0.505602   0.918402
     2162   0.846238   -0.482872   0.916687
     2163   0.824725   -0.522187   0.973408
     2164   0.836884   -0.490438   0.954214
     2165   0.856399   -0.512264   0.980852
     2166   0.868803   -0.481346   0.936634
     2167   0.877571   -0.489092   0.894449
     2168   0.880616   -0.465221   0.913155
     2169   -0.013862   0.371549   0.955931
     2170   0.000333   0.394842   0.919594
     2171   -0.035230   0.405137   0.970796
     2172   -0.019828   0.381395   0.989520
     2173   0.016583   0.371053   0.937908
     2174   0.010618   0.380898   0.971497
     2175   0.025006   0.404097   0.934908
     2176   -0.010669   0.414105   0.986457
     2177   -0.073087   0.415776   1.023157
     2178   -0.051408   0.382244   1.008157
     2179   -0.058606   0.392131   1.042693
     2180   -0.048619   0.424599   1.039046
     2181   -0.027026   0.391282   1.024057
     2182   -0.032800   0.538807   0.889903
     2183   -0.023934   0.569754   0.856706
     2184   -0.041006   0.592349   0.871299
     2185   -0.049871   0.561402   0.904496
     2186   -0.035123   0.544907   0.921368
     2187   -0.017494   0.606793   0.855146
     2188   -0.039708   0.586942   0.902677
     2189   -0.007877   0.547694   0.905033
     2190   0.000886   0.578633   0.872008
     2191   -0.016197   0.601385   0.886524
     2192   -0.024960   0.570446   0.919550
     2193   -0.077816   0.578574   0.940785
     2194   -0.062553   0.546572   0.935327
     2195   -0.065135   0.593405   0.909954
     2196   -0.065698   0.609119   0.932239
     2197   -0.065008   0.557096   0.964344
     2198   -0.052889   0.587641   0.955798
     2199   -0.037578   0.555431   0.950385
     2200   -0.040271   0.602656   0.924963
     2201   -0.052822   0.628433   0.868716
     2202   -0.076951   0.629489   0.907372
     2203   -0.063464   0.659036   0.897757
     2204   -0.028137   0.637396   0.884187
     2205   -0.052211   0.638666   0.922625
     2206   0.046221   0.829929   0.611597
     2207   0.080936   0.799033   0.587102
     2208   0.067115   0.802174   0.627903
     2209   0.068734   0.840457   0.629231
     2210   0.103342   0.808886   0.605259
     2211   0.131981   0.707025   0.567401
     2212   0.163591   0.679384   0.541484
     2213   0.178693   0.712900   0.510098
     2214   0.152158   0.679602   0.579027
     2215   0.197663   0.686399   0.523017
     2216   0.154740   0.714946   0.586055
     2217   0.186230   0.686616   0.560560
     2218   0.200845   0.720581   0.529563
     2219   0.225406   0.716476   0.457474
     2220   0.255141   0.687951   0.437171
     2221   0.272114   0.718564   0.409280
     2222   0.242839   0.690099   0.471148
     2223   0.288794   0.692347   0.423931
     2224   0.246893   0.723891   0.477767
     2225   0.276492   0.694494   0.457908
     2226   0.292893   0.725706   0.430388
     2227   0.251289   0.921306   0.334707
     2228   0.269872   0.933670   0.355456
     2229   0.514228   0.570986   0.235209
     2230   0.494241   0.594832   0.248918
     2231   0.476885   0.572462   0.261706
     2232   0.496872   0.548616   0.247997
     2233   0.522516   0.545488   0.248389
     2234   0.522892   0.596871   0.247344
     2235   0.482817   0.594108   0.275590
     2236   0.488949   0.551720   0.272396
     2237   0.531180   0.571373   0.260524
     2238   0.511469   0.596147   0.274016
     2239   0.494881   0.573366   0.286280
     2240   0.514593   0.548591   0.272788
     2241   0.477771   0.504998   0.261746
     2242   0.508580   0.519968   0.238657
     2243   0.466063   0.533647   0.271085
     2244   0.461921   0.515840   0.293797
     2245   0.512373   0.493659   0.253697
     2246   0.496522   0.504502   0.285748
     2247   0.526309   0.519179   0.263428
     2248   0.484806   0.533914   0.295108
     2249   0.454275   0.586861   0.278434
     2250   0.443453   0.548046   0.287814
     2251   0.444128   0.581363   0.305507
     2252   0.472670   0.588609   0.302663
     2253   0.462595   0.549157   0.311491
     2254   0.498657   0.881889   0.177279
     2255   0.482989   0.935798   0.158650
     2256   0.466611   0.906170   0.182579
     2257   0.481193   0.884376   0.204241
     2258   0.466143   0.940172   0.184995
     2259   0.512242   0.893257   0.202071
     2260   0.496203   0.948948   0.182751
     2261   0.480725   0.918378   0.206657
     2262   0.450387   0.876374   0.208007
     2263   0.435540   0.931538   0.188926
     2264   0.419316   0.901743   0.214354
     2265   0.434504   0.879561   0.235869
     2266   0.419466   0.935989   0.216231
     2267   0.465310   0.887562   0.232103
     2268   0.450068   0.944622   0.212300
     2269   0.434654   0.913806   0.237745
     2270   0.283397   0.214681   0.574110
     2271   0.315285   0.202886   0.525975
     2272   0.307658   0.227550   0.587269
     2273   0.339466   0.215828   0.539175
     2274   0.324110   0.223407   0.489196
     2275   0.348697   0.234765   0.503176
     2276   0.409007   -0.220145   0.860894
     2277   0.377928   -0.185222   0.861775
     2278   0.358883   -0.206527   0.892385
     2279   0.389962   -0.241451   0.891504
     2280   0.421343   -0.238883   0.887399
     2281   0.413030   -0.186132   0.855050
     2282   0.360133   -0.169057   0.888401
     2283   0.375027   -0.229916   0.917037
     2284   0.425367   -0.204869   0.881556
     2285   0.395235   -0.169967   0.881676
     2286   0.376276   -0.192446   0.913052
     2287   0.406408   -0.227348   0.912932
     2288   0.416292   -0.273152   0.891805
     2289   0.367687   -0.262885   0.920548
     2290   0.394017   -0.294586   0.920849
     2291   0.376898   -0.282845   0.946085
     2292   0.431820   -0.259009   0.913873
     2293   0.384238   -0.249876   0.942573
     2294   0.409650   -0.281537   0.943514
     2295   0.285909   -0.384827   1.033603
     2296   0.327185   -0.318731   0.979619
     2297   0.281144   -0.326900   1.013263
     2298   0.272285   -0.360252   1.052893
     2299   0.306714   -0.283488   0.997044
     2300   0.301777   -0.375013   1.057691
     2301   0.343210   -0.307822   1.003120
     2302   0.297855   -0.316840   1.036674
     2303   0.193276   -0.107154   0.983237
     2304   0.211363   -0.075377   0.945518
     2305   0.179827   -0.034234   0.953653
     2306   0.229186   -0.105542   0.970326
     2307   0.213764   -0.033123   0.940026
     2308   0.213173   -0.095878   1.003376
     2309   0.231587   -0.063287   0.964834
     2310   0.200682   -0.022513   0.972528
     2311   0.195848   -0.005049   0.916280
     2312   0.166585   0.034503   0.925133
     2313   0.199145   0.035412   0.910562
     2314   0.217061   0.007338   0.934308
     2315   0.188331   0.046461   0.942818
     2316   0.614483   -0.044029   0.335463
     2317   0.569868   -0.014033   0.348752
     2318   0.569868   -0.024229   0.383486
     2319   0.614484   -0.054225   0.370197
     2320   0.641511   -0.049862   0.356073
     2321   0.604939   -0.014217   0.321669
     2322   0.553895   0.008598   0.383529
     2323   0.604266   -0.034188   0.391433
     2324   0.631966   -0.020050   0.342279
     2325   0.588966   0.008413   0.356446
     2326   0.588292   -0.001361   0.391476
     2327   0.631292   -0.029825   0.377309
     2328   0.635195   -0.081397   0.416297
     2329   0.646169   -0.076848   0.376878
     2330   0.603510   -0.058773   0.409617
     2331   0.619465   -0.059174   0.435824
     2332   0.666338   -0.078581   0.404724
     2333   0.650608   -0.056359   0.424250
     2334   0.661680   -0.051595   0.383920
     2335   0.620221   -0.034589   0.417640
     2336   0.552671   -0.023555   0.417472
     2337   0.586312   -0.058100   0.443602
     2338   0.570075   -0.033312   0.460291
     2339   0.571299   -0.001159   0.426348
     2340   0.603228   -0.034387   0.452512
     2341   0.625327   -0.015969   0.198702
     2342   0.622564   -0.025511   0.245517
     2343   0.657156   -0.041390   0.194691
     2344   0.654034   -0.014699   0.175634
     2345   0.617162   0.004144   0.228814
     2346   0.645869   0.005413   0.205747
     2347   0.641889   -0.003001   0.252191
     2348   0.676134   -0.018334   0.200371
     2349   0.697553   -0.064352   0.153038
     2350   0.665559   -0.038846   0.149751
     2351   0.697444   -0.041211   0.130181
     2352   0.716288   -0.040980   0.158186
     2353   0.685919   -0.017064   0.156065
     2354   0.760434   -0.121561   0.314133
     2355   0.698616   -0.096595   0.336153
     2356   0.741149   -0.120138   0.354596
     2357   0.776178   -0.116289   0.344408
     2358   0.718386   -0.096732   0.370730
     2359   0.773013   -0.094279   0.319175
     2360   0.712481   -0.070094   0.341878
     2361   0.753415   -0.092883   0.360541
     2362   0.527348   -0.217263   0.767616
     2363   0.508206   -0.237742   0.799668
     2364   0.540165   -0.264949   0.802550
     2365   0.559307   -0.244470   0.770499
     2366   0.559338   -0.211336   0.761945
     2367   0.509768   -0.204230   0.792291
     2368   0.521162   -0.253530   0.827114
     2369   0.572648   -0.258589   0.798733
     2370   0.541758   -0.198304   0.786620
     2371   0.522725   -0.220018   0.819737
     2372   0.553646   -0.247170   0.823297
     2373   0.572679   -0.225456   0.790180
     2374   0.577651   -0.224639   0.738043
     2375   0.592105   -0.270208   0.774904
     2376   0.610449   -0.250377   0.742448
     2377   0.609196   -0.217713   0.732686
     2378   0.623830   -0.262765   0.771430
     2379   0.590883   -0.204411   0.756589
     2380   0.604373   -0.251146   0.795259
     2381   0.622577   -0.230101   0.761668
     2382   0.644117   -0.274358   0.748897
     2383   0.625329   -0.296366   0.778851
     2384   0.658999   -0.320487   0.784867
     2385   0.677787   -0.298478   0.754912
     2386   0.675324   -0.265621   0.746252
     2387   0.637878   -0.310764   0.807176
     2388   0.689899   -0.310903   0.783999
     2389   0.655038   -0.254029   0.768785
     2390   0.636379   -0.277163   0.799755
     2391   0.668777   -0.301180   0.806309
     2392   0.687436   -0.278046   0.775339
     2393   0.696410   -0.277367   0.724825
     2394   0.711689   -0.320937   0.762875
     2395   0.705921   -0.255852   0.744185
     2396   0.720138   -0.300480   0.783813
     2397   0.863478   -0.446522   0.845888
     2398   0.839016   -0.472145   0.880695
     2399   0.902033   -0.463469   0.859642
     2400   0.895534   -0.432285   0.847801
     2401   0.834995   -0.438182   0.864138
     2402   0.867051   -0.423945   0.866051
     2403   0.842217   -0.448909   0.900129
     2404   0.905450   -0.440258   0.879077
     2405   0.962119   -0.458274   0.841857
     2406   0.923629   -0.441149   0.828998
     2407   0.955506   -0.427424   0.830306
     2408   0.965684   -0.435072   0.861273
     2409   0.927412   -0.418561   0.849109
     2410   0.230855   0.253506   0.632981
     2411   0.216956   0.304923   0.616267
     2412   0.208842   0.282929   0.647836
     2413   0.228197   0.263267   0.662930
     2414   0.214017   0.313761   0.646939
     2415   0.255251   0.265503   0.646763
     2416   0.241725   0.315034   0.630871
     2417   0.233373   0.294098   0.662033
     2418   0.022021   0.361012   0.905058
     2419   0.035229   0.384276   0.869202
     2420   0.051972   0.360739   0.887461
     2421   0.046535   0.370780   0.920310
     2422   0.059885   0.393820   0.884362
     2423   0.145314   0.372457   0.693966
     2424   0.155607   0.392269   0.665639
     2425   0.172854   0.372390   0.679282
     2426   0.170225   0.381629   0.708943
     2427   0.180509   0.400900   0.680941
     2428   0.089594   0.535983   0.696715
     2429   0.064409   0.570650   0.718065
     2430   0.048998   0.540899   0.756019
     2431   0.096300   0.576252   0.696253
     2432   0.056995   0.572832   0.756281
     2433   0.114155   0.543685   0.713031
     2434   0.088887   0.578434   0.734469
     2435   0.073674   0.549163   0.771885
     2436   0.027456   0.573390   0.772616
     2437   0.013575   0.551349   0.806405
     2438   0.022576   0.582195   0.804852
     2439   0.052115   0.581637   0.788518
     2440   0.038358   0.559954   0.821919
     2441   -0.072838   0.678471   0.871431
     2442   -0.021108   0.630509   0.818487
     2443   -0.041125   0.680547   0.821202
     2444   -0.057705   0.707068   0.860740
     2445   -0.000162   0.663051   0.797569
     2446   -0.048331   0.687633   0.887066
     2447   0.003452   0.639335   0.834228
     2448   -0.016742   0.689572   0.837107
     2449   0.065520   0.764321   0.623805
     2450   0.099269   0.734788   0.596849
     2451   0.086839   0.735800   0.637497
     2452   0.088434   0.773654   0.641595
     2453   0.122132   0.743381   0.615076
     2454   0.149277   0.928203   0.430156
     2455   0.125078   0.978240   0.420818
     2456   0.169466   0.940940   0.449097
     2457   0.145027   0.991957   0.439329
     2458   0.099698   1.023090   0.413626
     2459   0.119531   1.037212   0.431958
     2460   0.238409   0.657412   0.463019
     2461   0.267037   0.629171   0.441396
     2462   0.283769   0.659710   0.415548
     2463   0.255879   0.630888   0.475167
     2464   0.299973   0.632805   0.428260
     2465   0.260308   0.663575   0.483296
     2466   0.288815   0.634522   0.462031
     2467   0.304999   0.665442   0.436643
     2468   0.362127   0.295900   0.391897
     2469   0.382845   0.261117   0.371856
     2470   0.399632   0.287914   0.341941
     2471   0.378914   0.322696   0.361981
     2472   0.371504   0.328245   0.395596
     2473   0.377191   0.268977   0.405499
     2474   0.413155   0.259379   0.355033
     2475   0.410189   0.320396   0.347022
     2476   0.386568   0.301323   0.409199
     2477   0.407502   0.267238   0.388676
     2478   0.423712   0.291860   0.360114
     2479   0.402779   0.325944   0.380637
     2480   0.358186   0.356901   0.383344
     2481   0.398516   0.350714   0.335064
     2482   0.377789   0.384919   0.356427
     2483   0.368540   0.388744   0.389990
     2484   0.409894   0.382708   0.342941
     2485   0.381858   0.360088   0.402242
     2486   0.421566   0.352390   0.354900
     2487   0.400645   0.386534   0.376504
     2488   0.357362   0.868181   0.275979
     2489   0.373156   0.897656   0.248352
     2490   0.343300   0.924045   0.257505
     2491   0.388793   0.875218   0.269320
     2492   0.374039   0.931986   0.250045
     2493   0.374579   0.879038   0.298659
     2494   0.389676   0.909548   0.271014
     2495   0.360126   0.936778   0.279492
     2496   0.357524   0.952940   0.227688
     2497   0.373600   0.966662   0.249629
     2498   0.537408   0.596383   0.220675
     2499   0.559604   0.624664   0.205771
     2500   0.512966   0.623381   0.233637
     2501   0.567827   0.596682   0.219980
     2502   0.553311   0.597170   0.246650
     2503   0.574448   0.626044   0.232338
     2504   0.529300   0.625379   0.259275
     2505   0.470307   0.619716   0.262977
     2506   0.487906   0.622162   0.287723
     2507   0.551502   0.740279   0.195335
     2508   0.523044   0.767297   0.205419
     2509   0.501687   0.735854   0.223672
     2510   0.555004   0.773228   0.204565
     2511   0.505356   0.768186   0.232313
     2512   0.565226   0.745907   0.221934
     2513   0.537316   0.774117   0.231459
     2514   0.516934   0.741625   0.249404
     2515   0.474011   0.762362   0.235121
     2516   0.454450   0.731092   0.254529
     2517   0.458354   0.763398   0.263132
     2518   0.489698   0.769222   0.260324
     2519   0.471060   0.737100   0.279352
     2520   0.769604   0.717099   0.118984
     2521   0.771458   0.783571   0.106735
     2522   0.732743   0.749985   0.121894
     2523   0.738105   0.719850   0.142372
     2524   0.735447   0.785302   0.130313
     2525   0.776725   0.720702   0.148377
     2526   0.778169   0.790126   0.135711
     2527   0.740809   0.755167   0.150790
     2528   0.701176   0.717450   0.137933
     2529   0.697578   0.780805   0.127488
     2530   0.666012   0.748269   0.143527
     2531   0.673585   0.718933   0.162226
     2532   0.668652   0.783024   0.152995
     2533   0.710513   0.721334   0.166665
     2534   0.706522   0.787521   0.155819
     2535   0.676225   0.753688   0.171693
     2536   0.802044   0.905638   0.064791
     2537   0.831753   0.878147   0.068338
     2538   0.833346   0.908088   0.075050
     2539   0.806729   0.914615   0.093533
     2540   0.836172   0.886596   0.097287
     2541   0.858000   0.898216   0.058773
     2542   0.880519   0.868001   0.064569
     2543   0.886716   0.896796   0.071498
     2544   0.862063   0.906667   0.087774
     2545   0.884506   0.876136   0.093670
     2546   0.743746   0.539377   0.122026
     2547   0.713025   0.513692   0.127812
     2548   0.734012   0.485415   0.115436
     2549   0.764732   0.511101   0.109650
     2550   0.775135   0.536029   0.127448
     2551   0.721380   0.538342   0.145362
     2552   0.715157   0.484176   0.138445
     2553   0.762787   0.480476   0.120556
     2554   0.752770   0.534994   0.150784
     2555   0.723513   0.508827   0.155996
     2556   0.743932   0.479237   0.143565
     2557   0.773190   0.505404   0.138354
     2558   0.819210   0.505200   0.095069
     2559   0.799674   0.536125   0.106456
     2560   0.784268   0.480176   0.098263
     2561   0.814136   0.473052   0.104462
     2562   0.831597   0.531257   0.114610
     2563   0.826523   0.499109   0.124003
     2564   0.807058   0.531162   0.135602
     2565   0.792654   0.473352   0.126754
     2566   0.559831   -0.445689   0.921041
     2567   0.523534   -0.418816   0.918768
     2568   0.540183   -0.468442   0.943658
     2569   0.571318   -0.462793   0.947162
     2570   0.557194   -0.411754   0.918694
     2571   0.568681   -0.428858   0.944815
     2572   0.534298   -0.403610   0.942868
     2573   0.548778   -0.451761   0.967633
     2574   0.550301   -0.515051   0.974942
     2575   0.573812   -0.495884   0.953810
     2576   0.583175   -0.510537   0.983708
     2577   0.557543   -0.497291   0.998551
     2578   0.580680   -0.477445   0.977061
     2579   0.467819   -0.281112   0.861926
     2580   0.438272   -0.250547   0.861560
     2581   0.470731   -0.246941   0.857031
     2582   0.482441   -0.265768   0.883807
     2583   0.453803   -0.235277   0.882869
     2584   0.395478   -0.127278   0.795586
     2585   0.370943   -0.103315   0.799045
     2586   0.360271   -0.122258   0.826275
     2587   0.384806   -0.146221   0.822815
     2588   0.410101   -0.141473   0.819564
     2589   0.398863   -0.096266   0.789532
     2590   0.361700   -0.093939   0.826164
     2591   0.377391   -0.134789   0.844700
     2592   0.413486   -0.110461   0.813511
     2593   0.389620   -0.086890   0.816651
     2594   0.378820   -0.106470   0.844589
     2595   0.402686   -0.130041   0.841449
     2596   0.402992   -0.171935   0.827693
     2597   0.359742   -0.159508   0.856897
     2598   0.420139   -0.155670   0.846921
     2599   0.377782   -0.144338   0.876204
     2600   0.334646   -0.106194   0.839144
     2601   0.334116   -0.143444   0.869765
     2602   0.326594   -0.103211   0.870430
     2603   0.353649   -0.090956   0.857451
     2604   0.352611   -0.128824   0.889065
     2605   0.245203   -0.114185   0.936051
     2606   0.260432   -0.081349   0.897393
     2607   0.226593   -0.042541   0.906860
     2608   0.280743   -0.110271   0.921515
     2609   0.260022   -0.039051   0.892067
     2610   0.264726   -0.101627   0.955790
     2611   0.280332   -0.067973   0.916189
     2612   0.247193   -0.029633   0.925233
     2613   0.240721   -0.012511   0.868293
     2614   0.209977   0.024980   0.877714
     2615   0.242362   0.027579   0.862020
     2616   0.261663   0.001040   0.885793
     2617   0.231531   0.038011   0.894868
     2618   0.045474   0.160860   1.000392
     2619   0.019945   0.196874   1.013324
     2620   0.007037   0.174076   1.043884
     2621   0.051123   0.196001   0.998775
     2622   0.012013   0.207825   1.044813
     2623   0.068511   0.171164   1.017478
     2624   0.043190   0.206951   1.030264
     2625   0.030031   0.183697   1.061422
     2626   -0.032122   0.185405   1.088508
     2627   -0.019655   0.208745   1.059957
     2628   -0.028101   0.219200   1.092388
     2629   -0.009163   0.194672   1.106279
     2630   0.003567   0.218279   1.077244
     2631   0.045397   0.244270   0.946385
     2632   0.033101   0.220335   0.980589
     2633   0.058693   0.184717   0.967159
     2634   0.038579   0.255036   0.978809
     2635   0.069108   0.254905   0.962309
     2636   0.056601   0.230702   0.996995
     2637   0.081893   0.195529   0.983702
     2638   0.558682   0.032275   0.259915
     2639   0.589222   0.001962   0.250401
     2640   0.593083   0.016843   0.206486
     2641   0.562543   0.047156   0.215999
     2642   0.557365   0.062541   0.249389
     2643   0.582021   0.020708   0.279786
     2644   0.591109   0.048039   0.193431
     2645   0.580705   0.050974   0.269261
     2646   0.609961   0.022889   0.258199
     2647   0.615188   0.035339   0.215760
     2648   0.585932   0.063424   0.226821
     2649   0.535949   0.081867   0.232296
     2650   0.570151   0.070404   0.176879
     2651   0.559954   0.095404   0.244765
     2652   0.594337   0.082429   0.190260
     2653   0.677989   -0.035822   0.103443
     2654   0.631669   -0.000573   0.147228
     2655   0.699794   -0.016491   0.111586
     2656   0.653937   0.017454   0.156447
     2657   0.685513   -0.100817   0.384299
     2658   0.659273   -0.072626   0.328732
     2659   0.699211   -0.074496   0.391155
     2660   0.674950   -0.047192   0.334643
     2661   0.616971   -0.035192   0.292068
     2662   0.635259   -0.011682   0.298494
     2663   0.748880   -0.179147   0.541569
     2664   0.731785   -0.191441   0.578440
     2665   0.767405   -0.209447   0.590621
     2666   0.784500   -0.197153   0.553750
     2667   0.779541   -0.169206   0.534387
     2668   0.727551   -0.162555   0.560447
     2669   0.745687   -0.194660   0.609670
     2670   0.797443   -0.198441   0.585482
     2671   0.758213   -0.152615   0.553265
     2672   0.741453   -0.165774   0.591677
     2673   0.775724   -0.183654   0.604530
     2674   0.792484   -0.170495   0.566118
     2675   0.837662   -0.200691   0.530302
     2676   0.802033   -0.185336   0.516478
     2677   0.820129   -0.212508   0.567574
     2678   0.849877   -0.200078   0.562963
     2679   0.832549   -0.174196   0.509555
     2680   0.844763   -0.173582   0.542216
     2681   0.810057   -0.158066   0.527465
     2682   0.827190   -0.186011   0.580870
     2683   0.680275   -0.236338   0.684144
     2684   0.662251   -0.255041   0.716533
     2685   0.714434   -0.258664   0.692436
     2686   0.711165   -0.227094   0.680243
     2687   0.659898   -0.222960   0.705533
     2688   0.690788   -0.213716   0.701632
     2689   0.672971   -0.233540   0.735252
     2690   0.723738   -0.236028   0.710565
     2691   0.732516   -0.240322   0.660033
     2692   0.741514   -0.216591   0.676882
     2693   0.726564   -0.365474   0.798942
     2694   0.692903   -0.343611   0.790824
     2695   0.704393   -0.356687   0.819348
     2696   0.733890   -0.345662   0.820902
     2697   0.701389   -0.323979   0.812524
     2698   0.640566   -0.344555   0.813184
     2699   0.674469   -0.367679   0.819141
     2700   0.653047   -0.359840   0.841327
     2701   0.650359   -0.326050   0.835319
     2702   0.682970   -0.348849   0.841534
     2703   0.769991   -0.428631   0.844378
     2704   0.803832   -0.449133   0.858708
     2705   0.826946   -0.428066   0.832501
     2706   0.776298   -0.437813   0.873765
     2707   0.774583   -0.407373   0.865697
     2708   0.807462   -0.426862   0.879195
     2709   0.830931   -0.406136   0.853268
     2710   0.885792   -0.422742   0.816832
     2711   0.889639   -0.400575   0.837384
     2712   0.405328   0.225976   0.353885
     2713   0.369946   0.235956   0.405392
     2714   0.430054   0.233446   0.369889
     2715   0.394691   0.244644   0.420777
     2716   0.347236   0.270157   0.422269
     2717   0.335267   0.246285   0.455836
     2718   0.342046   0.278704   0.455196
     2719   0.372002   0.277524   0.438426
     2720   0.359941   0.255830   0.470857
     2721   0.201306   0.259619   0.679638
     2722   0.186519   0.312110   0.663090
     2723   0.178983   0.288800   0.694892
     2724   0.198709   0.268031   0.710254
     2725   0.183761   0.320787   0.693741
     2726   0.225600   0.271678   0.693546
     2727   0.211259   0.322438   0.677590
     2728   0.203487   0.300017   0.709104
     2729   0.057151   0.350451   0.855125
     2730   0.069839   0.373357   0.819630
     2731   0.086834   0.350286   0.837825
     2732   0.081655   0.360574   0.870161
     2733   0.094501   0.383136   0.834627
     2734   0.175328   0.364254   0.649019
     2735   0.185059   0.385967   0.621168
     2736   0.202722   0.365011   0.633885
     2737   0.200249   0.373147   0.664147
     2738   0.209927   0.394153   0.636762
     2739   -0.045698   0.514417   0.925197
     2740   -0.020781   0.523183   0.940404
     2741   0.150043   0.531253   0.611284
     2742   0.130383   0.548989   0.632131
     2743   0.122638   0.523595   0.652857
     2744   0.154938   0.557745   0.621625
     2745   0.130007   0.546980   0.659920
     2746   0.174189   0.537718   0.628725
     2747   0.154562   0.555736   0.649414
     2748   0.147070   0.530644   0.669662
     2749   0.100978   0.557995   0.669667
     2750   0.125329   0.565236   0.686506
     2751   0.131400   0.578487   0.619037
     2752   0.101995   0.587494   0.656573
     2753   0.131786   0.605979   0.634085
     2754   0.155324   0.585236   0.636673
     2755   0.126091   0.594736   0.673766
     2756   0.084990   0.697930   0.630841
     2757   0.117702   0.670167   0.601393
     2758   0.106485   0.668282   0.641968
     2759   0.108333   0.706151   0.648624
     2760   0.140941   0.677717   0.619603
     2761   0.150121   0.646358   0.569135
     2762   0.180531   0.620516   0.542009
     2763   0.194001   0.653543   0.514359
     2764   0.171189   0.620072   0.577859
     2765   0.212878   0.627246   0.525134
     2766   0.173226   0.653316   0.587752
     2767   0.203536   0.626802   0.560984
     2768   0.216540   0.660102   0.533792
     2769   0.165310   0.866052   0.452960
     2770   0.186071   0.877269   0.472245
     2771   0.250635   0.599153   0.466144
     2772   0.277831   0.570769   0.443739
     2773   0.294234   0.600787   0.418991
     2774   0.267706   0.572493   0.477244
     2775   0.310167   0.573310   0.430658
     2776   0.272950   0.604229   0.486267
     2777   0.300042   0.575034   0.464164
     2778   0.315907   0.605328   0.439927
     2779   0.263752   0.865005   0.355032
     2780   0.282819   0.876005   0.376106
     2781   0.355748   0.418485   0.378483
     2782   0.399152   0.414323   0.331804
     2783   0.377112   0.447889   0.353861
     2784   0.365735   0.450299   0.387110
     2785   0.410411   0.446655   0.341738
     2786   0.378527   0.420558   0.398616
     2787   0.421152   0.415041   0.352875
     2788   0.399034   0.449066   0.374987
     2789   0.384053   0.604738   0.332669
     2790   0.411756   0.577534   0.313190
     2791   0.429221   0.609829   0.294579
     2792   0.401518   0.637033   0.314059
     2793   0.389061   0.636798   0.344055
     2794   0.398938   0.576004   0.344123
     2795   0.433095   0.641117   0.307475
     2796   0.403946   0.608064   0.355509
     2797   0.431310   0.579834   0.336441
     2798   0.448002   0.612651   0.318403
     2799   0.420638   0.640882   0.337471
     2800   0.374476   0.664297   0.330786
     2801   0.418954   0.668293   0.293673
     2802   0.391912   0.695557   0.310400
     2803   0.379310   0.696684   0.340479
     2804   0.423209   0.700047   0.303720
     2805   0.393895   0.669185   0.353748
     2806   0.437350   0.672871   0.317522
     2807   0.410607   0.701174   0.333799
     2808   0.555614   0.512643   0.206834
     2809   0.536243   0.543318   0.221606
     2810   0.527952   0.489293   0.223886
     2811   0.561019   0.483028   0.218944
     2812   0.566556   0.540388   0.220366
     2813   0.571962   0.510773   0.232476
     2814   0.552830   0.542558   0.247149
     2815   0.545440   0.487394   0.248755
     2816   0.521130   0.427539   0.223267
     2817   0.549297   0.453764   0.204788
     2818   0.499785   0.463068   0.242365
     2819   0.505892   0.430879   0.255041
     2820   0.554922   0.421525   0.215504
     2821   0.539684   0.424866   0.247277
     2822   0.566645   0.450789   0.229659
     2823   0.518480   0.461471   0.266373
     2824   0.449812   0.479001   0.283617
     2825   0.471825   0.437071   0.264235
     2826   0.457568   0.441961   0.296536
     2827   0.469677   0.478800   0.306717
     2828   0.491635   0.435769   0.287342
     2829   0.445252   0.642684   0.279122
     2830   0.463238   0.646204   0.303463
     2831   0.436421   0.699775   0.275057
     2832   0.453945   0.705066   0.299413
     2833   0.512286   0.825245   0.193036
     2834   0.480732   0.850590   0.199997
     2835   0.494735   0.827009   0.220540
     2836   0.526202   0.834462   0.218527
     2837   0.495197   0.860794   0.224784
     2838   0.463368   0.819846   0.223542
     2839   0.433023   0.845631   0.231552
     2840   0.447288   0.821751   0.251294
     2841   0.478656   0.828914   0.248292
     2842   0.448769   0.855681   0.255611
     2843   0.403580   0.871884   0.240901
     2844   0.388892   0.927515   0.221805
     2845   0.419717   0.882894   0.264288
     2846   0.404614   0.940460   0.244471
     2847   0.403728   0.956952   0.193399
     2848   0.372361   0.982376   0.199283
     2849   0.402891   0.991749   0.193257
     2850   0.418629   0.970786   0.216088
     2851   0.387615   0.996988   0.221246
     2852   0.633184   0.777160   0.151108
     2853   0.657587   0.811824   0.131001
     2854   0.597261   0.805165   0.156840
     2855   0.608675   0.778142   0.176807
     2856   0.644144   0.784006   0.178695
     2857   0.667393   0.819903   0.158676
     2858   0.608987   0.813314   0.183736
     2859   0.542698   0.798932   0.184718
     2860   0.575484   0.772258   0.177273
     2861   0.556059   0.806994   0.210870
     2862   0.588196   0.779111   0.204100
     2863   0.803415   0.966381   0.046476
     2864   0.833565   0.933617   0.052013
     2865   0.837649   0.967161   0.058119
     2866   0.807160   0.974248   0.075679
     2867   0.837430   0.941632   0.081156
     2868   0.866137   0.955655   0.041770
     2869   0.890571   0.920254   0.048531
     2870   0.898260   0.951485   0.054780
     2871   0.869772   0.962992   0.071129
     2872   0.894405   0.928027   0.077747
     2873   0.926459   0.848132   0.064088
     2874   0.910172   0.884152   0.055984
     2875   0.937605   0.879798   0.069530
     2876   0.930397   0.856128   0.093234
     2877   0.914150   0.892441   0.085044
     2878   0.800891   0.448262   0.084268
     2879   0.750992   0.458520   0.102303
     2880   0.767614   0.426606   0.088307
     2881   0.796190   0.415660   0.092247
     2882   0.748762   0.429267   0.112036
     2883   0.809435   0.440451   0.112441
     2884   0.760556   0.451222   0.130289
     2885   0.777337   0.418321   0.115976
     2886   0.782111   0.391944   0.071289
     2887   0.731654   0.408913   0.095432
     2888   0.746152   0.374250   0.078413
     2889   0.778056   0.359142   0.077625
     2890   0.725542   0.380181   0.105975
     2891   0.792135   0.382859   0.098583
     2892   0.742649   0.400535   0.122579
     2893   0.757446   0.365073   0.105186
     2894   0.253008   0.225292   0.620136
     2895   0.277174   0.238097   0.633557
     2896   0.545004   -0.393039   0.892373
     2897   0.509619   -0.364609   0.891662
     2898   0.543667   -0.358548   0.889748
     2899   0.555858   -0.377263   0.916070
     2900   0.521964   -0.349748   0.915214
     2901   0.458440   -0.229653   0.830261
     2902   0.429175   -0.199251   0.829594
     2903   0.461654   -0.195899   0.823896
     2904   0.473945   -0.213187   0.850666
     2905   0.445509   -0.182779   0.849352
     2906   0.362441   -0.318864   0.954251
     2907   0.378138   -0.307044   0.977528
     2908   0.172317   -0.142275   1.020783
     2909   0.125579   -0.119618   1.054674
     2910   0.156569   -0.165915   1.046884
     2911   0.186999   -0.176875   1.046236
     2912   0.145537   -0.145496   1.069053
     2913   0.191944   -0.132091   1.041740
     2914   0.145654   -0.110311   1.075626
     2915   0.175967   -0.156456   1.068405
     2916   0.131591   -0.204175   1.084300
     2917   0.162918   -0.205424   1.057476
     2918   0.125241   -0.164665   1.073708
     2919   0.124500   -0.174759   1.099910
     2920   0.157840   -0.224674   1.090652
     2921   0.150749   -0.195258   1.106262
     2922   0.181921   -0.196124   1.079412
     2923   0.144795   -0.155589   1.095255
     2924   0.099392   -0.153179   1.092866
     2925   0.119255   -0.144428   1.114258
     2926   0.294055   -0.113707   0.886425
     2927   0.305223   -0.079410   0.848025
     2928   0.271600   -0.047051   0.858994
     2929   0.303492   -0.040934   0.843713
     2930   0.313282   -0.099775   0.905520
     2931   0.324863   -0.064736   0.866118
     2932   0.291914   -0.032933   0.876787
     2933   0.283902   -0.017384   0.820079
     2934   0.253023   0.017156   0.829378
     2935   0.284978   0.020875   0.813325
     2936   0.304568   -0.002675   0.836960
     2937   0.274317   0.031298   0.845966
     2938   0.180388   0.061836   0.887657
     2939   0.152145   0.099820   0.897572
     2940   0.183707   0.100831   0.881581
     2941   0.202463   0.074406   0.904487
     2942   0.174611   0.112047   0.914140
     2943   0.084313   0.147826   0.955402
     2944   0.107173   0.158900   0.972240
     2945   0.007474   0.255600   0.995294
     2946   -0.005682   0.232139   1.028029
     2947   0.000076   0.266150   1.028122
     2948   0.031181   0.265586   1.011638
     2949   0.017771   0.241835   1.044906
     2950   0.475832   0.093816   0.340459
     2951   0.503782   0.063741   0.324474
     2952   0.504484   0.090315   0.284735
     2953   0.502619   0.073319   0.357961
     2954   0.527554   0.071957   0.301041
     2955   0.499179   0.109596   0.351728
     2956   0.526391   0.081535   0.334528
     2957   0.528118   0.105146   0.296564
     2958   0.530958   0.058705   0.270029
     2959   0.553962   0.075793   0.280401
     2960   0.599425   0.032239   0.155012
     2961   0.623257   0.047380   0.166460
     2962   0.670110   -0.105491   0.426713
     2963   0.708003   -0.126881   0.437823
     2964   0.723405   -0.122206   0.395409
     2965   0.687671   -0.106433   0.456670
     2966   0.740264   -0.120468   0.426949
     2967   0.683899   -0.079523   0.434680
     2968   0.719932   -0.100020   0.445795
     2969   0.735244   -0.094994   0.402270
     2970   0.780783   -0.138466   0.368861
     2971   0.763040   -0.140534   0.409673
     2972   0.796220   -0.132868   0.399556
     2973   0.791615   -0.110691   0.375103
     2974   0.773444   -0.112801   0.416831
     2975   0.594563   -0.150439   0.625554
     2976   0.578363   -0.165099   0.662385
     2977   0.612343   -0.189546   0.669216
     2978   0.628543   -0.174885   0.632385
     2979   0.626094   -0.144281   0.616819
     2980   0.593834   -0.174588   0.691840
     2981   0.643795   -0.182127   0.662712
     2982   0.608595   -0.127390   0.639691
     2983   0.592535   -0.143037   0.677880
     2984   0.625286   -0.167170   0.685335
     2985   0.641346   -0.151523   0.647146
     2986   0.644902   -0.161439   0.595556
     2987   0.663345   -0.197420   0.641304
     2988   0.679703   -0.183973   0.604475
     2989   0.676287   -0.154287   0.587663
     2990   0.694406   -0.189090   0.635307
     2991   0.657480   -0.137129   0.608926
     2992   0.674856   -0.173797   0.656714
     2993   0.690990   -0.159403   0.618494
     2994   0.696421   -0.171157   0.567766
     2995   0.715067   -0.204258   0.615149
     2996   0.707417   -0.145686   0.580344
     2997   0.725026   -0.179492   0.629827
     2998   0.628583   -0.231060   0.710084
     2999   0.640511   -0.209613   0.728135
     3000   0.734560   -0.481117   0.906251
     3001   0.772253   -0.468468   0.886367
     3002   0.751948   -0.447306   0.865625
     3003   0.714255   -0.459955   0.885509
     3004   0.701164   -0.463251   0.913630
     3005   0.771471   -0.476343   0.918917
     3006   0.731943   -0.435291   0.878625
     3007   0.738075   -0.458477   0.926296
     3008   0.775516   -0.445688   0.906315
     3009   0.756293   -0.425798   0.886765
     3010   0.718852   -0.438587   0.906746
     3011   0.691737   -0.415059   0.852187
     3012   0.683417   -0.446961   0.883292
     3013   0.722575   -0.428053   0.854404
     3014   0.718954   -0.400484   0.852123
     3015   0.671555   -0.410436   0.874846
     3016   0.698772   -0.395861   0.874782
     3017   0.689303   -0.426726   0.905184
     3018   0.728322   -0.407722   0.876344
     3019   0.740618   -0.409378   0.833157
     3020   0.746611   -0.389297   0.855276
     3021   0.766337   -0.509279   0.937977
     3022   0.792978   -0.532420   0.965503
     3023   0.807437   -0.491480   0.908354
     3024   0.763838   -0.518351   0.975808
     3025   0.768972   -0.485415   0.956748
     3026   0.795585   -0.508118   0.983712
     3027   0.810272   -0.467735   0.927250
     3028   0.312770   0.279306   0.471949
     3029   0.337612   0.287611   0.487526
     3030   0.091546   0.339819   0.806017
     3031   0.103560   0.361964   0.771223
     3032   0.120831   0.339681   0.788991
     3033   0.116118   0.350148   0.820800
     3034   0.128302   0.371847   0.786019
     3035   0.195787   0.485035   0.564460
     3036   0.173810   0.509583   0.586693
     3037   0.185360   0.459440   0.587931
     3038   0.213286   0.461880   0.573953
     3039   0.202454   0.514001   0.572605
     3040   0.219953   0.490846   0.582098
     3041   0.197938   0.515644   0.604297
     3042   0.209826   0.465781   0.604959
     3043   0.195383   0.409048   0.593200
     3044   0.206014   0.432863   0.567800
     3045   0.223243   0.410257   0.578595
     3046   0.220125   0.416319   0.609441
     3047   0.230515   0.439274   0.584747
     3048   -0.009829   0.590173   0.822217
     3049   0.014911   0.598815   0.837780
     3050   0.030539   0.795131   0.653580
     3051   0.021189   0.852115   0.631081
     3052   0.005506   0.817317   0.673064
     3053   0.016919   0.798086   0.696629
     3054   0.017133   0.846953   0.666522
     3055   0.053495   0.805129   0.670953
     3056   0.043784   0.863050   0.648365
     3057   0.028546   0.827722   0.690087
     3058   -0.032492   0.850262   0.704452
     3059   -0.017384   0.812297   0.707704
     3060   -0.009602   0.855282   0.669812
     3061   -0.013468   0.874416   0.690111
     3062   -0.028445   0.836769   0.735617
     3063   -0.009421   0.860923   0.721275
     3064   0.005858   0.822558   0.724541
     3065   0.013266   0.866087   0.686821
     3066   -0.016022   0.886333   0.658214
     3067   0.006669   0.897478   0.675237
     3068   0.107292   0.633453   0.629169
     3069   0.139712   0.609645   0.596912
     3070   0.130978   0.640807   0.646884
     3071   0.163263   0.616406   0.615032
     3072   0.220684   0.539972   0.515762
     3073   0.245837   0.512479   0.492113
     3074   0.260803   0.541378   0.467697
     3075   0.235650   0.568871   0.491347
     3076   0.226431   0.570154   0.525021
     3077   0.238311   0.514881   0.525388
     3078   0.276682   0.514544   0.477937
     3079   0.244058   0.545064   0.534647
     3080   0.269156   0.516946   0.511213
     3081   0.283585   0.545659   0.487484
     3082   0.258487   0.573777   0.510918
     3083   0.208186   0.595876   0.515449
     3084   0.223171   0.626159   0.490246
     3085   0.231123   0.601524   0.534705
     3086   0.245586   0.631976   0.510055
     3087   0.180143   0.804990   0.469225
     3088   0.201372   0.814617   0.488859
     3089   0.286138   0.512282   0.444902
     3090   0.303166   0.541673   0.420944
     3091   0.318305   0.513565   0.431871
     3092   0.308849   0.515827   0.464906
     3093   0.325306   0.545202   0.441586
     3094   0.276782   0.807202   0.371211
     3095   0.294091   0.836267   0.341375
     3096   0.310055   0.812305   0.360036
     3097   0.296411   0.816651   0.392520
     3098   0.313004   0.846385   0.363014
     3099   0.352701   0.480397   0.376232
     3100   0.398695   0.479126   0.330442
     3101   0.374284   0.511635   0.352813
     3102   0.361673   0.512504   0.386342
     3103   0.408105   0.512550   0.341087
     3104   0.374706   0.482406   0.397220
     3105   0.419821   0.480080   0.352383
     3106   0.395493   0.513419   0.374616
     3107   0.323637   0.808604   0.329084
     3108   0.340554   0.838084   0.301581
     3109   0.355937   0.814107   0.320346
     3110   0.342356   0.817808   0.351298
     3111   0.358530   0.848024   0.324082
     3112   0.352649   0.780711   0.314767
     3113   0.381204   0.753511   0.302151
     3114   0.398522   0.784028   0.278304
     3115   0.369967   0.811229   0.290920
     3116   0.367851   0.755615   0.331940
     3117   0.412743   0.758763   0.295678
     3118   0.401671   0.817362   0.284623
     3119   0.371139   0.789010   0.337518
     3120   0.399390   0.760867   0.325466
     3121   0.415893   0.792097   0.301997
     3122   0.387642   0.820240   0.314049
     3123   0.386774   0.841326   0.265318
     3124   0.403690   0.851254   0.288625
     3125   0.559423   0.568715   0.207071
     3126   0.574961   0.568355   0.233275
     3127   0.409022   0.726237   0.287789
     3128   0.427052   0.757554   0.267262
     3129   0.426930   0.732573   0.311609
     3130   0.444045   0.764607   0.291549
     3131   0.444747   0.788598   0.244926
     3132   0.416217   0.815073   0.255969
     3133   0.460895   0.796551   0.269500
     3134   0.432742   0.824041   0.279948
     3135   0.419339   0.985925   0.166098
     3136   0.451152   0.960511   0.161625
     3137   0.449851   0.994711   0.161682
     3138   0.433403   1.000535   0.188841
     3139   0.464842   0.974371   0.185052
     3140   0.467388   0.988591   0.135779
     3141   0.480011   1.002897   0.159527
     3142   0.724963   0.814020   0.108978
     3143   0.732609   0.821786   0.137418
     3144   0.944875   0.903062   0.045662
     3145   0.925274   0.939163   0.038208
     3146   0.956108   0.934096   0.050994
     3147   0.948838   0.910832   0.074862
     3148   0.929094   0.946418   0.067565
     3149   0.689306   0.539667   0.141538
     3150   0.661246   0.509400   0.148248
     3151   0.684965   0.483425   0.134522
     3152   0.668340   0.537486   0.165855
     3153   0.666684   0.477364   0.158123
     3154   0.700415   0.536161   0.169679
     3155   0.673778   0.505449   0.175730
     3156   0.696876   0.478115   0.162047
     3157   0.551393   0.293117   0.176146
     3158   0.523573   0.265517   0.198266
     3159   0.541906   0.230163   0.175513
     3160   0.569725   0.257763   0.153393
     3161   0.585013   0.286533   0.166012
     3162   0.537724   0.295552   0.208907
     3163   0.531090   0.233688   0.208904
     3164   0.574755   0.224977   0.163066
     3165   0.571344   0.288969   0.198773
     3166   0.545240   0.263722   0.219546
     3167   0.563939   0.228501   0.196458
     3168   0.590042   0.253747   0.175685
     3169   0.600636   0.284449   0.133653
     3170   0.586923   0.222458   0.129606
     3171   0.617833   0.249144   0.109866
     3172   0.634644   0.276180   0.124764
     3173   0.619780   0.215836   0.118099
     3174   0.619022   0.278264   0.157123
     3175   0.607612   0.218355   0.151558
     3176   0.636591   0.242872   0.132996
     3177   0.324436   -0.188572   0.909479
     3178   0.315152   -0.218413   0.936807
     3179   0.349599   -0.236369   0.919713
     3180   0.306627   -0.194530   0.951141
     3181   0.341141   -0.229700   0.944039
     3182   0.342324   -0.175015   0.930063
     3183   0.332615   -0.205816   0.958373
     3184   0.366568   -0.223247   0.941363
     3185   0.333122   -0.253527   0.942368
     3186   0.351210   -0.280043   0.943203
     3187   0.341965   -0.265053   0.962902
     3188   0.349984   -0.241225   0.964573
     3189   0.367654   -0.267854   0.965784
     3190   0.315953   -0.279910   0.968571
     3191   0.332726   -0.268631   0.991375
     3192   0.297983   -0.244796   0.963010
     3193   0.315357   -0.233222   0.985175
     3194   0.243096   -0.343929   1.048004
     3195   0.268591   -0.274223   1.001894
     3196   0.230543   -0.291251   1.036635
     3197   0.231001   -0.318432   1.066614
     3198   0.247911   -0.254781   1.029560
     3199   0.260190   -0.334755   1.071503
     3200   0.286034   -0.264046   1.024710
     3201   0.248370   -0.281961   1.059539
     3202   0.284375   -0.158834   0.926139
     3203   0.302995   -0.145966   0.946518
     3204   0.205342   -0.185048   1.012153
     3205   0.226301   -0.149927   0.974606
     3206   0.242687   -0.182884   0.999532
     3207   0.224344   -0.174712   1.033616
     3208   0.245572   -0.138499   0.995252
     3209   0.342906   -0.076232   0.803694
     3210   0.313484   -0.049447   0.812576
     3211   0.343457   -0.042624   0.798585
     3212   0.362251   -0.060331   0.821056
     3213   0.333466   -0.034110   0.829723
     3214   0.324581   -0.023068   0.774678
     3215   0.295000   0.008994   0.782181
     3216   0.326019   0.012389   0.766986
     3217   0.344894   -0.007166   0.790893
     3218   0.315997   0.024269   0.798130
     3219   0.222756   0.053026   0.838338
     3220   0.193167   0.089882   0.848281
     3221   0.224977   0.092117   0.830963
     3222   0.244584   0.066670   0.854644
     3223   0.215516   0.103065   0.864263
     3224   0.124443   0.136451   0.909153
     3225   0.147193   0.148333   0.925585
     3226   0.529784   0.043231   0.306365
     3227   0.557508   0.016801   0.296251
     3228   0.553968   0.033400   0.320995
     3229   0.551738   0.062126   0.315671
     3230   0.578481   0.037308   0.304531
     3231   0.583629   -0.007718   0.296953
     3232   0.543747   0.010486   0.348051
     3233   0.603331   0.014209   0.304503
     3234   0.564116   0.031512   0.356474
     3235   0.517745   0.030996   0.366160
     3236   0.538768   0.050921   0.375331
     3237   0.462130   -0.039702   0.610378
     3238   0.448700   -0.054978   0.650678
     3239   0.493899   -0.069342   0.611072
     3240   0.493738   -0.037087   0.595941
     3241   0.449442   -0.022263   0.637783
     3242   0.481050   -0.019649   0.623346
     3243   0.467421   -0.035440   0.664680
     3244   0.511741   -0.048451   0.624239
     3245   0.507905   -0.055920   0.569520
     3246   0.541101   -0.084734   0.572821
     3247   0.540063   -0.053327   0.555153
     3248   0.525896   -0.034495   0.581574
     3249   0.557848   -0.062438   0.585085
     3250   0.481953   -0.144935   0.727728
     3251   0.513370   -0.172118   0.730280
     3252   0.529512   -0.155050   0.694387
     3253   0.497177   -0.157948   0.755082
     3254   0.544946   -0.166513   0.722814
     3255   0.498387   -0.125553   0.744532
     3256   0.528753   -0.152343   0.747617
     3257   0.544883   -0.134328   0.710579
     3258   0.562273   -0.181089   0.698940
     3259   0.576507   -0.160013   0.715714
     3260   0.708058   -0.388336   0.824600
     3261   0.715288   -0.368836   0.846872
     3262   0.658148   -0.394402   0.846728
     3263   0.666454   -0.375874   0.869444
     3264   0.638993   -0.420675   0.874242
     3265   0.619223   -0.448752   0.902300
     3266   0.663647   -0.475038   0.911351
     3267   0.614434   -0.412824   0.896808
     3268   0.631081   -0.466012   0.930741
     3269   0.646996   -0.402585   0.897413
     3270   0.626292   -0.430084   0.925249
     3271   0.668598   -0.454225   0.933020
     3272   0.944475   -0.417793   0.800139
     3273   0.948460   -0.395596   0.820637
     3274   0.170679   0.265409   0.727885
     3275   0.155982   0.319876   0.710166
     3276   0.147678   0.296485   0.743160
     3277   0.166903   0.274708   0.759609
     3278   0.152935   0.329364   0.741057
     3279   0.194933   0.277330   0.741978
     3280   0.180714   0.330274   0.724632
     3281   0.172160   0.307587   0.757506
     3282   0.064682   0.609556   0.699193
     3283   0.039289   0.628605   0.727891
     3284   0.039016   0.589699   0.746763
     3285   0.057290   0.650680   0.718891
     3286   0.045554   0.614586   0.753479
     3287   0.088909   0.617376   0.715951
     3288   0.063556   0.636661   0.744479
     3289   0.063534   0.597720   0.762997
     3290   0.021735   0.613128   0.761205
     3291   0.010175   0.596819   0.787058
     3292   0.022418   0.619734   0.785168
     3293   0.046237   0.621192   0.777441
     3294   0.034819   0.605110   0.802961
     3295   -0.001104   0.637155   0.783327
     3296   0.023360   0.645630   0.799409
     3297   0.016450   0.652632   0.750013
     3298   0.040678   0.661099   0.766447
     3299   -0.066272   0.725187   0.832904
     3300   -0.015326   0.691848   0.774315
     3301   -0.040472   0.736488   0.786017
     3302   -0.050564   0.752699   0.820928
     3303   -0.006321   0.729733   0.767253
     3304   -0.041998   0.734581   0.848764
     3305   0.008843   0.700935   0.790507
     3306   -0.016413   0.745944   0.802163
     3307   0.069979   0.655516   0.671790
     3308   0.093796   0.663446   0.689069
     3309   0.016107   0.758707   0.692393
     3310   0.051089   0.727896   0.662619
     3311   0.038702   0.728887   0.705171
     3312   0.039514   0.768266   0.709408
     3313   0.074452   0.736791   0.680049
     3314   0.159808   0.558601   0.588855
     3315   0.168120   0.589758   0.566730
     3316   0.188513   0.565693   0.574026
     3317   0.183642   0.564836   0.606796
     3318   0.191581   0.596006   0.585155
     3319   0.195775   0.565118   0.540170
     3320   0.219168   0.570728   0.558877
     3321   0.209240   0.684796   0.487132
     3322   0.231262   0.691701   0.507033
     3323   0.194859   0.744580   0.480440
     3324   0.216477   0.752771   0.500298
     3325   0.319588   0.362987   0.431693
     3326   0.340774   0.329782   0.410949
     3327   0.337000   0.390106   0.404089
     3328   0.328946   0.394492   0.437360
     3329   0.334313   0.336015   0.444118
     3330   0.343670   0.367520   0.449785
     3331   0.365042   0.334478   0.428766
     3332   0.360486   0.393130   0.423261
     3333   0.314819   0.422481   0.425813
     3334   0.333567   0.450860   0.400208
     3335   0.324088   0.453810   0.433501
     3336   0.338216   0.425821   0.445048
     3337   0.356256   0.453250   0.420403
     3338   0.289287   0.748793   0.383096
     3339   0.306545   0.778633   0.355074
     3340   0.322484   0.753496   0.371958
     3341   0.309410   0.756627   0.404598
     3342   0.325994   0.787168   0.376920
     3343   0.318226   0.720351   0.364939
     3344   0.346762   0.692441   0.348944
     3345   0.364093   0.722831   0.324762
     3346   0.335558   0.750740   0.340757
     3347   0.333886   0.694083   0.379926
     3348   0.338143   0.727229   0.386945
     3349   0.366434   0.698326   0.371461
     3350   0.383067   0.729468   0.347656
     3351   0.354777   0.758371   0.363140
     3352   0.492632   0.793610   0.213737
     3353   0.507459   0.801585   0.239116
     3354   0.382156   1.097247   0.110079
     3355   0.366360   1.067566   0.140355
     3356   0.401470   1.040503   0.139351
     3357   0.417265   1.070185   0.109075
     3358   0.414578   1.106497   0.106583
     3359   0.362689   1.103948   0.136052
     3360   0.384005   1.047295   0.166431
     3361   0.432312   1.049319   0.134752
     3362   0.395112   1.113197   0.132557
     3363   0.380335   1.083677   0.162129
     3364   0.414847   1.056110   0.161833
     3365   0.429625   1.085631   0.132261
     3366   0.436002   1.099666   0.081795
     3367   0.451961   1.042911   0.110012
     3368   0.447249   1.114815   0.105705
     3369   0.463705   1.057833   0.133825
     3370   0.638941   0.715661   0.160884
     3371   0.606113   0.744553   0.168464
     3372   0.615629   0.716505   0.187518
     3373   0.650273   0.719776   0.188860
     3374   0.618191   0.750094   0.195861
     3375   0.997231   1.073485   0.010128
     3376   0.975358   1.102494   0.007873
     3377   0.939011   1.078205   0.011949
     3378   0.960884   1.049195   0.014205
     3379   0.989618   1.046441   0.027686
     3380   1.006446   1.104129   0.022790
     3381   0.945819   1.104427   0.023183
     3382   0.934332   1.056056   0.030846
     3383   0.998833   1.077085   0.040348
     3384   0.976907   1.106062   0.038100
     3385   0.941140   1.082278   0.042079
     3386   0.963066   1.053301   0.044327
     3387   0.980017   1.015768   0.017555
     3388   0.922369   1.029723   0.020741
     3389   0.941502   0.996295   0.024091
     3390   0.973022   0.989779   0.037412
     3391   0.913191   1.008279   0.040584
     3392   0.982623   1.020452   0.047543
     3393   0.925155   1.034612   0.050688
     3394   0.944712   1.001762   0.053905
     3395   0.692603   0.399339   0.109791
     3396   0.724880   0.439114   0.107122
     3397   0.685829   0.429540   0.121481
     3398   0.672364   0.410748   0.140176
     3399   0.711808   0.441423   0.129680
     3400   0.705303   0.391590   0.136359
     3401   0.735689   0.431576   0.134594
     3402   0.698343   0.422631   0.148375
     3403   0.662894   0.446956   0.135748
     3404   0.707900   0.466010   0.120255
     3405   0.676154   0.441155   0.162551
     3406   0.719065   0.459590   0.147870
     3407   0.762194   0.336316   0.057033
     3408   0.708592   0.355412   0.087843
     3409   0.724634   0.317478   0.066463
     3410   0.758028   0.303698   0.062809
     3411   0.704383   0.321727   0.095904
     3412   0.773891   0.326524   0.083401
     3413   0.721333   0.346496   0.114035
     3414   0.737777   0.307947   0.092250
     3415   0.651630   0.273580   0.093100
     3416   0.633923   0.213868   0.085835
     3417   0.667720   0.238303   0.069069
     3418   0.685192   0.262832   0.085641
     3419   0.667037   0.205346   0.076453
     3420   0.668206   0.265431   0.117305
     3421   0.652893   0.207315   0.108717
     3422   0.684508   0.229874   0.093025
     3423   0.224267   0.232728   0.664434
     3424   0.248340   0.245494   0.678071
     3425   0.531842   -0.339719   0.863351
     3426   0.499150   -0.310213   0.863044
     3427   0.532361   -0.305030   0.859852
     3428   0.544186   -0.323860   0.886250
     3429   0.512739   -0.294757   0.885511
     3430   0.448573   -0.181429   0.796525
     3431   0.422390   -0.154112   0.794624
     3432   0.451873   -0.149508   0.788000
     3433   0.464954   -0.163978   0.815371
     3434   0.439585   -0.136869   0.812940
     3435   0.236080   -0.224003   1.003578
     3436   0.188846   -0.210594   1.038210
     3437   0.219583   -0.249549   1.029635
     3438   0.209495   -0.234881   1.052232
     3439   0.254518   -0.213662   1.025514
     3440   0.207649   -0.201162   1.060258
     3441   0.237823   -0.240113   1.052157
     3442   0.202860   -0.300252   1.061526
     3443   0.191901   -0.258550   1.054527
     3444   0.192643   -0.273272   1.079464
     3445   0.220784   -0.291452   1.084552
     3446   0.210238   -0.249604   1.077169
     3447   0.165974   -0.253380   1.073793
     3448   0.184510   -0.244566   1.096323
     3449   0.265473   -0.194576   0.964694
     3450   0.283841   -0.182838   0.985979
     3451   0.381574   -0.080815   0.765004
     3452   0.353536   -0.053732   0.769652
     3453   0.383238   -0.048296   0.757144
     3454   0.400527   -0.063747   0.781672
     3455   0.373159   -0.037188   0.786077
     3456   0.364998   -0.031462   0.732428
     3457   0.336043   -0.000799   0.737453
     3458   0.366704   0.002444   0.723175
     3459   0.384944   -0.014390   0.747891
     3460   0.356680   0.015632   0.752707
     3461   0.265258   0.044604   0.788326
     3462   0.234990   0.080474   0.797286
     3463   0.267134   0.083051   0.778992
     3464   0.286855   0.059322   0.803991
     3465   0.257121   0.094694   0.812670
     3466   0.164126   0.126161   0.860147
     3467   0.186889   0.138835   0.875957
     3468   -0.031839   0.267040   1.045135
     3469   -0.045811   0.243646   1.077063
     3470   -0.040074   0.277434   1.078818
     3471   -0.008159   0.276544   1.061806
     3472   -0.022363   0.252988   1.094144
     3473   0.469761   0.051388   0.430348
     3474   0.515086   0.010754   0.413815
     3475   0.472421   0.071630   0.382693
     3476   0.464621   0.087936   0.417595
     3477   0.496357   0.033924   0.453208
     3478   0.491217   0.070473   0.440455
     3479   0.535166   0.031768   0.422923
     3480   0.494819   0.089626   0.392863
     3481   0.440047   0.107236   0.397945
     3482   0.463274   0.123278   0.409225
     3483   0.486855   -0.012532   0.522692
     3484   0.473962   -0.025150   0.567730
     3485   0.520798   -0.043302   0.524482
     3486   0.519711   -0.011402   0.504722
     3487   0.473313   0.007300   0.551422
     3488   0.506169   0.008429   0.533452
     3489   0.493088   -0.004638   0.579633
     3490   0.538976   -0.021428   0.535393
     3491   0.535761   -0.033520   0.477607
     3492   0.555959   -0.073633   0.530861
     3493   0.570922   -0.063851   0.483987
     3494   0.588652   -0.071084   0.517674
     3495   0.554025   -0.011195   0.487405
     3496   0.572757   -0.050778   0.541966
     3497   0.587805   -0.040546   0.493978
     3498   0.621054   -0.086752   0.456891
     3499   0.655969   -0.110846   0.467307
     3500   0.638071   -0.089660   0.486983
     3501   0.636483   -0.062082   0.465916
     3502   0.669773   -0.085247   0.476346
     3503   0.691934   -0.132939   0.478352
     3504   0.729191   -0.151862   0.490548
     3505   0.745260   -0.145803   0.450019
     3506   0.708364   -0.133102   0.509298
     3507   0.760475   -0.143654   0.481339
     3508   0.704101   -0.106596   0.487616
     3509   0.739648   -0.124894   0.500089
     3510   0.755479   -0.118318   0.458268
     3511   0.800711   -0.156438   0.423382
     3512   0.782931   -0.161707   0.463728
     3513   0.814431   -0.152031   0.454946
     3514   0.809940   -0.128460   0.431120
     3515   0.791975   -0.133977   0.472557
     3516   0.712564   -0.160944   0.529324
     3517   0.765507   -0.170065   0.502793
     3518   0.723351   -0.134714   0.540421
     3519   0.774509   -0.142795   0.512933
     3520   0.819457   -0.176978   0.477413
     3521   0.827522   -0.149249   0.487088
     3522   0.749938   -0.224633   0.625464
     3523   0.802643   -0.227444   0.602763
     3524   0.758613   -0.199846   0.640879
     3525   0.809702   -0.201705   0.617423
     3526   0.855408   -0.228313   0.581398
     3527   0.861665   -0.202147   0.595659
     3528   0.519992   -0.287591   0.832662
     3529   0.552700   -0.315320   0.835109
     3530   0.572872   -0.292678   0.804998
     3531   0.585453   -0.308845   0.832571
     3532   0.533531   -0.270969   0.854304
     3533   0.565114   -0.298556   0.857314
     3534   0.585229   -0.274756   0.826306
     3535   0.606096   -0.318837   0.808945
     3536   0.617235   -0.300773   0.830803
     3537   0.732157   -0.528728   0.967549
     3538   0.700380   -0.500567   0.935823
     3539   0.703020   -0.515314   0.978162
     3540   0.734701   -0.504937   0.986421
     3541   0.703804   -0.477998   0.955969
     3542   0.634539   -0.500675   0.944467
     3543   0.671272   -0.526204   0.968940
     3544   0.642706   -0.514485   0.979868
     3545   0.639248   -0.479822   0.966141
     3546   0.674455   -0.503595   0.989091
     3547   0.138055   0.273217   0.777265
     3548   0.124544   0.329323   0.757745
     3549   0.114922   0.306055   0.791851
     3550   0.133448   0.283318   0.809311
     3551   0.162295   0.284808   0.791655
     3552   0.149221   0.339723   0.772303
     3553   0.139356   0.316944   0.806451
     3554   0.135407   0.350604   0.724988
     3555   0.160212   0.360456   0.739696
     3556   0.205758   0.357371   0.603041
     3557   0.216082   0.380452   0.575073
     3558   0.233668   0.358221   0.587629
     3559   0.230632   0.365860   0.618473
     3560   0.240830   0.388026   0.591151
     3561   -0.077615   0.525833   0.971249
     3562   -0.052681   0.534509   0.986480
     3563   0.004302   0.724698   0.727869
     3564   -0.008152   0.781420   0.713856
     3565   -0.019958   0.747411   0.749332
     3566   -0.009769   0.774636   0.747849
     3567   0.028079   0.733921   0.744555
     3568   0.015302   0.791302   0.730622
     3569   0.003868   0.756957   0.765769
     3570   -0.057551   0.769459   0.792007
     3571   -0.037036   0.780382   0.755322
     3572   -0.040607   0.795929   0.779271
     3573   -0.033620   0.779170   0.808192
     3574   -0.013340   0.790182   0.771798
     3575   -0.046268   0.811260   0.749170
     3576   -0.022784   0.821439   0.765717
     3577   0.036078   0.685482   0.703568
     3578   0.059915   0.694085   0.720495
     3579   0.183576   0.536931   0.564263
     3580   0.207391   0.542762   0.582368
     3581   0.208485   0.511784   0.539856
     3582   0.232280   0.517098   0.558138
     3583   0.269096   0.483767   0.469677
     3584   0.292798   0.453655   0.447415
     3585   0.309840   0.482171   0.422640
     3586   0.284836   0.457061   0.480604
     3587   0.292422   0.487838   0.488863
     3588   0.316126   0.457216   0.466690
     3589   0.332553   0.485204   0.442732
     3590   0.328975   0.511708   0.398663
     3591   0.351003   0.514361   0.419549
     3592   0.301053   0.690122   0.391123
     3593   0.321627   0.696308   0.412735
     3594   0.347152   0.541868   0.375524
     3595   0.393297   0.543283   0.331354
     3596   0.366164   0.573517   0.354065
     3597   0.354024   0.574025   0.386227
     3598   0.368545   0.544660   0.397045
     3599   0.413746   0.545271   0.353856
     3600   0.386798   0.576512   0.376285
     3601   0.328857   0.661551   0.371038
     3602   0.356571   0.633407   0.352880
     3603   0.344203   0.634299   0.384183
     3604   0.349232   0.666831   0.393071
     3605   0.376693   0.637690   0.375358
     3606   0.513137   0.364143   0.221572
     3607   0.541603   0.391689   0.201826
     3608   0.492664   0.399992   0.243014
     3609   0.499249   0.367007   0.254038
     3610   0.546787   0.358216   0.212080
     3611   0.532900   0.361080   0.244546
     3612   0.560107   0.388051   0.225757
     3613   0.512478   0.397895   0.266066
     3614   0.445141   0.409208   0.285906
     3615   0.465980   0.372129   0.264684
     3616   0.453673   0.375807   0.297384
     3617   0.466100   0.408560   0.308014
     3618   0.486943   0.370685   0.286737
     3619   0.434566   1.014538   0.136648
     3620   0.447596   1.029491   0.159786
     3621   0.386243   1.011890   0.168800
     3622   0.400653   1.027154   0.190887
     3623   0.638731   0.597079   0.167238
     3624   0.667542   0.626793   0.154891
     3625   0.640280   0.655665   0.166287
     3626   0.611469   0.625951   0.178634
     3627   0.618141   0.596727   0.193099
     3628   0.671751   0.596670   0.169173
     3629   0.674460   0.656967   0.168958
     3630   0.617888   0.655855   0.191665
     3631   0.651161   0.596318   0.195033
     3632   0.678668   0.626844   0.183240
     3633   0.652067   0.657156   0.194336
     3634   0.624559   0.626630   0.206129
     3635   0.585827   0.596675   0.193095
     3636   0.585246   0.653940   0.191310
     3637   0.600141   0.596733   0.219983
     3638   0.598866   0.655941   0.218484
     3639   0.582131   0.712574   0.186526
     3640   0.595221   0.716889   0.213696
     3641   0.878714   1.019730   0.026618
     3642   0.840859   0.998689   0.035501
     3643   0.903992   0.976696   0.032887
     3644   0.847321   1.036656   0.042477
     3645   0.881798   1.025204   0.056443
     3646   0.844111   1.005128   0.065096
     3647   0.907459   0.983068   0.062477
     3648   0.962784   0.958762   0.029413
     3649   0.966346   0.965113   0.058993
     3650   0.753967   0.596323   0.126239
     3651   0.720054   0.568801   0.132732
     3652   0.777658   0.566899   0.115533
     3653   0.787745   0.594177   0.132896
     3654   0.728405   0.596383   0.148837
     3655   0.762183   0.594237   0.155494
     3656   0.729732   0.565924   0.161467
     3657   0.785222   0.563307   0.144811
     3658   0.837182   0.562743   0.101859
     3659   0.815166   0.593518   0.110936
     3660   0.849258   0.590307   0.118602
     3661   0.843673   0.558821   0.131353
     3662   0.821837   0.590966   0.140562
     3663   0.635623   0.539084   0.164919
     3664   0.607070   0.509607   0.175626
     3665   0.632693   0.479924   0.158954
     3666   0.616114   0.538093   0.191303
     3667   0.612707   0.478168   0.186480
     3668   0.648831   0.536495   0.192238
     3669   0.621750   0.506654   0.202157
     3670   0.646698   0.475608   0.185648
     3671   0.654680   0.378665   0.123478
     3672   0.670669   0.334739   0.101530
     3673   0.651622   0.339569   0.132555
     3674   0.669306   0.371651   0.149253
     3675   0.685336   0.326557   0.126929
     3676   0.164135   0.239814   0.762338
     3677   0.196944   0.234032   0.711587
     3678   0.188071   0.252148   0.776607
     3679   0.220939   0.246686   0.725470
     3680   0.488661   -0.258491   0.831544
     3681   0.503232   -0.241980   0.852601
     3682   0.437009   -0.135534   0.761884
     3683   0.410097   -0.108700   0.762845
     3684   0.439495   -0.103503   0.753120
     3685   0.454359   -0.117477   0.779236
     3686   0.428261   -0.091069   0.779806
     3687   0.399450   0.022226   0.613715
     3688   0.409405   0.038349   0.572011
     3689   0.369420   0.054168   0.618071
     3690   0.389359   0.038883   0.642647
     3691   0.430198   0.024097   0.597370
     3692   0.420107   0.040754   0.626303
     3693   0.430374   0.056980   0.583910
     3694   0.390830   0.071782   0.630716
     3695   0.358809   0.037370   0.658317
     3696   0.330266   0.069810   0.662868
     3697   0.349385   0.053284   0.687348
     3698   0.379936   0.054797   0.671679
     3699   0.352040   0.086435   0.676212
     3700   0.204556   0.117339   0.808328
     3701   0.227170   0.130912   0.823594
     3702   0.451785   0.020719   0.524478
     3703   0.498176   0.000790   0.473950
     3704   0.463106   0.034041   0.475736
     3705   0.450689   0.053864   0.508557
     3706   0.472218   0.040445   0.535502
     3707   0.517891   0.021732   0.483979
     3708   0.483940   0.053748   0.486029
     3709   0.427534   0.070031   0.485218
     3710   0.434190   0.087378   0.439830
     3711   0.426211   0.104426   0.472779
     3712   0.449366   0.088259   0.496118
     3713   0.456643   0.104984   0.450544
     3714   0.605664   -0.092503   0.497276
     3715   0.621060   -0.068242   0.507381
     3716   0.575597   -0.112257   0.579533
     3717   0.590455   -0.101156   0.537573
     3718   0.607647   -0.107520   0.568834
     3719   0.590935   -0.089108   0.592054
     3720   0.605844   -0.077449   0.548935
     3721   0.640863   -0.117869   0.507443
     3722   0.676828   -0.139962   0.518487
     3723   0.657539   -0.121019   0.538249
     3724   0.654747   -0.092809   0.517790
     3725   0.689074   -0.114158   0.529060
     3726   0.609871   -0.137785   0.586367
     3727   0.623870   -0.114016   0.599287
     3728   0.660685   -0.150176   0.556929
     3729   0.673141   -0.125130   0.568983
     3730   0.594952   -0.206795   0.703571
     3731   0.645974   -0.213811   0.675729
     3732   0.608078   -0.185506   0.720955
     3733   0.657718   -0.191277   0.692516
     3734   0.697646   -0.219947   0.649719
     3735   0.707926   -0.196237   0.665830
     3736   0.621151   -0.368891   0.841685
     3737   0.586681   -0.343173   0.837447
     3738   0.599017   -0.360257   0.864851
     3739   0.630913   -0.351206   0.864492
     3740   0.597789   -0.325929   0.859975
     3741   0.565823   -0.367572   0.865688
     3742   0.576861   -0.351233   0.888911
     3743   0.610473   -0.522750   0.970819
     3744   0.597878   -0.473809   0.927458
     3745   0.615408   -0.502272   0.992757
     3746   0.604520   -0.454996   0.950445
     3747   0.581176   -0.420632   0.895883
     3748   0.590452   -0.403946   0.919619
     3749   0.325883   0.304040   0.441321
     3750   0.350475   0.310679   0.457993
     3751   0.304409   0.336785   0.459702
     3752   0.291295   0.312051   0.490330
     3753   0.299059   0.343496   0.492325
     3754   0.328963   0.342726   0.476741
     3755   0.316100   0.319657   0.506274
     3756   0.165888   0.341729   0.679145
     3757   0.190727   0.351448   0.693878
     3758   0.231211   0.484862   0.517340
     3759   0.218513   0.458114   0.541944
     3760   0.247931   0.459852   0.527634
     3761   0.255031   0.489871   0.535682
     3762   0.242704   0.463619   0.559642
     3763   0.227698   0.404554   0.546971
     3764   0.240197   0.429805   0.521114
     3765   0.256717   0.405278   0.532199
     3766   0.252262   0.410981   0.563823
     3767   0.264451   0.435326   0.538718
     3768   0.276321   0.426233   0.473588
     3769   0.298341   0.395058   0.451987
     3770   0.291723   0.399900   0.484913
     3771   0.300238   0.430728   0.491928
     3772   0.322327   0.399333   0.470286
     3773   0.321343   0.571833   0.397804
     3774   0.342848   0.575501   0.419081
     3775   0.311572   0.631140   0.395463
     3776   0.332604   0.635965   0.416979
     3777   0.338682   0.602186   0.374277
     3778   0.359545   0.606138   0.396133
     3779   0.504772   0.300862   0.220412
     3780   0.532306   0.328636   0.199096
     3781   0.485604   0.336369   0.242888
     3782   0.493144   0.304041   0.253553
     3783   0.526096   0.298731   0.242048
     3784   0.552206   0.325132   0.221891
     3785   0.506790   0.334679   0.264703
     3786   0.441317   0.344146   0.288134
     3787   0.460941   0.308385   0.266337
     3788   0.451139   0.312552   0.299757
     3789   0.463495   0.344214   0.309007
     3790   0.483343   0.308208   0.286973
     3791   0.353548   1.037318   0.173388
     3792   0.368300   1.053224   0.194785
     3793   0.331863   1.093414   0.143883
     3794   0.346350   1.109860   0.165047
     3795   0.910431   1.058681   0.017284
     3796   0.866776   1.048689   0.023161
     3797   0.889131   1.065786   0.033758
     3798   0.913032   1.063160   0.047319
     3799   0.869676   1.053753   0.053074
     3800   0.853820   1.102433   0.015867
     3801   0.834666   1.068167   0.023262
     3802   0.885930   1.082955   0.015766
     3803   0.885534   1.104777   0.027766
     3804   0.824869   1.104774   0.033959
     3805   0.856584   1.107118   0.045858
     3806   0.837524   1.073263   0.053174
     3807   0.888735   1.087608   0.045758
     3808   0.914510   1.102479   0.010431
     3809   0.916843   1.106725   0.040518
     3810   0.872157   0.678695   0.102012
     3811   0.800365   0.685337   0.113356
     3812   0.829272   0.652158   0.110851
     3813   0.865755   0.650031   0.120131
     3814   0.798734   0.654727   0.131457
     3815   0.877231   0.680523   0.131972
     3816   0.806592   0.687341   0.143089
     3817   0.835217   0.652599   0.140737
     3818   0.694905   0.597264   0.144700
     3819   0.664158   0.568130   0.153506
     3820   0.705251   0.595789   0.173309
     3821   0.675934   0.566026   0.181521
     3822   0.583793   0.540072   0.192628
     3823   0.578891   0.482179   0.189832
     3824   0.598877   0.538409   0.219041
     3825   0.594835   0.479018   0.215592
     3826   0.562996   0.356361   0.179905
     3827   0.582083   0.320842   0.156954
     3828   0.597495   0.349798   0.171620
     3829   0.581286   0.351652   0.203795
     3830   0.600425   0.315489   0.180677
     3831   0.616278   0.347890   0.139719
     3832   0.634830   0.311497   0.116418
     3833   0.632839   0.341476   0.164456
     3834   0.651436   0.304252   0.140902
     3835   0.604797   0.187613   0.106818
     3836   0.650126   0.179971   0.063094
     3837   0.626106   0.184337   0.128197
     3838   0.669650   0.173995   0.085585
     3839   0.698041   0.169553   0.021715
     3840   0.683470   0.203468   0.044805
     3841   0.717336   0.193240   0.036709
     3842   0.716448   0.162250   0.044767
     3843   0.700903   0.195118   0.068357
     3844   0.129625   0.248210   0.812772
     3845   0.153560   0.260052   0.827455
     3846   0.477985   -0.208904   0.798385
     3847   0.493437   -0.191225   0.817802
     3848   0.422550   -0.089583   0.727024
     3849   0.394027   -0.061698   0.729182
     3850   0.424005   -0.057353   0.716879
     3851   0.440950   -0.071273   0.742975
     3852   0.413217   -0.043951   0.744841
     3853   0.418591   -0.025228   0.652092
     3854   0.429891   -0.008704   0.611178
     3855   0.388150   0.005702   0.654629
     3856   0.407402   -0.009423   0.680168
     3857   0.438253   -0.006458   0.665859
     3858   0.449749   0.010538   0.623975
     3859   0.408612   0.023758   0.668186
     3860   0.376941   -0.012278   0.694418
     3861   0.347600   0.019389   0.698106
     3862   0.397165   0.005300   0.708925
     3863   0.368490   0.036339   0.712417
     3864   0.306892   0.032147   0.742089
     3865   0.277150   0.067756   0.748234
     3866   0.309031   0.067737   0.732210
     3867   0.328158   0.047979   0.757108
     3868   0.299016   0.083032   0.762969
     3869   0.318449   0.052335   0.702741
     3870   0.290456   0.086690   0.706957
     3871   0.339968   0.068686   0.716818
     3872   0.312557   0.102328   0.720945
     3873   0.246863   0.109237   0.751653
     3874   0.269351   0.123778   0.766191
     3875   0.419466   0.053220   0.527960
     3876   0.396247   0.103866   0.492812
     3877   0.440804   0.071876   0.539149
     3878   0.418841   0.120893   0.504145
     3879   0.403385   0.122584   0.452190
     3880   0.426583   0.138470   0.463839
     3881   0.625654   -0.126522   0.547740
     3882   0.639531   -0.102017   0.559343
     3883   0.495746   -0.190448   0.764483
     3884   0.544972   -0.198933   0.733413
     3885   0.511199   -0.171730   0.782890
     3886   0.559311   -0.178917   0.751347
     3887   0.601996   -0.395164   0.869199
     3888   0.611455   -0.377917   0.892460
     3889   0.104228   0.282653   0.826913
     3890   0.080852   0.316417   0.841079
     3891   0.099198   0.293168   0.859308
     3892   0.128417   0.293833   0.841706
     3893   0.105179   0.327038   0.856054
     3894   0.270002   0.343769   0.508165
     3895   0.258535   0.320112   0.538864
     3896   0.265710   0.351039   0.540329
     3897   0.294767   0.350765   0.524489
     3898   0.283418   0.328545   0.554273
     3899   0.283162   0.368857   0.479996
     3900   0.307620   0.374539   0.497242
     3901   0.262048   0.399887   0.499798
     3902   0.248889   0.374800   0.527967
     3903   0.286392   0.405291   0.517313
     3904   0.273539   0.381517   0.544561
     3905   0.254470   0.456150   0.494904
     3906   0.278297   0.460763   0.513333
     3907   0.420781   0.379199   0.309630
     3908   0.423512   0.444332   0.308081
     3909   0.442786   0.379317   0.330695
     3910   0.444467   0.444284   0.330194
     3911   0.424994   0.513796   0.305978
     3912   0.445031   0.514595   0.328906
     3913   0.499204   0.237606   0.222896
     3914   0.480403   0.272950   0.245042
     3915   0.490437   0.242171   0.256694
     3916   0.522323   0.238253   0.242703
     3917   0.503178   0.273262   0.265206
     3918   0.439434   0.280511   0.292952
     3919   0.458896   0.245076   0.271656
     3920   0.451211   0.250712   0.305359
     3921   0.462917   0.282753   0.312164
     3922   0.482752   0.247807   0.290397
     3923   0.668711   0.686627   0.151386
     3924   0.610510   0.684699   0.175785
     3925   0.679333   0.689273   0.179798
     3926   0.623006   0.687660   0.203398
     3927   0.808375   1.034656   0.030700
     3928   0.811248   1.040418   0.060490
     3929   0.793105   1.102364   0.021368
     3930   0.795653   1.107198   0.051353
     3931   0.610197   0.568032   0.178652
     3932   0.624058   0.566787   0.205750
     3933   0.594708   0.385072   0.162184
     3934   0.633111   0.415847   0.145943
     3935   0.608713   0.415103   0.177623
     3936   0.611499   0.379829   0.187059
     3937   0.647966   0.410004   0.171857
     3938   0.602910   0.448815   0.169149
     3939   0.618510   0.444456   0.194954
     3940   0.687470   0.296822   0.078212
     3941   0.702105   0.287736   0.103332
     3942   0.719955   0.225429   0.030580
     3943   0.704205   0.260264   0.054844
     3944   0.738281   0.248159   0.048759
     3945   0.735663   0.215971   0.054888
     3946   0.719268   0.250727   0.079556
     3947   -0.042814   0.324908   1.027894
     3948   -0.057334   0.301603   1.062274
     3949   -0.017319   0.290345   1.010755
     3950   -0.010845   0.324155   1.009718
     3951   -0.050744   0.335093   1.062260
     3952   -0.018774   0.334340   1.044084
     3953   -0.033484   0.310924   1.078804
     3954   0.006551   0.299959   1.027086
     3955   -0.003932   0.313988   0.976377
     3956   0.020861   0.279242   0.960916
     3957   0.027084   0.313630   0.958901
     3958   0.020171   0.323797   0.992243
     3959   0.044801   0.289424   0.976795
     3960   0.405969   -0.042515   0.691172
     3961   0.436079   -0.072265   0.689757
     3962   0.425438   -0.024261   0.705875
     3963   0.454606   -0.053243   0.704696
     3964   0.452628   -0.117496   0.726989
     3965   0.470030   -0.098547   0.743309
     3966   0.466334   -0.162973   0.762623
     3967   0.482716   -0.144483   0.780459
     3968   0.441724   0.005848   0.568530
     3969   0.461788   0.025549   0.580262
     3970   0.069178   0.292780   0.876448
     3971   0.045477   0.326814   0.890494
     3972   0.063297   0.303145   0.908775
     3973   0.093317   0.303533   0.891635
     3974   0.069792   0.337070   0.905742
     3975   0.237272   0.350697   0.556069
     3976   0.226755   0.327660   0.586343
     3977   0.262106   0.358562   0.571889
     3978   0.251576   0.336757   0.601484
     3979   0.195958   0.334635   0.632964
     3980   0.220781   0.344137   0.647859
     3981   0.441991   0.217358   0.302344
     3982   0.420013   0.252765   0.321325
     3983   0.466467   0.223250   0.319335
     3984   0.444353   0.257326   0.339067
     3985   0.419052   0.315661   0.313567
     3986   0.442276   0.317287   0.333212
     3987   0.518853   0.202336   0.202139
     3988   0.479884   0.209831   0.251967
     3989   0.542359   0.204177   0.221256
     3990   0.504024   0.213861   0.269940
     3991   0.762888   0.655458   0.124787
     3992   0.732127   0.687220   0.130415
     3993   0.734647   0.656925   0.147601
     3994   0.770492   0.656194   0.154271
     3995   0.740625   0.689555   0.159558
     3996   0.699662   0.656398   0.143867
     3997   0.709445   0.657494   0.172691
     3998   0.854608   0.620765   0.104438
     3999   0.789830   0.624911   0.117349
     4000   0.860406   0.619573   0.134296
     4001   0.796649   0.623992   0.147004
     4002   0.573315   0.420400   0.184105
     4003   0.590320   0.416228   0.209022
     4004   0.741370   0.280920   0.043095
     4005   0.754940   0.270937   0.068473
     4006   0.560973   0.195088   0.153825
     4007   0.583491   0.194453   0.174174
     4008   0.057656   0.268267   0.911558
     4009   0.094111   0.257924   0.862455
     4010   0.081567   0.279016   0.927102
     4011   0.117988   0.269233   0.877648
     4012   0.009664   0.337437   0.940653
     4013   -0.027458   0.348100   0.991655
     4014   0.034003   0.347246   0.956156
     4015   -0.003214   0.357450   1.007584
     4016   -0.066764   0.359052   1.044396
     4017   -0.042585   0.368172   1.060557
     4018   0.727025   0.626870   0.133677
     4019   0.736027   0.626439   0.162761
     4020   0.033120   0.303239   0.926089
     4021   0.057260   0.313536   0.941587
     4022   0.988598   1.044305   -0.011044
     4023   0.970685   0.986704   -0.017910
     4024   0.953553   0.929709   -0.030193
     4025   0.935397   0.873965   -0.046307
     4026   0.918106   0.817990   -0.062532
     4027   0.900325   0.761674   -0.076950
     4028   0.882173   0.704537   -0.086971
     4029   0.864256   0.646730   -0.092579
     4030   0.846560   0.588593   -0.093369
     4031   0.828765   0.530608   -0.089325
     4032   0.810149   0.473273   -0.081552
     4033   0.791273   0.416484   -0.070870
     4034   0.770294   0.360867   -0.058161
     4035   0.750573   0.304788   -0.045422
     4036   0.729627   0.249051   -0.033117
     4037   0.707806   0.193199   -0.023178
     4038   0.687299   0.136223   -0.018398
     4039   0.668680   0.078769   -0.022999
     4040   0.661898   0.022722   -0.043951
     4041   0.670368   -0.022188   -0.083412
     4042   0.687187   -0.054594   -0.131754
     4043   0.708895   -0.077348   -0.183636
     4044   0.731014   -0.095114   -0.237398
     4045   0.751725   -0.111163   -0.292265
     4046   0.772663   -0.126369   -0.347284
     4047   0.791560   -0.142099   -0.402871
     4048   0.810222   -0.160207   -0.457809
     4049   0.828199   -0.180329   -0.512292
     4050   0.846165   -0.205989   -0.564267
     4051   0.863052   -0.233884   -0.615367
     4052   0.881263   -0.268121   -0.662179
     4053   0.899578   -0.305769   -0.706187
     4054   0.917323   -0.346930   -0.747252
     4055   0.935595   -0.390198   -0.785845
     4056   0.954154   -0.433776   -0.823966
     4057   0.971413   -0.474042   -0.866071
     4058   0.988621   -0.511320   -0.910845
     4059   0.944889   1.102487   -0.009742
     4060   0.884089   1.102457   -0.013796
     4061   0.823378   1.102396   -0.019391
     4062   0.762579   1.102324   -0.023933
     4063   0.701735   1.102248   -0.027831
     4064   0.640808   1.102209   -0.029696
     4065   0.580137   1.102050   -0.035693
     4066   0.520466   1.101650   -0.047154
     4067   0.463330   1.100641   -0.068222
     4068   0.408539   1.098720   -0.094829
     4069   0.356347   1.095673   -0.126109
     4070   0.307822   1.091043   -0.162644
     4071   0.263997   1.084037   -0.204419
     4072   0.222196   1.075088   -0.247883
     4073   0.183525   1.063782   -0.293592
     4074   0.148422   1.049462   -0.341334
     4075   0.114759   1.032776   -0.389325
     4076   0.084025   1.013302   -0.438227
     4077   0.057783   0.990187   -0.488156
     4078   0.033171   0.964388   -0.537596
     4079   0.011797   0.935560   -0.586844
     4080   -0.007563   0.903518   -0.634942
     4081   -0.024535   0.868708   -0.682006
     4082   -0.039710   0.831239   -0.727632
     4083   -0.051913   0.790643   -0.771438
     4084   -0.062754   0.747667   -0.813227
     4085   -0.070774   0.702228   -0.853065
     4086   -0.075400   0.654155   -0.890238
     4087   -0.077724   0.604121   -0.924974
     4088   -0.077506   0.552298   -0.957043
     4089   -0.078127   0.498614   -0.985862
     4090   -0.075774   0.443511   -1.011817
     4091   -0.069902   0.387381   -1.034762
     4092   -0.062641   0.330065   -1.054203
     4093   -0.052460   0.272273   -1.070546
     4094   -0.040075   0.214069   -1.083767
     4095   -0.024909   0.155816   -1.093382
     4096   -0.007135   0.097910   -1.100005
     4097   0.011568   0.040013   -1.103663
     4098   0.034298   -0.016533   -1.103979
     4099   0.057592   -0.072748   -1.101572
     4100   0.084162   -0.127386   -1.096624
     4101   0.115234   -0.179284   -1.089045
     4102   0.148714   -0.229289   -1.079503
     4103   0.183401   -0.278067   -1.067938
     4104   0.221945   -0.323434   -1.054808
     4105   0.263231   -0.365944   -1.040674
     4106   0.307941   -0.404739   -1.026163
     4107   0.355785   -0.439463   -1.011569
     4108   0.408527   -0.467122   -0.998997
     4109   0.463478   -0.490872   -0.987475
     4110   0.520665   -0.509538   -0.977871
     4111   0.580231   -0.520192   -0.972207
     4112   0.640972   -0.524668   -0.969779
     4113   0.701862   -0.527381   -0.968293
     4114   0.762715   -0.530579   -0.966527
     4115   0.823494   -0.534775   -0.964192
     4116   0.884145   -0.540176   -0.961145
     4117   0.944876   -0.544236   -0.958835
     4118   1.005840   -0.544623   -0.958614
     4119   1.005840   1.102493   -0.008293
     4120   0.642207   -0.022173   -0.161229
     4121   0.599794   0.014082   -0.189094
     4122   0.557901   0.052638   -0.219492
     4123   0.517939   0.092652   -0.250665
     4124   0.481127   0.133255   -0.282896
     4125   0.444831   0.174205   -0.315187
     4126   0.409781   0.215296   -0.349791
     4127   0.375079   0.254921   -0.385450
     4128   0.340876   0.293294   -0.420847
     4129   0.307344   0.330611   -0.455300
     4130   0.275901   0.367421   -0.489113
     4131   0.245675   0.403346   -0.521294
     4132   0.216035   0.439502   -0.550773
     4133   0.186577   0.478046   -0.578539
     4134   0.154780   0.517279   -0.609048
     4135   0.121331   0.555767   -0.641444
     4136   0.087126   0.593836   -0.675038
     4137   0.051230   0.631437   -0.708520
     4138   0.015011   0.669357   -0.742795
     4139   -0.022875   0.707789   -0.777424
     4140   0.477917   -0.438225   -0.952695
     4141   0.491648   -0.389698   -0.917881
     4142   0.506804   -0.344155   -0.884410
     4143   0.523266   -0.301752   -0.847734
     4144   0.537156   -0.259793   -0.806162
     4145   0.548240   -0.219198   -0.762348
     4146   0.554764   -0.182751   -0.715189
     4147   0.558972   -0.149101   -0.667799
     4148   0.560237   -0.119158   -0.619921
     4149   0.558609   -0.090899   -0.572193
     4150   0.552619   -0.063497   -0.522565
     4151   0.545974   -0.035563   -0.468166
     4152   0.537231   -0.006554   -0.412086
     4153   0.527380   0.022763   -0.356224
     4154   0.519767   0.055126   -0.301932
     4155   0.330161   -0.352000   -0.992211
     4156   0.349171   -0.302690   -0.957229
     4157   0.365877   -0.255882   -0.921000
     4158   0.380435   -0.211616   -0.882138
     4159   0.393114   -0.170166   -0.840400
     4160   0.403929   -0.131825   -0.795881
     4161   0.414115   -0.095946   -0.749787
     4162   0.423793   -0.063691   -0.701404
     4163   0.434649   -0.035912   -0.649431
     4164   0.452258   -0.013626   -0.587627
     4165   0.447365   0.025863   -0.525644
     4166   0.442917   0.060132   -0.469031
     4167   0.439717   0.094784   -0.415180
     4168   0.439151   0.132112   -0.363632
     4169   0.285472   -0.315947   -1.006505
     4170   0.304696   -0.268245   -0.972607
     4171   0.320722   -0.222152   -0.936999
     4172   0.334289   -0.178555   -0.897575
     4173   0.346820   -0.137174   -0.855610
     4174   0.358478   -0.098344   -0.811389
     4175   0.369709   -0.061983   -0.765353
     4176   0.379243   -0.029377   -0.716029
     4177   0.388863   0.000838   -0.664077
     4178   0.397730   0.029801   -0.608271
     4179   0.399659   0.063416   -0.552042
     4180   0.398645   0.096964   -0.497390
     4181   0.398388   0.132670   -0.445128
     4182   0.400876   0.171674   -0.395495
     4183   -0.032042   0.661707   -0.817158
     4184   0.004318   0.622465   -0.782316
     4185   0.039724   0.584130   -0.748033
     4186   0.074579   0.546539   -0.714091
     4187   0.108514   0.509704   -0.680510
     4188   0.140575   0.473426   -0.647639
     4189   0.171389   0.436741   -0.616569
     4190   0.201649   0.399654   -0.587110
     4191   0.232262   0.362828   -0.557299
     4192   0.263774   0.325874   -0.526386
     4193   0.295882   0.288181   -0.494155
     4194   0.329658   0.249952   -0.461566
     4195   0.364813   0.211282   -0.428629
     4196   0.633214   0.009792   -0.113095
     4197   0.599618   0.050784   -0.136764
     4198   0.560973   0.093291   -0.170138
     4199   0.526141   0.136186   -0.205102
     4200   0.492808   0.178159   -0.238449
     4201   0.460259   0.222314   -0.270795
     4202   0.426657   0.264374   -0.309083
     4203   0.391827   0.303853   -0.347939
     4204   0.357105   0.341371   -0.385770
     4205   0.323226   0.377518   -0.422084
     4206   0.290893   0.412285   -0.456835
     4207   0.260341   0.445469   -0.489059
     4208   0.232499   0.478605   -0.516758
     4209   0.207312   0.520427   -0.538404
     4210   0.173491   0.563315   -0.568661
     4211   0.137919   0.603785   -0.601241
     4212   0.101096   0.642056   -0.634154
     4213   0.064082   0.679161   -0.667691
     4214   0.026712   0.715756   -0.701782
     4215   -0.011764   0.752544   -0.736223
     4216   0.658045   -0.048516   -0.213585
     4217   0.609801   -0.016681   -0.242680
     4218   0.564045   0.018707   -0.272236
     4219   0.677396   -0.070157   -0.268237
     4220   0.625865   -0.042169   -0.298717
     4221   0.575406   -0.010786   -0.327615
     4222   0.697544   -0.091198   -0.324086
     4223   0.643795   -0.067686   -0.357229
     4224   0.588761   -0.038203   -0.385054
     4225   0.758315   -0.149773   -0.472143
     4226   0.709708   -0.135702   -0.484057
     4227   0.660223   -0.114725   -0.487782
     4228   0.605163   -0.089882   -0.502425
     4229   0.771149   -0.171409   -0.522759
     4230   0.716342   -0.156613   -0.533495
     4231   0.662269   -0.137903   -0.542773
     4232   0.608977   -0.115532   -0.555867
     4233   0.784168   -0.195382   -0.574671
     4234   0.723765   -0.182289   -0.584429
     4235   0.666046   -0.164347   -0.594763
     4236   0.611416   -0.143067   -0.606646
     4237   0.770912   -0.488382   -0.913588
     4238   0.770949   -0.441784   -0.864205
     4239   0.772838   -0.393986   -0.820409
     4240   0.783502   -0.348915   -0.777620
     4241   0.811400   -0.308133   -0.728712
     4242   0.805238   -0.262723   -0.675339
     4243   0.795492   -0.226275   -0.625056
     4244   0.611521   -0.173481   -0.656168
     4245   0.669039   -0.194167   -0.645764
     4246   0.730284   -0.213046   -0.635017
     4247   0.243885   -0.277383   -1.021524
     4248   0.262161   -0.232649   -0.989334
     4249   0.274563   -0.188164   -0.954094
     4250   0.287729   -0.143549   -0.915814
     4251   0.300453   -0.101440   -0.874017
     4252   0.312637   -0.062187   -0.829689
     4253   0.323815   -0.026070   -0.782934
     4254   0.333898   0.007176   -0.733944
     4255   0.343465   0.038904   -0.683349
     4256   0.350838   0.069654   -0.630719
     4257   0.354564   0.101601   -0.577585
     4258   0.356932   0.135467   -0.525735
     4259   0.359440   0.171604   -0.475780
     4260   -0.038418   0.614624   -0.855356
     4261   -0.003652   0.575477   -0.821165
     4262   0.030734   0.537097   -0.786755
     4263   0.065099   0.499745   -0.752212
     4264   0.098607   0.464130   -0.717652
     4265   0.130240   0.431685   -0.684613
     4266   0.160387   0.397843   -0.654467
     4267   0.190268   0.362037   -0.625459
     4268   0.221248   0.325088   -0.596567
     4269   0.253296   0.287354   -0.566928
     4270   0.286708   0.249044   -0.536663
     4271   0.322109   0.210398   -0.506368
     4272   0.377550   0.392931   -0.356141
     4273   0.398807   0.447620   -0.330196
     4274   0.420003   0.504784   -0.308237
     4275   0.439780   0.562511   -0.287865
     4276   0.457620   0.619474   -0.267588
     4277   0.474692   0.675338   -0.248621
     4278   0.489214   0.730058   -0.228073
     4279   0.502278   0.784514   -0.206544
     4280   0.514133   0.838293   -0.181342
     4281   0.525851   0.891510   -0.153198
     4282   0.537832   0.943577   -0.121743
     4283   0.552175   0.995097   -0.089865
     4284   0.567487   1.045882   -0.059220
     4285   0.000400   0.795914   -0.693882
     4286   0.039490   0.762340   -0.660437
     4287   0.077896   0.728111   -0.626661
     4288   0.117072   0.692616   -0.593592
     4289   0.155775   0.654471   -0.560100
     4290   0.195253   0.612530   -0.526168
     4291   0.237605   0.562396   -0.489584
     4292   0.282736   0.539841   -0.442792
     4293   0.321812   0.511418   -0.404711
     4294   0.359942   0.480388   -0.367919
     4295   0.013674   0.838069   -0.651511
     4296   0.051459   0.809530   -0.618572
     4297   0.090730   0.778867   -0.584784
     4298   0.131814   0.745632   -0.551901
     4299   0.172477   0.709187   -0.518564
     4300   0.213858   0.670197   -0.485397
     4301   0.256122   0.630268   -0.451273
     4302   0.298177   0.597955   -0.414317
     4303   0.338720   0.566893   -0.379071
     4304   0.378897   0.535975   -0.343974
     4305   0.025224   0.877509   -0.610349
     4306   0.060699   0.858882   -0.576965
     4307   0.101642   0.832610   -0.542141
     4308   0.144869   0.801431   -0.508698
     4309   0.188300   0.766443   -0.476196
     4310   0.231653   0.728822   -0.444785
     4311   0.274393   0.690548   -0.414308
     4312   0.315607   0.655234   -0.383451
     4313   0.356479   0.622871   -0.352619
     4314   0.397402   0.592173   -0.320532
     4315   0.512878   1.057023   -0.073073
     4316   0.494893   1.015071   -0.103491
     4317   0.481405   0.965436   -0.138397
     4318   0.472449   0.913539   -0.172542
     4319   0.463188   0.860473   -0.202483
     4320   0.453692   0.807234   -0.230008
     4321   0.443454   0.753816   -0.252273
     4322   0.430563   0.701339   -0.274859
     4323   0.414537   0.647486   -0.297002
     4324   0.600656   -0.065958   -0.444094
     4325   0.609498   -0.206750   -0.705551
     4326   0.668383   -0.230252   -0.694895
     4327   0.733970   -0.248290   -0.685698
     4328   0.478641   0.093334   -0.332510
     4329   0.205936   -0.237486   -1.036279
     4330   0.221529   -0.198861   -1.005467
     4331   0.228015   -0.153413   -0.976362
     4332   0.239775   -0.106522   -0.937451
     4333   0.253111   -0.062806   -0.895309
     4334   0.265936   -0.023064   -0.850355
     4335   0.278291   0.013393   -0.803514
     4336   0.289246   0.046647   -0.754685
     4337   0.299221   0.078280   -0.704900
     4338   0.307111   0.109143   -0.654248
     4339   0.312570   0.140720   -0.603536
     4340   0.317068   0.174329   -0.554037
     4341   -0.043797   0.566908   -0.891220
     4342   -0.010248   0.528464   -0.859347
     4343   0.024100   0.490462   -0.825042
     4344   0.058868   0.452848   -0.789597
     4345   0.093371   0.417358   -0.752857
     4346   0.123207   0.393216   -0.717981
     4347   0.150827   0.362809   -0.690601
     4348   0.179850   0.327891   -0.664224
     4349   0.210915   0.290515   -0.637468
     4350   0.244482   0.252312   -0.610212
     4351   0.279615   0.213477   -0.582211
     4352   0.828866   0.721625   -0.094311
     4353   0.775539   0.739062   -0.103668
     4354   0.722599   0.756983   -0.115304
     4355   0.670220   0.775818   -0.129108
     4356   0.618014   0.795668   -0.144588
     4357   0.566196   0.816714   -0.162303
     4358   0.811588   0.664478   -0.102688
     4359   0.758764   0.682518   -0.114669
     4360   0.706268   0.701016   -0.129114
     4361   0.654282   0.720295   -0.145681
     4362   0.602884   0.740667   -0.164195
     4363   0.552418   0.762299   -0.184762
     4364   0.793698   0.606983   -0.106130
     4365   0.741111   0.625450   -0.121718
     4366   0.689023   0.644278   -0.139647
     4367   0.637666   0.663913   -0.159717
     4368   0.587020   0.684748   -0.181196
     4369   0.537527   0.706941   -0.204089
     4370   0.775301   0.549294   -0.106142
     4371   0.722459   0.567878   -0.125136
     4372   0.670384   0.586677   -0.146178
     4373   0.619420   0.606294   -0.169758
     4374   0.569707   0.627636   -0.195228
     4375   0.521497   0.650822   -0.221744
     4376   0.755713   0.491634   -0.102090
     4377   0.702669   0.509881   -0.125426
     4378   0.650987   0.528128   -0.150640
     4379   0.600321   0.547108   -0.177957
     4380   0.550874   0.568929   -0.207141
     4381   0.503317   0.593354   -0.237220
     4382   0.734807   0.433625   -0.095391
     4383   0.681199   0.451588   -0.122668
     4384   0.630739   0.468658   -0.152648
     4385   0.580589   0.485152   -0.184409
     4386   0.531329   0.507961   -0.218916
     4387   0.484480   0.534397   -0.253748
     4388   0.414943   0.356779   -0.316573
     4389   0.440125   0.413613   -0.289943
     4390   0.463444   0.474091   -0.270421
     4391   0.435208   1.044375   -0.116022
     4392   0.422926   0.990980   -0.158518
     4393   0.419228   0.935463   -0.193574
     4394   0.413356   0.882340   -0.225118
     4395   0.404659   0.828917   -0.254473
     4396   0.401325   0.776625   -0.275421
     4397   0.389631   0.728648   -0.299713
     4398   0.373517   0.677192   -0.325316
     4399   0.665565   -0.097109   -0.422117
     4400   0.896394   -0.439209   -0.840921
     4401   0.835880   -0.444099   -0.856092
     4402   0.845838   -0.493101   -0.909189
     4403   0.376935   -0.385001   -0.977864
     4404   0.426004   -0.414139   -0.963691
     4405   0.395550   -0.334518   -0.943580
     4406   0.443128   -0.363717   -0.930189
     4407   0.482165   0.058140   -0.385296
     4408   0.142530   -0.149151   -1.051883
     4409   0.174892   -0.120553   -1.008273
     4410   0.190024   -0.065816   -0.963482
     4411   0.204714   -0.020150   -0.919241
     4412   0.218821   0.020034   -0.873224
     4413   0.231991   0.055858   -0.825223
     4414   0.244828   0.088702   -0.776467
     4415   0.256441   0.119530   -0.727439
     4416   0.265165   0.149168   -0.677952
     4417   0.273027   0.180569   -0.629633
     4418   -0.047600   0.521163   -0.924973
     4419   -0.017999   0.481388   -0.898172
     4420   0.016939   0.444153   -0.862319
     4421   0.053295   0.404976   -0.826176
     4422   0.095071   0.361274   -0.785312
     4423   0.127438   0.314773   -0.763360
     4424   0.157160   0.274042   -0.744826
     4425   0.190460   0.232556   -0.724492
     4426   0.226509   0.190717   -0.701800
     4427   0.235913   0.220480   -0.655346
     4428   0.877881   0.890230   -0.049908
     4429   0.820640   0.905663   -0.053292
     4430   0.765570   0.919014   -0.058958
     4431   0.715665   0.933434   -0.065135
     4432   0.667808   0.957656   -0.068149
     4433   0.610177   0.977250   -0.077462
     4434   0.632644   0.849709   -0.120942
     4435   0.648487   0.903321   -0.095456
     4436   0.593814   0.923412   -0.107292
     4437   0.712004   0.373449   -0.088350
     4438   0.659021   0.392993   -0.121329
     4439   0.611368   0.409452   -0.153985
     4440   0.561256   0.416989   -0.188985
     4441   0.510267   0.443771   -0.230564
     4442   0.453436   0.317652   -0.274601
     4443   0.486086   0.376346   -0.244754
     4444   0.911590   -0.480525   -0.883654
     4445   0.933147   -0.513272   -0.920620
     4446   0.887715   -0.515472   -0.930354
     4447   0.426726   -0.243015   -0.868910
     4448   0.474048   -0.273081   -0.857021
     4449   0.489042   0.026185   -0.440200
     4450   0.107625   -0.100210   -1.063296
     4451   0.123661   -0.062598   -1.029577
     4452   0.140595   -0.015686   -0.989525
     4453   0.155572   0.027882   -0.944268
     4454   0.170897   0.067533   -0.896866
     4455   0.186489   0.103083   -0.848011
     4456   0.201513   0.134270   -0.798317
     4457   0.214859   0.162638   -0.749220
     4458   0.074335   -0.012844   -1.060127
     4459   0.089122   0.035772   -1.017331
     4460   0.106102   0.080370   -0.971157
     4461   0.123269   0.120332   -0.921802
     4462   0.140692   0.155411   -0.870202
     4463   0.159549   0.184002   -0.818458
     4464   0.176691   0.207845   -0.769763
     4465   0.036671   0.091900   -1.049166
     4466   0.055771   0.137488   -0.999910
     4467   0.075269   0.178653   -0.947738
     4468   0.094711   0.216065   -0.891954
     4469   0.119874   0.240235   -0.834389
     4470   0.142926   0.253481   -0.786616
     4471   0.005307   0.199414   -1.030877
     4472   0.026908   0.241139   -0.975635
     4473   0.045248   0.291994   -0.915222
     4474   0.084116   0.309488   -0.839753
     4475   -0.018304   0.294869   -1.007448
     4476   -0.029869   0.432717   -0.945378
     4477   -0.012347   0.354435   -0.965182
     4478   0.201113   0.260081   -0.680074
     4479   0.628269   1.034332   -0.047577
     4480   0.579549   0.870262   -0.135761
     4481   0.545756   0.184296   -0.168992
     4482   0.571608   0.233614   -0.146825
     4483   0.595650   0.288441   -0.136759
     4484   0.633317   0.336627   -0.122444
     4485   0.544086   0.329648   -0.187687
     4486   0.063520   0.915681   -0.536436
     4487   0.109270   0.890931   -0.497495
     4488   0.156258   0.860359   -0.463019
     4489   0.203396   0.825650   -0.431339
     4490   0.249789   0.787618   -0.401839
     4491   0.293411   0.747254   -0.375660
     4492   0.333556   0.709616   -0.351271
     4493   0.115435   0.954761   -0.448314
     4494   0.167221   0.922758   -0.414019
     4495   0.219331   0.887412   -0.383622
     4496   0.271075   0.848061   -0.354654
     4497   0.317035   0.800979   -0.334824
     4498   0.352256   0.758655   -0.320385
     4499   0.177414   0.987565   -0.360336
     4500   0.233270   0.950583   -0.331304
     4501   0.297675   0.914892   -0.296375
     4502   0.351197   0.848943   -0.286488
     4503   0.238890   1.011668   -0.284290
     4504   0.356078   1.017594   -0.184924
     4505   0.298292   0.997886   -0.242637
     4506   0.743668   -0.131554   -0.424340
     4507   0.719640   -0.112066   -0.379349
     4508   0.602728   -0.246014   -0.752516
     4509   0.663640   -0.269420   -0.744673
     4510   0.731516   -0.290568   -0.735209
     4511   0.439320   -0.201556   -0.827317
     4512   0.487416   -0.231104   -0.816241
     4513   0.458727   -0.127417   -0.737316
     4514   0.505526   -0.156139   -0.726140
     4515   0.496286   -0.005265   -0.495620
     4516   -0.021612   0.255601   -1.036437
     4517   0.774412   0.972122   -0.043010
     4518   0.770095   1.031578   -0.031947
     4519   0.699025   1.019211   -0.040984
     4520   0.491405   0.273563   -0.232159
     4521   0.200277   1.021262   -0.313114
     4522   0.706092   -0.122020   -0.443350
     4523   0.450174   -0.162818   -0.783502
     4524   0.497848   -0.192303   -0.772069
     4525   0.044702   0.363587   -0.866706
     4526   0.010210   0.401232   -0.899050
     4527   0.033330   0.340145   -0.901444
     4528   0.010140   0.365173   -0.921729
     4529   0.893704   0.947306   -0.034712
     4530   0.833251   0.964337   -0.037777
     4531   0.738023   0.812067   -0.098171
     4532   0.752677   0.866131   -0.079075
     4533   0.700451   0.883150   -0.086847
     4534   0.670493   0.216605   -0.058932
     4535   0.638292   0.252628   -0.094355
     4536   0.579330   0.142670   -0.128685
     4537   0.606835   0.198131   -0.106975
     4538   0.516159   0.224702   -0.202717
     4539   0.543408   0.262707   -0.178526
     4540   0.366569   0.903241   -0.248182
     4541   0.368805   0.954081   -0.217037
     4542   0.332630   0.926118   -0.262129
     4543   0.333614   0.959638   -0.241117
     4544   0.884749   -0.396987   -0.801536
     4545   0.831250   -0.399430   -0.812993
     4546   0.591794   -0.287495   -0.798911
     4547   0.651535   -0.315503   -0.792449
     4548   0.718409   -0.334696   -0.783693
     4549   0.411906   -0.287456   -0.907308
     4550   0.459175   -0.316852   -0.895090
     4551   0.466712   -0.095540   -0.690879
     4552   0.511351   -0.123705   -0.679644
     4553   0.473901   -0.068687   -0.645478
     4554   0.514580   -0.095006   -0.633720
     4555   0.503284   -0.038015   -0.548801
     4556   0.513876   -0.068587   -0.590466
     4557   0.005706   0.149049   -1.057821
     4558   0.169607   0.298805   -0.703632
     4559   0.844780   1.033217   -0.025139
     4560   0.729485   0.974491   -0.047859
     4561   0.643818   0.162000   -0.064069
     4562   0.619519   0.093579   -0.082167
     4563   0.135724   0.991606   -0.399175
     4564   0.876288   -0.359178   -0.766454
     4565   0.832257   -0.360353   -0.776340
     4566   0.117839   0.292414   -0.796391
     4567   0.685355   0.830207   -0.108825
     4568   0.685228   0.305381   -0.080496
     4569   0.368286   0.794753   -0.294133
     4570   0.910363   1.005106   -0.022178
     4571   0.595651   0.358799   -0.153834
     4572   0.705177   -0.484563   -0.917687
     4573   0.706032   -0.436196   -0.871737
     4574   0.707594   -0.383781   -0.829674
     4575   0.531149   -0.457817   -0.942372
     4576   0.585520   -0.472041   -0.932128
     4577   0.643140   -0.480239   -0.922863
     4578   0.575282   -0.332202   -0.841303
     4579   0.553660   -0.369112   -0.876159
     4580   0.541633   -0.410427   -0.908743
     4581   0.633724   -0.369906   -0.843469
     4582   0.643123   -0.428202   -0.883694
     4583   0.590657   -0.424602   -0.899409
     4584   0.479868   -0.050487   -0.607761
     4585   -0.052142   0.484068   -0.951900
     4586   0.932672   1.053678   -0.014071
     4587   0.887167   1.063103   -0.017535
     4588   0.635207   0.040515   -0.078185
     4589   0.382232   1.052209   -0.141849
     4590   0.040601   0.039596   -1.070759
     4591   0.845792   0.778199   -0.082285
     4592   0.791548   0.794933   -0.089175
     4593   0.341359   0.427542   -0.393367
     4594   0.079150   0.953674   -0.491189
     4595   0.871344   -0.332609   -0.740646
     4596   0.838383   -0.333503   -0.748763
     4597   0.033545   0.909601   -0.577901
     4598   0.141518   0.334491   -0.725120
     4599   0.862102   0.834143   -0.066593
     4600   0.806716   0.850180   -0.071886
     4601   0.306751   0.459852   -0.429108
     4602   0.592632   -0.387967   -0.872887
     4603   0.079504   -0.062074   -1.074661
     4604   0.694873   0.257137   -0.057142
     4605   0.171570   -0.197054   -1.046795
     4606   0.470195   1.066986   -0.085078
     4607   0.189370   -0.172139   -1.020222
     4608   0.274444   0.488684   -0.462664
     4609   0.119591   0.362860   -0.742601
     4610   0.248075   0.509872   -0.489579
     4611   0.886002   -0.243868   -0.680022
     4612   0.903934   -0.283394   -0.726421
     4613   0.921179   -0.325472   -0.768552
     4614   0.939615   -0.369170   -0.807540
     4615   0.958061   -0.411997   -0.844929
     4616   0.974631   -0.450937   -0.885688
     4617   0.990614   -0.487167   -0.929330
     4618   1.007052   -0.520033   -0.976584
     4619   1.007137   1.104148   -0.038700
     4620   0.946720   1.104578   -0.040095
     4621   0.886725   1.105367   -0.044022
     4622   0.826073   1.105783   -0.049562
     4623   0.765097   1.106175   -0.054064
     4624   0.704305   1.107293   -0.057781
     4625   0.644604   1.109458   -0.059057
     4626   0.586212   1.112319   -0.063740
     4627   0.528874   1.114513   -0.073477
     4628   0.473872   1.114933   -0.092994
     4629   0.420776   1.113908   -0.118252
     4630   0.370084   1.111537   -0.148214
     4631   0.322979   1.107109   -0.183649
     4632   0.280574   1.099878   -0.224500
     4633   0.239807   1.090774   -0.267191
     4634   0.201762   1.079177   -0.312551
     4635   0.167257   1.064276   -0.360171
     4636   0.134240   1.047083   -0.407894
     4637   0.104270   1.027298   -0.456207
     4638   0.078621   1.003706   -0.505821
     4639   0.054507   0.977354   -0.555079
     4640   0.033675   0.947995   -0.604041
     4641   0.014710   0.915354   -0.652055
     4642   -0.001834   0.879826   -0.699039
     4643   -0.016492   0.841633   -0.744423
     4644   0.990583   1.046757   -0.041360
     4645   0.973909   0.990994   -0.047914
     4646   0.957460   0.935847   -0.059792
     4647   0.939460   0.881134   -0.075652
     4648   0.922370   0.824961   -0.091896
     4649   0.904966   0.767093   -0.106583
     4650   0.887376   0.707650   -0.116842
     4651   0.870136   0.647293   -0.122481
     4652   0.853194   0.586565   -0.123049
     4653   0.836333   0.526163   -0.118515
     4654   0.818712   0.466747   -0.110068
     4655   0.801167   0.408434   -0.098553
     4656   0.782062   0.351954   -0.084827
     4657   0.763963   0.295153   -0.071052
     4658   0.744539   0.239157   -0.057790
     4659   0.724988   0.184498   -0.046803
     4660   0.707589   0.130469   -0.040404
     4661   0.691999   0.079296   -0.042619
     4662   0.686266   0.032453   -0.059461
     4663   0.693167   -0.004741   -0.093651
     4664   0.707119   -0.032401   -0.138018
     4665   0.725777   -0.052310   -0.187774
     4666   0.745548   -0.068592   -0.241186
     4667   0.764331   -0.083747   -0.296564
     4668   0.783450   -0.098323   -0.352393
     4669   0.800820   -0.113785   -0.409321
     4670   0.818051   -0.131912   -0.466003
     4671   0.834995   -0.152418   -0.522483
     4672   0.852352   -0.178892   -0.576777
     4673   0.868459   -0.208074   -0.630650
     4674   -0.028234   0.800492   -0.787910
     4675   -0.038733   0.757127   -0.829430
     4676   -0.046437   0.711639   -0.868819
     4677   -0.050801   0.663442   -0.905654
     4678   -0.052852   0.613227   -0.940057
     4679   -0.052510   0.560897   -0.972220
     4680   -0.053268   0.506953   -1.001403
     4681   -0.051154   0.452414   -1.027425
     4682   -0.045508   0.396397   -1.050657
     4683   -0.038488   0.339124   -1.070438
     4684   -0.028753   0.281535   -1.087314
     4685   -0.016816   0.223287   -1.101176
     4686   -0.002027   0.165075   -1.111262
     4687   0.015365   0.106992   -1.118453
     4688   0.033439   0.049069   -1.122864
     4689   0.055643   -0.007880   -1.123943
     4690   0.078526   -0.064473   -1.122123
     4691   0.104332   -0.118707   -1.117763
     4692   0.134729   -0.170333   -1.110698
     4693   0.167535   -0.220470   -1.101797
     4694   0.201496   -0.269589   -1.090953
     4695   0.239336   -0.314845   -1.078320
     4696   0.279582   -0.356836   -1.064730
     4697   0.323106   -0.395155   -1.050804
     4698   0.369594   -0.428835   -1.036576
     4699   0.420630   -0.454766   -1.024094
     4700   0.473868   -0.476962   -1.012527
     4701   0.529020   -0.493649   -1.002504
     4702   0.585999   -0.501321   -0.995438
     4703   0.644365   -0.503111   -0.991058
     4704   0.704158   -0.504399   -0.988182
     4705   0.765063   -0.507070   -0.985784
     4706   0.826243   -0.511181   -0.983291
     4707   0.886924   -0.516509   -0.980150
     4708   0.946763   -0.520037   -0.977271
     4709   0.039157   0.677879   -0.759329
     4710   0.075364   0.639463   -0.725318
     4711   0.028849   0.630986   -0.798273
     4712   0.064221   0.592259   -0.764246
     4713   0.087771   0.687309   -0.685055
     4714   0.050446   0.724555   -0.718762
     4715   0.677457   -0.139307   -0.607872
     4716   0.733045   -0.156301   -0.597373
     4717   0.679880   -0.170156   -0.661094
     4718   0.739010   -0.188228   -0.650411
     4719   0.791322   -0.168613   -0.587369
     4720   0.801975   -0.200762   -0.640421
     4721   0.421142   0.114319   -0.508422
     4722   0.421991   0.147995   -0.456836
     4723   0.464429   0.079144   -0.479270
     4724   0.462562   0.111858   -0.425933
     4725   0.226386   0.407116   -0.603278
     4726   0.257063   0.370550   -0.573247
     4727   0.215176   0.370872   -0.640643
     4728   0.246088   0.334494   -0.611518
     4729   -0.007614   0.670797   -0.832959
     4730   0.001185   0.716939   -0.793746
     4731   0.505140   0.735730   -0.253435
     4732   0.491634   0.679390   -0.273632
     4733   0.460292   0.760547   -0.276772
     4734   0.448426   0.706606   -0.298988
     4735   0.145564   0.562683   -0.658588
     4736   0.111269   0.601361   -0.692053
     4737   0.161555   0.610459   -0.619291
     4738   0.124706   0.649537   -0.651920
     4739   0.629758   0.005397   -0.249259
     4740   0.585465   0.038755   -0.280501
     4741   0.622455   0.032309   -0.198220
     4742   0.581517   0.068471   -0.230475
     4743   0.542413   0.073019   -0.311732
     4744   0.542305   0.106031   -0.263169
     4745   0.692988   -0.044341   -0.272641
     4746   0.711222   -0.064419   -0.329065
     4747   0.620250   -0.065294   -0.512266
     4748   0.569419   -0.040309   -0.533009
     4749   0.616770   -0.041493   -0.452510
     4750   0.563870   -0.012699   -0.477440
     4751   0.556343   0.015671   -0.420442
     4752   0.606229   -0.014340   -0.392433
     4753   0.624865   -0.119203   -0.620014
     4754   0.575418   -0.096508   -0.633542
     4755   0.623251   -0.091214   -0.567441
     4756   0.574504   -0.067804   -0.584152
     4757   0.678787   -0.207697   -0.712560
     4758   0.742240   -0.224965   -0.703491
     4759   0.811209   -0.238741   -0.693178
     4760   0.463271   0.146074   -0.375973
     4761   0.469663   0.183781   -0.330042
     4762   0.502233   0.109102   -0.343638
     4763   0.505815   0.144586   -0.296721
     4764   0.409013   0.019196   -0.677714
     4765   0.418480   0.048429   -0.620579
     4766   0.453607   -0.016297   -0.663027
     4767   0.471583   0.006658   -0.599632
     4768   0.425434   0.183882   -0.408795
     4769   0.434674   0.223338   -0.365435
     4770   0.278124   0.297484   -0.581418
     4771   0.235571   0.301384   -0.651714
     4772   0.268953   0.264205   -0.623950
     4773   0.196132   0.444067   -0.632791
     4774   0.185321   0.406318   -0.669814
     4775   0.288712   0.334000   -0.541912
     4776   0.099089   0.554330   -0.730448
     4777   0.420354   0.448588   -0.351732
     4778   0.440393   0.505794   -0.330870
     4779   0.461254   0.413370   -0.311910
     4780   0.483182   0.473701   -0.293644
     4781   0.459104   0.564425   -0.311358
     4782   0.502995   0.534890   -0.277956
     4783   0.278146   0.635935   -0.471567
     4784   0.319885   0.602534   -0.435217
     4785   0.260556   0.567368   -0.509014
     4786   0.305229   0.543852   -0.462966
     4787   0.336430   0.660836   -0.404992
     4788   0.376929   0.627260   -0.374790
     4789   0.360051   0.570344   -0.400568
     4790   0.433474   0.651538   -0.320539
     4791   0.417402   0.595335   -0.343315
     4792   0.392960   0.682516   -0.348177
     4793   0.517258   0.792005   -0.232010
     4794   0.469616   0.815695   -0.254582
     4795   0.475738   0.622275   -0.291938
     4796   0.011917   0.762066   -0.752884
     4797   0.676028   -0.024409   -0.218537
     4798   0.659449   -0.042290   -0.363477
     4799   0.643423   -0.017913   -0.304404
     4800   0.673146   -0.088762   -0.497159
     4801   0.679163   -0.070847   -0.429495
     4802   0.674411   -0.112314   -0.554034
     4803   0.848804   -0.469982   -0.928828
     4804   0.773691   -0.465664   -0.933718
     4805   0.774902   -0.420770   -0.885926
     4806   0.839418   -0.422397   -0.877200
     4807   0.568683   -0.161793   -0.732395
     4808   0.573478   -0.127115   -0.683136
     4809   0.621759   -0.184965   -0.722989
     4810   0.624254   -0.150400   -0.671471
     4811   0.504124   0.076986   -0.394871
     4812   0.548068   0.043523   -0.364595
     4813   0.421162   0.081837   -0.563326
     4814   0.467771   0.045792   -0.536391
     4815   0.310701   0.062315   -0.769625
     4816   0.321113   0.094333   -0.718760
     4817   0.354507   0.023949   -0.748877
     4818   0.364583   0.056035   -0.697119
     4819   0.303831   0.226517   -0.595348
     4820   0.259949   0.233556   -0.668775
     4821   0.296645   0.194800   -0.642623
     4822   0.288199   0.164099   -0.691201
     4823   0.250112   0.204401   -0.715389
     4824   0.311409   0.260192   -0.550614
     4825   0.346517   0.222822   -0.519745
     4826   0.340824   0.188708   -0.566603
     4827   0.320791   0.297044   -0.509322
     4828   0.133147   0.517188   -0.696826
     4829   0.549502   0.956061   -0.146982
     4830   0.562213   1.007880   -0.115650
     4831   0.604220   0.934811   -0.133576
     4832   0.618691   0.988892   -0.104314
     4833   0.675302   0.968056   -0.095802
     4834   0.657606   0.913739   -0.122610
     4835   0.600648   0.688141   -0.208248
     4836   0.552366   0.711523   -0.230316
     4837   0.615508   0.746095   -0.191401
     4838   0.566257   0.768766   -0.211138
     4839   0.664091   0.525166   -0.177999
     4840   0.614972   0.545662   -0.204646
     4841   0.682191   0.585471   -0.174252
     4842   0.632769   0.606349   -0.197160
     4843   0.645404   0.464481   -0.179040
     4844   0.596716   0.482570   -0.210144
     4845   0.450741   0.267812   -0.327445
     4846   0.415687   0.307251   -0.366599
     4847   0.475806   0.317708   -0.295304
     4848   0.437479   0.357673   -0.337077
     4849   0.380823   0.344918   -0.404583
     4850   0.400204   0.394638   -0.376462
     4851   0.236095   0.676956   -0.505117
     4852   0.218245   0.618638   -0.545224
     4853   0.344030   0.514454   -0.425355
     4854   0.295563   0.697297   -0.435173
     4855   0.399821   0.538240   -0.366021
     4856   0.408095   0.735127   -0.323082
     4857   0.528191   0.847840   -0.206646
     4858   0.478274   0.870889   -0.226834
     4859   0.179026   0.523694   -0.626370
     4860   0.197117   0.569281   -0.586970
     4861   0.663272   -0.001349   -0.168416
     4862   0.594620   0.011794   -0.334687
     4863   0.726418   -0.129954   -0.544303
     4864   0.935518   -0.489358   -0.939368
     4865   0.890547   -0.491843   -0.949399
     4866   0.914792   -0.457460   -0.903320
     4867   0.391075   -0.374027   -1.002535
     4868   0.345525   -0.341819   -1.016487
     4869   0.364999   -0.291278   -0.980644
     4870   0.410232   -0.322501   -0.967436
     4871   0.509456   0.046814   -0.449513
     4872   0.398879   -0.011501   -0.730992
     4873   0.299297   0.028531   -0.819597
     4874   0.343956   -0.009962   -0.799179
     4875   0.329499   0.125315   -0.667143
     4876   0.372507   0.087005   -0.643305
     4877   0.335607   0.156316   -0.615988
     4878   0.069333   0.302482   -0.930679
     4879   0.050496   0.251366   -0.992006
     4880   0.012023   0.363944   -0.980824
     4881   0.005662   0.304319   -1.023738
     4882   0.225459   0.272153   -0.693879
     4883   0.214448   0.245225   -0.738389
     4884   0.165295   0.480758   -0.663893
     4885   0.155129   0.439978   -0.700131
     4886   0.354434   0.259766   -0.476360
     4887   0.389569   0.222086   -0.442752
     4888   0.383567   0.185344   -0.488354
     4889   0.633892   1.043770   -0.076008
     4890   0.575148   1.057444   -0.086362
     4891   0.538870   0.902828   -0.178326
     4892   0.591358   0.880639   -0.161874
     4893   0.643112   0.859126   -0.147975
     4894   0.750262   0.625189   -0.150791
     4895   0.699789   0.645195   -0.168147
     4896   0.766965   0.684691   -0.143945
     4897   0.716062   0.704294   -0.157790
     4898   0.649923   0.666064   -0.187541
     4899   0.665513   0.724685   -0.173674
     4900   0.714058   0.505351   -0.153333
     4901   0.732644   0.565399   -0.153757
     4902   0.566899   0.568914   -0.233068
     4903   0.584421   0.629018   -0.221885
     4904   0.694143   0.445820   -0.149654
     4905   0.548798   0.506921   -0.243872
     4906   0.627561   0.404591   -0.179346
     4907   0.578894   0.413570   -0.213607
     4908   0.506627   0.374709   -0.267213
     4909   0.529155   0.441835   -0.254408
     4910   0.563705   0.326046   -0.210734
     4911   0.194937   0.716926   -0.537661
     4912   0.178841   0.661441   -0.578766
     4913   0.381839   0.482410   -0.389025
     4914   0.315579   0.927062   -0.317831
     4915   0.252103   0.963543   -0.351463
     4916   0.315136   1.012534   -0.263392
     4917   0.256932   1.026363   -0.303977
     4918   0.418877   0.784376   -0.299105
     4919   0.486608   0.925678   -0.196650
     4920   0.240359   0.445459   -0.568148
     4921   0.210841   0.484119   -0.595958
     4922   0.256321   0.483501   -0.535131
     4923   0.231037   0.525746   -0.556784
     4924   0.731443   -0.084562   -0.385118
     4925   0.779122   -0.143874   -0.533119
     4926   0.900126   -0.417395   -0.861880
     4927   0.561769   -0.199712   -0.781487
     4928   0.614623   -0.225888   -0.772073
     4929   0.456574   -0.350953   -0.954382
     4930   0.438619   -0.401782   -0.988535
     4931   0.503449   -0.375637   -0.942213
     4932   0.488790   -0.424260   -0.977510
     4933   0.515499   0.016130   -0.505726
     4934   0.388911   -0.044976   -0.781818
     4935   0.286489   -0.008783   -0.867752
     4936   0.332330   -0.047059   -0.847363
     4937   0.376906   0.118593   -0.589466
     4938   0.192853   0.080239   -0.913763
     4939   0.208837   0.116410   -0.863884
     4940   0.240100   0.033531   -0.890372
     4941   0.253687   0.070095   -0.841211
     4942   0.200334   0.220704   -0.784071
     4943   0.238003   0.176570   -0.763336
     4944   0.166950   0.265461   -0.801051
     4945   0.181428   0.285805   -0.759029
     4946   0.098408   0.189723   -0.964202
     4947   0.118259   0.227575   -0.907512
     4948   0.028532   0.209097   -1.048077
     4949   0.002073   0.265076   -1.053120
     4950   -0.022645   0.529787   -0.940201
     4951   -0.018916   0.575858   -0.906382
     4952   0.204678   0.337880   -0.678812
     4953   0.123456   0.472390   -0.733252
     4954   0.703303   1.026493   -0.070271
     4955   0.772847   1.036375   -0.061921
     4956   0.629646   0.803254   -0.171720
     4957   0.579100   0.825322   -0.188540
     4958   0.818217   0.665570   -0.132418
     4959   0.801187   0.605542   -0.135641
     4960   0.783782   0.545498   -0.135171
     4961   0.765237   0.485723   -0.130434
     4962   0.745722   0.426340   -0.122901
     4963   0.673655   0.386591   -0.147289
     4964   0.484526   0.226490   -0.288759
     4965   0.513832   0.273125   -0.252795
     4966   0.023625   0.805930   -0.710893
     4967   0.154285   0.754365   -0.570551
     4968   0.140100   0.700462   -0.611955
     4969   0.253072   0.736661   -0.465004
     4970   0.353358   0.716198   -0.373488
     4971   0.371145   0.766243   -0.343071
     4972   0.239041   0.898784   -0.403901
     4973   0.290411   0.858321   -0.375866
     4974   0.196584   1.001445   -0.379543
     4975   0.218714   1.036139   -0.332292
     4976   0.421402   0.838205   -0.278188
     4977   0.494427   0.978884   -0.162451
     4978   0.270142   0.409264   -0.538480
     4979   0.284205   0.449992   -0.507473
     4980   0.753855   -0.103660   -0.431209
     4981   0.767258   -0.121895   -0.480621
     4982   0.717523   -0.094791   -0.450897
     4983   0.720607   -0.108680   -0.493006
     4984   0.673664   -0.248609   -0.764559
     4985   0.397152   -0.197125   -0.903104
     4986   0.410229   -0.154215   -0.859937
     4987   0.442281   -0.228009   -0.890402
     4988   0.455256   -0.184941   -0.847292
     4989   0.550349   -0.242044   -0.827137
     4990   0.512864   -0.173505   -0.790781
     4991   0.502055   -0.213919   -0.836720
     4992   0.466533   -0.144822   -0.801875
     4993   0.377224   -0.082334   -0.829314
     4994   0.421556   -0.114808   -0.814012
     4995   0.432303   -0.078043   -0.766451
     4996   0.319657   -0.087265   -0.892972
     4997   0.365055   -0.122077   -0.874810
     4998   0.273164   -0.049521   -0.914028
     4999   0.380148   0.151272   -0.537578
     5000   0.177138   0.039765   -0.962233
     5001   0.225605   -0.007654   -0.937584
     5002   0.224243   0.148042   -0.813239
     5003   0.266929   0.103423   -0.791430
     5004   0.182828   0.196808   -0.833397
     5005   0.143697   0.252054   -0.849282
     5006   0.078459   0.147898   -1.017401
     5007   0.108484   0.320206   -0.854597
     5008   0.057778   0.350332   -0.916529
     5009   0.034696   0.375043   -0.936849
     5010   -0.005119   0.441646   -0.960764
     5011   0.034941   0.410617   -0.914194
     5012   0.069289   0.373498   -0.881750
     5013   0.897363   0.953414   -0.064349
     5014   0.881915   0.897553   -0.079219
     5015   0.708335   0.892690   -0.114702
     5016   0.722242   0.942971   -0.093328
     5017   0.770981   0.927708   -0.087666
     5018   0.759445   0.874816   -0.107496
     5019   0.537401   0.653564   -0.247601
     5020   0.520487   0.594774   -0.262363
     5021   0.592435   0.230282   -0.168829
     5022   0.614228   0.282923   -0.160284
     5023   0.627488   0.194043   -0.129016
     5024   0.656291   0.245766   -0.117976
     5025   0.538949   0.224759   -0.222957
     5026   0.564527   0.259873   -0.200321
     5027   0.568974   0.185117   -0.188721
     5028   0.113314   0.788365   -0.602916
     5029   0.101031   0.736704   -0.644548
     5030   0.209989   0.775285   -0.495701
     5031   0.313574   0.755034   -0.397153
     5032   0.336153   0.809861   -0.356839
     5033   0.187305   0.934993   -0.433409
     5034   0.369069   0.858869   -0.309097
     5035   0.349651   0.938705   -0.284058
     5036   0.350316   0.973210   -0.262701
     5037   0.371284   1.032742   -0.206565
     5038   0.384991   0.967431   -0.239146
     5039   0.383484   0.915030   -0.270629
     5040   0.888684   -0.375970   -0.823258
     5041   0.739379   -0.269026   -0.755287
     5042   0.661122   -0.296459   -0.814231
     5043   0.725840   -0.314745   -0.805505
     5044   0.816959   -0.286042   -0.748964
     5045   0.789229   -0.328314   -0.799342
     5046   0.519296   -0.329516   -0.908046
     5047   0.473110   -0.302898   -0.918330
     5048   0.427027   -0.274010   -0.930103
     5049   0.475586   -0.108425   -0.754172
     5050   0.531156   -0.046680   -0.602735
     5051   0.531204   -0.073453   -0.647436
     5052   0.352005   -0.164620   -0.918092
     5053   0.306350   -0.130362   -0.936023
     5054   0.259287   -0.094210   -0.957368
     5055   0.278971   0.134588   -0.741392
     5056   0.161721   -0.004922   -1.008679
     5057   0.210421   -0.054395   -0.983041
     5058   0.163624   0.167892   -0.885931
     5059   0.059009   0.101504   -1.067545
     5060   0.028559   0.158447   -1.075667
     5061   0.006891   0.490082   -0.913466
     5062   0.041775   0.453034   -0.877595
     5063   0.194193   0.309886   -0.717837
     5064   0.089913   0.508150   -0.767790
     5065   0.331945   0.336810   -0.472193
     5066   0.365448   0.299953   -0.437608
     5067   0.836738   0.970575   -0.067407
     5068   0.778185   0.979097   -0.072440
     5069   0.847696   1.037403   -0.055189
     5070   0.734402   0.982623   -0.076820
     5071   0.680429   0.782350   -0.157074
     5072   0.724767   0.365405   -0.114835
     5073   0.624378   0.062859   -0.149809
     5074   0.585785   0.102787   -0.185079
     5075   0.643624   0.096613   -0.100573
     5076   0.602889   0.144324   -0.147953
     5077   0.664250   0.156907   -0.086106
     5078   0.550934   0.143424   -0.221287
     5079   0.517286   0.183758   -0.255726
     5080   0.062756   0.771588   -0.677821
     5081   0.074267   0.819571   -0.636121
     5082   0.166673   0.811264   -0.527590
     5083   0.270254   0.796539   -0.422591
     5084   0.135958   0.967807   -0.466689
     5085   0.155350   1.005544   -0.417872
     5086   0.437065   1.005247   -0.181444
     5087   0.434309   0.948321   -0.216732
     5088   0.429331   0.893563   -0.248524
     5089   0.506384   1.028826   -0.128145
     5090   0.300535   0.373328   -0.506063
     5091   0.314782   0.416301   -0.475334
     5092   0.880329   -0.337925   -0.787926
     5093   0.835442   -0.378668   -0.834911
     5094   0.778015   -0.373944   -0.842782
     5095   0.603352   -0.269187   -0.820365
     5096   0.382200   -0.243013   -0.943292
     5097   0.488339   -0.257538   -0.879003
     5098   0.536144   -0.285722   -0.870234
     5099   0.442396   -0.044864   -0.716519
     5100   0.484080   -0.075727   -0.706203
     5101   0.491733   -0.048084   -0.659137
     5102   0.521461   -0.016229   -0.559938
     5103   0.247018   -0.141967   -0.997265
     5104   0.292726   -0.176035   -0.975355
     5105   0.144327   -0.052941   -1.049793
     5106   0.194604   -0.110141   -1.029059
     5107   0.145856   0.132240   -0.938447
     5108   0.142174   0.303621   -0.810926
     5109   0.119825   0.371115   -0.800125
     5110   0.151966   0.325623   -0.777839
     5111   0.014652   0.537210   -0.874596
     5112   0.175698   0.372205   -0.705507
     5113   0.055549   0.545682   -0.802232
     5114   0.399812   0.262077   -0.401762
     5115   0.825123   0.913464   -0.082414
     5116   0.694443   0.838622   -0.136675
     5117   0.745832   0.819462   -0.126690
     5118   0.782830   0.743589   -0.132915
     5119   0.731414   0.762468   -0.143962
     5120   0.700195   0.296839   -0.105637
     5121   0.649705   0.329972   -0.147267
     5122   0.036438   0.848810   -0.668701
     5123   0.224133   0.835645   -0.451317
     5124   0.386496   0.803098   -0.317106
     5125   0.522408   1.070306   -0.098798
     5126   0.836901   -0.339422   -0.798005
     5127   0.521004   -0.136141   -0.743155
     5128   0.527395   -0.102849   -0.695027
     5129   0.321633   -0.257397   -0.995509
     5130   0.338051   -0.209671   -0.958747
     5131   0.162112   -0.139759   -1.073270
     5132   0.127942   -0.091258   -1.084178
     5133   0.128225   0.091555   -0.988891
     5134   0.078060   0.414283   -0.841313
     5135   0.148111   0.402281   -0.733036
     5136   0.021162   0.584226   -0.836551
     5137   0.913537   1.009450   -0.052179
     5138   0.688019   0.208479   -0.082509
     5139   0.612880   0.353371   -0.178384
     5140   0.177232   0.871336   -0.482218
     5141   0.346987   0.381241   -0.440808
     5142   0.711323   -0.416589   -0.894466
     5143   0.708461   -0.462801   -0.938773
     5144   0.650228   -0.410243   -0.907273
     5145   0.647951   -0.460257   -0.945372
     5146   0.498030   -0.029429   -0.620241
     5147   0.240047   -0.188387   -1.027294
     5148   0.279987   -0.222016   -1.011655
     5149   0.110790   0.046103   -1.036114
     5150   -0.027274   0.492473   -0.967391
     5151   -0.013723   0.623691   -0.870750
     5152   0.934995   1.056435   -0.044337
     5153   0.889910   1.066241   -0.047729
     5154   0.659970   0.050101   -0.093149
     5155   0.657092   0.025189   -0.124132
     5156   0.130665   0.902478   -0.515879
     5157   0.123649   0.843142   -0.560411
     5158   0.396093   1.067924   -0.163984
     5159   0.447821   1.059232   -0.139457
     5160   0.564364   -0.353353   -0.899952
     5161   0.586460   -0.315557   -0.864260
     5162   0.714345   -0.364771   -0.852523
     5163   0.642630   -0.352249   -0.866663
     5164   0.592489   -0.454375   -0.955969
     5165   0.599298   -0.407990   -0.923458
     5166   0.540176   -0.442229   -0.966960
     5167   0.551705   -0.394985   -0.933016
     5168   0.301995   -0.306377   -1.030263
     5169   0.261398   -0.268247   -1.044737
     5170   0.224130   -0.228282   -1.058935
     5171   0.095650   -0.003702   -1.079903
     5172   0.062421   0.048900   -1.089900
     5173   0.850978   0.783982   -0.111759
     5174   0.834724   0.725213   -0.124006
     5175   0.085162   0.927857   -0.554111
     5176   0.083007   0.869846   -0.594605
     5177   0.100191   0.966723   -0.508967
     5178   0.875660   -0.310990   -0.761694
     5179   0.843136   -0.312067   -0.769904
     5180   0.048998   0.499193   -0.840302
     5181   0.118298   0.426295   -0.767952
     5182   0.797991   0.801462   -0.118242
     5183   0.364191   0.429967   -0.413412
     5184   0.047564   0.889022   -0.627595
     5185   0.055521   0.921741   -0.595183
     5186   0.166240   0.344768   -0.739690
     5187   0.812288   0.858099   -0.100787
     5188   0.866695   0.841412   -0.095835
     5189   0.602001   -0.371263   -0.896598
     5190   0.100434   -0.053654   -1.095157
     5191   0.710337   0.247668   -0.081641
     5192   0.083767   0.461680   -0.804798
     5193   0.190454   -0.187635   -1.068788
     5194   0.329802   0.462990   -0.448801
     5195   0.480987   1.081209   -0.109781
     5196   0.208347   -0.161934   -1.041780
     5197   0.297605   0.492584   -0.482090
     5198   0.144443   0.372556   -0.757346
     5199   0.271394   0.514271   -0.508708
     5200   0.260170   0.551119   -0.466188
     5201   0.278590   0.514263   -0.452728
     5202   0.261259   0.499278   -0.476121
     5203   0.242840   0.536134   -0.489582
     5204   0.249080   0.564882   -0.499299
     5205   0.293982   0.541846   -0.452879
     5206   0.286024   0.490634   -0.472377
     5207   0.259734   0.512071   -0.499143
     5208   0.282893   0.555610   -0.485990
     5209   0.301417   0.518218   -0.472528
     5210   0.284499   0.503427   -0.495399
     5211   0.265975   0.540819   -0.508861
     5212   0.219905   0.499516   -0.527581
     5213   0.222458   0.541411   -0.513994
     5214   0.240287   0.494238   -0.503168
     5215   0.244410   0.481053   -0.525944
     5216   0.219174   0.523087   -0.547594
     5217   0.243679   0.504624   -0.545958
     5218   0.245796   0.546557   -0.532899
     5219   0.263857   0.498886   -0.521919
     5220   0.267393   0.467077   -0.475861
     5221   0.246420   0.462037   -0.502908
     5222   0.272273   0.447730   -0.498266
     5223   0.290905   0.471288   -0.494782
     5224   0.270263   0.466746   -0.521302
     5225   0.134478   0.324632   -0.744240
     5226   0.111254   0.338023   -0.774336
     5227   0.107331   0.362067   -0.763957
     5228   0.130555   0.348676   -0.733861
     5229   0.153879   0.339630   -0.732405
     5230   0.139702   0.320198   -0.770600
     5231   0.107448   0.366194   -0.792719
     5232   0.132017   0.367708   -0.749973
     5233   0.159103   0.335196   -0.758764
     5234   0.135896   0.348369   -0.788982
     5235   0.132134   0.371835   -0.778735
     5236   0.155341   0.358662   -0.748518
     5237   0.137017   0.378013   -0.704291
     5238   0.146173   0.348650   -0.707861
     5239   0.121399   0.378038   -0.730291
     5240   0.135659   0.397748   -0.725509
     5241   0.163263   0.367507   -0.698054
     5242   0.161905   0.387243   -0.719271
     5243   0.170969   0.358487   -0.722598
     5244   0.146277   0.387418   -0.745191
     5245   0.094221   0.389316   -0.769085
     5246   0.108289   0.405287   -0.735419
     5247   0.105834   0.421826   -0.760405
     5248   0.119061   0.398705   -0.784038
     5249   0.133204   0.414288   -0.750494
     5250   -0.021035   0.595051   -0.838260
     5251   -0.006950   0.551971   -0.840256
     5252   -0.027022   0.547686   -0.875283
     5253   -0.041108   0.590766   -0.873288
     5254   -0.026071   0.619157   -0.863053
     5255   0.008755   0.579851   -0.828858
     5256   0.002202   0.532837   -0.866971
     5257   -0.031356   0.571383   -0.898801
     5258   0.003720   0.603958   -0.853651
     5259   0.017907   0.560718   -0.855574
     5260   -0.002132   0.556534   -0.890489
     5261   -0.016320   0.599774   -0.888566
     5262   -0.076562   0.629138   -0.907606
     5263   -0.056909   0.634390   -0.872797
     5264   -0.060761   0.585514   -0.908097
     5265   -0.065288   0.608674   -0.932516
     5266   -0.063100   0.658799   -0.897946
     5267   -0.051827   0.638335   -0.922856
     5268   -0.032262   0.643566   -0.888202
     5269   -0.035884   0.594543   -0.923220
     5270   0.537920   0.072645   -0.235078
     5271   0.522040   0.114419   -0.227883
     5272   0.543557   0.114738   -0.187620
     5273   0.559437   0.072964   -0.194815
     5274   0.569709   0.060554   -0.224983
     5275   0.530122   0.099341   -0.256917
     5276   0.538537   0.139805   -0.213195
     5277   0.573379   0.098039   -0.177609
     5278   0.561911   0.087251   -0.246822
     5279   0.546619   0.124727   -0.242228
     5280   0.568359   0.123105   -0.203183
     5281   0.583651   0.085629   -0.207777
     5282   0.578847   0.033360   -0.204293
     5283   0.580295   0.072037   -0.153451
     5284   0.599706   0.032433   -0.162929
     5285   0.611124   0.023196   -0.193657
     5286   0.611998   0.056822   -0.143286
     5287   0.601986   0.050390   -0.214347
     5288   0.605081   0.082823   -0.167444
     5289   0.623416   0.047584   -0.174014
     5290   0.302274   0.525630   -0.423752
     5291   0.314281   0.485635   -0.416909
     5292   0.290597   0.474268   -0.445886
     5293   0.332921   0.512936   -0.415033
     5294   0.318276   0.461421   -0.438954
     5295   0.324630   0.529153   -0.444160
     5296   0.336916   0.488722   -0.437078
     5297   0.313703   0.477787   -0.465445
     5298   0.275617   0.428877   -0.472947
     5299   0.298822   0.436069   -0.442971
     5300   0.302837   0.414293   -0.466084
     5301   0.299493   0.433146   -0.491404
     5302   0.322292   0.439646   -0.462067
     5303   0.013541   0.556287   -0.803960
     5304   0.027417   0.513779   -0.805899
     5305   0.006926   0.509463   -0.842194
     5306   0.043142   0.541389   -0.794494
     5307   0.036549   0.494828   -0.832672
     5308   0.038356   0.564954   -0.819392
     5309   0.052274   0.522437   -0.821267
     5310   0.031825   0.518201   -0.857449
     5311   0.253023   -0.255016   -1.005429
     5312   0.283429   -0.250447   -0.980971
     5313   0.295084   -0.292096   -0.989556
     5314   0.264678   -0.296665   -1.014014
     5315   0.252641   -0.272815   -1.033130
     5316   0.271074   -0.227332   -1.000494
     5317   0.313165   -0.262821   -0.984058
     5318   0.293734   -0.311162   -1.018384
     5319   0.270692   -0.245131   -1.028196
     5320   0.300810   -0.239706   -1.003582
     5321   0.311814   -0.281887   -1.012886
     5322   0.281696   -0.287312   -1.037500
     5323   0.242588   -0.344689   -1.047741
     5324   0.232915   -0.300409   -1.038166
     5325   0.274351   -0.340946   -1.023589
     5326   0.271406   -0.361390   -1.052702
     5327   0.230640   -0.319139   -1.066564
     5328   0.259459   -0.335840   -1.071525
     5329   0.250367   -0.291546   -1.061528
     5330   0.290788   -0.331606   -1.047496
     5331   0.621000   -0.004046   -0.175161
     5332   0.616416   0.030288   -0.124929
     5333   0.637711   -0.006191   -0.137162
     5334   0.652740   -0.011761   -0.164823
     5335   0.645153   0.017490   -0.118613
     5336   0.642863   0.015480   -0.183318
     5337   0.640735   0.044024   -0.136970
     5338   0.660182   0.011920   -0.146274
     5339   0.678778   -0.038391   -0.107583
     5340   0.664697   -0.038384   -0.146491
     5341   0.651791   -0.006198   -0.098254
     5342   0.681768   -0.013465   -0.088532
     5343   0.697153   -0.043498   -0.134886
     5344   0.700143   -0.018571   -0.115835
     5345   0.685196   -0.016875   -0.153217
     5346   0.675130   0.010224   -0.108892
     5347   0.190401   0.541871   -0.553532
     5348   0.184372   0.587922   -0.547415
     5349   0.216429   0.587463   -0.507876
     5350   0.185304   0.566298   -0.577815
     5351   0.206749   0.615584   -0.535696
     5352   0.214077   0.547514   -0.571877
     5353   0.207681   0.593960   -0.566097
     5354   0.239400   0.593003   -0.527119
     5355   0.213732   -0.218174   -1.020873
     5356   0.188753   -0.217270   -1.041537
     5357   0.180470   -0.184597   -1.033508
     5358   0.205450   -0.185500   -1.012845
     5359   0.230788   -0.193624   -1.016381
     5360   0.215033   -0.232884   -1.047607
     5361   0.181012   -0.192345   -1.057791
     5362   0.198858   -0.167037   -1.031001
     5363   0.232089   -0.208334   -1.043114
     5364   0.207292   -0.207958   -1.063861
     5365   0.199400   -0.174784   -1.055284
     5366   0.224197   -0.175160   -1.034537
     5367   0.201454   -0.136983   -0.992317
     5368   0.224772   -0.176137   -0.990915
     5369   0.182131   -0.146346   -1.014247
     5370   0.184748   -0.115347   -1.018666
     5371   0.237516   -0.147690   -0.986813
     5372   0.220811   -0.126054   -1.013162
     5373   0.243532   -0.165177   -1.012279
     5374   0.201475   -0.136038   -1.035420
     5375   0.157050   -0.173103   -1.049339
     5376   0.158711   -0.134852   -1.030078
     5377   0.152321   -0.144455   -1.062577
     5378   0.176283   -0.163697   -1.071029
     5379   0.178358   -0.124950   -1.051165
     5380   0.268362   -0.210406   -0.971714
     5381   0.297643   -0.205158   -0.945547
     5382   0.312709   -0.245198   -0.954803
     5383   0.283644   -0.182100   -0.964725
     5384   0.329386   -0.215912   -0.947873
     5385   0.286356   -0.199025   -0.993505
     5386   0.315388   -0.192853   -0.967051
     5387   0.329842   -0.233534   -0.977128
     5388   0.503885   1.036047   -0.088282
     5389   0.465050   1.029723   -0.109756
     5390   0.452702   1.055681   -0.100550
     5391   0.491537   1.062005   -0.079075
     5392   0.517643   1.063664   -0.085936
     5393   0.500638   1.021949   -0.115818
     5394   0.441514   1.051804   -0.127739
     5395   0.475591   1.074098   -0.097429
     5396   0.514396   1.049566   -0.113471
     5397   0.477103   1.044029   -0.133801
     5398   0.464404   1.070221   -0.124619
     5399   0.501698   1.075757   -0.104290
     5400   0.491898   1.101146   -0.057688
     5401   0.516672   1.079337   -0.060113
     5402   0.466763   1.083813   -0.076650
     5403   0.468601   1.107787   -0.080608
     5404   0.524670   1.108081   -0.060315
     5405   0.501373   1.114723   -0.083235
     5406   0.525641   1.092409   -0.086138
     5407   0.477430   1.098071   -0.101388
     5408   0.421873   1.071548   -0.105426
     5409   0.435935   1.099681   -0.081526
     5410   0.414658   1.106314   -0.106541
     5411   0.434299   1.086570   -0.128855
     5412   0.447324   1.114420   -0.105623
     5413   0.340877   0.495903   -0.386315
     5414   0.350650   0.453965   -0.380643
     5415   0.324055   0.443697   -0.411237
     5416   0.370891   0.481399   -0.378472
     5417   0.352775   0.428755   -0.403389
     5418   0.362935   0.498432   -0.407190
     5419   0.373015   0.456188   -0.401218
     5420   0.346997   0.446479   -0.431106
     5421   0.307059   0.394901   -0.439459
     5422   0.332292   0.402530   -0.407725
     5423   0.335107   0.379379   -0.431446
     5424   0.330884   0.398771   -0.458071
     5425   0.355589   0.405604   -0.427110
     5426   0.047917   0.518421   -0.769484
     5427   0.061983   0.476296   -0.770905
     5428   0.041484   0.471655   -0.807320
     5429   0.077506   0.503948   -0.760001
     5430   0.071317   0.457264   -0.797197
     5431   0.072731   0.526916   -0.785011
     5432   0.086840   0.484915   -0.786294
     5433   0.066383   0.480436   -0.822550
     5434   0.076119   0.435103   -0.771227
     5435   0.074183   0.383125   -0.805744
     5436   0.056081   0.428912   -0.807887
     5437   0.065677   0.409630   -0.833744
     5438   0.101032   0.443987   -0.786375
     5439   0.098942   0.392699   -0.820719
     5440   0.080913   0.437982   -0.823055
     5441   0.131974   -0.204286   -1.084274
     5442   0.128882   -0.164217   -1.070464
     5443   0.160142   -0.213172   -1.063149
     5444   0.158124   -0.224879   -1.090650
     5445   0.124981   -0.174808   -1.099872
     5446   0.151132   -0.195401   -1.106248
     5447   0.148420   -0.155046   -1.091984
     5448   0.178994   -0.204052   -1.085293
     5449   0.166057   -0.253678   -1.073720
     5450   0.194668   -0.257777   -1.052109
     5451   0.192448   -0.273828   -1.079446
     5452   0.184515   -0.245030   -1.096375
     5453   0.212813   -0.248936   -1.074944
     5454   0.427306   0.194751   -0.332489
     5455   0.418219   0.239835   -0.329437
     5456   0.443458   0.243344   -0.289939
     5457   0.452545   0.198259   -0.292991
     5458   0.457247   0.178993   -0.322614
     5459   0.422228   0.219317   -0.357613
     5460   0.438699   0.266093   -0.318264
     5461   0.472393   0.224402   -0.279777
     5462   0.452169   0.203559   -0.347738
     5463   0.442708   0.245575   -0.346440
     5464   0.467633   0.247151   -0.308102
     5465   0.477094   0.205136   -0.309401
     5466   0.462979   0.153730   -0.299041
     5467   0.476534   0.200236   -0.254622
     5468   0.486968   0.155707   -0.260672
     5469   0.493471   0.138921   -0.289808
     5470   0.505047   0.180958   -0.247087
     5471   0.487739   0.164184   -0.313382
     5472   0.500906   0.205124   -0.272243
     5473   0.511550   0.164172   -0.276224
     5474   0.499533   0.112954   -0.266780
     5475   0.509475   0.157172   -0.221775
     5476   0.524060   0.125308   -0.279945
     5477   0.534110   0.163591   -0.238507
     5478   0.488149   0.990254   -0.120944
     5479   0.452165   0.978208   -0.148457
     5480   0.429067   1.017678   -0.137270
     5481   0.487916   0.972160   -0.150424
     5482   0.429995   0.998114   -0.169981
     5483   0.500405   1.003855   -0.145298
     5484   0.465746   0.992065   -0.171947
     5485   0.442443   1.032240   -0.160450
     5486   0.155705   0.583550   -0.584951
     5487   0.146847   0.629128   -0.580670
     5488   0.175514   0.633500   -0.543134
     5489   0.149737   0.607122   -0.610266
     5490   0.167308   0.657956   -0.569433
     5491   0.179336   0.589870   -0.603131
     5492   0.170198   0.635950   -0.599029
     5493   0.198543   0.640039   -0.561995
     5494   0.764785   0.803500   -0.093673
     5495   0.745350   0.839099   -0.088623
     5496   0.779696   0.858156   -0.075480
     5497   0.799132   0.822556   -0.080531
     5498   0.794769   0.798197   -0.103709
     5499   0.741927   0.815765   -0.112430
     5500   0.756061   0.870474   -0.093285
     5501   0.809502   0.854139   -0.086337
     5502   0.771911   0.810462   -0.122466
     5503   0.752639   0.847139   -0.117093
     5504   0.785867   0.866457   -0.104142
     5505   0.805139   0.829780   -0.109515
     5506   0.818670   0.786566   -0.085730
     5507   0.834409   0.842161   -0.069240
     5508   0.853947   0.806171   -0.074439
     5509   0.848385   0.781090   -0.097022
     5510   0.864399   0.837777   -0.081214
     5511   0.824484   0.792722   -0.115000
     5512   0.839492   0.849755   -0.098311
     5513   0.858837   0.812697   -0.103797
     5514   0.081853   0.481937   -0.734932
     5515   0.095989   0.440744   -0.735255
     5516   0.111031   0.468260   -0.725452
     5517   0.106684   0.490270   -0.750521
     5518   0.120877   0.449342   -0.750602
     5519   0.035117   0.424565   -0.844248
     5520   0.020520   0.467308   -0.843680
     5521   0.029357   0.448593   -0.869957
     5522   0.059917   0.433659   -0.859454
     5523   0.045387   0.476113   -0.858948
     5524   0.182458   -0.093185   -0.985877
     5525   0.214899   -0.086169   -0.950466
     5526   0.233895   -0.129967   -0.956906
     5527   0.200223   -0.060105   -0.973261
     5528   0.249531   -0.100366   -0.947409
     5529   0.202512   -0.082268   -1.006050
     5530   0.234854   -0.074302   -0.970204
     5531   0.253152   -0.118088   -0.977316
     5532   0.492071   -0.500205   -0.982673
     5533   0.470697   -0.464548   -0.970085
     5534   0.504533   -0.448021   -0.947534
     5535   0.525907   -0.483677   -0.960122
     5536   0.524842   -0.501593   -0.990187
     5537   0.468673   -0.483917   -1.000001
     5538   0.483354   -0.431243   -0.965103
     5539   0.535663   -0.450023   -0.954666
     5540   0.501444   -0.485305   -1.007516
     5541   0.481329   -0.450611   -0.995019
     5542   0.514483   -0.433245   -0.972235
     5543   0.534598   -0.467939   -0.984732
     5544   0.550448   -0.514865   -0.975039
     5545   0.558335   -0.464929   -0.937250
     5546   0.582876   -0.496116   -0.952168
     5547   0.583115   -0.510757   -0.983822
     5548   0.589005   -0.463208   -0.944049
     5549   0.557510   -0.497485   -0.998971
     5550   0.566332   -0.448302   -0.961464
     5551   0.589244   -0.477848   -0.975703
     5552   0.392430   0.235109   -0.367621
     5553   0.383453   0.279387   -0.366694
     5554   0.409242   0.284113   -0.328511
     5555   0.387446   0.258499   -0.393606
     5556   0.403757   0.305552   -0.357269
     5557   0.417243   0.242707   -0.383598
     5558   0.407750   0.284664   -0.384180
     5559   0.433214   0.287531   -0.347022
     5560   0.476927   0.939488   -0.155470
     5561   0.445839   0.924501   -0.183058
     5562   0.421077   0.963222   -0.176046
     5563   0.479528   0.919609   -0.184596
     5564   0.426769   0.941892   -0.205153
     5565   0.490517   0.952281   -0.179551
     5566   0.460458   0.937000   -0.206691
     5567   0.435687   0.976784   -0.199088
     5568   0.654393   0.234617   -0.076644
     5569   0.661760   0.279004   -0.087426
     5570   0.690050   0.281259   -0.068819
     5571   0.682683   0.236871   -0.058037
     5572   0.679256   0.212542   -0.070721
     5573   0.647291   0.249197   -0.106166
     5574   0.692712   0.301110   -0.093067
     5575   0.702605   0.252402   -0.069392
     5576   0.672155   0.227122   -0.100243
     5577   0.678243   0.271302   -0.111807
     5578   0.705266   0.272253   -0.093639
     5579   0.699178   0.228073   -0.082075
     5580   0.718716   0.221125   -0.028148
     5581   0.689150   0.204902   -0.041055
     5582   0.712250   0.253094   -0.045130
     5583   0.737083   0.244104   -0.045454
     5584   0.716397   0.188849   -0.034990
     5585   0.734764   0.211827   -0.052296
     5586   0.706503   0.196488   -0.064656
     5587   0.727438   0.243412   -0.069716
     5588   0.717901   0.305084   -0.062959
     5589   0.740100   0.276920   -0.039270
     5590   0.757268   0.299970   -0.058237
     5591   0.732079   0.295996   -0.088344
     5592   0.754251   0.267155   -0.064421
     5593   0.909216   0.789832   -0.069741
     5594   0.873059   0.769936   -0.079617
     5595   0.890104   0.826066   -0.064563
     5596   0.920238   0.821476   -0.077214
     5597   0.902645   0.764383   -0.091766
     5598   0.913668   0.796027   -0.099240
     5599   0.877972   0.775538   -0.109171
     5600   0.894533   0.833187   -0.093866
     5601   0.926752   0.845977   -0.054420
     5602   0.869991   0.862186   -0.058251
     5603   0.906639   0.882097   -0.048108
     5604   0.937429   0.877549   -0.060980
     5605   0.879898   0.893892   -0.064564
     5606   0.930915   0.853048   -0.083774
     5607   0.874305   0.869483   -0.087527
     5608   0.910688   0.889344   -0.077436
     5609   0.098998   -0.037721   -1.044852
     5610   0.115643   -0.081404   -1.046437
     5611   0.093565   -0.081142   -1.068978
     5612   0.076920   -0.037459   -1.067394
     5613   0.084993   -0.008273   -1.070015
     5614   0.133994   -0.057770   -1.039685
     5615   0.117784   -0.095734   -1.073737
     5616   0.089969   -0.057864   -1.084909
     5617   0.119989   -0.028321   -1.064848
     5618   0.136135   -0.072099   -1.066986
     5619   0.114188   -0.072456   -1.089668
     5620   0.098042   -0.028678   -1.087530
     5621   0.045945   -0.044640   -1.102776
     5622   0.054317   -0.014688   -1.082053
     5623   0.068548   -0.067411   -1.088117
     5624   0.068059   -0.068611   -1.111848
     5625   0.044971   -0.012206   -1.113961
     5626   0.067084   -0.036177   -1.123033
     5627   0.075647   -0.005791   -1.101923
     5628   0.089480   -0.059064   -1.108640
     5629   0.095893   -0.113798   -1.079960
     5630   0.070877   -0.100067   -1.099098
     5631   0.094247   -0.123046   -1.107194
     5632   0.116137   -0.104982   -1.100971
     5633   0.091429   -0.091590   -1.119943
     5634   0.564471   -0.350657   -0.858731
     5635   0.604503   -0.351054   -0.842386
     5636   0.613178   -0.378937   -0.858178
     5637   0.573146   -0.378540   -0.874523
     5638   0.559012   -0.361232   -0.888056
     5639   0.580871   -0.323879   -0.852782
     5640   0.638177   -0.361078   -0.855066
     5641   0.597316   -0.379615   -0.884743
     5642   0.575412   -0.334455   -0.882106
     5643   0.614545   -0.333903   -0.865462
     5644   0.622316   -0.361756   -0.881630
     5645   0.583183   -0.362308   -0.898275
     5646   0.566145   -0.417515   -0.904076
     5647   0.547646   -0.389769   -0.892451
     5648   0.591644   -0.406285   -0.886148
     5649   0.594977   -0.416296   -0.911433
     5650   0.546669   -0.402706   -0.920880
     5651   0.575501   -0.401488   -0.928237
     5652   0.558035   -0.374169   -0.916484
     5653   0.600650   -0.389626   -0.910028
     5654   0.638424   -0.399054   -0.863581
     5655   0.616890   -0.426402   -0.891551
     5656   0.646676   -0.419222   -0.895483
     5657   0.646429   -0.381246   -0.886968
     5658   0.624763   -0.409116   -0.915366
     5659   0.713002   -0.359239   -0.806684
     5660   0.750956   -0.341805   -0.780656
     5661   0.778170   -0.371450   -0.799014
     5662   0.740216   -0.388883   -0.825041
     5663   0.710969   -0.374276   -0.841098
     5664   0.722125   -0.324721   -0.794599
     5665   0.786366   -0.338614   -0.788481
     5666   0.775426   -0.383965   -0.831595
     5667   0.720092   -0.339758   -0.829014
     5668   0.757534   -0.321530   -0.802424
     5669   0.783622   -0.351129   -0.821062
     5670   0.746180   -0.369357   -0.847652
     5671   0.706813   -0.409988   -0.850706
     5672   0.771893   -0.417885   -0.842307
     5673   0.738491   -0.438990   -0.867971
     5674   0.708677   -0.426392   -0.883102
     5675   0.772925   -0.431277   -0.875065
     5676   0.712834   -0.390680   -0.873495
     5677   0.776458   -0.397357   -0.864354
     5678   0.743112   -0.418680   -0.890196
     5679   0.357978   0.274108   -0.403149
     5680   0.348991   0.317333   -0.403309
     5681   0.374466   0.322612   -0.366855
     5682   0.353162   0.296623   -0.429227
     5683   0.368964   0.343145   -0.395177
     5684   0.382630   0.281015   -0.419685
     5685   0.373135   0.322436   -0.421095
     5686   0.398255   0.326084   -0.385591
     5687   0.042962   0.868195   -0.593657
     5688   0.056079   0.834206   -0.597768
     5689   0.032566   0.823800   -0.635041
     5690   0.019449   0.857789   -0.630930
     5691   0.036394   0.883265   -0.618972
     5692   0.071853   0.864364   -0.585785
     5693   0.062863   0.814550   -0.627347
     5694   0.025056   0.843440   -0.660106
     5695   0.065285   0.879434   -0.611100
     5696   0.078637   0.844709   -0.615363
     5697   0.055352   0.834190   -0.652411
     5698   0.042001   0.868916   -0.648148
     5699   -0.016049   0.886113   -0.658474
     5700   0.008831   0.890513   -0.622646
     5701   -0.005430   0.853389   -0.666759
     5702   -0.013185   0.874267   -0.690522
     5703   0.003573   0.909436   -0.643499
     5704   0.006438   0.897590   -0.675547
     5705   0.031137   0.902188   -0.639825
     5706   0.017302   0.864318   -0.683870
     5707   0.119507   0.622920   -0.617697
     5708   0.109084   0.667336   -0.613873
     5709   0.136424   0.673543   -0.576846
     5710   0.112901   0.645797   -0.643037
     5711   0.128586   0.696539   -0.602774
     5712   0.143130   0.629998   -0.635606
     5713   0.132403   0.675000   -0.631938
     5714   0.159471   0.680951   -0.595361
     5715   0.849260   0.897946   -0.051600
     5716   0.813678   0.877921   -0.062589
     5717   0.822882   0.909564   -0.067853
     5718   0.853519   0.905509   -0.080816
     5719   0.818706   0.885782   -0.091600
     5720   0.759124   0.892573   -0.069016
     5721   0.793105   0.912338   -0.056125
     5722   0.768276   0.923361   -0.073312
     5723   0.765213   0.901262   -0.097581
     5724   0.798052   0.920586   -0.085040
     5725   0.163384   0.286424   -0.724229
     5726   0.142299   0.294407   -0.754093
     5727   0.155563   0.316648   -0.714376
     5728   0.181900   0.304346   -0.710734
     5729   0.169294   0.279923   -0.751927
     5730   0.187810   0.297845   -0.738433
     5731   0.166697   0.305714   -0.768434
     5732   0.180217   0.327327   -0.728763
     5733   0.165339   0.345350   -0.677412
     5734   0.174729   0.313348   -0.683928
     5735   0.192264   0.332885   -0.671518
     5736   0.190188   0.355042   -0.692159
     5737   0.199436   0.323883   -0.698324
     5738   0.081729   0.011464   -1.038729
     5739   0.114859   0.010043   -1.003428
     5740   0.132128   -0.039142   -1.009551
     5741   0.099956   0.040937   -1.026722
     5742   0.151158   -0.010304   -0.999102
     5743   0.103220   0.021201   -1.058008
     5744   0.136255   0.020590   -1.022396
     5745   0.153024   -0.028931   -1.029236
     5746   0.197369   -0.042983   -0.941362
     5747   0.228913   -0.041478   -0.907275
     5748   0.246443   -0.084664   -0.916380
     5749   0.215160   -0.013902   -0.928413
     5750   0.263138   -0.056164   -0.904669
     5751   0.218013   -0.031024   -0.960312
     5752   0.249385   -0.028588   -0.925806
     5753   0.266226   -0.071866   -0.935698
     5754   0.281146   -0.165856   -0.934954
     5755   0.311009   -0.161052   -0.906694
     5756   0.327505   -0.200353   -0.917287
     5757   0.297040   -0.136955   -0.925918
     5758   0.343147   -0.171588   -0.907834
     5759   0.299538   -0.153198   -0.955689
     5760   0.329178   -0.147491   -0.927058
     5761   0.345028   -0.187146   -0.938420
     5762   0.499226   -0.366927   -0.901146
     5763   0.530232   -0.356634   -0.880285
     5764   0.516641   -0.400062   -0.913312
     5765   0.497549   -0.382667   -0.930047
     5766   0.513050   -0.336836   -0.896228
     5767   0.511373   -0.352576   -0.925130
     5768   0.541830   -0.341435   -0.903999
     5769   0.527577   -0.385311   -0.937615
     5770   0.484783   -0.413962   -0.935288
     5771   0.536391   -0.434122   -0.925558
     5772   0.496120   -0.399949   -0.959862
     5773   0.545940   -0.418607   -0.949988
     5774   0.610602   -0.522430   -0.970993
     5775   0.614330   -0.476140   -0.927496
     5776   0.642056   -0.502454   -0.946321
     5777   0.642669   -0.513890   -0.980419
     5778   0.645546   -0.470248   -0.934117
     5779   0.615182   -0.502216   -0.993248
     5780   0.620220   -0.457316   -0.950670
     5781   0.646158   -0.481684   -0.968215
     5782   0.705604   -0.460380   -0.894712
     5783   0.770931   -0.465083   -0.888896
     5784   0.738045   -0.486473   -0.915637
     5785   0.706819   -0.473682   -0.928230
     5786   0.772302   -0.477023   -0.923653
     5787   0.709892   -0.439695   -0.916620
     5788   0.774296   -0.443217   -0.909822
     5789   0.741076   -0.464232   -0.936245
     5790   0.062109   0.887281   -0.556701
     5791   0.029385   0.893555   -0.594125
     5792   0.048532   0.912641   -0.557169
     5793   0.074341   0.921769   -0.545274
     5794   0.044533   0.915671   -0.586542
     5795   0.084085   0.898851   -0.574358
     5796   0.051543   0.905381   -0.611389
     5797   0.070342   0.924799   -0.574647
     5798   0.022484   0.949974   -0.562220
     5799   0.048345   0.940035   -0.537016
     5800   0.022671   0.922581   -0.582372
     5801   0.022736   0.941777   -0.595442
     5802   0.043839   0.970871   -0.546338
     5803   0.044091   0.962674   -0.579560
     5804   0.069835   0.952605   -0.554595
     5805   0.044598   0.934868   -0.599612
     5806   0.002117   0.919539   -0.610893
     5807   0.024193   0.931674   -0.628048
     5808   0.081171   0.845746   -0.559553
     5809   0.096186   0.805739   -0.563462
     5810   0.071094   0.794199   -0.601678
     5811   0.112646   0.837876   -0.551276
     5812   0.102022   0.783616   -0.593850
     5813   0.103328   0.856494   -0.577508
     5814   0.118482   0.815753   -0.581663
     5815   0.093791   0.803968   -0.619518
     5816   0.379374   0.464004   -0.349058
     5817   0.388178   0.420276   -0.343169
     5818   0.359454   0.410237   -0.374754
     5819   0.409580   0.448104   -0.340964
     5820   0.388877   0.393785   -0.366301
     5821   0.401097   0.465499   -0.370379
     5822   0.410279   0.421613   -0.364097
     5823   0.382197   0.412303   -0.394937
     5824   0.340166   0.359444   -0.403927
     5825   0.367328   0.367151   -0.370956
     5826   0.363905   0.363080   -0.422696
     5827   0.390513   0.369778   -0.390523
     5828   0.749069   0.748022   -0.109486
     5829   0.730311   0.784525   -0.106737
     5830   0.783543   0.766997   -0.096422
     5831   0.779184   0.741325   -0.118291
     5832   0.727007   0.759725   -0.129633
     5833   0.757122   0.753029   -0.138438
     5834   0.738623   0.790965   -0.135326
     5835   0.790410   0.772525   -0.125579
     5836   0.802203   0.730343   -0.098989
     5837   0.837329   0.749912   -0.088298
     5838   0.831795   0.723419   -0.109158
     5839   0.808777   0.734401   -0.128461
     5840   0.842851   0.754598   -0.117882
     5841   0.979642   1.015505   -0.014477
     5842   0.940524   0.995905   -0.020044
     5843   0.921517   1.029392   -0.018125
     5844   0.960635   1.048992   -0.012557
     5845   0.989590   1.045531   -0.026202
     5846   0.972297   0.988849   -0.032912
     5847   0.911950   1.007278   -0.037178
     5848   0.933834   1.055057   -0.029204
     5849   0.982246   1.018875   -0.044637
     5850   0.943723   1.000222   -0.050047
     5851   0.924266   1.032942   -0.048258
     5852   0.962789   1.051596   -0.042849
     5853   0.997219   1.073399   -0.009668
     5854   0.938780   1.078083   -0.011907
     5855   0.975364   1.102490   -0.009017
     5856   1.006489   1.103320   -0.023496
     5857   0.945804   1.103533   -0.024918
     5858   0.998860   1.075453   -0.040030
     5859   0.940858   1.080507   -0.042216
     5860   0.976929   1.104363   -0.039397
     5861   0.114423   0.447907   -0.701133
     5862   0.126724   0.412450   -0.701297
     5863   0.142684   0.435831   -0.692372
     5864   0.139292   0.456184   -0.716691
     5865   0.151620   0.421129   -0.716584
     5866   -0.000530   0.462770   -0.880245
     5867   -0.014123   0.504926   -0.878759
     5868   -0.005554   0.485735   -0.905819
     5869   0.024333   0.471558   -0.895531
     5870   0.010771   0.513646   -0.894031
     5871   0.097612   0.058071   -0.994244
     5872   0.130837   0.054126   -0.957713
     5873   0.148084   0.006098   -0.966896
     5874   0.117163   0.085962   -0.980024
     5875   0.166355   0.033823   -0.953250
     5876   0.119507   0.068829   -1.012502
     5877   0.152682   0.065660   -0.975562
     5878   0.169430   0.017421   -0.985456
     5879   0.211768   -0.000058   -0.896232
     5880   0.242379   -0.001515   -0.861789
     5881   0.259524   -0.042935   -0.872832
     5882   0.229461   0.026782   -0.881798
     5883   0.276213   -0.015924   -0.859054
     5884   0.232853   0.012938   -0.913978
     5885   0.263295   0.012374   -0.879062
     5886   0.279827   -0.029152   -0.890890
     5887   0.535161   -0.136403   -0.673721
     5888   0.556868   -0.165926   -0.691494
     5889   0.530145   -0.169445   -0.720664
     5890   0.508438   -0.139922   -0.702892
     5891   0.519373   -0.113277   -0.687336
     5892   0.566225   -0.138108   -0.675468
     5893   0.561723   -0.172272   -0.723792
     5894   0.513265   -0.146140   -0.734647
     5895   0.550436   -0.114982   -0.689082
     5896   0.571080   -0.144454   -0.707766
     5897   0.544843   -0.148967   -0.737775
     5898   0.524200   -0.119495   -0.719091
     5899   0.489032   -0.109623   -0.685262
     5900   0.482126   -0.141778   -0.731728
     5901   0.462719   -0.111478   -0.714097
     5902   0.475396   -0.085634   -0.698541
     5903   0.467157   -0.117921   -0.745744
     5904   0.505738   -0.089288   -0.700615
     5905   0.498295   -0.122283   -0.748663
     5906   0.479833   -0.092076   -0.730187
     5907   0.684972   -0.325100   -0.788071
     5908   0.670659   -0.376844   -0.836572
     5909   0.642629   -0.342705   -0.817959
     5910   0.656328   -0.305981   -0.803340
     5911   0.693481   -0.305602   -0.809868
     5912   0.678488   -0.358510   -0.859593
     5913   0.651876   -0.324354   -0.840447
     5914   0.621664   -0.301499   -0.795680
     5915   0.583538   -0.309848   -0.820107
     5916   0.597573   -0.278341   -0.809638
     5917   0.632237   -0.282823   -0.817298
     5918   0.594906   -0.292372   -0.842313
     5919   0.908450   -0.326350   -0.726719
     5920   0.896806   -0.353054   -0.756853
     5921   0.873816   -0.345893   -0.753550
     5922   0.885461   -0.319189   -0.723416
     5923   0.901756   -0.294582   -0.716304
     5924   0.919251   -0.336201   -0.757902
     5925   0.878309   -0.348551   -0.777190
     5926   0.873502   -0.321800   -0.751170
     5927   0.912557   -0.304433   -0.747486
     5928   0.900754   -0.331698   -0.778239
     5929   0.877994   -0.324458   -0.774810
     5930   0.889797   -0.297192   -0.744057
     5931   0.855489   -0.306951   -0.717449
     5932   0.854864   -0.333056   -0.744704
     5933   0.824892   -0.320818   -0.738737
     5934   0.814179   -0.297087   -0.738838
     5935   0.840759   -0.322785   -0.759333
     5936   0.860446   -0.284718   -0.737692
     5937   0.859398   -0.311529   -0.765799
     5938   0.830047   -0.299054   -0.759434
     5939   0.807879   -0.354634   -0.776980
     5940   0.797451   -0.328524   -0.753166
     5941   0.835320   -0.346928   -0.762552
     5942   0.834579   -0.349887   -0.787173
     5943   0.813065   -0.333868   -0.798674
     5944   0.803094   -0.307178   -0.774153
     5945   0.840018   -0.325745   -0.783955
     5946   0.854272   -0.359765   -0.771397
     5947   0.858615   -0.338673   -0.792965
     5948   0.112352   0.922846   -0.472905
     5949   0.086395   0.903306   -0.516966
     5950   0.071335   0.934678   -0.513813
     5951   0.097292   0.954218   -0.469751
     5952   0.125696   0.961284   -0.457501
     5953   0.119968   0.896704   -0.506687
     5954   0.089670   0.960198   -0.500078
     5955   0.133311   0.935142   -0.491284
     5956   0.107914   0.915167   -0.534995
     5957   0.092677   0.947290   -0.531539
     5958   0.118074   0.967265   -0.487828
     5959   0.070904   1.001744   -0.463191
     5960   0.099730   0.984032   -0.443270
     5961   0.068466   0.971931   -0.489672
     5962   0.068202   0.996946   -0.496988
     5963   0.094148   1.020300   -0.447217
     5964   0.091446   1.015502   -0.481014
     5965   0.120114   0.997552   -0.461448
     5966   0.089406   0.985214   -0.507394
     5967   0.045477   0.977288   -0.512876
     5968   0.066564   0.990530   -0.530450
     5969   0.105456   0.861770   -0.519818
     5970   0.127157   0.872810   -0.538145
     5971   0.123256   0.817020   -0.525419
     5972   0.138342   0.773532   -0.530299
     5973   0.111272   0.762250   -0.568342
     5974   0.155771   0.806347   -0.518144
     5975   0.143050   0.749999   -0.561226
     5976   0.145161   0.827203   -0.544000
     5977   0.160479   0.782814   -0.549070
     5978   0.133800   0.771365   -0.586733
     5979   0.082589   0.660608   -0.650923
     5980   0.070989   0.703636   -0.647176
     5981   0.097484   0.710363   -0.610126
     5982   0.075927   0.683235   -0.676373
     5983   0.089463   0.732407   -0.635604
     5984   0.106238   0.668423   -0.668488
     5985   0.094401   0.712006   -0.664802
     5986   0.120565   0.718583   -0.628252
     5987   0.785176   0.673498   -0.108679
     5988   0.767152   0.710790   -0.109169
     5989   0.820227   0.693052   -0.098499
     5990   0.814903   0.665024   -0.117553
     5991   0.762865   0.683605   -0.129307
     5992   0.792591   0.675131   -0.138182
     5993   0.774897   0.714140   -0.138430
     5994   0.826471   0.695392   -0.128212
     5995   0.873215   0.675634   -0.089775
     5996   0.837922   0.655604   -0.097634
     5997   0.855520   0.713081   -0.090641
     5998   0.884775   0.706094   -0.101907
     5999   0.867196   0.647012   -0.107530
     6000   0.878756   0.677471   -0.119662
     6001   0.844177   0.656431   -0.127450
     6002   0.861050   0.716431   -0.120424
     6003   0.891249   0.733106   -0.081960
     6004   0.896171   0.737371   -0.111713
     6005   0.291622   0.349016   -0.472207
     6006   0.301613   0.309396   -0.474728
     6007   0.279828   0.307028   -0.510271
     6008   0.269837   0.346648   -0.507749
     6009   0.288218   0.370375   -0.497588
     6010   0.319645   0.333711   -0.463747
     6011   0.308337   0.292613   -0.501739
     6012   0.276243   0.329937   -0.534149
     6013   0.316240   0.355069   -0.489128
     6014   0.326368   0.316927   -0.490758
     6015   0.304752   0.315522   -0.525617
     6016   0.294624   0.353664   -0.523987
     6017   0.260788   0.385384   -0.505203
     6018   0.248018   0.344351   -0.541843
     6019   0.238969   0.383087   -0.539297
     6020   0.257909   0.406305   -0.529887
     6021   0.244663   0.366689   -0.565273
     6022   0.285339   0.391296   -0.522272
     6023   0.272888   0.352275   -0.557579
     6024   0.263603   0.389907   -0.555864
     6025   0.062897   0.063836   -1.033248
     6026   0.057468   0.013376   -1.065443
     6027   0.038636   0.065748   -1.059962
     6028   0.047840   0.096702   -1.058355
     6029   0.051511   0.044248   -1.080329
     6030   0.084899   0.073804   -1.051829
     6031   0.079036   0.022599   -1.084901
     6032   0.060715   0.075202   -1.078722
     6033   0.002216   0.068962   -1.101834
     6034   0.014768   0.094905   -1.074585
     6035   0.026084   0.039805   -1.087211
     6036   0.022503   0.044541   -1.113263
     6037   0.004115   0.102451   -1.109229
     6038   0.024402   0.078031   -1.120658
     6039   0.037187   0.104248   -1.092999
     6040   0.047930   0.048985   -1.106382
     6041   0.022933   0.011740   -1.103821
     6042   0.044541   0.020595   -1.123403
     6043   0.114685   0.100351   -0.946480
     6044   0.147083   0.093932   -0.909334
     6045   0.163235   0.047707   -0.920567
     6046   0.134562   0.126286   -0.930125
     6047   0.181875   0.073886   -0.905314
     6048   0.137040   0.111897   -0.963669
     6049   0.169354   0.106239   -0.926105
     6050   0.184996   0.060002   -0.937998
     6051   0.241845   -0.215755   -0.997401
     6052   0.224910   -0.257435   -1.028901
     6053   0.260017   -0.205201   -1.019474
     6054   0.242764   -0.248264   -1.051836
     6055   0.202673   -0.300751   -1.061373
     6056   0.220416   -0.292217   -1.084636
     6057   0.326934   -0.285467   -0.964918
     6058   0.339666   -0.327345   -0.974720
     6059   0.307816   -0.333974   -0.999358
     6060   0.357085   -0.296984   -0.968936
     6061   0.337843   -0.346909   -1.004349
     6062   0.343316   -0.274338   -0.988077
     6063   0.355262   -0.316549   -0.998565
     6064   0.323760   -0.324098   -1.023375
     6065   0.285586   -0.385341   -1.033418
     6066   0.319051   -0.378369   -1.009187
     6067   0.315524   -0.399947   -1.038483
     6068   0.301344   -0.375995   -1.057767
     6069   0.334316   -0.368487   -1.033645
     6070   0.588089   -0.448322   -0.915768
     6071   0.595893   -0.431182   -0.939714
     6072   0.643132   -0.454221   -0.903278
     6073   0.649089   -0.435250   -0.926322
     6074   0.674578   -0.432199   -0.877715
     6075   0.680775   -0.413416   -0.900870
     6076   0.530211   -0.280772   -0.826948
     6077   0.564475   -0.273644   -0.802536
     6078   0.549274   -0.316977   -0.844518
     6079   0.529705   -0.293737   -0.858984
     6080   0.543753   -0.250918   -0.816649
     6081   0.543247   -0.263883   -0.848685
     6082   0.576851   -0.255616   -0.823751
     6083   0.561302   -0.300640   -0.867247
     6084   0.515035   -0.322954   -0.866072
     6085   0.527720   -0.307619   -0.889140
     6086   0.671417   -0.526024   -0.969036
     6087   0.674159   -0.482401   -0.920275
     6088   0.703520   -0.505972   -0.942990
     6089   0.703010   -0.515890   -0.978238
     6090   0.674262   -0.503755   -0.989620
     6091   0.678206   -0.461529   -0.942072
     6092   0.706309   -0.483600   -0.963478
     6093   0.732288   -0.528980   -0.967410
     6094   0.766814   -0.509480   -0.940058
     6095   0.763889   -0.518825   -0.976156
     6096   0.734610   -0.505734   -0.986983
     6097   0.769377   -0.486367   -0.959751
     6098   0.890421   -0.286945   -0.684183
     6099   0.808319   -0.285428   -0.702025
     6100   0.843251   -0.265422   -0.668759
     6101   0.883633   -0.255994   -0.671100
     6102   0.808223   -0.250732   -0.684258
     6103   0.894968   -0.263631   -0.703221
     6104   0.814084   -0.262392   -0.721071
     6105   0.848606   -0.241305   -0.686600
     6106   0.389502   1.004287   -0.171721
     6107   0.369155   1.034901   -0.163386
     6108   0.408720   1.048292   -0.128935
     6109   0.363681   1.025168   -0.195745
     6110   0.389162   1.060066   -0.152916
     6111   0.404175   1.018994   -0.194005
     6112   0.383688   1.050333   -0.185275
     6113   0.421957   1.063578   -0.151720
     6114   0.382443   1.097197   -0.110469
     6115   0.369289   1.073941   -0.133979
     6116   0.363215   1.103605   -0.137162
     6117   0.395430   1.112723   -0.133233
     6118   0.383088   1.089731   -0.156099
     6119   0.331950   1.054318   -0.173784
     6120   0.332084   1.093358   -0.144377
     6121   0.315401   1.099076   -0.173147
     6122   0.347132   1.069925   -0.195107
     6123   0.346531   1.109323   -0.165932
     6124   0.141328   0.938760   -0.431166
     6125   0.161739   0.891558   -0.438519
     6126   0.132764   0.875645   -0.480257
     6127   0.177263   0.928876   -0.423714
     6128   0.166745   0.865847   -0.472618
     6129   0.161631   0.951400   -0.450049
     6130   0.182268   0.903164   -0.457814
     6131   0.153949   0.886907   -0.499048
     6132   0.150563   0.830895   -0.485858
     6133   0.171953   0.841300   -0.504904
     6134   0.609569   0.072182   -0.109465
     6135   0.627363   0.067047   -0.080176
     6136   0.634210   0.025154   -0.095640
     6137   0.631572   0.095096   -0.091370
     6138   0.647588   0.045308   -0.085667
     6139   0.634001   0.079736   -0.125191
     6140   0.651797   0.073357   -0.096861
     6141   0.658531   0.037645   -0.108640
     6142   0.666133   0.000267   -0.063682
     6143   0.648552   0.031619   -0.061068
     6144   0.674082   0.027587   -0.051706
     6145   0.689716   0.013856   -0.076556
     6146   0.673118   0.041277   -0.076305
     6147   0.644099   0.086174   -0.052583
     6148   0.665289   0.050746   -0.033475
     6149   0.680340   0.079032   -0.032809
     6150   0.667812   0.087954   -0.071596
     6151   0.689132   0.055874   -0.051040
     6152   0.480469   0.606414   -0.252404
     6153   0.466156   0.647406   -0.258104
     6154   0.498095   0.663080   -0.235182
     6155   0.512407   0.622088   -0.229482
     6156   0.511902   0.594064   -0.249792
     6157   0.466679   0.620875   -0.279763
     6158   0.483163   0.677364   -0.261127
     6159   0.529449   0.652193   -0.234673
     6160   0.498113   0.608525   -0.277151
     6161   0.483686   0.650832   -0.282785
     6162   0.514517   0.666477   -0.260617
     6163   0.528944   0.624169   -0.254982
     6164   0.527095   0.581141   -0.222180
     6165   0.545602   0.639229   -0.208486
     6166   0.560290   0.598282   -0.201185
     6167   0.558886   0.568921   -0.220104
     6168   0.577064   0.628327   -0.208557
     6169   0.543693   0.581844   -0.247716
     6170   0.560911   0.641291   -0.234743
     6171   0.575660   0.598966   -0.227477
     6172   0.914489   1.102472   -0.011769
     6173   0.909920   1.058391   -0.015803
     6174   0.885628   1.082780   -0.015666
     6175   0.885407   1.103912   -0.028909
     6176   0.888539   1.064672   -0.032632
     6177   0.916722   1.104973   -0.042059
     6178   0.912453   1.061338   -0.046033
     6179   0.888317   1.085804   -0.045876
     6180   0.834079   1.067807   -0.022265
     6181   0.853733   1.102427   -0.016594
     6182   0.865974   1.048160   -0.021337
     6183   0.846238   1.035310   -0.040164
     6184   0.824725   1.104090   -0.034477
     6185   0.836884   1.071593   -0.052376
     6186   0.856399   1.105575   -0.046792
     6187   0.868803   1.051822   -0.051459
     6188   0.877571   1.019162   -0.023658
     6189   0.880616   1.023426   -0.053684
     6190   -0.013862   0.642086   -0.799737
     6191   0.000333   0.598971   -0.801740
     6192   -0.035230   0.638166   -0.836257
     6193   -0.019828   0.666252   -0.825058
     6194   0.016583   0.626725   -0.790295
     6195   0.010618   0.650891   -0.815616
     6196   0.025006   0.607606   -0.817412
     6197   -0.010669   0.647244   -0.851854
     6198   -0.073087   0.678192   -0.871651
     6199   -0.051408   0.681967   -0.835111
     6200   -0.058606   0.706934   -0.860942
     6201   -0.048619   0.687541   -0.887237
     6202   -0.027026   0.691218   -0.850889
     6203   -0.032800   0.501275   -0.911572
     6204   -0.023934   0.457052   -0.921775
     6205   -0.041006   0.458392   -0.948639
     6206   -0.049871   0.502615   -0.938437
     6207   -0.035123   0.525475   -0.932587
     6208   -0.017494   0.437181   -0.953071
     6209   -0.039708   0.488271   -0.959646
     6210   -0.007877   0.509934   -0.926834
     6211   0.000886   0.465864   -0.937115
     6212   -0.016197   0.467060   -0.964077
     6213   -0.024960   0.511130   -0.953796
     6214   -0.077816   0.525456   -0.971453
     6215   -0.062553   0.536731   -0.941008
     6216   -0.065135   0.491341   -0.968881
     6217   -0.065698   0.502784   -0.993632
     6218   -0.065008   0.556598   -0.964632
     6219   -0.052889   0.533925   -0.986811
     6220   -0.037578   0.545342   -0.956210
     6221   -0.040271   0.499713   -0.984397
     6222   -0.052822   0.438114   -0.978597
     6223   -0.076951   0.471062   -0.998839
     6224   -0.063464   0.447962   -1.019621
     6225   -0.028137   0.447030   -0.994094
     6226   -0.052211   0.479684   -1.014414
     6227   0.046221   0.114694   -1.024538
     6228   0.080936   0.108929   -0.985534
     6229   0.067115   0.142693   -1.008655
     6230   0.068734   0.124701   -1.042473
     6231   0.103342   0.119727   -1.003146
     6232   0.131981   0.137871   -0.896002
     6233   0.163591   0.129247   -0.859106
     6234   0.178693   0.085308   -0.872438
     6235   0.152158   0.161652   -0.878066
     6236   0.197663   0.109746   -0.855947
     6237   0.154740   0.150066   -0.912189
     6238   0.186230   0.142151   -0.874907
     6239   0.200845   0.098325   -0.888823
     6240   0.225406   0.037946   -0.849223
     6241   0.255141   0.034626   -0.814369
     6242   0.272114   -0.004836   -0.826935
     6243   0.242839   0.062977   -0.833217
     6244   0.288794   0.020962   -0.811555
     6245   0.246893   0.051813   -0.865792
     6246   0.276492   0.049313   -0.830404
     6247   0.292893   0.009874   -0.843674
     6248   0.251289   -0.170788   -0.965228
     6249   0.269872   -0.159001   -0.986310
     6250   0.514228   -0.081796   -0.612093
     6251   0.494241   -0.081846   -0.639599
     6252   0.476885   -0.059587   -0.626619
     6253   0.496872   -0.059537   -0.599114
     6254   0.522516   -0.057633   -0.596600
     6255   0.522892   -0.084229   -0.640578
     6256   0.482817   -0.058386   -0.652307
     6257   0.488949   -0.039958   -0.614001
     6258   0.531180   -0.060066   -0.625085
     6259   0.511469   -0.060768   -0.653287
     6260   0.494881   -0.038757   -0.639689
     6261   0.514593   -0.038054   -0.611488
     6262   0.477771   -0.025821   -0.568214
     6263   0.508580   -0.053301   -0.569634
     6264   0.466063   -0.032057   -0.597694
     6265   0.461921   -0.003484   -0.593630
     6266   0.512373   -0.027122   -0.554370
     6267   0.496522   -0.004786   -0.579785
     6268   0.526309   -0.031454   -0.581336
     6269   0.484806   -0.011386   -0.609937
     6270   0.454275   -0.052299   -0.647454
     6271   0.443453   -0.024769   -0.618529
     6272   0.444128   -0.026105   -0.656229
     6273   0.472670   -0.032191   -0.661082
     6274   0.462595   -0.004820   -0.631330
     6275   0.498657   -0.287416   -0.852378
     6276   0.482989   -0.330504   -0.889750
     6277   0.466611   -0.294966   -0.876056
     6278   0.481193   -0.265310   -0.868012
     6279   0.466143   -0.309875   -0.906710
     6280   0.512242   -0.271630   -0.874619
     6281   0.496203   -0.316207   -0.913188
     6282   0.480725   -0.280218   -0.898667
     6283   0.450387   -0.258048   -0.862966
     6284   0.435540   -0.302154   -0.901199
     6285   0.419316   -0.265235   -0.888109
     6286   0.434504   -0.235512   -0.879656
     6287   0.419466   -0.280733   -0.918705
     6288   0.465310   -0.242774   -0.884703
     6289   0.450068   -0.288454   -0.924217
     6290   0.434654   -0.251010   -0.910252
     6291   0.283397   0.389853   -0.472974
     6292   0.315285   0.354064   -0.438692
     6293   0.307658   0.394815   -0.490698
     6294   0.339466   0.359025   -0.456501
     6295   0.324110   0.311953   -0.438074
     6296   0.348697   0.318381   -0.454900
     6297   0.409007   0.855628   -0.239795
     6298   0.377928   0.838930   -0.270481
     6299   0.358883   0.876092   -0.267335
     6300   0.389962   0.892790   -0.236650
     6301   0.421343   0.887952   -0.236821
     6302   0.413030   0.833561   -0.266330
     6303   0.360133   0.853906   -0.297792
     6304   0.375027   0.909135   -0.259405
     6305   0.425367   0.865884   -0.263356
     6306   0.395235   0.848537   -0.293642
     6307   0.376276   0.886949   -0.289863
     6308   0.406408   0.904297   -0.259577
     6309   0.416292   0.908901   -0.209346
     6310   0.367687   0.928661   -0.232609
     6311   0.394017   0.944772   -0.205306
     6312   0.376898   0.960756   -0.228092
     6313   0.431820   0.920942   -0.232628
     6314   0.384238   0.941231   -0.254888
     6315   0.409650   0.957876   -0.227939
     6316   0.285909   1.087540   -0.183531
     6317   0.327185   1.007740   -0.213780
     6318   0.281144   1.040962   -0.223528
     6319   0.272285   1.091957   -0.214459
     6320   0.306714   1.005210   -0.253014
     6321   0.301777   1.103494   -0.204074
     6322   0.343210   1.022638   -0.234979
     6323   0.297855   1.056206   -0.243946
     6324   0.193276   0.905085   -0.398821
     6325   0.211363   0.856531   -0.407480
     6326   0.179827   0.843004   -0.447179
     6327   0.229186   0.893098   -0.393761
     6328   0.213764   0.830648   -0.441328
     6329   0.213173   0.916888   -0.418655
     6330   0.231587   0.867214   -0.427609
     6331   0.200682   0.853491   -0.466767
     6332   0.195848   0.796047   -0.453768
     6333   0.166585   0.783937   -0.492447
     6334   0.199145   0.770864   -0.485949
     6335   0.217061   0.805465   -0.473509
     6336   0.188331   0.793274   -0.511645
     6337   0.614483   0.312534   -0.129601
     6338   0.569868   0.309044   -0.162223
     6339   0.569868   0.344223   -0.170760
     6340   0.614484   0.347713   -0.138139
     6341   0.641511   0.333299   -0.134855
     6342   0.604939   0.285682   -0.148522
     6343   0.553895   0.327847   -0.199211
     6344   0.604266   0.356085   -0.166109
     6345   0.631966   0.306448   -0.153776
     6346   0.588966   0.304485   -0.185509
     6347   0.588292   0.339709   -0.194559
     6348   0.631292   0.341671   -0.162825
     6349   0.635195   0.401222   -0.137657
     6350   0.646169   0.364810   -0.121886
     6351   0.603510   0.384125   -0.153909
     6352   0.619465   0.407022   -0.166665
     6353   0.666338   0.389792   -0.134309
     6354   0.650608   0.395591   -0.163317
     6355   0.661680   0.358282   -0.147278
     6356   0.620221   0.378981   -0.178865
     6357   0.552671   0.373319   -0.188336
     6358   0.586312   0.413221   -0.171485
     6359   0.570075   0.415279   -0.201296
     6360   0.571299   0.369808   -0.212170
     6361   0.603228   0.409080   -0.196476
     6362   0.625327   0.180065   -0.085522
     6363   0.622564   0.225380   -0.100665
     6364   0.657156   0.189302   -0.061500
     6365   0.654034   0.159453   -0.075087
     6366   0.617162   0.196087   -0.117996
     6367   0.645869   0.175475   -0.107561
     6368   0.641889   0.219905   -0.123496
     6369   0.676134   0.182693   -0.084307
     6370   0.697553   0.164711   -0.020788
     6371   0.665559   0.149111   -0.041233
     6372   0.697444   0.133346   -0.029401
     6373   0.716288   0.157483   -0.043603
     6374   0.685919   0.143688   -0.063255
     6375   0.760434   0.332828   -0.051792
     6376   0.698616   0.339415   -0.084423
     6377   0.741149   0.367158   -0.073256
     6378   0.776178   0.356411   -0.071494
     6379   0.718386   0.369427   -0.101593
     6380   0.773013   0.323553   -0.077940
     6381   0.712481   0.331122   -0.110236
     6382   0.753415   0.358680   -0.099831
     6383   0.527348   0.773406   -0.195653
     6384   0.508206   0.811403   -0.193943
     6385   0.540165   0.827503   -0.171822
     6386   0.559307   0.789506   -0.173532
     6387   0.559338   0.765532   -0.197950
     6388   0.509768   0.788259   -0.219277
     6389   0.521162   0.843067   -0.193994
     6390   0.572648   0.821018   -0.175421
     6391   0.541758   0.780385   -0.221574
     6392   0.522725   0.819922   -0.219328
     6393   0.553646   0.836581   -0.197593
     6394   0.572679   0.797044   -0.199839
     6395   0.577651   0.751483   -0.174479
     6396   0.592105   0.806191   -0.153445
     6397   0.610449   0.768167   -0.154391
     6398   0.609196   0.743381   -0.177798
     6399   0.623830   0.799461   -0.158154
     6400   0.590883   0.757430   -0.201270
     6401   0.604373   0.814288   -0.180130
     6402   0.622577   0.774674   -0.181561
     6403   0.644117   0.785743   -0.136848
     6404   0.625329   0.822688   -0.132765
     6405   0.658999   0.839958   -0.114884
     6406   0.677787   0.803012   -0.118966
     6407   0.675324   0.779084   -0.143091
     6408   0.637878   0.854417   -0.134459
     6409   0.689899   0.834414   -0.122750
     6410   0.655038   0.792802   -0.164397
     6411   0.636379   0.831190   -0.159848
     6412   0.668777   0.848874   -0.142325
     6413   0.687436   0.810486   -0.146875
     6414   0.696410   0.766400   -0.122206
     6415   0.711689   0.821137   -0.103498
     6416   0.705921   0.772409   -0.150518
     6417   0.720138   0.829042   -0.131683
     6418   0.863478   0.955822   -0.036245
     6419   0.839016   0.998777   -0.031458
     6420   0.902033   0.976206   -0.028445
     6421   0.895534   0.950360   -0.049531
     6422   0.834995   0.967456   -0.052592
     6423   0.867051   0.961995   -0.065878
     6424   0.842217   1.003989   -0.061298
     6425   0.905450   0.981432   -0.058264
     6426   0.962119   0.958207   -0.024052
     6427   0.923629   0.938508   -0.032453
     6428   0.955506   0.932778   -0.044993
     6429   0.965684   0.963420   -0.053853
     6430   0.927412   0.944630   -0.062071
     6431   0.230855   0.421424   -0.536033
     6432   0.216956   0.381241   -0.572205
     6433   0.208842   0.419578   -0.568942
     6434   0.228197   0.442481   -0.559460
     6435   0.214017   0.403385   -0.595194
     6436   0.255251   0.427362   -0.553314
     6437   0.241725   0.388833   -0.588262
     6438   0.233373   0.426288   -0.585713
     6439   0.022021   0.603298   -0.765174
     6440   0.035229   0.560613   -0.767394
     6441   0.051972   0.588194   -0.756139
     6442   0.046535   0.611622   -0.781260
     6443   0.059885   0.568970   -0.783239
     6444   0.145314   0.414764   -0.669540
     6445   0.155607   0.380326   -0.672534
     6446   0.172854   0.402080   -0.662140
     6447   0.170225   0.423148   -0.684972
     6448   0.180509   0.389262   -0.687660
     6449   0.089594   0.335381   -0.812533
     6450   0.064409   0.336538   -0.853230
     6451   0.048998   0.384282   -0.846441
     6452   0.096300   0.314847   -0.847175
     6453   0.056995   0.368543   -0.874228
     6454   0.114155   0.345660   -0.827361
     6455   0.088887   0.346852   -0.868173
     6456   0.073674   0.393891   -0.861531
     6457   0.027456   0.382410   -0.882878
     6458   0.013575   0.422693   -0.880684
     6459   0.022576   0.405925   -0.906622
     6460   0.052115   0.392057   -0.897972
     6461   0.038358   0.431825   -0.895894
     6462   -0.072838   0.415446   -1.023289
     6463   -0.021108   0.393576   -0.955280
     6464   -0.041125   0.370908   -0.999972
     6465   -0.057705   0.391889   -1.042709
     6466   -0.000162   0.359189   -0.973003
     6467   -0.048331   0.424405   -1.039041
     6468   0.003452   0.402795   -0.970794
     6469   -0.016742   0.380170   -1.015741
     6470   0.065520   0.158071   -0.973824
     6471   0.099269   0.149493   -0.934770
     6472   0.086839   0.184188   -0.955970
     6473   0.088434   0.168810   -0.990801
     6474   0.122132   0.160981   -0.951325
     6475   0.149277   -0.091576   -1.018925
     6476   0.125078   -0.124681   -1.057590
     6477   0.169466   -0.081541   -1.039426
     6478   0.145027   -0.115509   -1.078724
     6479   0.099698   -0.153335   -1.092835
     6480   0.119531   -0.144520   -1.114231
     6481   0.238409   0.072280   -0.800845
     6482   0.267037   0.067674   -0.765576
     6483   0.283769   0.030020   -0.779100
     6484   0.255879   0.096062   -0.783948
     6485   0.299973   0.054481   -0.762155
     6486   0.260308   0.086759   -0.816320
     6487   0.288815   0.082869   -0.780528
     6488   0.304999   0.045423   -0.794611
     6489   0.362127   0.191443   -0.452205
     6490   0.382845   0.191478   -0.412062
     6491   0.399632   0.152172   -0.420311
     6492   0.378914   0.152137   -0.460454
     6493   0.371504   0.178474   -0.482067
     6494   0.377191   0.216684   -0.435691
     6495   0.413155   0.177778   -0.402145
     6496   0.410189   0.140332   -0.450982
     6497   0.386568   0.203715   -0.465553
     6498   0.407502   0.202984   -0.425773
     6499   0.423712   0.165938   -0.432815
     6500   0.402779   0.166669   -0.472595
     6501   0.358186   0.153535   -0.500758
     6502   0.398516   0.114817   -0.471259
     6503   0.377789   0.116215   -0.511563
     6504   0.368540   0.143369   -0.531657
     6505   0.409894   0.105641   -0.502906
     6506   0.381858   0.168308   -0.512966
     6507   0.421566   0.131157   -0.482629
     6508   0.400645   0.132795   -0.523000
     6509   0.357362   -0.195086   -0.889856
     6510   0.373156   -0.233749   -0.901569
     6511   0.343300   -0.239017   -0.928999
     6512   0.388793   -0.204371   -0.892621
     6513   0.374039   -0.249448   -0.932146
     6514   0.374579   -0.180873   -0.910598
     6515   0.389676   -0.220069   -0.923198
     6516   0.360126   -0.226342   -0.951020
     6517   0.357524   -0.279286   -0.939114
     6518   0.373600   -0.267146   -0.961968
     6519   0.537408   -0.107082   -0.626820
     6520   0.559604   -0.134129   -0.643860
     6521   0.512966   -0.109355   -0.656682
     6522   0.567827   -0.107833   -0.626732
     6523   0.553311   -0.084980   -0.640489
     6524   0.574448   -0.111811   -0.658339
     6525   0.529300   -0.088151   -0.671231
     6526   0.470307   -0.082114   -0.668178
     6527   0.487906   -0.061906   -0.682670
     6528   0.551502   -0.200974   -0.738768
     6529   0.523044   -0.205750   -0.767208
     6530   0.501687   -0.174221   -0.749104
     6531   0.555004   -0.209455   -0.771917
     6532   0.505356   -0.182904   -0.781425
     6533   0.565226   -0.180753   -0.756941
     6534   0.537316   -0.186609   -0.786134
     6535   0.516934   -0.154823   -0.766968
     6536   0.474011   -0.177561   -0.777785
     6537   0.454450   -0.145117   -0.760409
     6538   0.458354   -0.153820   -0.792688
     6539   0.489698   -0.159164   -0.796328
     6540   0.471060   -0.126624   -0.778023
     6541   0.769604   -0.255507   -0.680518
     6542   0.771458   -0.299350   -0.731960
     6543   0.732743   -0.269429   -0.710453
     6544   0.738105   -0.236627   -0.694595
     6545   0.735447   -0.279797   -0.745248
     6546   0.776725   -0.231853   -0.698335
     6547   0.778169   -0.277534   -0.752125
     6548   0.740809   -0.246995   -0.729389
     6549   0.701176   -0.239271   -0.690296
     6550   0.697578   -0.279994   -0.739941
     6551   0.666012   -0.249836   -0.719784
     6552   0.673585   -0.218975   -0.703727
     6553   0.668652   -0.259015   -0.754616
     6554   0.710513   -0.216331   -0.708026
     6555   0.706522   -0.258818   -0.759923
     6556   0.676225   -0.228153   -0.738560
     6557   0.802044   -0.396708   -0.816701
     6558   0.831753   -0.379891   -0.794667
     6559   0.833346   -0.389049   -0.823952
     6560   0.806729   -0.376306   -0.838846
     6561   0.836172   -0.359045   -0.816458
     6562   0.858000   -0.398209   -0.807264
     6563   0.880519   -0.378082   -0.783995
     6564   0.886716   -0.386479   -0.812397
     6565   0.862063   -0.377319   -0.829084
     6566   0.884506   -0.356947   -0.805592
     6567   0.743746   -0.164011   -0.528127
     6568   0.713025   -0.146157   -0.508776
     6569   0.734012   -0.142737   -0.478100
     6570   0.764732   -0.160591   -0.497451
     6571   0.775135   -0.157641   -0.527939
     6572   0.721380   -0.143284   -0.538899
     6573   0.715157   -0.122191   -0.488532
     6574   0.762787   -0.135834   -0.476382
     6575   0.752770   -0.136914   -0.538711
     6576   0.723513   -0.119317   -0.518654
     6577   0.743932   -0.115287   -0.486813
     6578   0.773190   -0.132884   -0.506870
     6579   0.819210   -0.170268   -0.485051
     6580   0.799674   -0.175869   -0.517526
     6581   0.784268   -0.154990   -0.464976
     6582   0.814136   -0.146060   -0.461906
     6583   0.831597   -0.166373   -0.517387
     6584   0.826523   -0.142165   -0.494243
     6585   0.807058   -0.148146   -0.527801
     6586   0.792654   -0.126903   -0.473312
     6587   0.559831   1.020490   -0.074543
     6588   0.523534   1.005084   -0.096678
     6589   0.540183   1.051453   -0.066147
     6590   0.571318   1.051663   -0.072791
     6591   0.557194   1.001489   -0.102758
     6592   0.568681   1.032662   -0.101006
     6593   0.534298   1.018353   -0.121897
     6594   0.548778   1.063875   -0.092580
     6595   0.550301   1.101850   -0.041423
     6596   0.573812   1.073966   -0.047457
     6597   0.583175   1.107185   -0.049716
     6598   0.557543   1.113416   -0.068608
     6599   0.580680   1.084882   -0.075051
     6600   0.467819   0.887006   -0.187513
     6601   0.438272   0.871407   -0.213800
     6602   0.470731   0.865681   -0.214658
     6603   0.482441   0.898284   -0.211742
     6604   0.453803   0.882226   -0.237679
     6605   0.395478   0.752636   -0.287567
     6606   0.370943   0.743651   -0.310049
     6607   0.360271   0.776704   -0.307259
     6608   0.384806   0.785689   -0.284777
     6609   0.410101   0.780500   -0.287263
     6610   0.398863   0.731888   -0.311397
     6611   0.361700   0.762449   -0.331728
     6612   0.377391   0.798926   -0.305619
     6613   0.413486   0.759751   -0.311093
     6614   0.389620   0.750685   -0.333077
     6615   0.378820   0.784671   -0.330089
     6616   0.402686   0.793737   -0.308105
     6617   0.402992   0.802771   -0.264947
     6618   0.359742   0.821848   -0.290310
     6619   0.420139   0.811290   -0.288646
     6620   0.377782   0.830984   -0.313101
     6621   0.334646   0.779817   -0.327605
     6622   0.334116   0.824961   -0.310656
     6623   0.326594   0.805420   -0.345831
     6624   0.353649   0.788052   -0.349955
     6625   0.352611   0.834365   -0.332968
     6626   0.245203   0.867737   -0.369138
     6627   0.260432   0.817840   -0.378247
     6628   0.226593   0.806634   -0.416589
     6629   0.280743   0.853191   -0.365260
     6630   0.260022   0.792078   -0.412215
     6631   0.264726   0.878552   -0.389883
     6632   0.280332   0.827430   -0.399229
     6633   0.247193   0.816092   -0.436954
     6634   0.240721   0.758220   -0.423312
     6635   0.209977   0.747632   -0.460491
     6636   0.242362   0.732741   -0.454894
     6637   0.261663   0.766600   -0.443797
     6638   0.231531   0.755973   -0.480352
     6639   0.045474   0.785935   -0.639505
     6640   0.019945   0.779127   -0.677160
     6641   0.007037   0.816992   -0.672697
     6642   0.051123   0.766964   -0.669129
     6643   0.012013   0.800922   -0.702388
     6644   0.068511   0.795580   -0.656971
     6645   0.043190   0.788759   -0.694357
     6646   0.030031   0.827370   -0.689797
     6647   -0.032122   0.849973   -0.704819
     6648   -0.019655   0.813577   -0.710757
     6649   -0.028101   0.836436   -0.736027
     6650   -0.009163   0.860729   -0.721731
     6651   0.003567   0.823781   -0.727658
     6652   0.045397   0.697458   -0.684737
     6653   0.033101   0.739048   -0.681110
     6654   0.058693   0.745225   -0.643549
     6655   0.038579   0.720155   -0.710272
     6656   0.069108   0.705932   -0.701909
     6657   0.056601   0.748072   -0.698291
     6658   0.081893   0.754146   -0.661185
     6659   0.558682   0.208955   -0.157908
     6660   0.589222   0.215873   -0.126900
     6661   0.593083   0.170400   -0.117830
     6662   0.562543   0.163483   -0.148838
     6663   0.557365   0.184707   -0.178857
     6664   0.582021   0.231948   -0.157827
     6665   0.591109   0.143497   -0.138319
     6666   0.580705   0.207699   -0.178775
     6667   0.609961   0.212163   -0.148923
     6668   0.615188   0.169184   -0.138485
     6669   0.585932   0.164721   -0.168337
     6670   0.535949   0.160241   -0.187047
     6671   0.570151   0.117980   -0.149411
     6672   0.559954   0.164270   -0.205004
     6673   0.594337   0.123556   -0.166516
     6674   0.677989   0.107496   -0.020699
     6675   0.631669   0.127789   -0.073118
     6676   0.699794   0.104882   -0.041511
     6677   0.653937   0.126760   -0.093339
     6678   0.685513   0.383221   -0.104839
     6679   0.659273   0.321004   -0.101470
     6680   0.699211   0.375998   -0.131062
     6681   0.674950   0.313405   -0.126452
     6682   0.616971   0.270534   -0.115557
     6683   0.635259   0.264344   -0.139130
     6684   0.748880   0.558586   -0.115639
     6685   0.731785   0.596664   -0.123427
     6686   0.767405   0.616216   -0.113924
     6687   0.784500   0.578138   -0.106136
     6688   0.779541   0.547396   -0.120657
     6689   0.727551   0.566639   -0.139446
     6690   0.745687   0.625320   -0.136254
     6691   0.797443   0.606263   -0.120886
     6692   0.758213   0.555449   -0.144464
     6693   0.741453   0.595294   -0.152274
     6694   0.775724   0.615366   -0.143216
     6695   0.792484   0.575520   -0.135406
     6696   0.837662   0.559600   -0.091347
     6697   0.802033   0.539951   -0.097734
     6698   0.820129   0.597788   -0.099749
     6699   0.849877   0.587579   -0.108209
     6700   0.832549   0.528386   -0.103920
     6701   0.844763   0.556364   -0.120782
     6702   0.810057   0.535831   -0.126843
     6703   0.827190   0.596054   -0.129345
     6704   0.680275   0.710655   -0.137397
     6705   0.662251   0.748056   -0.137394
     6706   0.714434   0.728999   -0.122209
     6707   0.711165   0.702655   -0.143452
     6708   0.659898   0.722490   -0.159678
     6709   0.690788   0.714489   -0.165732
     6710   0.672971   0.753517   -0.165374
     6711   0.723738   0.733381   -0.150876
     6712   0.732516   0.691767   -0.121892
     6713   0.741514   0.694493   -0.150868
     6714   0.726564   0.874641   -0.082961
     6715   0.692903   0.856679   -0.097836
     6716   0.704393   0.887920   -0.100774
     6717   0.733890   0.883753   -0.111099
     6718   0.701389   0.865656   -0.125688
     6719   0.640566   0.876515   -0.108199
     6720   0.674469   0.893236   -0.091151
     6721   0.653047   0.908530   -0.109033
     6722   0.650359   0.886432   -0.135292
     6723   0.682970   0.903214   -0.118656
     6724   0.769991   0.945568   -0.050984
     6725   0.803832   0.968230   -0.040393
     6726   0.826946   0.935000   -0.045534
     6727   0.776298   0.975609   -0.057725
     6728   0.774583   0.953402   -0.080053
     6729   0.807462   0.974836   -0.069924
     6730   0.830931   0.942020   -0.074910
     6731   0.885792   0.918768   -0.042310
     6732   0.889639   0.925484   -0.071784
     6733   0.405328   0.193485   -0.372643
     6734   0.369946   0.233101   -0.407040
     6735   0.430054   0.203610   -0.387115
     6736   0.394691   0.242082   -0.422257
     6737   0.347236   0.230617   -0.445098
     6738   0.335267   0.271623   -0.441207
     6739   0.342046   0.254859   -0.468963
     6740   0.372002   0.240926   -0.459556
     6741   0.359941   0.279859   -0.456984
     6742   0.201306   0.458774   -0.564656
     6743   0.186519   0.418197   -0.601840
     6744   0.178983   0.457394   -0.597554
     6745   0.198709   0.481083   -0.587249
     6746   0.183761   0.440404   -0.624680
     6747   0.225600   0.464789   -0.582053
     6748   0.211259   0.425591   -0.618034
     6749   0.203487   0.464093   -0.614375
     6750   0.057151   0.565335   -0.731062
     6751   0.069839   0.523142   -0.733152
     6752   0.086834   0.550435   -0.722270
     6753   0.081655   0.573294   -0.747347
     6754   0.094501   0.531240   -0.749119
     6755   0.175328   0.379940   -0.639963
     6756   0.185059   0.344964   -0.644841
     6757   0.202722   0.366455   -0.633051
     6758   0.200249   0.388595   -0.655228
     6759   0.209927   0.354376   -0.659728
     6760   -0.045698   0.544035   -0.908096
     6761   -0.020781   0.552822   -0.923292
     6762   0.150043   0.263761   -0.765721
     6763   0.130383   0.272947   -0.791504
     6764   0.122638   0.303593   -0.779876
     6765   0.154938   0.259471   -0.793834
     6766   0.130007   0.298017   -0.803658
     6767   0.174189   0.275633   -0.780040
     6768   0.154562   0.284541   -0.805988
     6769   0.147070   0.314622   -0.794383
     6770   0.100978   0.300951   -0.818072
     6771   0.125329   0.311914   -0.832761
     6772   0.131400   0.246858   -0.810503
     6773   0.101995   0.274862   -0.837071
     6774   0.131786   0.246144   -0.841835
     6775   0.155324   0.258757   -0.825166
     6776   0.126091   0.286130   -0.851940
     6777   0.084990   0.197359   -0.919846
     6778   0.117702   0.185738   -0.881078
     6779   0.106485   0.221820   -0.899733
     6780   0.108333   0.208649   -0.935857
     6781   0.140941   0.197734   -0.896721
     6782   0.150121   0.169706   -0.844330
     6783   0.180531   0.159136   -0.808388
     6784   0.194001   0.118676   -0.823164
     6785   0.171189   0.190405   -0.825928
     6786   0.212878   0.141156   -0.805778
     6787   0.173226   0.182350   -0.859664
     6788   0.203536   0.172425   -0.823318
     6789   0.216540   0.132226   -0.838562
     6790   0.165310   -0.040751   -0.976503
     6791   0.186071   -0.029658   -0.995860
     6792   0.250635   0.104116   -0.751953
     6793   0.277831   0.098905   -0.716170
     6794   0.294234   0.062463   -0.729792
     6795   0.267706   0.127059   -0.734416
     6796   0.310167   0.086306   -0.711830
     6797   0.272950   0.119006   -0.766411
     6798   0.300042   0.114460   -0.730076
     6799   0.315907   0.078324   -0.744193
     6800   0.263752   -0.125035   -0.926632
     6801   0.282819   -0.112286   -0.946695
     6802   0.355748   0.118534   -0.551660
     6803   0.399152   0.080190   -0.524716
     6804   0.377112   0.082508   -0.564814
     6805   0.365735   0.110097   -0.583526
     6806   0.410411   0.072626   -0.557684
     6807   0.378527   0.134932   -0.563522
     6808   0.421152   0.098078   -0.535874
     6809   0.399034   0.100215   -0.576396
     6810   0.384053   -0.014269   -0.690053
     6811   0.411756   -0.017537   -0.656754
     6812   0.429221   -0.049801   -0.675417
     6813   0.401518   -0.046534   -0.708716
     6814   0.389061   -0.020439   -0.723511
     6815   0.398938   0.010017   -0.670896
     6816   0.433095   -0.054277   -0.708961
     6817   0.403946   0.003848   -0.704353
     6818   0.431310   0.001449   -0.670371
     6819   0.448002   -0.030580   -0.689773
     6820   0.420638   -0.028182   -0.723756
     6821   0.374476   -0.045680   -0.740691
     6822   0.418954   -0.079819   -0.725595
     6823   0.391912   -0.078964   -0.757570
     6824   0.379310   -0.053479   -0.773585
     6825   0.423209   -0.086995   -0.758119
     6826   0.393895   -0.028238   -0.756405
     6827   0.437350   -0.061453   -0.741485
     6828   0.410607   -0.061509   -0.774134
     6829   0.555614   -0.077198   -0.547379
     6830   0.536243   -0.079743   -0.581330
     6831   0.527952   -0.050756   -0.535683
     6832   0.561019   -0.051903   -0.527787
     6833   0.566556   -0.079351   -0.578172
     6834   0.571962   -0.054056   -0.558580
     6835   0.552830   -0.057242   -0.593443
     6836   0.545440   -0.028269   -0.546474
     6837   0.521130   -0.020414   -0.481893
     6838   0.549297   -0.049530   -0.495365
     6839   0.499785   -0.021640   -0.522211
     6840   0.505892   0.005433   -0.500673
     6841   0.554922   -0.024131   -0.472803
     6842   0.539684   0.001716   -0.491583
     6843   0.566645   -0.026504   -0.505224
     6844   0.518480   -0.000049   -0.532832
     6845   0.449812   0.006118   -0.556636
     6846   0.471825   0.010299   -0.510632
     6847   0.457568   0.035827   -0.531017
     6848   0.469677   0.026225   -0.568011
     6849   0.491635   0.030961   -0.521058
     6850   0.445252   -0.079616   -0.696141
     6851   0.463238   -0.060295   -0.711361
     6852   0.436421   -0.111682   -0.743551
     6853   0.453945   -0.093234   -0.760311
     6854   0.512286   -0.245448   -0.811201
     6855   0.480732   -0.252092   -0.836631
     6856   0.494735   -0.222511   -0.826481
     6857   0.526202   -0.227981   -0.831929
     6858   0.495197   -0.235728   -0.857862
     6859   0.463368   -0.216330   -0.821779
     6860   0.433023   -0.222286   -0.848114
     6861   0.447288   -0.193249   -0.837304
     6862   0.478656   -0.199430   -0.842006
     6863   0.448769   -0.206475   -0.868847
     6864   0.403580   -0.227315   -0.875524
     6865   0.388892   -0.271669   -0.914154
     6866   0.419717   -0.212567   -0.896753
     6867   0.404614   -0.258512   -0.936698
     6868   0.403728   -0.310987   -0.925444
     6869   0.372361   -0.318604   -0.950404
     6870   0.402891   -0.328509   -0.955508
     6871   0.418629   -0.298256   -0.948769
     6872   0.387615   -0.306890   -0.974040
     6873   0.633184   -0.257717   -0.748594
     6874   0.657587   -0.292462   -0.768561
     6875   0.597261   -0.266755   -0.775713
     6876   0.608675   -0.235951   -0.762294
     6877   0.644144   -0.237249   -0.768316
     6878   0.667393   -0.272534   -0.789395
     6879   0.608987   -0.247538   -0.796219
     6880   0.542698   -0.239495   -0.784255
     6881   0.575484   -0.232606   -0.757432
     6882   0.556059   -0.220878   -0.804312
     6883   0.588196   -0.212800   -0.776780
     6884   0.803415   -0.442941   -0.860148
     6885   0.833565   -0.421764   -0.834542
     6886   0.837649   -0.433248   -0.866646
     6887   0.807160   -0.421584   -0.881563
     6888   0.837430   -0.400533   -0.856055
     6889   0.866137   -0.441654   -0.848506
     6890   0.890571   -0.418098   -0.821228
     6891   0.898260   -0.428302   -0.851400
     6892   0.869772   -0.419896   -0.869540
     6893   0.894405   -0.396683   -0.842569
     6894   0.926459   -0.368564   -0.766548
     6895   0.910172   -0.393593   -0.793690
     6896   0.937605   -0.379684   -0.796692
     6897   0.930397   -0.347321   -0.788046
     6898   0.914150   -0.372570   -0.815399
     6899   0.800891   -0.151153   -0.430340
     6900   0.750992   -0.140663   -0.448241
     6901   0.767614   -0.136827   -0.413605
     6902   0.796190   -0.127942   -0.406096
     6903   0.748762   -0.117607   -0.427774
     6904   0.809435   -0.122849   -0.437662
     6905   0.760556   -0.112777   -0.455915
     6906   0.777337   -0.108722   -0.420265
     6907   0.782111   -0.134234   -0.375078
     6908   0.731654   -0.121810   -0.401845
     6909   0.746152   -0.119217   -0.363317
     6910   0.778056   -0.112346   -0.349839
     6911   0.725542   -0.098314   -0.382234
     6912   0.792135   -0.106054   -0.380857
     6913   0.742649   -0.094111   -0.408163
     6914   0.757446   -0.091442   -0.368756
     6915   0.253008   0.424408   -0.505176
     6916   0.277174   0.429628   -0.522977
     6917   0.545004   0.969337   -0.105804
     6918   0.509619   0.954506   -0.130070
     6919   0.543667   0.949819   -0.134362
     6920   0.555858   0.981971   -0.131316
     6921   0.521964   0.967472   -0.154716
     6922   0.458440   0.833854   -0.216246
     6923   0.429175   0.818075   -0.242241
     6924   0.461654   0.811465   -0.242295
     6925   0.473945   0.843292   -0.240708
     6926   0.445509   0.826950   -0.266385
     6927   0.362441   0.985837   -0.200981
     6928   0.378138   1.000086   -0.222856
     6929   0.172317   0.955162   -0.387178
     6930   0.125579   0.973184   -0.423745
     6931   0.156569   0.989586   -0.379756
     6932   0.186999   0.994505   -0.369940
     6933   0.145537   0.998575   -0.408524
     6934   0.191944   0.968219   -0.406476
     6935   0.145654   0.986675   -0.442281
     6936   0.175967   1.003494   -0.398708
     6937   0.131591   1.041119   -0.365330
     6938   0.162918   1.018513   -0.350835
     6939   0.125241   1.012191   -0.394250
     6940   0.124500   1.039930   -0.398610
     6941   0.157840   1.056869   -0.350753
     6942   0.150749   1.055679   -0.384033
     6943   0.181921   1.032860   -0.369857
     6944   0.144795   1.026313   -0.412883
     6945   0.099392   1.023039   -0.413776
     6946   0.119255   1.037190   -0.432051
     6947   0.294055   0.824520   -0.344739
     6948   0.305223   0.774116   -0.355242
     6949   0.271600   0.767436   -0.388749
     6950   0.303492   0.751144   -0.386407
     6951   0.313282   0.834091   -0.366352
     6952   0.324863   0.782448   -0.376996
     6953   0.291914   0.775786   -0.409872
     6954   0.283902   0.718901   -0.394984
     6955   0.253023   0.709685   -0.429546
     6956   0.284978   0.693923   -0.424741
     6957   0.304568   0.726166   -0.416163
     6958   0.274317   0.716979   -0.450088
     6959   0.180388   0.737815   -0.497380
     6960   0.152145   0.727410   -0.535232
     6961   0.183707   0.713056   -0.528112
     6962   0.202463   0.746105   -0.516681
     6963   0.174611   0.735645   -0.554106
     6964   0.084313   0.753489   -0.605722
     6965   0.107173   0.762535   -0.623732
     6966   0.007474   0.734150   -0.719003
     6967   -0.005682   0.774229   -0.715053
     6968   0.000076   0.757305   -0.744554
     6969   0.031181   0.743311   -0.735823
     6970   0.017771   0.783998   -0.731888
     6971   0.475832   0.247938   -0.251477
     6972   0.503782   0.249132   -0.217438
     6973   0.504484   0.201430   -0.220583
     6974   0.502619   0.273344   -0.242477
     6975   0.527554   0.224730   -0.212837
     6976   0.499179   0.249808   -0.270777
     6977   0.526391   0.248942   -0.237876
     6978   0.528118   0.204259   -0.239341
     6979   0.530958   0.204499   -0.185854
     6980   0.553962   0.204938   -0.205839
     6981   0.599425   0.118124   -0.105426
     6982   0.623257   0.120469   -0.124263
     6983   0.670110   0.422290   -0.121998
     6984   0.708003   0.442606   -0.109030
     6985   0.723405   0.403537   -0.091871
     6986   0.687671   0.448704   -0.136161
     6987   0.740264   0.429982   -0.109146
     6988   0.683899   0.416206   -0.148471
     6989   0.719932   0.436080   -0.136278
     6990   0.735244   0.395873   -0.118868
     6991   0.780783   0.388676   -0.064516
     6992   0.763040   0.425055   -0.083130
     6993   0.796220   0.412459   -0.084711
     6994   0.791615   0.380194   -0.091690
     6995   0.773444   0.417387   -0.110727
     6996   0.594563   0.616965   -0.182493
     6997   0.578363   0.656192   -0.188212
     6998   0.612343   0.674331   -0.170457
     6999   0.628543   0.635104   -0.164738
     7000   0.626094   0.606321   -0.183459
     7001   0.593834   0.686445   -0.194722
     7002   0.643795   0.664989   -0.173629
     7003   0.608595   0.617683   -0.209522
     7004   0.592535   0.658580   -0.215067
     7005   0.625286   0.677103   -0.197894
     7006   0.641346   0.636206   -0.192350
     7007   0.644902   0.596486   -0.157968
     7008   0.663345   0.654096   -0.149682
     7009   0.679703   0.615477   -0.142912
     7010   0.676287   0.586074   -0.160215
     7011   0.694406   0.644736   -0.153897
     7012   0.657480   0.595910   -0.185706
     7013   0.674856   0.655630   -0.177844
     7014   0.690990   0.615333   -0.171200
     7015   0.696421   0.577278   -0.135657
     7016   0.715067   0.634864   -0.130682
     7017   0.707417   0.575435   -0.164004
     7018   0.725026   0.635192   -0.159469
     7019   0.628583   0.730481   -0.154938
     7020   0.640511   0.735390   -0.182538
     7021   0.734560   1.025395   -0.036465
     7022   0.772253   1.001850   -0.037478
     7023   0.751948   0.973306   -0.045435
     7024   0.714255   0.996851   -0.044422
     7025   0.701164   1.022852   -0.055628
     7026   0.771471   1.033977   -0.046934
     7027   0.731943   0.978557   -0.062340
     7028   0.738075   1.031434   -0.066096
     7029   0.775516   1.007736   -0.067180
     7030   0.756293   0.980860   -0.074630
     7031   0.718852   1.004558   -0.073545
     7032   0.691737   0.945545   -0.066642
     7033   0.683417   0.988434   -0.054566
     7034   0.722575   0.953963   -0.056497
     7035   0.718954   0.938203   -0.079232
     7036   0.671555   0.962856   -0.081975
     7037   0.698772   0.955514   -0.094565
     7038   0.689303   0.997275   -0.083036
     7039   0.728322   0.962797   -0.085074
     7040   0.740618   0.926224   -0.062047
     7041   0.746611   0.935339   -0.090497
     7042   0.766337   1.066951   -0.027940
     7043   0.792978   1.102360   -0.021662
     7044   0.807437   1.032398   -0.028543
     7045   0.763838   1.104250   -0.038999
     7046   0.768972   1.071275   -0.057992
     7047   0.795585   1.105979   -0.051813
     7048   0.810272   1.036889   -0.058555
     7049   0.312770   0.269067   -0.477861
     7050   0.337612   0.278405   -0.492841
     7051   0.091546   0.528121   -0.697301
     7052   0.103560   0.486917   -0.699081
     7053   0.120831   0.513446   -0.688668
     7054   0.116118   0.535759   -0.713637
     7055   0.128302   0.494789   -0.715039
     7056   0.195787   0.246319   -0.702283
     7057   0.173810   0.253299   -0.734659
     7058   0.185360   0.279443   -0.691853
     7059   0.213286   0.266117   -0.686976
     7060   0.202454   0.238890   -0.731440
     7061   0.219953   0.258689   -0.716134
     7062   0.197938   0.265515   -0.748709
     7063   0.209826   0.291020   -0.705858
     7064   0.195383   0.309203   -0.650846
     7065   0.206014   0.275298   -0.658771
     7066   0.223243   0.295950   -0.644591
     7067   0.220125   0.319632   -0.665263
     7068   0.230515   0.286769   -0.672796
     7069   -0.009829   0.416974   -0.922214
     7070   0.014911   0.426132   -0.937479
     7071   0.030539   0.168451   -1.015393
     7072   0.021189   0.120475   -1.053494
     7073   0.005506   0.174232   -1.044349
     7074   0.016919   0.204256   -1.039477
     7075   0.017133   0.153748   -1.066744
     7076   0.053495   0.178498   -1.032739
     7077   0.043784   0.129976   -1.071606
     7078   0.028546   0.183772   -1.061872
     7079   -0.032492   0.184942   -1.088575
     7080   -0.017384   0.206741   -1.057322
     7081   -0.009602   0.152433   -1.075602
     7082   -0.013468   0.160446   -1.102322
     7083   -0.028445   0.218678   -1.092472
     7084   -0.009421   0.194181   -1.106219
     7085   0.005858   0.216192   -1.074627
     7086   0.013266   0.161761   -1.093464
     7087   -0.016022   0.126863   -1.096694
     7088   0.006669   0.136033   -1.114858
     7089   0.107292   0.228150   -0.863172
     7090   0.139712   0.212119   -0.826424
     7091   0.130978   0.239814   -0.878397
     7092   0.163263   0.224431   -0.841339
     7093   0.220684   0.176677   -0.725510
     7094   0.245837   0.169942   -0.689876
     7095   0.260803   0.134349   -0.702696
     7096   0.235650   0.141084   -0.738330
     7097   0.226431   0.169604   -0.756278
     7098   0.238311   0.197559   -0.708594
     7099   0.276682   0.156633   -0.684577
     7100   0.244058   0.190486   -0.739363
     7101   0.269156   0.184250   -0.703295
     7102   0.283585   0.149343   -0.716297
     7103   0.258487   0.155579   -0.752364
     7104   0.208186   0.148454   -0.773769
     7105   0.223171   0.111486   -0.787392
     7106   0.231123   0.162306   -0.788288
     7107   0.245586   0.125733   -0.802334
     7108   0.180143   0.003866   -0.931755
     7109   0.201372   0.016055   -0.949908
     7110   0.286138   0.129155   -0.666100
     7111   0.303166   0.093711   -0.679574
     7112   0.318305   0.117229   -0.660696
     7113   0.308849   0.144707   -0.679172
     7114   0.325306   0.109824   -0.692951
     7115   0.276782   -0.082123   -0.884663
     7116   0.294091   -0.122494   -0.894915
     7117   0.310055   -0.094353   -0.883494
     7118   0.296411   -0.068393   -0.903500
     7119   0.313004   -0.108813   -0.914497
     7120   0.352701   0.085628   -0.604152
     7121   0.398695   0.046608   -0.580157
     7122   0.374284   0.049727   -0.619495
     7123   0.361673   0.078330   -0.637012
     7124   0.408105   0.039115   -0.614425
     7125   0.374706   0.102799   -0.616386
     7126   0.419821   0.065133   -0.591953
     7127   0.395493   0.067717   -0.631942
     7128   0.323637   -0.119307   -0.864813
     7129   0.340554   -0.157865   -0.876592
     7130   0.355937   -0.129626   -0.865210
     7131   0.342356   -0.104671   -0.883891
     7132   0.358530   -0.143349   -0.896451
     7133   0.352649   -0.117759   -0.833499
     7134   0.381204   -0.115085   -0.803635
     7135   0.398522   -0.150995   -0.818141
     7136   0.369967   -0.153670   -0.848005
     7137   0.367851   -0.090339   -0.820351
     7138   0.412743   -0.123316   -0.804947
     7139   0.401671   -0.162190   -0.850168
     7140   0.371139   -0.102206   -0.852062
     7141   0.399390   -0.098571   -0.821663
     7142   0.415893   -0.134511   -0.836974
     7143   0.387642   -0.138146   -0.867373
     7144   0.386774   -0.190891   -0.861269
     7145   0.403690   -0.175670   -0.881520
     7146   0.559423   -0.105028   -0.596057
     7147   0.574961   -0.082156   -0.608847
     7148   0.409022   -0.113886   -0.772834
     7149   0.427052   -0.147321   -0.789691
     7150   0.426930   -0.096425   -0.790231
     7151   0.444045   -0.129815   -0.807944
     7152   0.444747   -0.182187   -0.805409
     7153   0.416217   -0.185861   -0.833858
     7154   0.460895   -0.164882   -0.824583
     7155   0.432742   -0.169578   -0.853614
     7156   0.419339   -0.349118   -0.936885
     7157   0.451152   -0.340285   -0.912639
     7158   0.449851   -0.357335   -0.942286
     7159   0.433403   -0.336727   -0.960909
     7160   0.464842   -0.326926   -0.936356
     7161   0.467388   -0.376707   -0.924035
     7162   0.480011   -0.363295   -0.948298
     7163   0.724963   -0.312632   -0.759451
     7164   0.732609   -0.291886   -0.780396
     7165   0.944875   -0.411987   -0.804905
     7166   0.925274   -0.436492   -0.832443
     7167   0.956108   -0.422886   -0.834447
     7168   0.948838   -0.390583   -0.826235
     7169   0.929094   -0.414696   -0.853404
     7170   0.689306   -0.147258   -0.538134
     7171   0.661246   -0.126314   -0.515278
     7172   0.684965   -0.125213   -0.485920
     7173   0.668340   -0.125109   -0.548404
     7174   0.666684   -0.101743   -0.492471
     7175   0.700415   -0.121134   -0.549169
     7176   0.673778   -0.100538   -0.525597
     7177   0.696876   -0.098721   -0.495083
     7178   0.551393   0.005989   -0.341919
     7179   0.523573   0.038945   -0.329078
     7180   0.541906   0.036917   -0.287084
     7181   0.569725   0.003960   -0.299925
     7182   0.585013   0.000504   -0.331151
     7183   0.537724   0.033143   -0.360409
     7184   0.531090   0.064073   -0.306832
     7185   0.574755   0.028731   -0.276368
     7186   0.571344   0.027658   -0.349641
     7187   0.545240   0.058271   -0.338163
     7188   0.563939   0.055887   -0.296116
     7189   0.590042   0.025274   -0.307594
     7190   0.600636   -0.026478   -0.313166
     7191   0.586923   0.001013   -0.257458
     7192   0.617833   -0.029425   -0.270698
     7193   0.634644   -0.030041   -0.301561
     7194   0.619780   -0.005642   -0.245969
     7195   0.619022   -0.003060   -0.319545
     7196   0.607612   0.022076   -0.264880
     7197   0.636591   -0.006258   -0.276831
     7198   0.324436   0.881918   -0.291432
     7199   0.315152   0.920505   -0.279252
     7200   0.349599   0.914679   -0.255155
     7201   0.306627   0.920977   -0.307103
     7202   0.341141   0.932411   -0.273094
     7203   0.342324   0.892965   -0.313464
     7204   0.332615   0.932883   -0.300945
     7205   0.366568   0.926867   -0.277344
     7206   0.333122   0.942878   -0.251623
     7207   0.351210   0.956859   -0.229077
     7208   0.341965   0.966424   -0.251909
     7209   0.349984   0.955958   -0.273379
     7210   0.367654   0.970321   -0.250923
     7211   0.315953   0.978762   -0.241877
     7212   0.332726   0.992872   -0.263046
     7213   0.297983   0.956389   -0.269506
     7214   0.315357   0.969798   -0.290611
     7215   0.243096   1.079562   -0.226151
     7216   0.268591   1.004777   -0.263463
     7217   0.230543   1.043378   -0.266086
     7218   0.231001   1.082931   -0.257537
     7219   0.247911   1.019015   -0.294133
     7220   0.260190   1.095326   -0.245845
     7221   0.286034   1.019448   -0.283684
     7222   0.248370   1.058568   -0.285584
     7223   0.284375   0.881477   -0.325515
     7224   0.302995   0.892691   -0.346848
     7225   0.205342   0.969074   -0.345820
     7226   0.226301   0.918997   -0.357463
     7227   0.242687   0.957063   -0.341384
     7228   0.224344   0.982494   -0.365503
     7229   0.245572   0.931163   -0.377682
     7230   0.342906   0.734135   -0.335828
     7231   0.313484   0.728435   -0.363465
     7232   0.343457   0.712907   -0.362380
     7233   0.362251   0.741220   -0.358280
     7234   0.333466   0.735616   -0.385321
     7235   0.324581   0.682425   -0.367361
     7236   0.295000   0.672891   -0.398880
     7237   0.326019   0.658035   -0.394222
     7238   0.344894   0.688517   -0.389240
     7239   0.315997   0.679067   -0.420083
     7240   0.222756   0.699509   -0.465091
     7241   0.193167   0.689692   -0.501981
     7242   0.224977   0.673577   -0.495257
     7243   0.244584   0.706809   -0.485060
     7244   0.215516   0.696941   -0.521389
     7245   0.124443   0.719124   -0.572746
     7246   0.147193   0.727413   -0.591253
     7247   0.529784   0.243704   -0.190622
     7248   0.557508   0.248161   -0.162676
     7249   0.553968   0.261290   -0.189423
     7250   0.551738   0.242316   -0.211639
     7251   0.578481   0.245077   -0.184575
     7252   0.583629   0.261028   -0.141792
     7253   0.543747   0.296177   -0.183107
     7254   0.603331   0.256602   -0.164557
     7255   0.564116   0.292960   -0.205527
     7256   0.517745   0.301605   -0.209923
     7257   0.538768   0.299586   -0.231765
     7258   0.462130   0.548454   -0.270806
     7259   0.448700   0.590993   -0.277726
     7260   0.493899   0.563875   -0.245484
     7261   0.493738   0.534643   -0.265852
     7262   0.449442   0.563468   -0.299611
     7263   0.481050   0.549658   -0.294657
     7264   0.467421   0.593350   -0.301648
     7265   0.511741   0.564832   -0.270160
     7266   0.507905   0.521179   -0.236332
     7267   0.541101   0.538445   -0.213028
     7268   0.540063   0.507441   -0.231394
     7269   0.525896   0.520905   -0.260914
     7270   0.557848   0.537917   -0.238470
     7271   0.481953   0.702698   -0.238347
     7272   0.513370   0.718500   -0.216081
     7273   0.529512   0.678882   -0.212917
     7274   0.497177   0.732894   -0.240754
     7275   0.544946   0.709232   -0.217202
     7276   0.498387   0.707560   -0.263533
     7277   0.528753   0.723627   -0.241875
     7278   0.544883   0.682544   -0.238958
     7279   0.562273   0.695845   -0.192643
     7280   0.576507   0.699832   -0.219282
     7281   0.708058   0.908292   -0.075991
     7282   0.715288   0.917830   -0.104015
     7283   0.658148   0.930489   -0.081802
     7284   0.666454   0.940898   -0.109206
     7285   0.638993   0.967453   -0.072805
     7286   0.619223   1.005791   -0.062519
     7287   0.663647   1.026772   -0.044280
     7288   0.614434   0.983071   -0.090888
     7289   0.631081   1.039051   -0.061792
     7290   0.646996   0.978474   -0.100058
     7291   0.626292   1.016331   -0.090161
     7292   0.668598   1.035132   -0.073139
     7293   0.944475   0.901837   -0.038250
     7294   0.948460   0.908490   -0.067722
     7295   0.170679   0.497663   -0.593793
     7296   0.155982   0.455084   -0.632104
     7297   0.147678   0.495353   -0.628344
     7298   0.166903   0.520487   -0.617709
     7299   0.152935   0.477092   -0.655766
     7300   0.194933   0.503907   -0.611164
     7301   0.180714   0.462412   -0.648342
     7302   0.172160   0.502226   -0.645131
     7303   0.064682   0.300741   -0.877487
     7304   0.039289   0.316069   -0.908333
     7305   0.039016   0.351866   -0.884075
     7306   0.057290   0.297238   -0.922951
     7307   0.045554   0.345238   -0.908987
     7308   0.088909   0.311344   -0.892638
     7309   0.063556   0.326407   -0.923604
     7310   0.063534   0.361915   -0.899139
     7311   0.021735   0.352659   -0.911587
     7312   0.010175   0.383203   -0.910389
     7313   0.022418   0.370108   -0.929289
     7314   0.046237   0.362687   -0.926689
     7315   0.034819   0.392830   -0.925521
     7316   -0.001104   0.359804   -0.943456
     7317   0.023360   0.369493   -0.958837
     7318   0.016450   0.323214   -0.940202
     7319   0.040678   0.333213   -0.955752
     7320   -0.066272   0.358723   -1.044482
     7321   -0.015326   0.324652   -0.986315
     7322   -0.040472   0.312467   -1.030826
     7323   -0.050564   0.334594   -1.062321
     7324   -0.006321   0.299594   -1.015593
     7325   -0.041998   0.367760   -1.060548
     7326   0.008843   0.334131   -1.002281
     7327   -0.016413   0.321721   -1.047088
     7328   0.069979   0.254029   -0.903588
     7329   0.093796   0.265028   -0.919096
     7330   0.016107   0.220276   -1.003256
     7331   0.051089   0.209896   -0.961686
     7332   0.038702   0.246253   -0.983820
     7333   0.039514   0.230232   -1.020042
     7334   0.074452   0.220545   -0.978104
     7335   0.159808   0.230663   -0.778190
     7336   0.168120   0.195923   -0.794111
     7337   0.188513   0.214274   -0.776917
     7338   0.183642   0.243082   -0.792561
     7339   0.191581   0.208756   -0.808734
     7340   0.195775   0.185242   -0.759492
     7341   0.219168   0.198637   -0.773703
     7342   0.209240   0.079470   -0.836617
     7343   0.231262   0.093253   -0.852547
     7344   0.194859   0.043783   -0.885045
     7345   0.216477   0.056885   -0.902068
     7346   0.319588   0.192364   -0.530203
     7347   0.340774   0.191001   -0.491074
     7348   0.337000   0.154898   -0.539886
     7349   0.328946   0.181519   -0.560320
     7350   0.334313   0.216610   -0.513057
     7351   0.343670   0.205765   -0.543174
     7352   0.365042   0.204083   -0.504049
     7353   0.360486   0.169990   -0.552091
     7354   0.314819   0.157525   -0.578786
     7355   0.333567   0.121160   -0.590560
     7356   0.324088   0.148518   -0.609762
     7357   0.338216   0.172512   -0.591296
     7358   0.356256   0.137454   -0.602727
     7359   0.289287   -0.042626   -0.840022
     7360   0.306545   -0.081814   -0.851853
     7361   0.322484   -0.054623   -0.838526
     7362   0.309410   -0.027921   -0.857557
     7363   0.325994   -0.067162   -0.870168
     7364   0.318226   -0.044129   -0.806311
     7365   0.346762   -0.044026   -0.774144
     7366   0.364093   -0.080163   -0.788371
     7367   0.335558   -0.080266   -0.820539
     7368   0.333886   -0.018016   -0.791057
     7369   0.338143   -0.028511   -0.823271
     7370   0.366434   -0.027469   -0.790498
     7371   0.383067   -0.063655   -0.805566
     7372   0.354777   -0.064697   -0.838338
     7373   0.492632   -0.211703   -0.794155
     7374   0.507459   -0.193712   -0.813751
     7375   0.382156   -0.453293   -1.005283
     7376   0.366360   -0.412232   -0.994717
     7377   0.401470   -0.399570   -0.970778
     7378   0.417265   -0.440631   -0.981344
     7379   0.414578   -0.460944   -1.011546
     7380   0.362689   -0.434149   -1.024073
     7381   0.384005   -0.379514   -0.990200
     7382   0.432312   -0.407960   -0.976113
     7383   0.395112   -0.441801   -1.030335
     7384   0.380335   -0.401431   -1.019556
     7385   0.414847   -0.387904   -0.995535
     7386   0.429625   -0.428274   -1.006315
     7387   0.436002   -0.478997   -0.993236
     7388   0.451961   -0.426182   -0.958193
     7389   0.447249   -0.465864   -1.018311
     7390   0.463705   -0.413021   -0.983022
     7391   0.638941   -0.218501   -0.700223
     7392   0.606113   -0.226382   -0.729033
     7393   0.615629   -0.195857   -0.714270
     7394   0.650273   -0.196331   -0.717775
     7395   0.618191   -0.205426   -0.747531
     7396   0.997231   -0.527971   -0.934729
     7397   0.975358   -0.544429   -0.958724
     7398   0.939011   -0.528754   -0.939727
     7399   0.960884   -0.512296   -0.915732
     7400   0.989618   -0.499244   -0.920088
     7401   1.006446   -0.532328   -0.967599
     7402   0.945819   -0.532137   -0.968053
     7403   0.934332   -0.501315   -0.929994
     7404   0.998833   -0.503600   -0.952957
     7405   0.976907   -0.520035   -0.976928
     7406   0.941140   -0.504697   -0.958320
     7407   0.963066   -0.488262   -0.934349
     7408   0.980017   -0.492681   -0.888458
     7409   0.922369   -0.496899   -0.902137
     7410   0.941502   -0.477284   -0.874862
     7411   0.973022   -0.462490   -0.875879
     7412   0.913191   -0.468993   -0.893487
     7413   0.982623   -0.469052   -0.907509
     7414   0.925155   -0.473409   -0.921344
     7415   0.944712   -0.454198   -0.894504
     7416   0.692603   -0.104587   -0.400733
     7417   0.724880   -0.126787   -0.433845
     7418   0.685829   -0.109564   -0.432734
     7419   0.672364   -0.083978   -0.425806
     7420   0.711808   -0.108406   -0.447123
     7421   0.705303   -0.077704   -0.407307
     7422   0.735689   -0.099226   -0.441053
     7423   0.698343   -0.082819   -0.440196
     7424   0.662894   -0.105917   -0.454950
     7425   0.707900   -0.128861   -0.463704
     7426   0.676154   -0.079804   -0.463327
     7427   0.719065   -0.101736   -0.471952
     7428   0.762194   -0.118766   -0.319774
     7429   0.708592   -0.101632   -0.351718
     7430   0.724634   -0.101181   -0.308175
     7431   0.758028   -0.097455   -0.294414
     7432   0.704383   -0.077809   -0.326576
     7433   0.773891   -0.091035   -0.324478
     7434   0.721333   -0.074490   -0.357092
     7435   0.737777   -0.074083   -0.312814
     7436   0.651630   -0.056163   -0.283477
     7437   0.633923   -0.032598   -0.228132
     7438   0.667720   -0.059336   -0.240911
     7439   0.685192   -0.057249   -0.270439
     7440   0.667037   -0.036463   -0.216061
     7441   0.668206   -0.031127   -0.288523
     7442   0.652893   -0.009506   -0.233898
     7443   0.684508   -0.034375   -0.245589
     7444   0.224267   0.459053   -0.533765
     7445   0.248340   0.464480   -0.551640
     7446   0.531842   0.917543   -0.137470
     7447   0.499150   0.902525   -0.162870
     7448   0.532361   0.897169   -0.165762
     7449   0.544186   0.929445   -0.162654
     7450   0.512739   0.914253   -0.187488
     7451   0.448573   0.780525   -0.241141
     7452   0.422390   0.765221   -0.263847
     7453   0.451873   0.757182   -0.264523
     7454   0.464954   0.788121   -0.265677
     7455   0.439585   0.772461   -0.287938
     7456   0.236080   0.981125   -0.307797
     7457   0.188846   1.004413   -0.336725
     7458   0.219583   1.016465   -0.298702
     7459   0.209495   1.028701   -0.322703
     7460   0.254518   0.994953   -0.327720
     7461   0.207649   1.018792   -0.355917
     7462   0.237823   1.031251   -0.318134
     7463   0.202860   1.069435   -0.270737
     7464   0.191901   1.042522   -0.303353
     7465   0.192643   1.071479   -0.303071
     7466   0.220784   1.084975   -0.289871
     7467   0.210238   1.057658   -0.322421
     7468   0.165974   1.056622   -0.317463
     7469   0.184510   1.071726   -0.336361
     7470   0.265473   0.932737   -0.313839
     7471   0.283841   0.945302   -0.334647
     7472   0.381574   0.702920   -0.312514
     7473   0.353536   0.693404   -0.338293
     7474   0.383238   0.679854   -0.336746
     7475   0.400527   0.708821   -0.335630
     7476   0.373159   0.699357   -0.360833
     7477   0.364998   0.650032   -0.338967
     7478   0.336043   0.639053   -0.368035
     7479   0.366704   0.625066   -0.363704
     7480   0.384944   0.654888   -0.361484
     7481   0.356680   0.644048   -0.389891
     7482   0.265258   0.660408   -0.432791
     7483   0.234990   0.650233   -0.468335
     7484   0.267134   0.633101   -0.461420
     7485   0.286855   0.666616   -0.453370
     7486   0.257121   0.656446   -0.488342
     7487   0.164126   0.681829   -0.539332
     7488   0.186889   0.689183   -0.558213
     7489   -0.031839   0.771593   -0.753830
     7490   -0.045811   0.810941   -0.749535
     7491   -0.040074   0.795567   -0.779674
     7492   -0.008159   0.781279   -0.770397
     7493   -0.022363   0.821062   -0.766166
     7494   0.469761   0.346999   -0.259678
     7495   0.515086   0.352997   -0.216221
     7496   0.472421   0.295607   -0.253380
     7497   0.464621   0.317680   -0.284953
     7498   0.496357   0.375527   -0.255983
     7499   0.491217   0.346209   -0.281258
     7500   0.535166   0.350378   -0.238973
     7501   0.494819   0.295417   -0.274050
     7502   0.440047   0.291013   -0.291842
     7503   0.463274   0.292760   -0.311374
     7504   0.486855   0.458931   -0.250493
     7505   0.473962   0.504244   -0.262085
     7506   0.520798   0.475866   -0.224740
     7507   0.519711   0.442803   -0.242486
     7508   0.473313   0.473896   -0.282033
     7509   0.506169   0.457768   -0.274026
     7510   0.493088   0.504296   -0.285800
     7511   0.538976   0.474378   -0.249140
     7512   0.535761   0.430380   -0.209775
     7513   0.555959   0.496556   -0.201662
     7514   0.570922   0.451070   -0.186697
     7515   0.588652   0.483861   -0.197276
     7516   0.554025   0.427703   -0.234007
     7517   0.572757   0.494745   -0.227008
     7518   0.587805   0.448070   -0.211875
     7519   0.621054   0.439055   -0.153316
     7520   0.655969   0.460123   -0.137658
     7521   0.638071   0.466570   -0.165844
     7522   0.636483   0.434536   -0.179193
     7523   0.669773   0.455151   -0.164347
     7524   0.691934   0.480734   -0.124047
     7525   0.729191   0.500758   -0.113758
     7526   0.745260   0.462630   -0.098740
     7527   0.708364   0.507616   -0.139379
     7528   0.760475   0.488679   -0.116262
     7529   0.704101   0.475586   -0.151493
     7530   0.739648   0.495537   -0.141883
     7531   0.755479   0.456031   -0.126667
     7532   0.800711   0.444878   -0.076211
     7533   0.782931   0.482454   -0.091821
     7534   0.814431   0.470010   -0.095810
     7535   0.809940   0.437591   -0.104310
     7536   0.791975   0.476235   -0.120251
     7537   0.712564   0.538880   -0.125281
     7538   0.765507   0.520464   -0.104116
     7539   0.723351   0.535375   -0.153545
     7540   0.774509   0.515610   -0.132802
     7541   0.819457   0.501940   -0.085439
     7542   0.827522   0.496455   -0.114291
     7543   0.749938   0.653984   -0.118194
     7544   0.802643   0.635730   -0.104409
     7545   0.758613   0.654940   -0.147368
     7546   0.809702   0.635556   -0.134030
     7547   0.855408   0.617662   -0.092974
     7548   0.861665   0.616929   -0.122765
     7549   0.519992   0.864902   -0.167270
     7550   0.552700   0.880886   -0.144480
     7551   0.572872   0.843488   -0.149032
     7552   0.585453   0.875450   -0.148818
     7553   0.533531   0.875334   -0.192486
     7554   0.565114   0.891733   -0.170100
     7555   0.585229   0.852980   -0.175207
     7556   0.606096   0.859985   -0.128352
     7557   0.617235   0.869882   -0.154925
     7558   0.732157   1.102286   -0.025882
     7559   0.700380   1.060730   -0.034408
     7560   0.703020   1.104770   -0.042806
     7561   0.734701   1.106734   -0.055923
     7562   0.703804   1.066893   -0.064026
     7563   0.634539   1.068270   -0.038636
     7564   0.671272   1.102228   -0.028764
     7565   0.642706   1.105833   -0.044377
     7566   0.639248   1.076614   -0.067532
     7567   0.674455   1.108375   -0.058419
     7568   0.138055   0.536523   -0.625246
     7569   0.124544   0.491565   -0.664075
     7570   0.114922   0.532735   -0.660977
     7571   0.133448   0.559225   -0.650016
     7572   0.162295   0.543189   -0.642479
     7573   0.149221   0.498973   -0.680360
     7574   0.139356   0.539935   -0.677707
     7575   0.135407   0.452555   -0.666126
     7576   0.160212   0.460368   -0.682012
     7577   0.205758   0.343563   -0.611013
     7578   0.216082   0.307801   -0.617017
     7579   0.233668   0.329791   -0.604043
     7580   0.230632   0.352683   -0.626081
     7581   0.240830   0.317939   -0.631616
     7582   -0.077615   0.578210   -0.941009
     7583   -0.052681   0.587062   -0.956138
     7584   0.004302   0.268004   -0.991542
     7585   -0.008152   0.227507   -1.033657
     7586   -0.019958   0.275235   -1.021943
     7587   -0.009769   0.260338   -1.044779
     7588   0.028079   0.277842   -1.007872
     7589   0.015302   0.237087   -1.050599
     7590   0.003868   0.284697   -1.038429
     7591   -0.057551   0.301169   -1.062374
     7592   -0.037036   0.263937   -1.053491
     7593   -0.040607   0.276904   -1.078930
     7594   -0.033620   0.310330   -1.078876
     7595   -0.013340   0.273305   -1.070217
     7596   -0.046268   0.243171   -1.077156
     7597   -0.022784   0.252411   -1.094245
     7598   0.036078   0.266566   -0.945428
     7599   0.059915   0.276924   -0.961343
     7600   0.183576   0.220201   -0.747127
     7601   0.207391   0.232964   -0.761230
     7602   0.208485   0.211637   -0.713146
     7603   0.232280   0.224813   -0.726889
     7604   0.269096   0.164869   -0.653793
     7605   0.292798   0.160645   -0.616584
     7606   0.309840   0.124931   -0.628892
     7607   0.284836   0.187684   -0.636128
     7608   0.292422   0.179449   -0.666912
     7609   0.316126   0.175558   -0.629305
     7610   0.332553   0.140815   -0.641565
     7611   0.328975   0.089399   -0.642484
     7612   0.351003   0.106160   -0.655224
     7613   0.301053   -0.006339   -0.793224
     7614   0.321627   0.009284   -0.809388
     7615   0.347152   0.054279   -0.657034
     7616   0.393297   0.015319   -0.636174
     7617   0.366164   0.019871   -0.673713
     7618   0.354024   0.047470   -0.690234
     7619   0.368545   0.071520   -0.670212
     7620   0.413746   0.033813   -0.649147
     7621   0.386798   0.037616   -0.687417
     7622   0.328857   -0.009447   -0.758439
     7623   0.356571   -0.011100   -0.724987
     7624   0.344203   0.015563   -0.741411
     7625   0.349232   0.006994   -0.774028
     7626   0.376693   0.006224   -0.739935
     7627   0.513137   0.009816   -0.426143
     7628   0.541603   -0.021058   -0.440126
     7629   0.492664   0.010460   -0.467910
     7630   0.499249   0.036500   -0.444857
     7631   0.546787   0.004559   -0.416264
     7632   0.532900   0.031243   -0.434977
     7633   0.560107   0.001486   -0.448941
     7634   0.512478   0.031472   -0.477620
     7635   0.445141   0.042998   -0.497338
     7636   0.465980   0.043159   -0.454616
     7637   0.453673   0.069638   -0.474151
     7638   0.466100   0.062468   -0.507830
     7639   0.486943   0.062979   -0.464392
     7640   0.434566   -0.388928   -0.946940
     7641   0.447596   -0.376367   -0.971459
     7642   0.386243   -0.359759   -0.960722
     7643   0.400653   -0.348264   -0.984985
     7644   0.638731   -0.153707   -0.600705
     7645   0.667542   -0.179257   -0.620264
     7646   0.640280   -0.183824   -0.650966
     7647   0.611469   -0.158274   -0.631407
     7648   0.618141   -0.131135   -0.613330
     7649   0.671751   -0.151827   -0.601318
     7650   0.674460   -0.182162   -0.653429
     7651   0.617888   -0.161941   -0.663819
     7652   0.651161   -0.129255   -0.613943
     7653   0.678668   -0.154732   -0.634483
     7654   0.652067   -0.160278   -0.666282
     7655   0.624559   -0.134802   -0.645742
     7656   0.585827   -0.131112   -0.613284
     7657   0.585246   -0.161291   -0.661983
     7658   0.600141   -0.107855   -0.626778
     7659   0.598866   -0.138758   -0.677304
     7660   0.582131   -0.194750   -0.710370
     7661   0.595221   -0.173379   -0.727692
     7662   0.878714   -0.486813   -0.896421
     7663   0.840859   -0.468600   -0.882640
     7664   0.903992   -0.459867   -0.862287
     7665   0.847321   -0.481542   -0.919009
     7666   0.881798   -0.463721   -0.916074
     7667   0.844111   -0.446189   -0.903014
     7668   0.907459   -0.437428   -0.882600
     7669   0.962784   -0.453909   -0.845018
     7670   0.966346   -0.431467   -0.865308
     7671   0.753967   -0.188836   -0.579550
     7672   0.720054   -0.169451   -0.558962
     7673   0.777658   -0.183395   -0.548715
     7674   0.787745   -0.181997   -0.581020
     7675   0.728405   -0.169295   -0.590901
     7676   0.762183   -0.162457   -0.592371
     7677   0.729732   -0.143128   -0.570838
     7678   0.785222   -0.156243   -0.560244
     7679   0.837182   -0.193159   -0.538280
     7680   0.815166   -0.200686   -0.569469
     7681   0.849258   -0.192441   -0.570522
     7682   0.843673   -0.165655   -0.549630
     7683   0.821837   -0.173752   -0.582073
     7684   0.635623   -0.126717   -0.549320
     7685   0.607070   -0.102707   -0.529146
     7686   0.632693   -0.102303   -0.495104
     7687   0.616114   -0.103373   -0.561654
     7688   0.612707   -0.077588   -0.507345
     7689   0.648831   -0.101764   -0.560738
     7690   0.621750   -0.078254   -0.539853
     7691   0.646698   -0.077028   -0.504712
     7692   0.654680   -0.082397   -0.389673
     7693   0.670669   -0.079442   -0.340657
     7694   0.651622   -0.054988   -0.360353
     7695   0.669306   -0.056569   -0.396486
     7696   0.685336   -0.053355   -0.346271
     7697   0.164135   0.540297   -0.588854
     7698   0.196944   0.499237   -0.558471
     7699   0.188071   0.546488   -0.606670
     7700   0.220939   0.504933   -0.576371
     7701   0.488661   0.849383   -0.191912
     7702   0.503232   0.859364   -0.216740
     7703   0.437009   0.727578   -0.263566
     7704   0.410097   0.714993   -0.287286
     7705   0.439495   0.703972   -0.286923
     7706   0.454359   0.733576   -0.287880
     7707   0.428261   0.720866   -0.311035
     7708   0.399450   0.520380   -0.326105
     7709   0.409405   0.476202   -0.319217
     7710   0.369420   0.508182   -0.355946
     7711   0.389359   0.537108   -0.354997
     7712   0.430198   0.505289   -0.319554
     7713   0.420107   0.522017   -0.348446
     7714   0.430374   0.477191   -0.341301
     7715   0.390830   0.510325   -0.377523
     7716   0.358809   0.551434   -0.361522
     7717   0.330266   0.539156   -0.391891
     7718   0.349385   0.568619   -0.389819
     7719   0.379936   0.554292   -0.383295
     7720   0.352040   0.542399   -0.412961
     7721   0.204556   0.641363   -0.505783
     7722   0.227170   0.647797   -0.525170
     7723   0.451785   0.443852   -0.280182
     7724   0.498176   0.410058   -0.237659
     7725   0.463106   0.394979   -0.267348
     7726   0.450689   0.413491   -0.300926
     7727   0.472218   0.443536   -0.302777
     7728   0.517891   0.408272   -0.260810
     7729   0.483940   0.394040   -0.289561
     7730   0.427534   0.385196   -0.303258
     7731   0.434190   0.337215   -0.295587
     7732   0.426211   0.357226   -0.326825
     7733   0.449366   0.385522   -0.324493
     7734   0.456643   0.337691   -0.316190
     7735   0.605664   0.476905   -0.168528
     7736   0.621060   0.473526   -0.194592
     7737   0.575597   0.558019   -0.192549
     7738   0.590455   0.516130   -0.181183
     7739   0.607647   0.546385   -0.191302
     7740   0.590935   0.557288   -0.218857
     7741   0.605844   0.514116   -0.207395
     7742   0.640863   0.498393   -0.151644
     7743   0.676828   0.519004   -0.138033
     7744   0.657539   0.526647   -0.164320
     7745   0.654747   0.494824   -0.178520
     7746   0.689074   0.515259   -0.165666
     7747   0.609871   0.576701   -0.173858
     7748   0.623870   0.576005   -0.200903
     7749   0.660685   0.557403   -0.148409
     7750   0.673141   0.555319   -0.176126
     7751   0.594952   0.712708   -0.172695
     7752   0.645974   0.692104   -0.152699
     7753   0.608078   0.717118   -0.199825
     7754   0.657718   0.695374   -0.180607
     7755   0.697646   0.672647   -0.134380
     7756   0.707926   0.674744   -0.162969
     7757   0.621151   0.913366   -0.101374
     7758   0.586681   0.896837   -0.121527
     7759   0.599017   0.929111   -0.120434
     7760   0.630913   0.924275   -0.128093
     7761   0.597789   0.907725   -0.147725
     7762   0.565823   0.933494   -0.114518
     7763   0.576861   0.945436   -0.140279
     7764   0.610473   1.102129   -0.032695
     7765   0.597878   1.040107   -0.053398
     7766   0.615408   1.110889   -0.061399
     7767   0.604520   1.050607   -0.081185
     7768   0.581176   0.986173   -0.083664
     7769   0.590452   0.998386   -0.109982
     7770   0.325883   0.230175   -0.483967
     7771   0.350475   0.241294   -0.498053
     7772   0.304409   0.229721   -0.521516
     7773   0.291295   0.268613   -0.515409
     7774   0.299059   0.254618   -0.543639
     7775   0.328963   0.241507   -0.535180
     7776   0.316100   0.278618   -0.529968
     7777   0.165888   0.417292   -0.635518
     7778   0.190727   0.425192   -0.651302
     7779   0.231211   0.205598   -0.678573
     7780   0.218513   0.240280   -0.667710
     7781   0.247931   0.227018   -0.662061
     7782   0.255031   0.218978   -0.692082
     7783   0.242704   0.252855   -0.681327
     7784   0.227698   0.271413   -0.623840
     7785   0.240197   0.236396   -0.632779
     7786   0.256717   0.258259   -0.617081
     7787   0.252262   0.282795   -0.637832
     7788   0.264451   0.248881   -0.646362
     7789   0.276321   0.197023   -0.605922
     7790   0.298341   0.193903   -0.568124
     7791   0.291723   0.219997   -0.588780
     7792   0.300238   0.210658   -0.618986
     7793   0.322327   0.207612   -0.580976
     7794   0.321343   0.058592   -0.694124
     7795   0.342848   0.075184   -0.707939
     7796   0.311572   0.026911   -0.744315
     7797   0.332604   0.043132   -0.759251
     7798   0.338682   0.023040   -0.708646
     7799   0.359545   0.039992   -0.722998
     7800   0.504772   0.040452   -0.370760
     7801   0.532306   0.008105   -0.384155
     7802   0.485604   0.042163   -0.412748
     7803   0.493144   0.067563   -0.390083
     7804   0.526096   0.060254   -0.379733
     7805   0.552206   0.029597   -0.392518
     7806   0.506790   0.061900   -0.422192
     7807   0.441317   0.077458   -0.442106
     7808   0.460941   0.076462   -0.400238
     7809   0.451139   0.103321   -0.420557
     7810   0.463495   0.095501   -0.452602
     7811   0.483343   0.094422   -0.410402
     7812   0.353548   -0.368500   -0.985038
     7813   0.368300   -0.357923   -1.009511
     7814   0.331863   -0.422101   -1.018866
     7815   0.346350   -0.411995   -1.043690
     7816   0.910431   -0.514372   -0.925487
     7817   0.866776   -0.504286   -0.919771
     7818   0.889131   -0.503657   -0.939877
     7819   0.913032   -0.490600   -0.944384
     7820   0.869676   -0.480913   -0.939114
     7821   0.853820   -0.537475   -0.962668
     7822   0.834666   -0.513938   -0.936690
     7823   0.885930   -0.527824   -0.945750
     7824   0.885534   -0.528343   -0.970648
     7825   0.824869   -0.522978   -0.973742
     7826   0.856584   -0.513845   -0.981721
     7827   0.837524   -0.490581   -0.956060
     7828   0.888735   -0.504176   -0.964775
     7829   0.914510   -0.542206   -0.959990
     7830   0.916843   -0.518273   -0.978711
     7831   0.872157   -0.251003   -0.638773
     7832   0.800365   -0.244499   -0.650197
     7833   0.829272   -0.230080   -0.620211
     7834   0.865755   -0.220979   -0.623008
     7835   0.798734   -0.213518   -0.632739
     7836   0.877231   -0.225971   -0.655336
     7837   0.806592   -0.219752   -0.666800
     7838   0.835217   -0.204418   -0.635536
     7839   0.694905   -0.173318   -0.589596
     7840   0.664158   -0.151125   -0.568768
     7841   0.705251   -0.147804   -0.602623
     7842   0.675934   -0.125811   -0.580953
     7843   0.583793   -0.103215   -0.564030
     7844   0.578891   -0.076690   -0.512495
     7845   0.598877   -0.079509   -0.575796
     7846   0.594835   -0.052801   -0.522637
     7847   0.562996   -0.022379   -0.398570
     7848   0.582083   -0.024495   -0.356335
     7849   0.597495   -0.026272   -0.388744
     7850   0.581286   0.000665   -0.406437
     7851   0.600425   -0.001273   -0.363560
     7852   0.616278   -0.052945   -0.371141
     7853   0.634830   -0.054928   -0.327973
     7854   0.632839   -0.028315   -0.377955
     7855   0.651436   -0.030102   -0.333941
     7856   0.604797   -0.001299   -0.215887
     7857   0.650126   -0.035344   -0.187407
     7858   0.626106   0.018853   -0.223739
     7859   0.669650   -0.012879   -0.193477
     7860   0.698041   -0.065971   -0.157695
     7861   0.683470   -0.062932   -0.198611
     7862   0.717336   -0.064829   -0.185705
     7863   0.716448   -0.042356   -0.162896
     7864   0.700903   -0.038360   -0.203156
     7865   0.129625   0.579776   -0.621342
     7866   0.153560   0.586571   -0.638940
     7867   0.477985   0.795874   -0.218276
     7868   0.493437   0.803850   -0.243296
     7869   0.422550   0.674412   -0.285930
     7870   0.394027   0.662339   -0.311159
     7871   0.424005   0.649512   -0.308770
     7872   0.440950   0.679072   -0.309763
     7873   0.413217   0.667027   -0.334358
     7874   0.418591   0.577342   -0.304198
     7875   0.429891   0.533648   -0.298051
     7876   0.388150   0.564074   -0.332253
     7877   0.407402   0.593754   -0.331924
     7878   0.438253   0.579880   -0.327336
     7879   0.449749   0.535110   -0.321114
     7880   0.408612   0.566788   -0.354668
     7881   0.376941   0.607522   -0.336575
     7882   0.347600   0.594882   -0.365845
     7883   0.397165   0.611297   -0.359052
     7884   0.368490   0.598802   -0.387679
     7885   0.306892   0.626594   -0.398884
     7886   0.277150   0.614111   -0.432795
     7887   0.309031   0.600244   -0.424767
     7888   0.328158   0.631685   -0.420105
     7889   0.299016   0.619234   -0.453392
     7890   0.318449   0.582424   -0.396694
     7891   0.290456   0.568898   -0.428555
     7892   0.339968   0.586439   -0.417893
     7893   0.312557   0.573193   -0.449092
     7894   0.246863   0.596332   -0.470429
     7895   0.269351   0.601652   -0.490291
     7896   0.419466   0.430616   -0.310069
     7897   0.396247   0.374855   -0.336357
     7898   0.440804   0.430979   -0.331821
     7899   0.418841   0.376156   -0.356769
     7900   0.403385   0.330316   -0.332256
     7901   0.426583   0.332462   -0.351838
     7902   0.625654   0.537618   -0.164299
     7903   0.639531   0.535414   -0.191323
     7904   0.495746   0.757286   -0.217308
     7905   0.544972   0.734620   -0.194426
     7906   0.511199   0.763867   -0.242722
     7907   0.559311   0.740144   -0.220727
     7908   0.601996   0.950331   -0.092377
     7909   0.611455   0.961852   -0.118945
     7910   0.104228   0.574801   -0.658241
     7911   0.080852   0.570188   -0.694564
     7912   0.099198   0.597598   -0.683545
     7913   0.128417   0.582022   -0.675320
     7914   0.105179   0.577845   -0.711250
     7915   0.270002   0.268199   -0.551795
     7916   0.258535   0.306614   -0.546657
     7917   0.265710   0.292419   -0.574173
     7918   0.294767   0.278838   -0.566016
     7919   0.283418   0.315742   -0.561665
     7920   0.283162   0.231260   -0.559437
     7921   0.307620   0.243354   -0.572981
     7922   0.262048   0.232894   -0.596212
     7923   0.248889   0.269833   -0.588570
     7924   0.286392   0.245361   -0.609649
     7925   0.273539   0.280845   -0.602684
     7926   0.254470   0.200524   -0.642490
     7927   0.278297   0.214178   -0.655699
     7928   0.420781   0.078548   -0.483211
     7929   0.423512   0.044640   -0.538843
     7930   0.442786   0.096731   -0.493846
     7931   0.444467   0.063814   -0.549858
     7932   0.424994   0.008087   -0.597949
     7933   0.445031   0.027543   -0.610106
     7934   0.499204   0.074230   -0.317221
     7935   0.480403   0.075737   -0.358903
     7936   0.490437   0.101218   -0.338074
     7937   0.522323   0.091061   -0.327685
     7938   0.503178   0.093044   -0.369254
     7939   0.439434   0.113448   -0.389406
     7940   0.458896   0.112723   -0.348071
     7941   0.451211   0.139093   -0.369802
     7942   0.462917   0.128966   -0.400953
     7943   0.482752   0.127588   -0.359805
     7944   0.668711   -0.212210   -0.670329
     7945   0.610510   -0.190116   -0.680859
     7946   0.679333   -0.188927   -0.686827
     7947   0.623006   -0.167682   -0.697230
     7948   0.808375   -0.490742   -0.911388
     7949   0.811248   -0.467823   -0.931273
     7950   0.793105   -0.532677   -0.965359
     7951   0.795653   -0.509126   -0.984538
     7952   0.610197   -0.129299   -0.581256
     7953   0.624058   -0.105209   -0.593727
     7954   0.594708   -0.052081   -0.414574
     7955   0.633111   -0.081534   -0.433105
     7956   0.608713   -0.053725   -0.448302
     7957   0.611499   -0.027916   -0.422471
     7958   0.647966   -0.056170   -0.441002
     7959   0.602910   -0.077920   -0.473259
     7960   0.618510   -0.053393   -0.482388
     7961   0.687470   -0.080678   -0.296162
     7962   0.702105   -0.054380   -0.300853
     7963   0.719955   -0.086231   -0.210517
     7964   0.704205   -0.082636   -0.252818
     7965   0.738281   -0.081853   -0.239292
     7966   0.735663   -0.060451   -0.214480
     7967   0.719268   -0.056466   -0.256914
     7968   -0.042814   0.727728   -0.795326
     7969   -0.057334   0.769155   -0.792332
     7970   -0.017319   0.730167   -0.756824
     7971   -0.010845   0.712364   -0.785585
     7972   -0.050744   0.752397   -0.821329
     7973   -0.018774   0.737033   -0.811588
     7974   -0.033484   0.778809   -0.808670
     7975   0.006551   0.739503   -0.773315
     7976   -0.003932   0.688573   -0.760110
     7977   0.020861   0.692556   -0.722289
     7978   0.027084   0.673618   -0.751062
     7979   0.020171   0.697409   -0.776538
     7980   0.044801   0.701217   -0.739046
     7981   0.405969   0.619830   -0.308767
     7982   0.436079   0.633480   -0.282295
     7983   0.425438   0.623436   -0.331927
     7984   0.454606   0.636906   -0.306239
     7985   0.452628   0.688339   -0.261740
     7986   0.470030   0.692998   -0.286310
     7987   0.466334   0.741937   -0.240173
     7988   0.482716   0.748139   -0.265103
     7989   0.441724   0.489437   -0.289329
     7990   0.461788   0.489748   -0.312257
     7991   0.069178   0.612636   -0.691779
     7992   0.045477   0.607783   -0.728276
     7993   0.063297   0.635450   -0.716919
     7994   0.093317   0.620412   -0.708685
     7995   0.069792   0.615861   -0.744782
     7996   0.237272   0.306221   -0.581747
     7997   0.226755   0.343958   -0.576933
     7998   0.262106   0.315989   -0.596468
     7999   0.251576   0.352522   -0.592383
     8000   0.195958   0.380845   -0.606285
     8001   0.220781   0.388994   -0.621961
     8002   0.441991   0.153159   -0.339409
     8003   0.420013   0.151893   -0.379563
     8004   0.466467   0.164927   -0.353008
     8005   0.444353   0.164978   -0.392384
     8006   0.419052   0.113727   -0.430154
     8007   0.442276   0.129926   -0.441385
     8008   0.518853   0.073889   -0.276298
     8009   0.479884   0.113295   -0.307703
     8010   0.542359   0.089525   -0.287450
     8011   0.504024   0.126844   -0.320179
     8012   0.762888   -0.219660   -0.630037
     8013   0.732127   -0.230668   -0.660358
     8014   0.734647   -0.200637   -0.642714
     8015   0.770492   -0.194495   -0.645416
     8016   0.740625   -0.206597   -0.676951
     8017   0.699662   -0.203606   -0.640391
     8018   0.709445   -0.179192   -0.655753
     8019   0.854608   -0.219937   -0.589817
     8020   0.789830   -0.210829   -0.599863
     8021   0.860406   -0.193483   -0.603714
     8022   0.796649   -0.184687   -0.613895
     8023   0.573315   -0.050760   -0.456130
     8024   0.590320   -0.027096   -0.464975
     8025   0.741370   -0.103139   -0.264831
     8026   0.754940   -0.076169   -0.268875
     8027   0.560973   0.035672   -0.245864
     8028   0.583491   0.053613   -0.255488
     8029   0.057656   0.655299   -0.688106
     8030   0.094111   0.617946   -0.654596
     8031   0.081567   0.663386   -0.705186
     8032   0.117988   0.625449   -0.671986
     8033   0.009664   0.645911   -0.762556
     8034   -0.027458   0.684748   -0.797291
     8035   0.034003   0.654432   -0.778801
     8036   -0.003214   0.693868   -0.813353
     8037   -0.066764   0.724948   -0.833146
     8038   -0.042585   0.734383   -0.849125
     8039   0.727025   -0.197667   -0.609723
     8040   0.736027   -0.172265   -0.623892
     8041   0.033120   0.650397   -0.725657
     8042   0.057260   0.658671   -0.742324
     8043   0.988598   -0.531717   -0.898873
     8044   0.970685   -0.508863   -0.845556
     8045   0.953553   -0.491003   -0.790055
     8046   0.935397   -0.477086   -0.733722
     8047   0.918106   -0.463150   -0.677134
     8048   0.900325   -0.447477   -0.621154
     8049   0.882173   -0.427588   -0.566662
     8050   0.864256   -0.403541   -0.513795
     8051   0.846560   -0.375156   -0.463052
     8052   0.828765   -0.342662   -0.414857
     8053   0.810149   -0.307263   -0.369090
     8054   0.791273   -0.269617   -0.325251
     8055   0.770294   -0.230803   -0.283440
     8056   0.750573   -0.191731   -0.241244
     8057   0.729627   -0.153206   -0.199126
     8058   0.707806   -0.116672   -0.155726
     8059   0.687299   -0.084045   -0.108773
     8060   0.668680   -0.059302   -0.056716
     8061   0.661898   -0.049424   0.002298
     8062   0.670368   -0.061143   0.060922
     8063   0.687187   -0.086805   0.113157
     8064   0.708895   -0.120359   0.158804
     8065   0.731014   -0.158035   0.201070
     8066   0.751725   -0.197527   0.242402
     8067   0.772663   -0.237573   0.283081
     8068   0.791560   -0.277847   0.324497
     8069   0.810222   -0.316371   0.367648
     8070   0.828199   -0.353494   0.412315
     8071   0.846165   -0.385675   0.460526
     8072   0.863052   -0.415981   0.510233
     8073   0.881263   -0.439403   0.563289
     8074   0.899578   -0.458691   0.617897
     8075   0.917323   -0.473674   0.674076
     8076   0.935595   -0.485462   0.730844
     8077   0.954154   -0.496688   0.787644
     8078   0.971413   -0.513018   0.843568
     8079   0.988621   -0.533155   0.898238
     8080   0.944889   -0.559680   -0.949911
     8081   0.884089   -0.563177   -0.947858
     8082   0.823378   -0.567991   -0.945008
     8083   0.762579   -0.571889   -0.942674
     8084   0.701735   -0.575227   -0.940659
     8085   0.640808   -0.576822   -0.939693
     8086   0.580137   -0.581936   -0.936557
     8087   0.520466   -0.591662   -0.930480
     8088   0.463330   -0.609403   -0.919072
     8089   0.408539   -0.631485   -0.904105
     8090   0.356347   -0.657050   -0.885827
     8091   0.307822   -0.686376   -0.863548
     8092   0.263997   -0.719050   -0.836594
     8093   0.222196   -0.752217   -0.807112
     8094   0.183525   -0.786149   -0.774466
     8095   0.148422   -0.820335   -0.738194
     8096   0.114759   -0.853553   -0.699748
     8097   0.084025   -0.886167   -0.658432
     8098   0.057783   -0.917849   -0.613449
     8099   0.033171   -0.947766   -0.566387
     8100   0.011797   -0.976002   -0.516797
     8101   -0.007563   -1.001635   -0.464998
     8102   -0.024535   -1.024989   -0.411320
     8103   -0.039710   -1.045767   -0.356058
     8104   -0.051913   -1.063406   -0.298998
     8105   -0.062754   -1.078109   -0.240885
     8106   -0.070774   -1.089890   -0.181615
     8107   -0.075400   -1.098046   -0.121396
     8108   -0.077724   -1.103112   -0.060697
     8109   -0.077506   -1.104973   0.000217
     8110   -0.078127   -1.103088   0.061118
     8111   -0.075774   -1.098014   0.121817
     8112   -0.069902   -1.089821   0.181899
     8113   -0.062641   -1.077999   0.241257
     8114   -0.052460   -1.063256   0.299478
     8115   -0.040075   -1.045604   0.356495
     8116   -0.024909   -1.024805   0.411750
     8117   -0.007135   -1.001588   0.465210
     8118   0.011568   -0.975807   0.517179
     8119   0.034298   -0.947807   0.566307
     8120   0.057592   -0.917616   0.613788
     8121   0.084162   -0.886011   0.658631
     8122   0.115234   -0.853499   0.699787
     8123   0.148714   -0.820233   0.738321
     8124   0.183401   -0.785828   0.774782
     8125   0.221945   -0.751773   0.807506
     8126   0.263231   -0.718278   0.837254
     8127   0.307941   -0.686313   0.863596
     8128   0.355785   -0.656313   0.886371
     8129   0.408527   -0.631596   0.904039
     8130   0.463478   -0.609743   0.918845
     8131   0.520665   -0.592092   0.930209
     8132   0.580231   -0.581860   0.936603
     8133   0.640972   -0.577519   0.939266
     8134   0.701862   -0.574876   0.940871
     8135   0.762715   -0.571748   0.942759
     8136   0.823494   -0.567627   0.945225
     8137   0.884145   -0.562288   0.948379
     8138   0.944876   -0.558258   0.950740
     8139   1.005840   -0.557873   0.950964
     8140   1.005840   -0.558428   -0.950641
     8141   0.642207   -0.128542   0.099817
     8142   0.599794   -0.170801   0.082352
     8143   0.557901   -0.216404   0.064160
     8144   0.517939   -0.263408   0.045093
     8145   0.481127   -0.311622   0.026046
     8146   0.444831   -0.360062   0.006727
     8147   0.409781   -0.410577   -0.011556
     8148   0.375079   -0.461270   -0.028043
     8149   0.340876   -0.511112   -0.043576
     8150   0.307344   -0.559607   -0.058668
     8151   0.275901   -0.607295   -0.073640
     8152   0.245675   -0.653127   -0.088661
     8153   0.216035   -0.696734   -0.105233
     8154   0.186577   -0.740053   -0.124731
     8155   0.154780   -0.786091   -0.143453
     8156   0.121331   -0.833390   -0.160586
     8157   0.087126   -0.881518   -0.176758
     8158   0.051230   -0.929314   -0.192580
     8159   0.015011   -0.977958   -0.208283
     8160   -0.022875   -1.027163   -0.224251
     8161   0.477917   -0.605945   0.855862
     8162   0.491648   -0.600059   0.796429
     8163   0.506804   -0.593844   0.740253
     8164   0.523266   -0.583283   0.685192
     8165   0.537156   -0.568260   0.628068
     8166   0.548240   -0.550613   0.571005
     8167   0.554764   -0.527996   0.515861
     8168   0.558972   -0.503780   0.463024
     8169   0.560237   -0.477288   0.413154
     8170   0.558609   -0.450085   0.364817
     8171   0.552619   -0.420806   0.316273
     8172   0.545974   -0.387662   0.264881
     8173   0.537231   -0.353600   0.211719
     8174   0.527380   -0.319880   0.158398
     8175   0.519767   -0.289044   0.103225
     8176   0.330161   -0.683280   0.800946
     8177   0.349171   -0.677639   0.740751
     8178   0.365877   -0.669668   0.682101
     8179   0.380435   -0.658146   0.624334
     8180   0.393114   -0.642725   0.567568
     8181   0.403929   -0.623341   0.512104
     8182   0.414115   -0.601361   0.457985
     8183   0.423793   -0.575588   0.405860
     8184   0.434649   -0.544467   0.355816
     8185   0.452258   -0.502087   0.305614
     8186   0.447365   -0.468153   0.240424
     8187   0.442917   -0.436259   0.182440
     8188   0.439717   -0.406949   0.125504
     8189   0.439151   -0.380970   0.067404
     8190   0.285472   -0.713685   0.776871
     8191   0.304696   -0.708180   0.718611
     8192   0.320722   -0.700389   0.660888
     8193   0.334289   -0.688045   0.603421
     8194   0.346820   -0.672393   0.546601
     8195   0.358478   -0.653511   0.490863
     8196   0.369709   -0.631824   0.436355
     8197   0.379243   -0.605411   0.383456
     8198   0.388863   -0.575527   0.331313
     8199   0.397730   -0.541679   0.278328
     8200   0.399659   -0.509791   0.221101
     8201   0.398645   -0.479234   0.164722
     8202   0.398388   -0.451827   0.107668
     8203   0.400876   -0.428346   0.049073
     8204   -0.032042   -1.038533   -0.164476
     8205   0.004318   -0.988738   -0.147913
     8206   0.039724   -0.939880   -0.131855
     8207   0.074579   -0.891691   -0.116271
     8208   0.108514   -0.844191   -0.101161
     8209   0.140575   -0.797585   -0.086180
     8210   0.171389   -0.752335   -0.069945
     8211   0.201649   -0.708279   -0.052555
     8212   0.232262   -0.664049   -0.035569
     8213   0.263774   -0.618801   -0.019022
     8214   0.295882   -0.572042   -0.002495
     8215   0.329658   -0.524704   0.014318
     8216   0.364813   -0.476845   0.031340
     8217   0.633214   -0.102839   0.048068
     8218   0.599618   -0.143833   0.024401
     8219   0.560973   -0.193989   0.004277
     8220   0.526141   -0.245716   -0.015389
     8221   0.492808   -0.295582   -0.035066
     8222   0.460259   -0.345672   -0.057132
     8223   0.426657   -0.399861   -0.074413
     8224   0.391827   -0.453250   -0.089175
     8225   0.357105   -0.504773   -0.102751
     8226   0.323226   -0.554294   -0.115898
     8227   0.290893   -0.601773   -0.128632
     8228   0.260341   -0.646272   -0.141258
     8229   0.232499   -0.686827   -0.156105
     8230   0.207312   -0.726485   -0.181501
     8231   0.173491   -0.774132   -0.203515
     8232   0.137919   -0.822582   -0.222272
     8233   0.101096   -0.870221   -0.238960
     8234   0.064082   -0.917818   -0.254325
     8235   0.026712   -0.965639   -0.268971
     8236   -0.011764   -1.013860   -0.283611
     8237   0.658045   -0.160712   0.148808
     8238   0.609801   -0.201826   0.135786
     8239   0.564045   -0.245117   0.119917
     8240   0.677396   -0.197222   0.194877
     8241   0.625865   -0.237612   0.185878
     8242   0.575406   -0.278330   0.173149
     8243   0.697544   -0.235067   0.241023
     8244   0.643795   -0.275526   0.237232
     8245   0.588761   -0.314365   0.225612
     8246   0.758315   -0.334001   0.365778
     8247   0.709708   -0.351355   0.359550
     8248   0.660223   -0.365069   0.343246
     8249   0.605163   -0.390172   0.329053
     8250   0.771149   -0.367019   0.409824
     8251   0.716342   -0.383714   0.402379
     8252   0.662269   -0.401104   0.390814
     8253   0.608977   -0.423629   0.377987
     8254   0.784168   -0.399989   0.456542
     8255   0.723765   -0.414986   0.450082
     8256   0.666046   -0.432907   0.439710
     8257   0.611416   -0.453837   0.427223
     8258   0.770912   -0.546999   0.879745
     8259   0.770949   -0.527531   0.814698
     8260   0.772838   -0.513502   0.751406
     8261   0.783502   -0.498981   0.690979
     8262   0.811400   -0.477017   0.631207
     8263   0.805238   -0.453499   0.565195
     8264   0.795492   -0.428177   0.508488
     8265   0.611521   -0.481517   0.478323
     8266   0.669039   -0.462165   0.491035
     8267   0.730284   -0.443418   0.502012
     8268   0.243885   -0.745974   0.750983
     8269   0.262161   -0.740464   0.696147
     8270   0.274563   -0.732188   0.640002
     8271   0.287729   -0.721344   0.582224
     8272   0.300453   -0.706201   0.524858
     8273   0.312637   -0.687438   0.468700
     8274   0.323815   -0.665006   0.414045
     8275   0.333898   -0.639202   0.360757
     8276   0.343465   -0.611249   0.307982
     8277   0.350838   -0.581046   0.255037
     8278   0.354564   -0.551004   0.200804
     8279   0.356932   -0.523033   0.145550
     8280   0.359440   -0.497840   0.089277
     8281   -0.038418   -1.048072   -0.104602
     8282   -0.003652   -0.998888   -0.087795
     8283   0.030734   -0.949899   -0.071761
     8284   0.065099   -0.901307   -0.056685
     8285   0.098607   -0.853570   -0.043122
     8286   0.130240   -0.808735   -0.031543
     8287   0.160387   -0.765706   -0.017308
     8288   0.190268   -0.722682   -0.000804
     8289   0.221248   -0.679186   0.016749
     8290   0.253296   -0.634651   0.034608
     8291   0.286708   -0.589286   0.052653
     8292   0.322109   -0.543727   0.070974
     8293   0.377550   -0.504893   -0.162218
     8294   0.398807   -0.509768   -0.222552
     8295   0.420003   -0.519333   -0.283038
     8296   0.439780   -0.530554   -0.343217
     8297   0.457620   -0.541475   -0.402686
     8298   0.474692   -0.552981   -0.460550
     8299   0.489214   -0.562546   -0.518213
     8300   0.502278   -0.571129   -0.576137
     8301   0.514133   -0.576194   -0.635312
     8302   0.525851   -0.578428   -0.695472
     8303   0.537832   -0.577221   -0.756290
     8304   0.552175   -0.575374   -0.816847
     8305   0.567487   -0.574227   -0.876150
     8306   0.000400   -0.998877   -0.342341
     8307   0.039490   -0.953125   -0.329987
     8308   0.077896   -0.906760   -0.317232
     8309   0.117072   -0.860374   -0.303027
     8310   0.155775   -0.812296   -0.286738
     8311   0.195253   -0.761940   -0.267382
     8312   0.237605   -0.705190   -0.242257
     8313   0.282736   -0.653390   -0.246120
     8314   0.321812   -0.606199   -0.240545
     8315   0.359942   -0.558821   -0.232069
     8316   0.013674   -0.983260   -0.400034
     8317   0.051459   -0.940464   -0.391788
     8318   0.090730   -0.895872   -0.382127
     8319   0.131814   -0.850776   -0.369786
     8320   0.172477   -0.803683   -0.354892
     8321   0.213858   -0.755465   -0.337709
     8322   0.256122   -0.705948   -0.320191
     8323   0.298177   -0.657786   -0.310685
     8324   0.338720   -0.611732   -0.301409
     8325   0.378897   -0.565877   -0.292181
     8326   0.025224   -0.967332   -0.454770
     8327   0.060699   -0.929107   -0.455331
     8328   0.101642   -0.885812   -0.449991
     8329   0.144869   -0.841261   -0.439710
     8330   0.188300   -0.795620   -0.425661
     8331   0.231653   -0.749606   -0.408786
     8332   0.274393   -0.704076   -0.390878
     8333   0.315607   -0.659696   -0.375723
     8334   0.356479   -0.616812   -0.363113
     8335   0.397402   -0.573676   -0.352571
     8336   0.512878   -0.591795   -0.878872
     8337   0.494893   -0.597162   -0.827332
     8338   0.481405   -0.602573   -0.766894
     8339   0.472449   -0.606196   -0.704877
     8340   0.463188   -0.605592   -0.643950
     8341   0.453692   -0.602810   -0.584081
     8342   0.443454   -0.595383   -0.526687
     8343   0.430563   -0.588704   -0.469948
     8344   0.414537   -0.580954   -0.412238
     8345   0.600656   -0.351617   0.279168
     8346   0.609498   -0.507650   0.531826
     8347   0.668383   -0.486670   0.546852
     8348   0.733970   -0.469687   0.557874
     8349   0.478641   -0.334629   0.085425
     8350   0.205936   -0.778701   0.723809
     8351   0.221529   -0.771330   0.674952
     8352   0.228015   -0.768848   0.621040
     8353   0.239775   -0.758595   0.560976
     8354   0.253111   -0.743957   0.502046
     8355   0.265936   -0.724897   0.445152
     8356   0.278291   -0.702560   0.390159
     8357   0.289246   -0.676900   0.336945
     8358   0.299221   -0.649601   0.284657
     8359   0.307111   -0.621167   0.232604
     8360   0.312570   -0.593037   0.179901
     8361   0.317068   -0.566975   0.126045
     8362   -0.043797   -1.055273   -0.045346
     8363   -0.010248   -1.008448   -0.027990
     8364   0.024100   -0.959738   -0.012232
     8365   0.058868   -0.910235   0.002621
     8366   0.093371   -0.860673   0.014986
     8367   0.123207   -0.818398   0.018456
     8368   0.150827   -0.779482   0.031098
     8369   0.179850   -0.739180   0.048150
     8370   0.210915   -0.697321   0.067141
     8371   0.244482   -0.654615   0.086598
     8372   0.279615   -0.610948   0.106230
     8373   0.828866   -0.442488   -0.577790
     8374   0.775539   -0.459310   -0.588212
     8375   0.722599   -0.478348   -0.597914
     8376   0.670220   -0.499720   -0.607324
     8377   0.618014   -0.523051   -0.616774
     8378   0.566196   -0.548915   -0.626143
     8379   0.811588   -0.421169   -0.524111
     8380   0.758764   -0.440566   -0.533743
     8381   0.706268   -0.462324   -0.542541
     8382   0.654282   -0.486311   -0.550953
     8383   0.602884   -0.512531   -0.559339
     8384   0.552418   -0.541158   -0.567789
     8385   0.793698   -0.395403   -0.472597
     8386   0.741111   -0.418136   -0.480796
     8387   0.689023   -0.443076   -0.488138
     8388   0.637666   -0.470276   -0.495107
     8389   0.587020   -0.499294   -0.502411
     8390   0.537527   -0.530217   -0.510185
     8391   0.775301   -0.366569   -0.422631
     8392   0.722459   -0.392310   -0.429229
     8393   0.670384   -0.419932   -0.434988
     8394   0.619420   -0.450162   -0.440187
     8395   0.569707   -0.482890   -0.445934
     8396   0.521497   -0.517447   -0.452756
     8397   0.755713   -0.334229   -0.374723
     8398   0.702669   -0.363562   -0.378857
     8399   0.650987   -0.394522   -0.382052
     8400   0.600321   -0.427670   -0.384831
     8401   0.550874   -0.463854   -0.389136
     8402   0.503317   -0.502115   -0.395249
     8403   0.734807   -0.299424   -0.327835
     8404   0.681199   -0.332028   -0.329752
     8405   0.630739   -0.366526   -0.329546
     8406   0.580589   -0.402278   -0.327949
     8407   0.531329   -0.443567   -0.330449
     8408   0.484480   -0.486951   -0.335927
     8409   0.414943   -0.452550   -0.150693
     8410   0.440125   -0.457904   -0.213228
     8411   0.463444   -0.471237   -0.275364
     8412   0.435208   -0.622666   -0.846445
     8413   0.422926   -0.632771   -0.778955
     8414   0.419228   -0.635372   -0.713347
     8415   0.413356   -0.636128   -0.651570
     8416   0.404659   -0.634838   -0.590626
     8417   0.401325   -0.626834   -0.534866
     8418   0.389631   -0.623883   -0.481171
     8419   0.373517   -0.620328   -0.423808
     8420   0.665565   -0.317010   0.295157
     8421   0.896394   -0.508654   0.800827
     8422   0.835880   -0.519348   0.812647
     8423   0.845838   -0.540830   0.881633
     8424   0.376935   -0.654355   0.822353
     8425   0.426004   -0.627512   0.840501
     8426   0.395550   -0.649905   0.761491
     8427   0.443128   -0.623709   0.780083
     8428   0.482165   -0.362746   0.142297
     8429   0.142530   -0.836382   0.655110
     8430   0.174892   -0.812913   0.608538
     8431   0.190024   -0.801492   0.538739
     8432   0.204714   -0.786011   0.477071
     8433   0.218821   -0.766251   0.419262
     8434   0.231991   -0.742593   0.364237
     8435   0.244828   -0.716791   0.311415
     8436   0.256441   -0.689746   0.260204
     8437   0.265165   -0.661708   0.209793
     8438   0.273027   -0.635563   0.158439
     8439   -0.047600   -1.061632   0.011146
     8440   -0.017999   -1.018533   0.032192
     8441   0.016939   -0.968867   0.046512
     8442   0.053295   -0.917978   0.062368
     8443   0.095071   -0.860737   0.079784
     8444   0.127438   -0.818476   0.109079
     8445   0.157160   -0.782059   0.135086
     8446   0.190460   -0.743706   0.160846
     8447   0.226509   -0.703135   0.185734
     8448   0.235913   -0.677786   0.136732
     8449   0.877881   -0.488337   -0.746007
     8450   0.820640   -0.498984   -0.757681
     8451   0.765570   -0.510566   -0.766411
     8452   0.715665   -0.523126   -0.775810
     8453   0.667808   -0.537847   -0.795280
     8454   0.610177   -0.555709   -0.807592
     8455   0.632644   -0.529594   -0.675398
     8456   0.648487   -0.534328   -0.734571
     8457   0.593814   -0.554624   -0.746052
     8458   0.712004   -0.263238   -0.279241
     8459   0.659021   -0.301570   -0.279677
     8460   0.611368   -0.338081   -0.277604
     8461   0.561256   -0.372161   -0.266631
     8462   0.510267   -0.421560   -0.269034
     8463   0.453436   -0.396637   -0.137794
     8464   0.486086   -0.400136   -0.203548
     8465   0.911590   -0.525004   0.857974
     8466   0.933147   -0.540644   0.904817
     8467   0.887715   -0.547974   0.911589
     8468   0.426726   -0.630991   0.644912
     8469   0.474048   -0.605662   0.665006
     8470   0.489042   -0.394317   0.197423
     8471   0.107625   -0.870736   0.618432
     8472   0.123661   -0.860341   0.569001
     8473   0.140595   -0.849110   0.508347
     8474   0.155572   -0.831701   0.447988
     8475   0.170897   -0.810475   0.389948
     8476   0.186489   -0.785940   0.334733
     8477   0.201513   -0.758498   0.282877
     8478   0.214859   -0.730163   0.233762
     8479   0.074335   -0.911675   0.541186
     8480   0.089122   -0.898920   0.477686
     8481   0.106102   -0.881232   0.415977
     8482   0.123269   -0.858470   0.356691
     8483   0.140692   -0.831322   0.300511
     8484   0.159549   -0.800807   0.249879
     8485   0.176691   -0.770557   0.204883
     8486   0.036671   -0.954554   0.444996
     8487   0.055771   -0.934692   0.380887
     8488   0.075269   -0.910091   0.319151
     8489   0.094711   -0.880487   0.258860
     8490   0.119874   -0.842720   0.209145
     8491   0.142926   -0.807970   0.173788
     8492   0.005307   -0.992472   0.342741
     8493   0.026908   -0.965494   0.278985
     8494   0.045248   -0.938602   0.204737
     8495   0.084116   -0.881991   0.151852
     8496   -0.018304   -1.019910   0.248360
     8497   -0.029869   -1.035080   0.097945
     8498   -0.012347   -1.013090   0.175642
     8499   0.201113   -0.719002   0.114800
     8500   0.628269   -0.558369   -0.871969
     8501   0.579549   -0.552704   -0.685788
     8502   0.545756   -0.238499   -0.075110
     8503   0.571608   -0.243962   -0.128903
     8504   0.595650   -0.262657   -0.181417
     8505   0.633317   -0.274353   -0.230306
     8506   0.544086   -0.327366   -0.191640
     8507   0.063520   -0.922408   -0.524785
     8508   0.109270   -0.876309   -0.522821
     8509   0.156258   -0.831165   -0.513583
     8510   0.203396   -0.786375   -0.499365
     8511   0.249789   -0.741811   -0.481178
     8512   0.293411   -0.698958   -0.459311
     8513   0.333556   -0.659018   -0.438910
     8514   0.115435   -0.865632   -0.602691
     8515   0.167221   -0.819930   -0.592123
     8516   0.219331   -0.775932   -0.576710
     8517   0.271075   -0.731171   -0.557115
     8518   0.317035   -0.690456   -0.526256
     8519   0.352256   -0.656789   -0.496821
     8520   0.177414   -0.805843   -0.675088
     8521   0.233270   -0.762209   -0.657577
     8522   0.297675   -0.714114   -0.644132
     8523   0.351197   -0.672578   -0.591962
     8524   0.238890   -0.752036   -0.733985
     8525   0.356078   -0.668946   -0.788800
     8526   0.298292   -0.709073   -0.742876
     8527   0.743668   -0.301712   0.326099
     8528   0.719640   -0.272493   0.286726
     8529   0.602728   -0.528691   0.589312
     8530   0.663640   -0.510196   0.605661
     8531   0.731516   -0.491425   0.619244
     8532   0.439320   -0.615699   0.588211
     8533   0.487416   -0.591334   0.608262
     8534   0.458727   -0.574826   0.479004
     8535   0.505526   -0.550786   0.498290
     8536   0.496286   -0.426587   0.252370
     8537   -0.021612   -1.025382   0.296862
     8538   0.774412   -0.523309   -0.820377
     8539   0.770095   -0.543456   -0.877400
     8540   0.699025   -0.545099   -0.862171
     8541   0.491405   -0.337837   -0.120833
     8542   0.200277   -0.781796   -0.727882
     8543   0.706092   -0.322942   0.327347
     8544   0.450174   -0.597123   0.532755
     8545   0.497848   -0.572479   0.552574
     8546   0.044702   -0.932384   0.118477
     8547   0.010210   -0.979216   0.102048
     8548   0.033330   -0.950746   0.156148
     8549   0.010140   -0.980827   0.144615
     8550   0.893704   -0.503715   -0.803035
     8551   0.833251   -0.514884   -0.816252
     8552   0.738023   -0.491052   -0.654186
     8553   0.752677   -0.501546   -0.710554
     8554   0.700451   -0.516787   -0.721407
     8555   0.670493   -0.159340   -0.158120
     8556   0.638292   -0.208028   -0.171605
     8557   0.579330   -0.182779   -0.059213
     8558   0.606835   -0.191709   -0.118099
     8559   0.516159   -0.287909   -0.093239
     8560   0.543408   -0.285962   -0.138248
     8561   0.366569   -0.666552   -0.658138
     8562   0.368805   -0.665000   -0.717740
     8563   0.332630   -0.690069   -0.670977
     8564   0.333614   -0.688632   -0.710512
     8565   0.884749   -0.495657   0.744569
     8566   0.831250   -0.504358   0.752413
     8567   0.591794   -0.548130   0.648434
     8568   0.651535   -0.528530   0.669458
     8569   0.718409   -0.511350   0.681702
     8570   0.411906   -0.642024   0.702598
     8571   0.459175   -0.616744   0.721947
     8572   0.466712   -0.550549   0.428180
     8573   0.511351   -0.526737   0.446954
     8574   0.473901   -0.524657   0.382224
     8575   0.514580   -0.501315   0.399137
     8576   0.503284   -0.456269   0.307322
     8577   0.513876   -0.477066   0.354631
     8578   0.005706   -0.990625   0.399830
     8579   0.169607   -0.758766   0.093043
     8580   0.844780   -0.538380   -0.882223
     8581   0.729485   -0.528693   -0.820004
     8582   0.643818   -0.136485   -0.108262
     8583   0.619519   -0.117948   -0.039958
     8584   0.135724   -0.841499   -0.659169
     8585   0.876288   -0.484180   0.694284
     8586   0.832257   -0.492154   0.700245
     8587   0.117839   -0.835902   0.144958
     8588   0.685355   -0.509349   -0.664568
     8589   0.685228   -0.222402   -0.224219
     8590   0.368286   -0.652103   -0.541210
     8591   0.910363   -0.521759   -0.859358
     8592   0.595651   -0.312623   -0.233812
     8593   0.705177   -0.552458   0.878488
     8594   0.706032   -0.536849   0.813625
     8595   0.707594   -0.526628   0.747201
     8596   0.531149   -0.587210   0.867667
     8597   0.585520   -0.571226   0.874863
     8598   0.643140   -0.559104   0.877331
     8599   0.575282   -0.562489   0.708346
     8600   0.553660   -0.574220   0.757740
     8601   0.541633   -0.581781   0.809812
     8602   0.633724   -0.545513   0.742083
     8603   0.643123   -0.551200   0.812681
     8604   0.590657   -0.566609   0.817421
     8605   0.479868   -0.501093   0.347604
     8606   -0.052142   -1.066404   0.056735
     8607   0.932672   -0.539025   -0.905476
     8608   0.887167   -0.546737   -0.911907
     8609   0.635207   -0.087968   0.004005
     8610   0.382232   -0.648949   -0.840315
     8611   0.040601   -0.947102   0.501088
     8612   0.845792   -0.460360   -0.632797
     8613   0.791548   -0.474694   -0.643844
     8614   0.341359   -0.554436   -0.173579
     8615   0.079150   -0.902219   -0.580312
     8616   0.871344   -0.475113   0.658371
     8617   0.838383   -0.481696   0.663204
     8618   0.033545   -0.955277   -0.498787
     8619   0.141518   -0.795218   0.072882
     8620   0.862102   -0.474743   -0.689092
     8621   0.806716   -0.487345   -0.700334
     8622   0.306751   -0.601544   -0.183690
     8623   0.592632   -0.561959   0.772433
     8624   0.079504   -0.899647   0.591088
     8625   0.694873   -0.178055   -0.194116
     8626   0.171570   -0.808024   0.694052
     8627   0.470195   -0.607172   -0.881498
     8628   0.189370   -0.797468   0.659188
     8629   0.274444   -0.645020   -0.191881
     8630   0.119591   -0.824542   0.057054
     8631   0.248075   -0.678924   -0.196772
     8632   0.886002   -0.466982   0.551207
     8633   0.903934   -0.487402   0.608637
     8634   0.921179   -0.502850   0.666143
     8635   0.939615   -0.514765   0.723480
     8636   0.958061   -0.525732   0.779264
     8637   0.974631   -0.541559   0.833367
     8638   0.990614   -0.561240   0.886564
     8639   1.007052   -0.585730   0.938654
     8640   1.007137   -0.585589   -0.936870
     8641   0.946720   -0.587012   -0.936545
     8642   0.886725   -0.590808   -0.935265
     8643   0.826073   -0.595814   -0.932855
     8644   0.765097   -0.599909   -0.930944
     8645   0.704305   -0.603686   -0.930053
     8646   0.644604   -0.605874   -0.931290
     8647   0.586212   -0.611360   -0.931427
     8648   0.528874   -0.620889   -0.928458
     8649   0.473872   -0.638001   -0.919063
     8650   0.420776   -0.659363   -0.905546
     8651   0.370084   -0.684126   -0.888512
     8652   0.322979   -0.712599   -0.866960
     8653   0.280574   -0.744362   -0.840272
     8654   0.239807   -0.776781   -0.811043
     8655   0.201762   -0.810265   -0.778319
     8656   0.167257   -0.844055   -0.741604
     8657   0.134240   -0.876788   -0.702853
     8658   0.104270   -0.908736   -0.661562
     8659   0.078621   -0.939906   -0.616324
     8660   0.054507   -0.969390   -0.568874
     8661   0.033675   -0.997112   -0.518967
     8662   0.014710   -1.022373   -0.466692
     8663   -0.001834   -1.045298   -0.412432
     8664   -0.016492   -1.065505   -0.356664
     8665   0.990583   -0.559197   -0.885838
     8666   0.973909   -0.536992   -0.834268
     8667   0.957460   -0.519705   -0.780571
     8668   0.939460   -0.506084   -0.725258
     8669   0.922370   -0.492065   -0.668489
     8670   0.904966   -0.475850   -0.611031
     8671   0.887376   -0.455013   -0.554421
     8672   0.870136   -0.429718   -0.499331
     8673   0.853194   -0.399846   -0.446456
     8674   0.836333   -0.365718   -0.396414
     8675   0.818712   -0.328695   -0.349181
     8676   0.801167   -0.289566   -0.304438
     8677   0.782062   -0.249440   -0.262387
     8678   0.763963   -0.209109   -0.220084
     8679   0.744539   -0.169626   -0.178221
     8680   0.724988   -0.132781   -0.136379
     8681   0.707589   -0.100225   -0.092787
     8682   0.691999   -0.076557   -0.047362
     8683   0.686266   -0.067721   0.001625
     8684   0.693167   -0.078734   0.050932
     8685   0.707119   -0.103326   0.097070
     8686   0.725777   -0.136462   0.139189
     8687   0.745548   -0.174577   0.179995
     8688   0.764331   -0.214958   0.220809
     8689   0.783450   -0.256020   0.261346
     8690   0.800820   -0.297590   0.303201
     8691   0.818051   -0.337614   0.347241
     8692   0.834995   -0.376274   0.393239
     8693   0.852352   -0.410057   0.443314
     8694   0.868459   -0.442122   0.495522
     8695   -0.028234   -1.082596   -0.299291
     8696   -0.038733   -1.096871   -0.240976
     8697   -0.046437   -1.108239   -0.181888
     8698   -0.050801   -1.116041   -0.121730
     8699   -0.052852   -1.120727   -0.061042
     8700   -0.052510   -1.122416   0.000359
     8701   -0.053268   -1.120717   0.061667
     8702   -0.051154   -1.115983   0.121910
     8703   -0.045508   -1.108094   0.182039
     8704   -0.038488   -1.096589   0.241529
     8705   -0.028753   -1.082409   0.299841
     8706   -0.016816   -1.065290   0.357216
     8707   -0.002027   -1.044919   0.412672
     8708   0.015365   -1.022104   0.466569
     8709   0.033439   -0.996963   0.518937
     8710   0.055643   -0.969423   0.568795
     8711   0.078526   -0.939550   0.616897
     8712   0.104332   -0.908658   0.661685
     8713   0.134729   -0.876726   0.702862
     8714   0.167535   -0.843949   0.741831
     8715   0.201496   -0.809999   0.778948
     8716   0.239336   -0.776430   0.811823
     8717   0.279582   -0.743665   0.841394
     8718   0.323106   -0.712445   0.867616
     8719   0.369594   -0.683284   0.889670
     8720   0.420630   -0.659509   0.905886
     8721   0.473868   -0.638393   0.919325
     8722   0.529020   -0.621369   0.928764
     8723   0.585999   -0.611414   0.931876
     8724   0.644365   -0.606726   0.931236
     8725   0.704158   -0.603592   0.930913
     8726   0.765063   -0.600179   0.932028
     8727   0.826243   -0.595965   0.934342
     8728   0.886924   -0.590580   0.937385
     8729   0.946763   -0.586323   0.939001
     8730   0.039157   -0.996538   -0.207395
     8731   0.075364   -0.947875   -0.191132
     8732   0.028849   -1.006818   -0.147313
     8733   0.064221   -0.957986   -0.130788
     8734   0.087771   -0.936930   -0.252699
     8735   0.050446   -0.984744   -0.268102
     8736   0.677457   -0.456779   0.424580
     8737   0.733045   -0.439190   0.434047
     8738   0.679880   -0.487446   0.477907
     8739   0.739010   -0.469159   0.488216
     8740   0.791322   -0.424370   0.439707
     8741   0.801975   -0.454240   0.494075
     8742   0.421142   -0.497466   0.155208
     8743   0.421991   -0.469629   0.100251
     8744   0.464429   -0.454632   0.171094
     8745   0.462562   -0.424798   0.116095
     8746   0.226386   -0.726012   -0.050934
     8747   0.257063   -0.681721   -0.034282
     8748   0.215176   -0.740249   -0.000863
     8749   0.246088   -0.696837   0.016079
     8750   -0.007614   -1.056762   -0.164448
     8751   0.001185   -1.045874   -0.224014
     8752   0.505140   -0.587346   -0.510444
     8753   0.491634   -0.576668   -0.451552
     8754   0.460292   -0.619965   -0.520267
     8755   0.448426   -0.612234   -0.462445
     8756   0.145564   -0.851695   -0.158004
     8757   0.111269   -0.900015   -0.174767
     8758   0.161555   -0.841551   -0.219027
     8759   0.124706   -0.889348   -0.236556
     8760   0.629758   -0.218563   0.119955
     8761   0.585465   -0.262298   0.106688
     8762   0.622455   -0.187818   0.071129
     8763   0.581517   -0.233832   0.055940
     8764   0.542413   -0.306477   0.092629
     8765   0.542305   -0.280927   0.039760
     8766   0.692988   -0.213944   0.174721
     8767   0.711222   -0.252769   0.220321
     8768   0.620250   -0.410988   0.312679
     8769   0.569419   -0.441445   0.301413
     8770   0.616770   -0.371138   0.262189
     8771   0.563870   -0.407126   0.249718
     8772   0.556343   -0.371949   0.196649
     8773   0.606229   -0.332687   0.208635
     8774   0.624865   -0.477346   0.413240
     8775   0.575418   -0.500410   0.400349
     8776   0.623251   -0.445811   0.362714
     8777   0.574504   -0.471988   0.350796
     8778   0.678787   -0.513247   0.536151
     8779   0.742240   -0.496759   0.546571
     8780   0.811209   -0.480939   0.553345
     8781   0.463271   -0.398639   0.061483
     8782   0.469663   -0.377715   0.005862
     8783   0.502233   -0.352150   0.077334
     8784   0.505815   -0.329261   0.023145
     8785   0.409013   -0.596516   0.322233
     8786   0.418480   -0.561652   0.268349
     8787   0.453607   -0.566050   0.345628
     8788   0.471583   -0.522626   0.294050
     8789   0.425434   -0.445968   0.045151
     8790   0.434674   -0.428144   -0.010699
     8791   0.278124   -0.652265   0.033081
     8792   0.235571   -0.715093   0.064850
     8793   0.268953   -0.672459   0.083166
     8794   0.196132   -0.770046   -0.068178
     8795   0.185321   -0.783235   -0.016975
     8796   0.288712   -0.636310   -0.018297
     8797   0.099089   -0.909752   -0.114840
     8798   0.420354   -0.528903   -0.212623
     8799   0.440393   -0.539439   -0.272595
     8800   0.461254   -0.476807   -0.202034
     8801   0.483182   -0.491154   -0.263415
     8802   0.459104   -0.551856   -0.333128
     8803   0.502995   -0.508162   -0.324250
     8804   0.278146   -0.726357   -0.314952
     8805   0.319885   -0.678176   -0.304201
     8806   0.260556   -0.724503   -0.236848
     8807   0.305229   -0.672866   -0.239506
     8808   0.336430   -0.681152   -0.369804
     8809   0.376929   -0.638208   -0.355828
     8810   0.360051   -0.632074   -0.293649
     8811   0.433474   -0.603364   -0.403979
     8812   0.417402   -0.594987   -0.343917
     8813   0.392960   -0.642788   -0.416987
     8814   0.517258   -0.596929   -0.569891
     8815   0.469616   -0.628322   -0.579122
     8816   0.475738   -0.563963   -0.392937
     8817   0.011917   -1.033050   -0.283527
     8818   0.676028   -0.177054   0.130408
     8819   0.659449   -0.293635   0.218363
     8820   0.643423   -0.254665   0.167715
     8821   0.673146   -0.386172   0.325449
     8822   0.679163   -0.336530   0.276103
     8823   0.674411   -0.423651   0.374284
     8824   0.848804   -0.569398   0.871430
     8825   0.773691   -0.575791   0.870136
     8826   0.774902   -0.556849   0.807361
     8827   0.839418   -0.548479   0.804407
     8828   0.568683   -0.553377   0.506314
     8829   0.573478   -0.528056   0.451653
     8830   0.621759   -0.533645   0.521679
     8831   0.624254   -0.506311   0.465986
     8832   0.504124   -0.380461   0.130764
     8833   0.548068   -0.337510   0.144606
     8834   0.421162   -0.528773   0.210790
     8835   0.467771   -0.487424   0.228539
     8836   0.310701   -0.697673   0.330846
     8837   0.321113   -0.669631   0.277685
     8838   0.354507   -0.660521   0.353698
     8839   0.364583   -0.631740   0.300031
     8840   0.303831   -0.628845   0.101505
     8841   0.259949   -0.695954   0.132122
     8842   0.296645   -0.653927   0.152610
     8843   0.288199   -0.680647   0.203487
     8844   0.250112   -0.721745   0.180678
     8845   0.311409   -0.606942   0.049974
     8846   0.346517   -0.561524   0.066903
     8847   0.340824   -0.585047   0.119876
     8848   0.320791   -0.589608   -0.002586
     8849   0.133147   -0.862063   -0.099484
     8850   0.549502   -0.605320   -0.754482
     8851   0.562213   -0.604096   -0.815025
     8852   0.604220   -0.583085   -0.742782
     8853   0.618691   -0.584784   -0.804249
     8854   0.675302   -0.566995   -0.790460
     8855   0.657606   -0.563053   -0.730016
     8856   0.600648   -0.524419   -0.491824
     8857   0.552366   -0.555221   -0.501039
     8858   0.615508   -0.538806   -0.550437
     8859   0.566257   -0.567234   -0.560202
     8860   0.664091   -0.416735   -0.365807
     8861   0.614972   -0.450060   -0.370234
     8862   0.682191   -0.443643   -0.419907
     8863   0.632769   -0.473920   -0.426533
     8864   0.645404   -0.387294   -0.312733
     8865   0.596716   -0.423275   -0.312846
     8866   0.450741   -0.417482   -0.068209
     8867   0.415687   -0.471109   -0.082787
     8868   0.475806   -0.414595   -0.127491
     8869   0.437479   -0.470754   -0.141216
     8870   0.380823   -0.522839   -0.096416
     8871   0.400204   -0.523345   -0.153536
     8872   0.236095   -0.775922   -0.333703
     8873   0.218245   -0.781497   -0.263144
     8874   0.344030   -0.625595   -0.232853
     8875   0.295563   -0.725519   -0.386291
     8876   0.399821   -0.586104   -0.283119
     8877   0.408095   -0.647361   -0.475098
     8878   0.528191   -0.602880   -0.630928
     8879   0.478274   -0.631888   -0.640795
     8880   0.179026   -0.804299   -0.140348
     8881   0.197117   -0.792972   -0.199527
     8882   0.663272   -0.145178   0.085377
     8883   0.594620   -0.295744   0.157130
     8884   0.726418   -0.406403   0.384695
     8885   0.935518   -0.568838   0.893480
     8886   0.890547   -0.576282   0.900648
     8887   0.914792   -0.553568   0.847832
     8888   0.391075   -0.681207   0.825184
     8889   0.345525   -0.709394   0.804267
     8890   0.364999   -0.703623   0.742576
     8891   0.410232   -0.676573   0.763012
     8892   0.509456   -0.412697   0.184215
     8893   0.398879   -0.627308   0.375456
     8894   0.299297   -0.724057   0.385090
     8895   0.343956   -0.687129   0.408217
     8896   0.329499   -0.640420   0.225046
     8897   0.372507   -0.600621   0.246304
     8898   0.335607   -0.611619   0.172621
     8899   0.069333   -0.957233   0.203383
     8900   0.050496   -0.984786   0.278313
     8901   0.012023   -1.031391   0.175228
     8902   0.005662   -1.038742   0.248321
     8903   0.225459   -0.736993   0.111248
     8904   0.214448   -0.762076   0.156824
     8905   0.165295   -0.815327   -0.084402
     8906   0.155129   -0.826320   -0.030967
     8907   0.354434   -0.542423   0.013216
     8908   0.389569   -0.494477   0.029044
     8909   0.383567   -0.515599   0.083664
     8910   0.633892   -0.587710   -0.865928
     8911   0.575148   -0.603514   -0.872593
     8912   0.538870   -0.605849   -0.692709
     8913   0.591358   -0.580507   -0.681719
     8914   0.643112   -0.557713   -0.670037
     8915   0.750262   -0.443183   -0.466035
     8916   0.699789   -0.468217   -0.474682
     8917   0.766965   -0.467006   -0.520988
     8918   0.716062   -0.488798   -0.531041
     8919   0.649923   -0.495447   -0.483058
     8920   0.665513   -0.512748   -0.540758
     8921   0.714058   -0.385466   -0.360981
     8922   0.732644   -0.415857   -0.412772
     8923   0.566899   -0.486300   -0.376160
     8924   0.584421   -0.506667   -0.433803
     8925   0.694143   -0.352514   -0.311265
     8926   0.548798   -0.464660   -0.317070
     8927   0.627561   -0.357614   -0.260713
     8928   0.578894   -0.391774   -0.251358
     8929   0.506627   -0.418768   -0.190901
     8930   0.529155   -0.441241   -0.255437
     8931   0.563705   -0.345524   -0.176997
     8932   0.194937   -0.824091   -0.352045
     8933   0.178841   -0.831946   -0.283442
     8934   0.381839   -0.578110   -0.223267
     8935   0.315579   -0.738781   -0.643944
     8936   0.252103   -0.786148   -0.658721
     8937   0.315136   -0.734371   -0.745184
     8938   0.256932   -0.776433   -0.736868
     8939   0.418877   -0.651220   -0.529737
     8940   0.486608   -0.633144   -0.703336
     8941   0.240359   -0.714760   -0.101705
     8942   0.210841   -0.758175   -0.121280
     8943   0.256321   -0.705187   -0.151158
     8944   0.231037   -0.745062   -0.176918
     8945   0.731443   -0.291241   0.265792
     8946   0.779122   -0.389757   0.391158
     8947   0.900126   -0.537712   0.792415
     8948   0.561769   -0.576932   0.563700
     8949   0.614623   -0.555691   0.581661
     8950   0.456574   -0.651043   0.781125
     8951   0.438619   -0.655205   0.842220
     8952   0.503449   -0.628162   0.796418
     8953   0.488790   -0.634418   0.856175
     8954   0.515499   -0.446037   0.238894
     8955   0.388911   -0.654586   0.429859
     8956   0.286489   -0.747104   0.441482
     8957   0.332330   -0.710308   0.464436
     8958   0.376906   -0.569789   0.192028
     8959   0.192853   -0.831461   0.387392
     8960   0.208837   -0.806350   0.331128
     8961   0.240100   -0.787851   0.416148
     8962   0.253687   -0.763558   0.359901
     8963   0.200334   -0.789377   0.200900
     8964   0.238003   -0.749354   0.228754
     8965   0.166950   -0.826461   0.170630
     8966   0.181428   -0.800241   0.132000
     8967   0.098408   -0.929885   0.317796
     8968   0.118259   -0.899716   0.256670
     8969   0.028532   -1.012210   0.342955
     8970   0.002073   -1.044566   0.296998
     8971   -0.022645   -1.079131   0.011292
     8972   -0.018916   -1.072879   -0.045516
     8973   0.204678   -0.756808   0.046794
     8974   0.123456   -0.871210   -0.042476
     8975   0.703303   -0.574103   -0.853834
     8976   0.772847   -0.571813   -0.866567
     8977   0.629646   -0.550341   -0.609778
     8978   0.579100   -0.575942   -0.620479
     8979   0.818217   -0.447463   -0.510192
     8980   0.801187   -0.420240   -0.456595
     8981   0.783782   -0.389811   -0.404830
     8982   0.765237   -0.355820   -0.355431
     8983   0.745722   -0.319605   -0.307770
     8984   0.673655   -0.320851   -0.261153
     8985   0.484526   -0.363318   -0.051767
     8986   0.513832   -0.355489   -0.110136
     8987   0.023625   -1.018616   -0.342509
     8988   0.154285   -0.871294   -0.368023
     8989   0.140100   -0.880200   -0.300640
     8990   0.253072   -0.771035   -0.405465
     8991   0.353358   -0.681549   -0.433501
     8992   0.371145   -0.680230   -0.492050
     8993   0.239041   -0.799180   -0.576419
     8994   0.290411   -0.754670   -0.555395
     8995   0.196584   -0.829416   -0.677505
     8996   0.218714   -0.805843   -0.731177
     8997   0.421402   -0.660021   -0.586813
     8998   0.494427   -0.630129   -0.766513
     8999   0.270142   -0.670970   -0.085193
     9000   0.284205   -0.664481   -0.135968
     9001   0.753855   -0.321608   0.305376
     9002   0.767258   -0.355283   0.345874
     9003   0.717523   -0.343093   0.307540
     9004   0.720607   -0.372616   0.340623
     9005   0.673664   -0.537823   0.597582
     9006   0.397152   -0.683548   0.622268
     9007   0.410229   -0.667619   0.563522
     9008   0.442281   -0.657106   0.642663
     9009   0.455256   -0.641306   0.583810
     9010   0.550349   -0.595299   0.623185
     9011   0.512864   -0.598084   0.545650
     9012   0.502055   -0.617662   0.603619
     9013   0.466533   -0.622033   0.526357
     9014   0.377224   -0.677040   0.485961
     9015   0.421556   -0.647551   0.506433
     9016   0.432303   -0.624744   0.450812
     9017   0.319657   -0.729704   0.522060
     9018   0.365055   -0.696569   0.543127
     9019   0.273164   -0.766811   0.499901
     9020   0.380148   -0.541192   0.137784
     9021   0.177138   -0.853200   0.446679
     9022   0.225605   -0.808144   0.475421
     9023   0.224243   -0.778307   0.278411
     9024   0.266929   -0.737110   0.306148
     9025   0.182828   -0.820147   0.246258
     9026   0.143697   -0.861526   0.206356
     9027   0.078459   -0.955044   0.380617
     9028   0.108484   -0.900206   0.149992
     9029   0.057778   -0.968903   0.154868
     9030   0.034696   -0.998856   0.143628
     9031   -0.005119   -1.052869   0.097905
     9032   0.034941   -0.997023   0.101492
     9033   0.069289   -0.950367   0.117416
     9034   0.897363   -0.532435   -0.793506
     9035   0.881915   -0.517382   -0.737694
     9036   0.708335   -0.545679   -0.715741
     9037   0.722242   -0.552310   -0.769973
     9038   0.770981   -0.539775   -0.759585
     9039   0.759445   -0.530503   -0.703865
     9040   0.537401   -0.541211   -0.442203
     9041   0.520487   -0.524600   -0.383908
     9042   0.592435   -0.261351   -0.115015
     9043   0.614228   -0.280272   -0.164876
     9044   0.627488   -0.208753   -0.103538
     9045   0.656291   -0.225053   -0.153851
     9046   0.538949   -0.305466   -0.083169
     9047   0.564527   -0.303419   -0.124896
     9048   0.568974   -0.255996   -0.065955
     9049   0.113314   -0.916323   -0.381287
     9050   0.101031   -0.926547   -0.315730
     9051   0.209989   -0.816932   -0.423566
     9052   0.313574   -0.721462   -0.455302
     9053   0.336153   -0.713962   -0.522941
     9054   0.187305   -0.842840   -0.593023
     9055   0.369069   -0.697120   -0.589254
     9056   0.349651   -0.715354   -0.670913
     9057   0.350316   -0.714111   -0.711475
     9058   0.371284   -0.695262   -0.791098
     9059   0.384991   -0.690822   -0.718247
     9060   0.383484   -0.691887   -0.657125
     9061   0.888684   -0.524977   0.737229
     9062   0.739379   -0.519585   0.610626
     9063   0.661122   -0.556915   0.663856
     9064   0.725840   -0.540215   0.675330
     9065   0.816959   -0.505601   0.622201
     9066   0.789229   -0.528093   0.683999
     9067   0.519296   -0.621633   0.739392
     9068   0.473110   -0.643848   0.721483
     9069   0.427027   -0.668487   0.702351
     9070   0.475586   -0.598919   0.470985
     9071   0.531156   -0.498644   0.341793
     9072   0.531204   -0.523970   0.387330
     9073   0.352005   -0.712781   0.601612
     9074   0.306350   -0.745439   0.580908
     9075   0.259287   -0.782000   0.560272
     9076   0.278971   -0.709359   0.254139
     9077   0.161721   -0.871080   0.508602
     9078   0.210421   -0.824141   0.538628
     9079   0.163624   -0.851185   0.297566
     9080   0.059009   -0.975273   0.445867
     9081   0.028559   -1.010778   0.400615
     9082   0.006891   -1.036126   0.032310
     9083   0.041775   -0.986537   0.046459
     9084   0.194193   -0.776608   0.090550
     9085   0.089913   -0.919001   -0.056176
     9086   0.331945   -0.577336   -0.055589
     9087   0.365448   -0.528956   -0.040963
     9088   0.836738   -0.543664   -0.806839
     9089   0.778185   -0.552284   -0.811702
     9090   0.847696   -0.566497   -0.870822
     9091   0.734402   -0.557840   -0.812567
     9092   0.680429   -0.527206   -0.598998
     9093   0.724767   -0.282153   -0.259033
     9094   0.624378   -0.161168   0.020467
     9095   0.585785   -0.211676   0.003523
     9096   0.643624   -0.135405   -0.033383
     9097   0.602889   -0.200293   -0.051012
     9098   0.664250   -0.153024   -0.092833
     9099   0.550934   -0.263352   -0.013565
     9100   0.517286   -0.313344   -0.031276
     9101   0.062756   -0.972804   -0.329305
     9102   0.074267   -0.960683   -0.391708
     9103   0.166673   -0.862538   -0.438780
     9104   0.270254   -0.764244   -0.478527
     9105   0.135958   -0.888068   -0.604801
     9106   0.155350   -0.864660   -0.661890
     9107   0.437065   -0.659759   -0.779848
     9108   0.434309   -0.661856   -0.712904
     9109   0.429331   -0.662010   -0.649586
     9110   0.506384   -0.625390   -0.826917
     9111   0.300535   -0.624927   -0.070280
     9112   0.314782   -0.619802   -0.122860
     9113   0.880329   -0.513401   0.686614
     9114   0.835442   -0.533720   0.745391
     9115   0.778015   -0.542899   0.745236
     9116   0.603352   -0.575863   0.643305
     9117   0.382200   -0.695409   0.682102
     9118   0.488339   -0.632470   0.662536
     9119   0.536144   -0.610783   0.682559
     9120   0.442396   -0.598092   0.397112
     9121   0.484080   -0.573726   0.418683
     9122   0.491733   -0.546787   0.371211
     9123   0.521461   -0.476806   0.294024
     9124   0.247018   -0.792673   0.621580
     9125   0.292726   -0.756665   0.640128
     9126   0.144327   -0.882677   0.570744
     9127   0.194604   -0.836121   0.609915
     9128   0.145856   -0.878839   0.354701
     9129   0.142174   -0.854093   0.142519
     9130   0.119825   -0.878486   0.078668
     9131   0.151966   -0.836440   0.106922
     9132   0.014652   -1.026027   -0.027939
     9133   0.175698   -0.797089   0.030414
     9134   0.055549   -0.967594   -0.071458
     9135   0.399812   -0.478975   -0.026085
     9136   0.825123   -0.528104   -0.749877
     9137   0.694443   -0.537675   -0.657930
     9138   0.745832   -0.519448   -0.646330
     9139   0.782830   -0.486902   -0.577509
     9140   0.731414   -0.505908   -0.588336
     9141   0.700195   -0.239904   -0.204251
     9142   0.649705   -0.292523   -0.212131
     9143   0.036438   -1.003517   -0.400740
     9144   0.224133   -0.808674   -0.498032
     9145   0.386496   -0.676171   -0.536950
     9146   0.522408   -0.620715   -0.877513
     9147   0.836901   -0.521382   0.692951
     9148   0.521004   -0.575521   0.489479
     9149   0.527395   -0.550487   0.436583
     9150   0.321633   -0.733438   0.720667
     9151   0.338051   -0.725464   0.660955
     9152   0.162112   -0.859600   0.657670
     9153   0.127942   -0.893297   0.621121
     9154   0.128225   -0.902182   0.415156
     9155   0.078060   -0.935740   0.061877
     9156   0.148111   -0.835968   0.018133
     9157   0.021162   -1.016587   -0.087678
     9158   0.913537   -0.549913   -0.848120
     9159   0.688019   -0.175694   -0.139293
     9160   0.612880   -0.331171   -0.216836
     9161   0.177232   -0.853281   -0.513490
     9162   0.346987   -0.572371   -0.109760
     9163   0.711323   -0.566336   0.808010
     9164   0.708461   -0.581601   0.870184
     9165   0.650228   -0.580600   0.808917
     9166   0.647951   -0.588587   0.871280
     9167   0.498030   -0.522430   0.335607
     9168   0.240047   -0.795469   0.676795
     9169   0.279987   -0.765111   0.698098
     9170   0.110790   -0.920352   0.478130
     9171   -0.027274   -1.084022   0.057201
     9172   -0.013723   -1.065937   -0.104757
     9173   0.934995   -0.566615   -0.892731
     9174   0.889910   -0.574455   -0.899527
     9175   0.659970   -0.105720   0.003185
     9176   0.657092   -0.120096   0.040252
     9177   0.130665   -0.898003   -0.523629
     9178   0.123649   -0.906901   -0.449976
     9179   0.396093   -0.675976   -0.842858
     9180   0.447821   -0.650389   -0.847594
     9181   0.564364   -0.602705   0.755989
     9182   0.586460   -0.590693   0.705411
     9183   0.714345   -0.555921   0.742162
     9184   0.642630   -0.574427   0.738388
     9185   0.592489   -0.600706   0.871485
     9186   0.599298   -0.595743   0.815058
     9187   0.540176   -0.616297   0.866461
     9188   0.551705   -0.610523   0.808575
     9189   0.301995   -0.739045   0.780461
     9190   0.261398   -0.770645   0.754677
     9191   0.224130   -0.802923   0.727165
     9192   0.095650   -0.933372   0.543158
     9193   0.062421   -0.968331   0.502601
     9194   0.850978   -0.488777   -0.623069
     9195   0.834724   -0.469999   -0.566050
     9196   0.085162   -0.943803   -0.526492
     9197   0.083007   -0.949866   -0.456007
     9198   0.100191   -0.924139   -0.582723
     9199   0.875660   -0.504151   0.650172
     9200   0.843136   -0.510723   0.655210
     9201   0.048998   -0.977319   -0.012163
     9202   0.118298   -0.878213   0.014794
     9203   0.797991   -0.503131   -0.634965
     9204   0.364191   -0.573009   -0.165657
     9205   0.047564   -0.988024   -0.456118
     9206   0.055521   -0.976314   -0.500659
     9207   0.166240   -0.812974   0.071267
     9208   0.812288   -0.516334   -0.692742
     9209   0.866695   -0.503702   -0.680766
     9210   0.602001   -0.590845   0.769822
     9211   0.100434   -0.921607   0.594044
     9212   0.710337   -0.194538   -0.173666
     9213   0.083767   -0.927815   0.002572
     9214   0.190454   -0.831780   0.696891
     9215   0.329802   -0.620168   -0.176561
     9216   0.480987   -0.635678   -0.881464
     9217   0.208347   -0.821241   0.661129
     9218   0.297605   -0.663794   -0.185545
     9219   0.144443   -0.842159   0.056030
     9220   0.271394   -0.697689   -0.191018
     9221   0.260170   -0.679290   -0.244189
     9222   0.278590   -0.649205   -0.219000
     9223   0.261259   -0.661972   -0.194327
     9224   0.242840   -0.692057   -0.219515
     9225   0.249080   -0.714847   -0.239553
     9226   0.293982   -0.663128   -0.242813
     9227   0.286024   -0.654407   -0.188713
     9228   0.259734   -0.688306   -0.193895
     9229   0.282893   -0.698685   -0.238177
     9230   0.301417   -0.668330   -0.212525
     9231   0.284499   -0.680742   -0.188281
     9232   0.265975   -0.711096   -0.213933
     9233   0.219905   -0.706656   -0.168803
     9234   0.222458   -0.715837   -0.211879
     9235   0.240287   -0.682876   -0.176439
     9236   0.244410   -0.696007   -0.153632
     9237   0.219174   -0.735774   -0.179209
     9238   0.243679   -0.725125   -0.164038
     9239   0.245796   -0.734783   -0.206883
     9240   0.263857   -0.701438   -0.171088
     9241   0.267393   -0.645646   -0.166570
     9242   0.246420   -0.666550   -0.148682
     9243   0.272273   -0.655376   -0.138613
     9244   0.290905   -0.664137   -0.160756
     9245   0.270263   -0.684834   -0.143563
     9246   0.134478   -0.806847   0.090981
     9247   0.111254   -0.839606   0.094432
     9248   0.107331   -0.842639   0.068419
     9249   0.130555   -0.809880   0.064968
     9250   0.153879   -0.804096   0.072075
     9251   0.139702   -0.827458   0.108000
     9252   0.107448   -0.869612   0.079226
     9253   0.132017   -0.833350   0.056542
     9254   0.159103   -0.824707   0.089094
     9255   0.135896   -0.857463   0.092795
     9256   0.132134   -0.860322   0.067349
     9257   0.155341   -0.827566   0.063648
     9258   0.137017   -0.798940   0.024777
     9259   0.146173   -0.787350   0.051990
     9260   0.121399   -0.821470   0.037755
     9261   0.135659   -0.827183   0.018294
     9262   0.163263   -0.788286   0.030756
     9263   0.161905   -0.816529   0.024274
     9264   0.170969   -0.805032   0.050840
     9265   0.146277   -0.839063   0.037082
     9266   0.094221   -0.860705   0.047385
     9267   0.108289   -0.839535   0.016721
     9268   0.105834   -0.869443   0.014890
     9269   0.119061   -0.878349   0.046731
     9270   0.133204   -0.857091   0.016464
     9271   -0.021035   -1.023480   -0.096199
     9272   -0.006950   -1.003668   -0.057893
     9273   -0.027022   -1.031861   -0.036668
     9274   -0.041108   -1.051673   -0.074974
     9275   -0.026071   -1.057005   -0.104679
     9276   0.008755   -1.007738   -0.087737
     9277   0.002202   -1.017238   -0.027965
     9278   -0.031356   -1.064076   -0.045431
     9279   0.003720   -1.041262   -0.096218
     9280   0.017907   -1.021307   -0.057809
     9281   -0.002132   -1.049453   -0.036728
     9282   -0.016320   -1.069408   -0.075137
     9283   -0.076562   -1.100579   -0.091046
     9284   -0.056909   -1.073059   -0.112999
     9285   -0.060761   -1.079192   -0.053022
     9286   -0.065288   -1.111919   -0.060869
     9287   -0.063100   -1.107043   -0.121563
     9288   -0.051827   -1.118384   -0.091386
     9289   -0.032262   -1.090989   -0.113244
     9290   -0.035884   -1.096803   -0.053279
     9291   0.537920   -0.239906   0.054627
     9292   0.522040   -0.254562   0.014852
     9293   0.543557   -0.219853   -0.005556
     9294   0.559437   -0.205197   0.034219
     9295   0.569709   -0.225118   0.060050
     9296   0.530122   -0.272167   0.042426
     9297   0.538537   -0.254534   -0.014477
     9298   0.573379   -0.202833   0.003900
     9299   0.561911   -0.257379   0.047850
     9300   0.546619   -0.272139   0.013097
     9301   0.568359   -0.237514   -0.005021
     9302   0.583651   -0.222754   0.029732
     9303   0.578847   -0.193603   0.073256
     9304   0.580295   -0.168911   0.014339
     9305   0.599706   -0.157317   0.053376
     9306   0.611124   -0.179310   0.076740
     9307   0.611998   -0.152500   0.022434
     9308   0.601986   -0.210825   0.063535
     9309   0.605081   -0.186422   0.011995
     9310   0.623416   -0.174493   0.045798
     9311   0.302274   -0.629795   -0.243333
     9312   0.314281   -0.603872   -0.212118
     9313   0.290597   -0.623282   -0.187785
     9314   0.332921   -0.615897   -0.236699
     9315   0.318276   -0.610856   -0.180125
     9316   0.324630   -0.649231   -0.236180
     9317   0.336916   -0.622881   -0.204707
     9318   0.313703   -0.641981   -0.181053
     9319   0.275617   -0.624022   -0.134945
     9320   0.298822   -0.601659   -0.156161
     9321   0.302837   -0.610787   -0.125746
     9322   0.299493   -0.642141   -0.129414
     9323   0.322292   -0.619985   -0.149711
     9324   0.013541   -0.974393   -0.079778
     9325   0.027417   -0.954819   -0.041997
     9326   0.006926   -0.984093   -0.020111
     9327   0.043142   -0.958746   -0.071610
     9328   0.036549   -0.968529   -0.012197
     9329   0.038356   -0.992091   -0.079568
     9330   0.052274   -0.972457   -0.041810
     9331   0.031825   -1.001673   -0.020051
     9332   0.253023   -0.743219   0.723565
     9333   0.283429   -0.724322   0.707379
     9334   0.295084   -0.710933   0.747741
     9335   0.264678   -0.729830   0.763927
     9336   0.252641   -0.758309   0.752830
     9337   0.271074   -0.752787   0.697123
     9338   0.313165   -0.720809   0.719639
     9339   0.293734   -0.726365   0.778666
     9340   0.270692   -0.767878   0.726388
     9341   0.300810   -0.749274   0.709383
     9342   0.311814   -0.736242   0.750564
     9343   0.281696   -0.754845   0.767569
     9344   0.242588   -0.735026   0.822380
     9345   0.232915   -0.748874   0.779244
     9346   0.274351   -0.715982   0.807062
     9347   0.271406   -0.730971   0.839324
     9348   0.230640   -0.764102   0.809665
     9349   0.259459   -0.760048   0.826608
     9350   0.250367   -0.773537   0.783250
     9351   0.290788   -0.741355   0.810928
     9352   0.621000   -0.149672   0.091084
     9353   0.616416   -0.123336   0.036234
     9354   0.637711   -0.115690   0.073942
     9355   0.652740   -0.136860   0.092597
     9356   0.645153   -0.111467   0.044160
     9357   0.642863   -0.166498   0.078253
     9358   0.640735   -0.140632   0.030359
     9359   0.660182   -0.132637   0.062814
     9360   0.678778   -0.073974   0.087039
     9361   0.664697   -0.107673   0.106487
     9362   0.651791   -0.081991   0.054495
     9363   0.681768   -0.069938   0.055927
     9364   0.697153   -0.095066   0.105113
     9365   0.700143   -0.091030   0.074001
     9366   0.685196   -0.124252   0.091223
     9367   0.675130   -0.099415   0.045592
     9368   0.190401   -0.750308   -0.192508
     9369   0.184372   -0.768036   -0.235448
     9370   0.216429   -0.733565   -0.254820
     9371   0.185304   -0.783552   -0.201521
     9372   0.206749   -0.771719   -0.265263
     9373   0.214077   -0.769017   -0.188222
     9374   0.207681   -0.787234   -0.231336
     9375   0.239400   -0.753000   -0.249996
     9376   0.213732   -0.775015   0.699380
     9377   0.188753   -0.793362   0.708930
     9378   0.180470   -0.802746   0.676620
     9379   0.205450   -0.784399   0.667070
     9380   0.230788   -0.783400   0.675873
     9381   0.215033   -0.790812   0.725487
     9382   0.181012   -0.819902   0.695471
     9383   0.198858   -0.809355   0.660158
     9384   0.232089   -0.799196   0.701980
     9385   0.207292   -0.817352   0.712028
     9386   0.199400   -0.826511   0.679010
     9387   0.224197   -0.808355   0.668962
     9388   0.201454   -0.790881   0.614789
     9389   0.224772   -0.770089   0.647996
     9390   0.182131   -0.805191   0.633863
     9391   0.184748   -0.824517   0.609227
     9392   0.237516   -0.780761   0.621310
     9393   0.220811   -0.814397   0.615747
     9394   0.243532   -0.794071   0.649187
     9395   0.201475   -0.828681   0.635522
     9396   0.157050   -0.822203   0.674581
     9397   0.158711   -0.824648   0.631824
     9398   0.152321   -0.847991   0.656390
     9399   0.176283   -0.845690   0.677280
     9400   0.178358   -0.847860   0.633792
     9401   0.268362   -0.736326   0.668074
     9402   0.297643   -0.716288   0.650445
     9403   0.312709   -0.704284   0.689750
     9404   0.283644   -0.744426   0.640065
     9405   0.329386   -0.712926   0.660921
     9406   0.286356   -0.760888   0.669113
     9407   0.315388   -0.741064   0.650542
     9408   0.329842   -0.729451   0.690811
     9409   0.503885   -0.594478   -0.853102
     9410   0.465050   -0.609914   -0.836888
     9411   0.452702   -0.614919   -0.863971
     9412   0.491537   -0.599484   -0.880185
     9413   0.517643   -0.606255   -0.878193
     9414   0.500638   -0.611276   -0.827124
     9415   0.441514   -0.636527   -0.847019
     9416   0.475591   -0.621425   -0.881481
     9417   0.514396   -0.623052   -0.852215
     9418   0.477103   -0.637889   -0.837255
     9419   0.464404   -0.643034   -0.864529
     9420   0.501698   -0.628196   -0.879488
     9421   0.491898   -0.600532   -0.924776
     9422   0.516672   -0.591728   -0.904676
     9423   0.466763   -0.608288   -0.900285
     9424   0.468601   -0.623702   -0.919068
     9425   0.524670   -0.606275   -0.929469
     9426   0.501373   -0.629445   -0.923761
     9427   0.525641   -0.620802   -0.902985
     9428   0.477430   -0.636840   -0.900264
     9429   0.421873   -0.627075   -0.875275
     9430   0.435935   -0.620444   -0.911588
     9431   0.414658   -0.645424   -0.904826
     9432   0.434299   -0.654876   -0.876570
     9433   0.447324   -0.648682   -0.912305
     9434   0.340877   -0.582510   -0.236307
     9435   0.350650   -0.556629   -0.202824
     9436   0.324055   -0.577990   -0.178634
     9437   0.370891   -0.568466   -0.227668
     9438   0.352775   -0.563723   -0.169618
     9439   0.362935   -0.601853   -0.228060
     9440   0.373015   -0.575559   -0.194462
     9441   0.346997   -0.596588   -0.171109
     9442   0.307059   -0.578034   -0.122265
     9443   0.332292   -0.554365   -0.144738
     9444   0.335107   -0.563333   -0.112829
     9445   0.330884   -0.596086   -0.116310
     9446   0.355589   -0.572690   -0.137708
     9447   0.047917   -0.925603   -0.064223
     9448   0.061983   -0.905771   -0.027032
     9449   0.041484   -0.934987   -0.004805
     9450   0.077506   -0.910154   -0.056431
     9451   0.071317   -0.919025   0.002597
     9452   0.072731   -0.943298   -0.063817
     9453   0.086840   -0.923408   -0.026802
     9454   0.066383   -0.952567   -0.004795
     9455   0.076119   -0.885454   0.008803
     9456   0.074183   -0.889358   0.071076
     9457   0.056081   -0.914106   0.032495
     9458   0.065677   -0.926859   0.062123
     9459   0.101032   -0.903014   0.008683
     9460   0.098942   -0.907113   0.070272
     9461   0.080913   -0.931777   0.032224
     9462   0.131974   -0.836866   0.719054
     9463   0.128882   -0.844941   0.677449
     9464   0.160142   -0.814128   0.716187
     9465   0.158124   -0.832091   0.740076
     9466   0.124981   -0.865113   0.701324
     9467   0.151132   -0.860338   0.722346
     9468   0.148420   -0.868163   0.680266
     9469   0.178994   -0.837865   0.719361
     9470   0.166057   -0.803030   0.756552
     9471   0.194668   -0.782264   0.749296
     9472   0.192448   -0.797913   0.776865
     9473   0.184515   -0.826974   0.760389
     9474   0.212813   -0.806461   0.753057
     9475   0.427306   -0.385319   -0.002415
     9476   0.418219   -0.405219   -0.042984
     9477   0.443458   -0.372766   -0.065772
     9478   0.452545   -0.352867   -0.025202
     9479   0.457247   -0.368889   0.006295
     9480   0.422228   -0.419360   -0.011128
     9481   0.438699   -0.408671   -0.071311
     9482   0.472393   -0.354495   -0.054449
     9483   0.452169   -0.402930   -0.002418
     9484   0.442708   -0.422813   -0.039454
     9485   0.467633   -0.390400   -0.059988
     9486   0.477094   -0.370517   -0.022952
     9487   0.462979   -0.335842   0.016386
     9488   0.476534   -0.320627   -0.046099
     9489   0.486968   -0.303602   -0.004510
     9490   0.493471   -0.320442   0.024595
     9491   0.505047   -0.304463   -0.033171
     9492   0.487739   -0.353488   0.014504
     9493   0.500906   -0.338331   -0.041521
     9494   0.511550   -0.321303   -0.004065
     9495   0.499533   -0.287515   0.035569
     9496   0.509475   -0.270649   -0.025228
     9497   0.524060   -0.305094   0.031452
     9498   0.534110   -0.288348   -0.022421
     9499   0.488149   -0.599867   -0.797113
     9500   0.452165   -0.617672   -0.772924
     9501   0.429067   -0.627718   -0.812700
     9502   0.487916   -0.616351   -0.766703
     9503   0.429995   -0.646265   -0.779401
     9504   0.500405   -0.627759   -0.796715
     9505   0.465746   -0.644944   -0.773180
     9506   0.442443   -0.655074   -0.813721
     9507   0.155705   -0.798357   -0.212893
     9508   0.146847   -0.817439   -0.254505
     9509   0.175514   -0.787118   -0.277060
     9510   0.149737   -0.832067   -0.220650
     9511   0.167308   -0.822121   -0.285090
     9512   0.179336   -0.817262   -0.209277
     9513   0.170198   -0.836749   -0.251234
     9514   0.198543   -0.806722   -0.273293
     9515   0.764785   -0.482873   -0.649015
     9516   0.745350   -0.496299   -0.682370
     9517   0.779696   -0.494446   -0.705444
     9518   0.799132   -0.481020   -0.672089
     9519   0.794769   -0.488913   -0.639405
     9520   0.741927   -0.505250   -0.650258
     9521   0.756061   -0.516025   -0.707210
     9522   0.809502   -0.501839   -0.696538
     9523   0.771911   -0.511290   -0.640647
     9524   0.752639   -0.524975   -0.675097
     9525   0.785867   -0.523418   -0.698303
     9526   0.805139   -0.509733   -0.663853
     9527   0.818670   -0.467527   -0.638321
     9528   0.834409   -0.481044   -0.694713
     9529   0.853947   -0.467552   -0.660945
     9530   0.848385   -0.474569   -0.627933
     9531   0.864399   -0.489222   -0.684929
     9532   0.824484   -0.495954   -0.629017
     9533   0.839492   -0.510018   -0.686754
     9534   0.858837   -0.496239   -0.651918
     9535   0.081853   -0.877439   -0.049904
     9536   0.095989   -0.857122   -0.014068
     9537   0.111031   -0.862390   -0.042799
     9538   0.106684   -0.895105   -0.049326
     9539   0.120877   -0.874711   -0.013841
     9540   0.035117   -0.943422   0.054440
     9541   0.020520   -0.964303   0.017140
     9542   0.029357   -0.977702   0.046485
     9543   0.059917   -0.961138   0.054168
     9544   0.045387   -0.981928   0.017148
     9545   0.182458   -0.807202   0.573639
     9546   0.214899   -0.780043   0.549858
     9547   0.233895   -0.763721   0.591008
     9548   0.200223   -0.812816   0.538683
     9549   0.249531   -0.770297   0.560624
     9550   0.202512   -0.830131   0.574271
     9551   0.234854   -0.803071   0.549450
     9552   0.253152   -0.787337   0.590926
     9553   0.492071   -0.600918   0.924527
     9554   0.470697   -0.607844   0.887353
     9555   0.504533   -0.596578   0.861764
     9556   0.525907   -0.589651   0.898938
     9557   0.524842   -0.606731   0.929486
     9558   0.468673   -0.624068   0.919085
     9559   0.483354   -0.620182   0.856019
     9560   0.535663   -0.601753   0.867064
     9561   0.501444   -0.629881   0.924045
     9562   0.481329   -0.636406   0.887750
     9563   0.514483   -0.625358   0.861318
     9564   0.534598   -0.618833   0.897613
     9565   0.550448   -0.586976   0.933406
     9566   0.558335   -0.579218   0.871265
     9567   0.582876   -0.576543   0.905733
     9568   0.583115   -0.596637   0.934239
     9569   0.589005   -0.585966   0.873174
     9570   0.557510   -0.616391   0.930320
     9571   0.566332   -0.608502   0.868973
     9572   0.589244   -0.606060   0.901680
     9573   0.392430   -0.435923   -0.019800
     9574   0.383453   -0.457260   -0.058609
     9575   0.409242   -0.426555   -0.081794
     9576   0.387446   -0.470122   -0.027064
     9577   0.403757   -0.462180   -0.085981
     9578   0.417243   -0.453560   -0.018392
     9579   0.407750   -0.475042   -0.054436
     9580   0.433214   -0.444295   -0.075498
     9581   0.476927   -0.604384   -0.735885
     9582   0.445839   -0.620784   -0.709112
     9583   0.421077   -0.634071   -0.746151
     9584   0.479528   -0.619670   -0.704106
     9585   0.426769   -0.648614   -0.713126
     9586   0.490517   -0.631636   -0.734924
     9587   0.460458   -0.647500   -0.708120
     9588   0.435687   -0.660807   -0.746376
     9589   0.654393   -0.183684   -0.164862
     9590   0.661760   -0.215215   -0.197912
     9591   0.690050   -0.200229   -0.209168
     9592   0.682683   -0.168697   -0.176118
     9593   0.679256   -0.167517   -0.148706
     9594   0.647291   -0.216540   -0.162728
     9595   0.692712   -0.231153   -0.214235
     9596   0.702605   -0.186296   -0.183891
     9597   0.672155   -0.200374   -0.146572
     9598   0.678243   -0.232479   -0.179051
     9599   0.705266   -0.217221   -0.188959
     9600   0.699178   -0.185116   -0.156480
     9601   0.718716   -0.134939   -0.177426
     9602   0.689150   -0.138006   -0.156923
     9603   0.712250   -0.165631   -0.196621
     9604   0.737083   -0.161416   -0.188673
     9605   0.716397   -0.124727   -0.146052
     9606   0.734764   -0.151204   -0.157300
     9607   0.706503   -0.154238   -0.137836
     9608   0.727438   -0.182082   -0.175943
     9609   0.717901   -0.207066   -0.232731
     9610   0.740100   -0.172468   -0.220185
     9611   0.757268   -0.200420   -0.230664
     9612   0.732079   -0.224506   -0.212168
     9613   0.754251   -0.189368   -0.199152
     9614   0.909216   -0.455313   -0.649144
     9615   0.873059   -0.453919   -0.626976
     9616   0.890104   -0.468946   -0.683113
     9617   0.920238   -0.477607   -0.672812
     9618   0.902645   -0.461664   -0.616092
     9619   0.913668   -0.483958   -0.639760
     9620   0.877972   -0.482313   -0.617050
     9621   0.894533   -0.497884   -0.674628
     9622   0.926752   -0.470118   -0.705428
     9623   0.869991   -0.481540   -0.717550
     9624   0.906639   -0.482711   -0.739865
     9625   0.937429   -0.491585   -0.729490
     9626   0.879898   -0.502860   -0.741851
     9627   0.930915   -0.499075   -0.696874
     9628   0.874305   -0.510542   -0.709230
     9629   0.910688   -0.511733   -0.731476
     9630   0.098998   -0.886008   0.555094
     9631   0.115643   -0.865539   0.593716
     9632   0.093565   -0.885191   0.604760
     9633   0.076920   -0.905661   0.566137
     9634   0.084993   -0.922523   0.542172
     9635   0.133994   -0.871509   0.569873
     9636   0.117784   -0.882017   0.619777
     9637   0.089969   -0.910627   0.592566
     9638   0.119989   -0.908025   0.556951
     9639   0.136135   -0.887987   0.595933
     9640   0.114188   -0.907452   0.607583
     9641   0.098042   -0.927490   0.568601
     9642   0.045945   -0.932711   0.590047
     9643   0.054317   -0.929741   0.553747
     9644   0.068548   -0.908631   0.602438
     9645   0.068059   -0.928583   0.615342
     9646   0.044971   -0.958615   0.567551
     9647   0.067084   -0.954487   0.592846
     9648   0.075647   -0.951398   0.555976
     9649   0.089480   -0.930578   0.605471
     9650   0.095893   -0.878374   0.638532
     9651   0.070877   -0.901813   0.636209
     9652   0.094247   -0.897335   0.660158
     9653   0.116137   -0.900978   0.641403
     9654   0.091429   -0.924104   0.639291
     9655   0.564471   -0.568355   0.733043
     9656   0.604503   -0.554001   0.725215
     9657   0.613178   -0.553736   0.757258
     9658   0.573146   -0.568090   0.765087
     9659   0.559012   -0.588463   0.756864
     9660   0.580871   -0.576591   0.706879
     9661   0.638177   -0.559970   0.740235
     9662   0.597316   -0.576402   0.771128
     9663   0.575412   -0.596699   0.730700
     9664   0.614545   -0.582560   0.721899
     9665   0.622316   -0.582636   0.754105
     9666   0.583183   -0.596775   0.762906
     9667   0.566145   -0.574195   0.813616
     9668   0.547646   -0.578001   0.783776
     9669   0.591644   -0.564284   0.794927
     9670   0.594977   -0.581176   0.816240
     9671   0.546669   -0.596152   0.809194
     9672   0.575501   -0.603133   0.811817
     9673   0.558035   -0.606614   0.782282
     9674   0.600650   -0.593294   0.792440
     9675   0.638424   -0.548356   0.777382
     9676   0.616890   -0.558905   0.815051
     9677   0.646676   -0.565900   0.810799
     9678   0.646429   -0.577514   0.773653
     9679   0.624763   -0.588172   0.811988
     9680   0.713002   -0.518989   0.714452
     9681   0.750956   -0.505166   0.686340
     9682   0.778170   -0.506242   0.721192
     9683   0.740216   -0.520065   0.749304
     9684   0.710969   -0.541275   0.744682
     9685   0.722125   -0.525783   0.678516
     9686   0.786366   -0.513537   0.687489
     9687   0.775426   -0.528200   0.748321
     9688   0.720092   -0.548068   0.708746
     9689   0.757534   -0.534154   0.679665
     9690   0.783622   -0.535496   0.714618
     9691   0.746180   -0.549410   0.743699
     9692   0.706813   -0.531738   0.780413
     9693   0.771893   -0.520517   0.783052
     9694   0.738491   -0.532190   0.814162
     9695   0.708677   -0.551592   0.810818
     9696   0.772925   -0.542190   0.811030
     9697   0.712834   -0.561128   0.775086
     9698   0.776458   -0.549874   0.776298
     9699   0.743112   -0.561593   0.807685
     9700   0.357978   -0.486191   -0.035810
     9701   0.348991   -0.507942   -0.073164
     9702   0.374466   -0.479011   -0.095963
     9703   0.353162   -0.520034   -0.042270
     9704   0.368964   -0.513806   -0.099584
     9705   0.382630   -0.503965   -0.033524
     9706   0.373135   -0.525897   -0.068690
     9707   0.398255   -0.496974   -0.089602
     9708   0.042962   -0.948220   -0.455050
     9709   0.056079   -0.934786   -0.423559
     9710   0.032566   -0.961862   -0.395911
     9711   0.019449   -0.975296   -0.427402
     9712   0.036394   -0.977678   -0.455444
     9713   0.071853   -0.939487   -0.455669
     9714   0.062863   -0.950573   -0.391748
     9715   0.025056   -0.993388   -0.400387
     9716   0.065285   -0.968945   -0.456062
     9717   0.078637   -0.955274   -0.423857
     9718   0.055352   -0.982100   -0.396224
     9719   0.042001   -0.995770   -0.428429
     9720   -0.016049   -1.013312   -0.438159
     9721   0.008831   -0.984484   -0.459884
     9722   -0.005430   -1.004124   -0.405677
     9723   -0.013185   -1.035144   -0.411876
     9724   0.003573   -1.012004   -0.465845
     9725   0.006438   -1.033836   -0.439562
     9726   0.031137   -1.005199   -0.461405
     9727   0.017302   -1.024408   -0.406586
     9728   0.119507   -0.846402   -0.230616
     9729   0.109084   -0.865298   -0.270993
     9730   0.136424   -0.836335   -0.294883
     9731   0.112901   -0.879785   -0.237758
     9732   0.128586   -0.870287   -0.301834
     9733   0.143130   -0.865450   -0.227792
     9734   0.132403   -0.884774   -0.268598
     9735   0.159471   -0.856073   -0.292041
     9736   0.849260   -0.493660   -0.751844
     9737   0.813678   -0.493164   -0.729008
     9738   0.822882   -0.513544   -0.753779
     9739   0.853519   -0.522743   -0.743785
     9740   0.818706   -0.522219   -0.721309
     9741   0.759124   -0.506056   -0.738483
     9742   0.793105   -0.504775   -0.762046
     9743   0.768276   -0.525171   -0.762998
     9744   0.765213   -0.535139   -0.731725
     9745   0.798052   -0.533940   -0.754731
     9746   0.163384   -0.770412   0.114064
     9747   0.142299   -0.800267   0.122083
     9748   0.155563   -0.776992   0.082963
     9749   0.181900   -0.767687   0.091796
     9750   0.169294   -0.791150   0.133543
     9751   0.187810   -0.788424   0.111275
     9752   0.166697   -0.818340   0.119461
     9753   0.180217   -0.794791   0.080908
     9754   0.165339   -0.759331   0.039624
     9755   0.174729   -0.748973   0.070597
     9756   0.192264   -0.747994   0.047472
     9757   0.190188   -0.776949   0.038604
     9758   0.199436   -0.766708   0.068672
     9759   0.081729   -0.905297   0.509436
     9760   0.114859   -0.874015   0.493017
     9761   0.132128   -0.854726   0.538674
     9762   0.099956   -0.909636   0.477908
     9763   0.151158   -0.860095   0.508475
     9764   0.103220   -0.926862   0.510644
     9765   0.136255   -0.895716   0.493366
     9766   0.153024   -0.876879   0.539673
     9767   0.197369   -0.793751   0.507905
     9768   0.228913   -0.764984   0.489559
     9769   0.246443   -0.751276   0.531511
     9770   0.215160   -0.797078   0.476246
     9771   0.263138   -0.755384   0.500974
     9772   0.218013   -0.816143   0.507024
     9773   0.249385   -0.787478   0.487661
     9774   0.266226   -0.774406   0.530087
     9775   0.281146   -0.726766   0.611113
     9776   0.311009   -0.704694   0.592822
     9777   0.327505   -0.694217   0.632155
     9778   0.297040   -0.733391   0.581566
     9779   0.343147   -0.700413   0.602516
     9780   0.299538   -0.751052   0.610518
     9781   0.329178   -0.729110   0.591260
     9782   0.345028   -0.719122   0.631283
     9783   0.499226   -0.596952   0.768341
     9784   0.530232   -0.584032   0.748996
     9785   0.516641   -0.590920   0.803120
     9786   0.497549   -0.614111   0.796423
     9787   0.513050   -0.607739   0.739822
     9788   0.511373   -0.624898   0.767905
     9789   0.541830   -0.612169   0.747691
     9790   0.527577   -0.619342   0.802496
     9791   0.484783   -0.603002   0.826145
     9792   0.536391   -0.584495   0.838739
     9793   0.496120   -0.631290   0.826296
     9794   0.545940   -0.613410   0.837518
     9795   0.610602   -0.579690   0.937935
     9796   0.614330   -0.565165   0.876097
     9797   0.642056   -0.568311   0.908298
     9798   0.642669   -0.592123   0.935251
     9799   0.645546   -0.573845   0.874305
     9800   0.615182   -0.609070   0.931556
     9801   0.620220   -0.594647   0.871383
     9802   0.646158   -0.597657   0.901258
     9803   0.705604   -0.544654   0.846056
     9804   0.770931   -0.537265   0.847222
     9805   0.738045   -0.549729   0.879116
     9806   0.706819   -0.567030   0.874336
     9807   0.772302   -0.561395   0.874941
     9808   0.709892   -0.573968   0.839097
     9809   0.774296   -0.566320   0.838748
     9810   0.741076   -0.578696   0.870160
     9811   0.062109   -0.925758   -0.490058
     9812   0.029385   -0.961305   -0.476779
     9813   0.048532   -0.938843   -0.511786
     9814   0.074341   -0.933105   -0.525638
     9815   0.044533   -0.965796   -0.499723
     9816   0.084085   -0.946834   -0.491249
     9817   0.051543   -0.982169   -0.478388
     9818   0.070342   -0.960058   -0.513575
     9819   0.022484   -0.961884   -0.541592
     9820   0.048345   -0.935087   -0.545586
     9821   0.022671   -0.965639   -0.507792
     9822   0.022736   -0.986557   -0.517882
     9823   0.043839   -0.958578   -0.567630
     9824   0.044091   -0.983251   -0.543920
     9825   0.069835   -0.956596   -0.547683
     9826   0.044598   -0.986713   -0.509813
     9827   0.002117   -0.988818   -0.490898
     9828   0.024193   -1.009743   -0.492830
     9829   0.081171   -0.907460   -0.452661
     9830   0.096186   -0.890842   -0.416059
     9831   0.071094   -0.918168   -0.386957
     9832   0.112646   -0.896357   -0.449984
     9833   0.102022   -0.906097   -0.381707
     9834   0.103328   -0.928384   -0.452991
     9835   0.118482   -0.911612   -0.415631
     9836   0.093791   -0.938503   -0.386497
     9837   0.379374   -0.534295   -0.227311
     9838   0.388178   -0.507331   -0.192385
     9839   0.359454   -0.529665   -0.167898
     9840   0.409580   -0.519336   -0.217587
     9841   0.388877   -0.514119   -0.157877
     9842   0.401097   -0.553507   -0.217945
     9843   0.410279   -0.526124   -0.183079
     9844   0.382197   -0.548177   -0.159596
     9845   0.340166   -0.529534   -0.109324
     9846   0.367328   -0.504833   -0.132485
     9847   0.363905   -0.547605   -0.103088
     9848   0.390513   -0.523092   -0.124976
     9849   0.749069   -0.468829   -0.593063
     9850   0.730311   -0.484700   -0.626050
     9851   0.783543   -0.467002   -0.616028
     9852   0.779184   -0.473106   -0.582861
     9853   0.727007   -0.492128   -0.593125
     9854   0.757122   -0.496405   -0.582923
     9855   0.738623   -0.512678   -0.617333
     9856   0.790410   -0.495017   -0.606237
     9857   0.802203   -0.450899   -0.583001
     9858   0.837329   -0.451424   -0.605294
     9859   0.831795   -0.456244   -0.571920
     9860   0.808777   -0.478451   -0.571780
     9861   0.842851   -0.479388   -0.594559
     9862   0.979642   -0.520290   -0.872215
     9863   0.940524   -0.515311   -0.852457
     9864   0.921517   -0.530392   -0.882417
     9865   0.960635   -0.535371   -0.902175
     9866   0.989590   -0.545457   -0.892356
     9867   0.972297   -0.522927   -0.839912
     9868   0.911950   -0.535836   -0.853739
     9869   0.933834   -0.552820   -0.899104
     9870   0.982246   -0.548095   -0.860053
     9871   0.943723   -0.543453   -0.841194
     9872   0.924266   -0.558264   -0.870425
     9873   0.962789   -0.562906   -0.889285
     9874   0.997219   -0.545073   -0.924757
     9875   0.938780   -0.549353   -0.927694
     9876   0.975364   -0.559054   -0.950276
     9877   1.006489   -0.572009   -0.943755
     9878   0.945804   -0.573346   -0.943228
     9879   0.998860   -0.572393   -0.911354
     9880   0.940858   -0.576814   -0.914638
     9881   0.976929   -0.586301   -0.936708
     9882   0.114423   -0.831152   -0.037333
     9883   0.126724   -0.813566   -0.006544
     9884   0.142684   -0.817527   -0.031255
     9885   0.139292   -0.848765   -0.036721
     9886   0.151620   -0.831144   -0.006417
     9887   -0.000530   -0.993700   0.039352
     9888   -0.014123   -1.013491   0.002101
     9889   -0.005554   -1.027330   0.032251
     9890   0.024333   -1.011331   0.039384
     9891   0.010771   -1.031077   0.002185
     9892   0.097612   -0.890076   0.446831
     9893   0.130837   -0.856466   0.431982
     9894   0.148084   -0.840406   0.478167
     9895   0.117163   -0.891707   0.415566
     9896   0.166355   -0.842451   0.447333
     9897   0.119507   -0.911267   0.446643
     9898   0.152682   -0.877691   0.430918
     9899   0.169430   -0.862140   0.477641
     9900   0.211768   -0.776131   0.448167
     9901   0.242379   -0.745574   0.432207
     9902   0.259524   -0.734427   0.473599
     9903   0.229461   -0.777051   0.417705
     9904   0.276213   -0.736000   0.443317
     9905   0.232853   -0.797997   0.445784
     9906   0.263295   -0.767477   0.428815
     9907   0.279827   -0.756957   0.470692
     9908   0.535161   -0.515258   0.454989
     9909   0.556868   -0.515888   0.489443
     9910   0.530145   -0.539391   0.507076
     9911   0.508438   -0.538761   0.472622
     9912   0.519373   -0.538612   0.441769
     9913   0.566225   -0.515918   0.457339
     9914   0.561723   -0.540686   0.511088
     9915   0.513265   -0.563153   0.493885
     9916   0.550436   -0.539271   0.444118
     9917   0.571080   -0.540716   0.478984
     9918   0.544843   -0.564449   0.497897
     9919   0.524200   -0.563004   0.463031
     9920   0.489032   -0.538643   0.437567
     9921   0.482126   -0.562806   0.488647
     9922   0.462719   -0.562687   0.453592
     9923   0.475396   -0.562137   0.423431
     9924   0.467157   -0.586873   0.474995
     9925   0.505738   -0.562106   0.427633
     9926   0.498295   -0.587220   0.480232
     9927   0.479833   -0.586323   0.444834
     9928   0.684972   -0.519940   0.675580
     9929   0.670659   -0.536070   0.744642
     9930   0.642629   -0.537021   0.705771
     9931   0.656328   -0.542722   0.666657
     9932   0.693481   -0.548565   0.669593
     9933   0.678488   -0.565174   0.740275
     9934   0.651876   -0.565671   0.701122
     9935   0.621664   -0.538330   0.658946
     9936   0.583538   -0.555309   0.678390
     9937   0.597573   -0.561996   0.645869
     9938   0.632237   -0.566389   0.653581
     9939   0.594906   -0.583278   0.674358
     9940   0.908450   -0.466183   0.645987
     9941   0.896806   -0.478927   0.684180
     9942   0.873816   -0.479647   0.676328
     9943   0.885461   -0.466902   0.638134
     9944   0.901756   -0.473046   0.613267
     9945   0.919251   -0.488262   0.670110
     9946   0.878309   -0.498791   0.690449
     9947   0.873502   -0.489632   0.654272
     9948   0.912557   -0.495126   0.637390
     9949   0.900754   -0.508125   0.676379
     9950   0.877994   -0.508776   0.668393
     9951   0.889797   -0.495776   0.629405
     9952   0.855489   -0.467854   0.624552
     9953   0.854864   -0.478405   0.660787
     9954   0.824892   -0.479356   0.647205
     9955   0.814179   -0.491309   0.626704
     9956   0.840759   -0.496209   0.659207
     9957   0.860446   -0.496501   0.615419
     9958   0.859398   -0.507437   0.652691
     9959   0.830047   -0.508162   0.638706
     9960   0.807879   -0.495568   0.695612
     9961   0.797451   -0.487999   0.661093
     9962   0.835320   -0.486925   0.681724
     9963   0.834579   -0.506768   0.696598
     9964   0.813065   -0.524738   0.688475
     9965   0.803094   -0.516847   0.653100
     9966   0.840018   -0.516052   0.674080
     9967   0.854272   -0.488167   0.697265
     9968   0.858615   -0.517391   0.689782
     9969   0.112352   -0.870970   -0.562756
     9970   0.086395   -0.899359   -0.523803
     9971   0.071335   -0.912314   -0.552548
     9972   0.097292   -0.883925   -0.591501
     9973   0.125696   -0.876850   -0.603746
     9974   0.119968   -0.887156   -0.523225
     9975   0.089670   -0.913179   -0.581517
     9976   0.133311   -0.893036   -0.564215
     9977   0.107914   -0.920903   -0.525061
     9978   0.092677   -0.933971   -0.554607
     9979   0.118074   -0.906104   -0.593762
     9980   0.070904   -0.902008   -0.635940
     9981   0.099730   -0.875899   -0.630561
     9982   0.068466   -0.910034   -0.596880
     9983   0.068202   -0.928877   -0.614887
     9984   0.094148   -0.897451   -0.659997
     9985   0.091446   -0.924321   -0.638943
     9986   0.120114   -0.898402   -0.633181
     9987   0.089406   -0.932023   -0.599524
     9988   0.045477   -0.932807   -0.589918
     9989   0.066564   -0.954648   -0.592599
     9990   0.105456   -0.881061   -0.486406
     9991   0.127157   -0.902452   -0.486803
     9992   0.123256   -0.863537   -0.444851
     9993   0.138342   -0.846019   -0.404748
     9994   0.111272   -0.873324   -0.375956
     9995   0.155771   -0.851899   -0.439245
     9996   0.143050   -0.861035   -0.368905
     9997   0.145161   -0.884720   -0.444378
     9998   0.160479   -0.866916   -0.403402
     9999   0.133800   -0.893808   -0.374655
     10000   0.082589   -0.894020   -0.246642
     10001   0.070989   -0.912289   -0.285778
     10002   0.097484   -0.883567   -0.310129
     10003   0.075927   -0.927374   -0.253512
     10004   0.089463   -0.916653   -0.316481
     10005   0.106238   -0.913139   -0.244628
     10006   0.094401   -0.931738   -0.284215
     10007   0.120565   -0.903373   -0.308185
     10008   0.785176   -0.430868   -0.528927
     10009   0.767152   -0.449938   -0.560978
     10010   0.820227   -0.431829   -0.550951
     10011   0.814903   -0.434316   -0.517151
     10012   0.762865   -0.453786   -0.527365
     10013   0.792591   -0.457234   -0.515590
     10014   0.774897   -0.476954   -0.549248
     10015   0.826471   -0.458731   -0.538121
     10016   0.873215   -0.415565   -0.540228
     10017   0.837922   -0.412355   -0.518953
     10018   0.855520   -0.435038   -0.572226
     10019   0.884775   -0.441301   -0.560541
     10020   0.867196   -0.416630   -0.506563
     10021   0.878756   -0.442366   -0.526876
     10022   0.844177   -0.438591   -0.504761
     10023   0.861050   -0.462506   -0.560236
     10024   0.891249   -0.437533   -0.593908
     10025   0.896171   -0.465432   -0.582726
     10026   0.291622   -0.583451   -0.066154
     10027   0.301613   -0.565825   -0.030581
     10028   0.279828   -0.595421   -0.010759
     10029   0.269837   -0.613048   -0.046331
     10030   0.288218   -0.616111   -0.071960
     10031   0.319645   -0.568472   -0.057128
     10032   0.308337   -0.580825   -0.002540
     10033   0.276243   -0.627555   -0.018660
     10034   0.316240   -0.601132   -0.062935
     10035   0.326368   -0.583472   -0.029088
     10036   0.304752   -0.612959   -0.010441
     10037   0.294624   -0.630619   -0.044288
     10038   0.260788   -0.630211   -0.081151
     10039   0.248018   -0.641425   -0.027296
     10040   0.238969   -0.658588   -0.062115
     10041   0.257909   -0.662048   -0.086927
     10042   0.244663   -0.672885   -0.034926
     10043   0.285339   -0.647949   -0.077736
     10044   0.272888   -0.659016   -0.026290
     10045   0.263603   -0.676346   -0.059737
     10046   0.062897   -0.926737   0.461341
     10047   0.057468   -0.929388   0.521137
     10048   0.038636   -0.950828   0.473042
     10049   0.047840   -0.964914   0.445431
     10050   0.051511   -0.957717   0.501845
     10051   0.084899   -0.947813   0.461999
     10052   0.079036   -0.950852   0.522879
     10053   0.060715   -0.971802   0.474234
     10054   0.002216   -0.988697   0.491194
     10055   0.014768   -0.978071   0.455103
     10056   0.026084   -0.961455   0.509134
     10057   0.022503   -0.986385   0.518058
     10058   0.004115   -1.011846   0.465889
     10059   0.024402   -1.009534   0.492753
     10060   0.037187   -0.998689   0.456218
     10061   0.047930   -0.982647   0.510769
     10062   0.022933   -0.961807   0.541743
     10063   0.044541   -0.983193   0.543866
     10064   0.114685   -0.869851   0.386334
     10065   0.147083   -0.834472   0.373319
     10066   0.163235   -0.821088   0.418968
     10067   0.134562   -0.868654   0.355696
     10068   0.181875   -0.820968   0.388670
     10069   0.137040   -0.890511   0.384929
     10070   0.169354   -0.855150   0.371047
     10071   0.184996   -0.842331   0.417036
     10072   0.241845   -0.755897   0.685549
     10073   0.224910   -0.762337   0.737396
     10074   0.260017   -0.780290   0.687447
     10075   0.242764   -0.786784   0.740921
     10076   0.202673   -0.768801   0.791144
     10077   0.220416   -0.793214   0.795386
     10078   0.326934   -0.692910   0.729681
     10079   0.339666   -0.680460   0.770849
     10080   0.307816   -0.698483   0.788909
     10081   0.357085   -0.690631   0.741664
     10082   0.337843   -0.696337   0.802607
     10083   0.343316   -0.718531   0.731622
     10084   0.355262   -0.706509   0.773422
     10085   0.323760   -0.724220   0.792364
     10086   0.285586   -0.702296   0.850425
     10087   0.319051   -0.684797   0.832271
     10088   0.315524   -0.699379   0.865606
     10089   0.301344   -0.728055   0.854505
     10090   0.334316   -0.710920   0.835942
     10091   0.588089   -0.568918   0.846142
     10092   0.595893   -0.598225   0.843272
     10093   0.643132   -0.555152   0.845006
     10094   0.649089   -0.584594   0.840099
     10095   0.674578   -0.544024   0.813153
     10096   0.680775   -0.573468   0.808464
     10097   0.530211   -0.575772   0.656630
     10098   0.564475   -0.558195   0.638251
     10099   0.549274   -0.572886   0.696769
     10100   0.529705   -0.597033   0.683876
     10101   0.543753   -0.581780   0.625626
     10102   0.543247   -0.603041   0.652872
     10103   0.576851   -0.585581   0.633245
     10104   0.561302   -0.600738   0.693985
     10105   0.515035   -0.588564   0.712722
     10106   0.527720   -0.616208   0.710976
     10107   0.671417   -0.576197   0.940069
     10108   0.674159   -0.555781   0.877909
     10109   0.703520   -0.563667   0.909680
     10110   0.703010   -0.589234   0.935892
     10111   0.674262   -0.605159   0.931075
     10112   0.678206   -0.585094   0.870732
     10113   0.706309   -0.592596   0.900548
     10114   0.732288   -0.573312   0.941815
     10115   0.766814   -0.559373   0.911252
     10116   0.763889   -0.585963   0.937393
     10117   0.734610   -0.601885   0.931470
     10118   0.769377   -0.587985   0.901082
     10119   0.890421   -0.449047   0.590593
     10120   0.808319   -0.465258   0.598201
     10121   0.843251   -0.446451   0.564242
     10122   0.883633   -0.453193   0.557248
     10123   0.808223   -0.467219   0.559270
     10124   0.894968   -0.477192   0.579922
     10125   0.814084   -0.493270   0.587773
     10126   0.848606   -0.473961   0.552276
     10127   0.389502   -0.650859   -0.783878
     10128   0.369155   -0.658948   -0.814558
     10129   0.408720   -0.635807   -0.843380
     10130   0.363681   -0.682104   -0.789949
     10131   0.389162   -0.662462   -0.841586
     10132   0.404175   -0.677510   -0.785473
     10133   0.383688   -0.685619   -0.816978
     10134   0.421957   -0.663183   -0.845226
     10135   0.382443   -0.644268   -0.894966
     10136   0.369289   -0.653000   -0.863071
     10137   0.363215   -0.670588   -0.887169
     10138   0.395430   -0.671745   -0.897029
     10139   0.383088   -0.680051   -0.865685
     10140   0.331950   -0.677661   -0.826174
     10141   0.332084   -0.671713   -0.874687
     10142   0.315401   -0.699487   -0.865254
     10143   0.347132   -0.703930   -0.829029
     10144   0.346531   -0.698362   -0.877736
     10145   0.141328   -0.842781   -0.597407
     10146   0.161739   -0.825548   -0.552853
     10147   0.132764   -0.853737   -0.518202
     10148   0.177263   -0.831385   -0.592573
     10149   0.166745   -0.842223   -0.513536
     10150   0.161631   -0.865454   -0.598912
     10151   0.182268   -0.848060   -0.553256
     10152   0.153949   -0.875642   -0.518560
     10153   0.150563   -0.836213   -0.476647
     10154   0.171953   -0.857910   -0.476135
     10155   0.609569   -0.130891   -0.007778
     10156   0.627363   -0.102958   -0.017976
     10157   0.634210   -0.095404   0.026036
     10158   0.631572   -0.126677   -0.036671
     10159   0.647588   -0.096844   0.003595
     10160   0.634001   -0.148287   -0.006458
     10161   0.651797   -0.120563   -0.015099
     10162   0.658531   -0.112908   0.021719
     10163   0.666133   -0.055284   0.031610
     10164   0.648552   -0.068696   0.003151
     10165   0.674082   -0.058572   0.001962
     10166   0.689716   -0.073227   0.026279
     10167   0.673118   -0.086721   0.002405
     10168   0.644099   -0.088625   -0.048337
     10169   0.665289   -0.054363   -0.027209
     10170   0.680340   -0.067930   -0.052039
     10171   0.667812   -0.105981   -0.040373
     10172   0.689132   -0.072139   -0.022868
     10173   0.480469   -0.521795   -0.398968
     10174   0.466156   -0.547228   -0.431618
     10175   0.498095   -0.535214   -0.456653
     10176   0.512407   -0.509781   -0.424003
     10177   0.511902   -0.513358   -0.389579
     10178   0.466679   -0.552719   -0.397812
     10179   0.483163   -0.564824   -0.456051
     10180   0.529449   -0.529329   -0.447479
     10181   0.498113   -0.544282   -0.388422
     10182   0.483686   -0.570315   -0.422245
     10183   0.514517   -0.558939   -0.446878
     10184   0.528944   -0.532906   -0.413055
     10185   0.527095   -0.482985   -0.392193
     10186   0.545602   -0.500169   -0.449345
     10187   0.560290   -0.473372   -0.417535
     10188   0.558886   -0.475077   -0.382648
     10189   0.577064   -0.494779   -0.439869
     10190   0.543693   -0.505450   -0.380034
     10191   0.560911   -0.523939   -0.438003
     10192   0.575660   -0.496483   -0.404981
     10193   0.914489   -0.561428   -0.948884
     10194   0.909920   -0.542881   -0.908692
     10195   0.885628   -0.554957   -0.929882
     10196   0.885407   -0.576992   -0.941561
     10197   0.888539   -0.560596   -0.905717
     10198   0.916722   -0.588910   -0.935905
     10199   0.912453   -0.570535   -0.896129
     10200   0.888317   -0.582631   -0.917396
     10201   0.834079   -0.553186   -0.913615
     10202   0.853733   -0.565584   -0.946433
     10203   0.865974   -0.542559   -0.897065
     10204   0.846238   -0.552438   -0.876523
     10205   0.824725   -0.581902   -0.938931
     10206   0.836884   -0.581155   -0.901839
     10207   0.856399   -0.593311   -0.934060
     10208   0.868803   -0.570476   -0.885175
     10209   0.877571   -0.530070   -0.870791
     10210   0.880616   -0.558205   -0.859471
     10211   -0.013862   -1.013636   -0.156194
     10212   0.000333   -0.993813   -0.117854
     10213   -0.035230   -1.043303   -0.134539
     10214   -0.019828   -1.047648   -0.164462
     10215   0.016583   -0.997778   -0.147613
     10216   0.010618   -1.031790   -0.155880
     10217   0.025006   -1.011703   -0.117496
     10218   -0.010669   -1.061350   -0.134603
     10219   -0.073087   -1.093968   -0.151505
     10220   -0.051408   -1.064211   -0.173046
     10221   -0.058606   -1.099064   -0.181752
     10222   -0.048619   -1.112140   -0.151809
     10223   -0.027026   -1.082501   -0.173168
     10224   -0.032800   -1.040083   0.021669
     10225   -0.023934   -1.026807   0.065069
     10226   -0.041006   -1.050742   0.077340
     10227   -0.049871   -1.064018   0.033941
     10228   -0.035123   -1.070381   0.011219
     10229   -0.017494   -1.043974   0.097925
     10230   -0.039708   -1.075213   0.056968
     10231   -0.007877   -1.057629   0.021801
     10232   0.000886   -1.044497   0.065108
     10233   -0.016197   -1.068445   0.077553
     10234   -0.024960   -1.081576   0.034246
     10235   -0.077816   -1.104031   0.030668
     10236   -0.062553   -1.083302   0.005682
     10237   -0.065135   -1.084746   0.058927
     10238   -0.065698   -1.111902   0.061393
     10239   -0.065008   -1.113694   0.000288
     10240   -0.052889   -1.121566   0.031013
     10241   -0.037578   -1.100774   0.005825
     10242   -0.040271   -1.102369   0.059434
     10243   -0.052822   -1.066547   0.109881
     10244   -0.076951   -1.100551   0.091468
     10245   -0.063464   -1.106999   0.121864
     10246   -0.028137   -1.084426   0.109908
     10247   -0.052211   -1.118350   0.091789
     10248   0.046221   -0.944623   0.412941
     10249   0.080936   -0.907962   0.398432
     10250   0.067115   -0.944868   0.380752
     10251   0.068734   -0.965158   0.413242
     10252   0.103342   -0.928613   0.397887
     10253   0.131981   -0.844896   0.328601
     10254   0.163591   -0.808631   0.317622
     10255   0.178693   -0.798208   0.362341
     10256   0.152158   -0.841253   0.299039
     10257   0.197663   -0.796145   0.332931
     10258   0.154740   -0.865012   0.326134
     10259   0.186230   -0.828767   0.314347
     10260   0.200845   -0.818906   0.359260
     10261   0.225406   -0.754422   0.391750
     10262   0.255141   -0.722577   0.377198
     10263   0.272114   -0.713729   0.417655
     10264   0.242839   -0.753076   0.362069
     10265   0.288794   -0.713309   0.387624
     10266   0.246893   -0.775704   0.388025
     10267   0.276492   -0.743807   0.372496
     10268   0.292893   -0.735580   0.413286
     10269   0.251289   -0.750518   0.630521
     10270   0.269872   -0.774669   0.630854
     10271   0.514228   -0.489190   0.376884
     10272   0.494241   -0.512986   0.390680
     10273   0.476885   -0.512875   0.364914
     10274   0.496872   -0.489079   0.351117
     10275   0.522516   -0.487855   0.348212
     10276   0.522892   -0.512642   0.393234
     10277   0.482817   -0.535722   0.376717
     10278   0.488949   -0.511762   0.341605
     10279   0.531180   -0.511307   0.364561
     10280   0.511469   -0.535378   0.379270
     10281   0.494881   -0.534609   0.353409
     10282   0.514593   -0.510537   0.338700
     10283   0.477771   -0.479178   0.306468
     10284   0.508580   -0.466667   0.330977
     10285   0.466063   -0.501590   0.326609
     10286   0.461921   -0.512356   0.299832
     10287   0.512373   -0.466537   0.300673
     10288   0.496522   -0.499716   0.294037
     10289   0.526309   -0.487725   0.317909
     10290   0.484806   -0.522528   0.314829
     10291   0.454275   -0.534562   0.369020
     10292   0.443453   -0.523277   0.330715
     10293   0.444128   -0.555259   0.350722
     10294   0.472670   -0.556419   0.358419
     10295   0.462595   -0.544338   0.319839
     10296   0.498657   -0.594473   0.675099
     10297   0.482989   -0.605294   0.731100
     10298   0.466611   -0.611203   0.693476
     10299   0.481193   -0.619066   0.663771
     10300   0.466143   -0.630296   0.721715
     10301   0.512242   -0.621627   0.672548
     10302   0.496203   -0.632741   0.730438
     10303   0.480725   -0.638159   0.692010
     10304   0.450387   -0.618326   0.654959
     10305   0.435540   -0.629384   0.712272
     10306   0.419316   -0.636507   0.673755
     10307   0.434504   -0.644049   0.643788
     10308   0.419466   -0.655255   0.702475
     10309   0.465310   -0.644788   0.652599
     10310   0.450068   -0.656168   0.711917
     10311   0.434654   -0.662797   0.672507
     10312   0.283397   -0.604534   -0.101136
     10313   0.315285   -0.556951   -0.087283
     10314   0.307658   -0.622365   -0.096570
     10315   0.339466   -0.574854   -0.082675
     10316   0.324110   -0.535359   -0.051122
     10317   0.348697   -0.553146   -0.048276
     10318   0.409007   -0.635483   -0.621098
     10319   0.377928   -0.653708   -0.591294
     10320   0.358883   -0.669565   -0.625050
     10321   0.389962   -0.651340   -0.654854
     10322   0.421343   -0.649069   -0.650578
     10323   0.413030   -0.647429   -0.588720
     10324   0.360133   -0.684849   -0.590608
     10325   0.375027   -0.679219   -0.657632
     10326   0.425367   -0.661015   -0.618200
     10327   0.395235   -0.678570   -0.588033
     10328   0.376276   -0.694503   -0.623189
     10329   0.406408   -0.676948   -0.653356
     10330   0.416292   -0.635750   -0.682459
     10331   0.367687   -0.665776   -0.687939
     10332   0.394017   -0.650186   -0.715543
     10333   0.376898   -0.677911   -0.717993
     10334   0.431820   -0.661933   -0.681245
     10335   0.384238   -0.691355   -0.687686
     10336   0.409650   -0.676339   -0.715575
     10337   0.285909   -0.702713   -0.850071
     10338   0.327185   -0.689009   -0.765838
     10339   0.281144   -0.714061   -0.789735
     10340   0.272285   -0.731706   -0.838433
     10341   0.306714   -0.721722   -0.744030
     10342   0.301777   -0.728480   -0.853616
     10343   0.343210   -0.714816   -0.768141
     10344   0.297855   -0.739366   -0.792728
     10345   0.193276   -0.797931   -0.584416
     10346   0.211363   -0.781154   -0.538037
     10347   0.179827   -0.808770   -0.506474
     10348   0.229186   -0.787556   -0.576565
     10349   0.213764   -0.797525   -0.498698
     10350   0.213173   -0.821010   -0.584721
     10351   0.231587   -0.803927   -0.537225
     10352   0.200682   -0.830978   -0.505761
     10353   0.195848   -0.790998   -0.462513
     10354   0.166585   -0.818440   -0.432686
     10355   0.199145   -0.806276   -0.424613
     10356   0.217061   -0.812803   -0.460799
     10357   0.188331   -0.839735   -0.431173
     10358   0.614483   -0.268505   -0.205862
     10359   0.569868   -0.295012   -0.186529
     10360   0.569868   -0.319995   -0.212726
     10361   0.614484   -0.293488   -0.232059
     10362   0.641511   -0.283438   -0.221218
     10363   0.604939   -0.271465   -0.173147
     10364   0.553895   -0.336445   -0.184319
     10365   0.604266   -0.321897   -0.225324
     10366   0.631966   -0.286397   -0.188504
     10367   0.588966   -0.312898   -0.170937
     10368   0.588292   -0.338347   -0.196917
     10369   0.631292   -0.311847   -0.214483
     10370   0.635195   -0.319825   -0.278640
     10371   0.646169   -0.287961   -0.254991
     10372   0.603510   -0.325352   -0.255708
     10373   0.619465   -0.347847   -0.269158
     10374   0.666338   -0.311211   -0.270415
     10375   0.650608   -0.339232   -0.260933
     10376   0.661680   -0.306687   -0.236642
     10377   0.620221   -0.344392   -0.238775
     10378   0.552671   -0.349763   -0.229135
     10379   0.586312   -0.355121   -0.272117
     10380   0.570075   -0.381967   -0.258994
     10381   0.571299   -0.368649   -0.214178
     10382   0.603228   -0.374694   -0.256036
     10383   0.625327   -0.164097   -0.113180
     10384   0.622564   -0.199868   -0.144852
     10385   0.657156   -0.147912   -0.133191
     10386   0.654034   -0.144754   -0.100547
     10387   0.617162   -0.200231   -0.110819
     10388   0.645869   -0.180888   -0.098186
     10389   0.641889   -0.216903   -0.128695
     10390   0.676134   -0.164359   -0.116063
     10391   0.697553   -0.100359   -0.132250
     10392   0.665559   -0.110265   -0.108517
     10393   0.697444   -0.092135   -0.100780
     10394   0.716288   -0.116503   -0.114583
     10395   0.685919   -0.126624   -0.092810
     10396   0.760434   -0.211267   -0.262342
     10397   0.698616   -0.242820   -0.251730
     10398   0.741149   -0.247021   -0.281340
     10399   0.776178   -0.240121   -0.272913
     10400   0.718386   -0.272695   -0.269137
     10401   0.773013   -0.229274   -0.241235
     10402   0.712481   -0.261028   -0.231642
     10403   0.753415   -0.265796   -0.260710
     10404   0.527348   -0.556144   -0.571963
     10405   0.508206   -0.573661   -0.605724
     10406   0.540165   -0.562554   -0.630728
     10407   0.559307   -0.545037   -0.596966
     10408   0.559338   -0.554196   -0.563995
     10409   0.509768   -0.584029   -0.573014
     10410   0.521162   -0.589537   -0.633120
     10411   0.572648   -0.562428   -0.623311
     10412   0.541758   -0.582081   -0.565046
     10413   0.522725   -0.599905   -0.600410
     10414   0.553646   -0.589411   -0.625704
     10415   0.572679   -0.571588   -0.590341
     10416   0.577651   -0.526844   -0.563564
     10417   0.592105   -0.535983   -0.621459
     10418   0.610449   -0.517791   -0.588057
     10419   0.609196   -0.525668   -0.554888
     10420   0.623830   -0.536696   -0.613276
     10421   0.590883   -0.553020   -0.555319
     10422   0.604373   -0.563141   -0.615129
     10423   0.622577   -0.544574   -0.580107
     10424   0.644117   -0.511385   -0.612049
     10425   0.625329   -0.526322   -0.646086
     10426   0.658999   -0.519471   -0.669983
     10427   0.677787   -0.504534   -0.635946
     10428   0.675324   -0.513463   -0.603161
     10429   0.637878   -0.543653   -0.672718
     10430   0.689899   -0.523512   -0.661249
     10431   0.655038   -0.538773   -0.604388
     10432   0.636379   -0.554027   -0.639907
     10433   0.668777   -0.547694   -0.663984
     10434   0.687436   -0.532440   -0.628464
     10435   0.696410   -0.489034   -0.602619
     10436   0.711689   -0.500200   -0.659377
     10437   0.705921   -0.516557   -0.593667
     10438   0.720138   -0.528561   -0.652130
     10439   0.863478   -0.509300   -0.809644
     10440   0.839016   -0.526632   -0.849238
     10441   0.902033   -0.512737   -0.831197
     10442   0.895534   -0.518075   -0.798271
     10443   0.834995   -0.529274   -0.811546
     10444   0.867051   -0.538049   -0.800173
     10445   0.842217   -0.555080   -0.838831
     10446   0.905450   -0.541174   -0.820813
     10447   0.962119   -0.499933   -0.817806
     10448   0.923629   -0.497359   -0.796545
     10449   0.955506   -0.505354   -0.785313
     10450   0.965684   -0.528348   -0.807420
     10451   0.927412   -0.526070   -0.787039
     10452   0.230855   -0.674931   -0.096947
     10453   0.216956   -0.686164   -0.044062
     10454   0.208842   -0.702507   -0.078894
     10455   0.228197   -0.705747   -0.103469
     10456   0.214017   -0.717146   -0.051744
     10457   0.255251   -0.692865   -0.093449
     10458   0.241725   -0.703867   -0.042608
     10459   0.233373   -0.720386   -0.076320
     10460   0.022021   -0.964309   -0.139884
     10461   0.035229   -0.944889   -0.101808
     10462   0.051972   -0.948933   -0.131321
     10463   0.046535   -0.982402   -0.139050
     10464   0.059885   -0.962790   -0.101123
     10465   0.145314   -0.787221   -0.024426
     10466   0.155607   -0.772594   0.006895
     10467   0.172854   -0.774471   -0.017141
     10468   0.170225   -0.804777   -0.023971
     10469   0.180509   -0.790162   0.006720
     10470   0.089594   -0.871364   0.115818
     10471   0.064409   -0.907187   0.135165
     10472   0.048998   -0.925181   0.090423
     10473   0.096300   -0.891099   0.150922
     10474   0.056995   -0.941375   0.117947
     10475   0.114155   -0.889346   0.114330
     10476   0.088887   -0.925286   0.133704
     10477   0.073674   -0.943053   0.089646
     10478   0.027456   -0.955800   0.110262
     10479   0.013575   -0.974041   0.074280
     10480   0.022576   -0.988120   0.101770
     10481   0.052115   -0.973695   0.109454
     10482   0.038358   -0.991780   0.073975
     10483   -0.072838   -1.093917   0.151858
     10484   -0.021108   -1.024085   0.136794
     10485   -0.041125   -1.051455   0.178770
     10486   -0.057705   -1.098957   0.181969
     10487   -0.000162   -1.022240   0.175435
     10488   -0.048331   -1.112038   0.151975
     10489   0.003452   -1.042130   0.136566
     10490   -0.016742   -1.069742   0.178633
     10491   0.065520   -0.922391   0.350019
     10492   0.099269   -0.884281   0.337921
     10493   0.086839   -0.919988   0.318473
     10494   0.088434   -0.942464   0.349207
     10495   0.122132   -0.904362   0.336249
     10496   0.149277   -0.836627   0.588769
     10497   0.125078   -0.853559   0.636771
     10498   0.169466   -0.859399   0.590330
     10499   0.145027   -0.876448   0.639396
     10500   0.099698   -0.869755   0.679209
     10501   0.119531   -0.892692   0.682273
     10502   0.238409   -0.729692   0.337826
     10503   0.267037   -0.696846   0.324180
     10504   0.283769   -0.689730   0.363552
     10505   0.255879   -0.726950   0.308782
     10506   0.299973   -0.687286   0.333896
     10507   0.260308   -0.750334   0.333025
     10508   0.288815   -0.717391   0.318497
     10509   0.304999   -0.710865   0.357968
     10510   0.362127   -0.487342   0.060308
     10511   0.382845   -0.452595   0.040206
     10512   0.399632   -0.440086   0.078371
     10513   0.378914   -0.474833   0.098473
     10514   0.371504   -0.506719   0.086471
     10515   0.377191   -0.485661   0.030192
     10516   0.413155   -0.437157   0.047112
     10517   0.410189   -0.460728   0.103960
     10518   0.386568   -0.505038   0.056354
     10519   0.407502   -0.470222   0.037097
     10520   0.423712   -0.457798   0.072701
     10521   0.402779   -0.492614   0.091958
     10522   0.358186   -0.510436   0.117413
     10523   0.398516   -0.465530   0.136195
     10524   0.377789   -0.501134   0.155136
     10525   0.368540   -0.532113   0.141667
     10526   0.409894   -0.488350   0.159965
     10527   0.381858   -0.528395   0.110724
     10528   0.421566   -0.483547   0.127729
     10529   0.400645   -0.519329   0.146496
     10530   0.357362   -0.673095   0.613877
     10531   0.373156   -0.663907   0.653217
     10532   0.343300   -0.685028   0.671494
     10533   0.388793   -0.670847   0.623301
     10534   0.374039   -0.682538   0.682101
     10535   0.374579   -0.698165   0.611940
     10536   0.389676   -0.689479   0.652185
     10537   0.360126   -0.710436   0.671528
     10538   0.357524   -0.673654   0.711426
     10539   0.373600   -0.699516   0.712339
     10540   0.537408   -0.489301   0.406146
     10541   0.559604   -0.490534   0.438089
     10542   0.512966   -0.514026   0.423046
     10543   0.567827   -0.488849   0.406752
     10544   0.553311   -0.512190   0.393839
     10545   0.574448   -0.514233   0.426001
     10546   0.529300   -0.537228   0.411957
     10547   0.470307   -0.537603   0.405202
     10548   0.487906   -0.560257   0.394947
     10549   0.551502   -0.539305   0.543433
     10550   0.523044   -0.561546   0.561789
     10551   0.501687   -0.561633   0.525432
     10552   0.555004   -0.563773   0.567352
     10553   0.505356   -0.585282   0.549112
     10554   0.565226   -0.565154   0.535007
     10555   0.537316   -0.587508   0.554675
     10556   0.516934   -0.586803   0.517564
     10557   0.474011   -0.584801   0.542665
     10558   0.454450   -0.585975   0.505880
     10559   0.458354   -0.609578   0.529556
     10560   0.489698   -0.610059   0.536004
     10561   0.471060   -0.610476   0.498671
     10562   0.769604   -0.461593   0.561534
     10563   0.771458   -0.484221   0.625225
     10564   0.732743   -0.480556   0.588559
     10565   0.738105   -0.483223   0.552223
     10566   0.735447   -0.505505   0.614935
     10567   0.776725   -0.488849   0.549958
     10568   0.778169   -0.512593   0.616414
     10569   0.740809   -0.508172   0.578599
     10570   0.701176   -0.478179   0.552363
     10571   0.697578   -0.500811   0.612453
     10572   0.666012   -0.498433   0.576257
     10573   0.673585   -0.499958   0.541501
     10574   0.668652   -0.524009   0.601622
     10575   0.710513   -0.505003   0.541361
     10576   0.706522   -0.528704   0.604104
     10577   0.676225   -0.525535   0.566866
     10578   0.802044   -0.508930   0.751910
     10579   0.831753   -0.498256   0.726329
     10580   0.833346   -0.519039   0.748902
     10581   0.806729   -0.538309   0.745314
     10582   0.836172   -0.527551   0.719171
     10583   0.858000   -0.500007   0.748491
     10584   0.880519   -0.489918   0.719427
     10585   0.886716   -0.510317   0.740899
     10586   0.862063   -0.529348   0.741310
     10587   0.884506   -0.519189   0.711921
     10588   0.743746   -0.375366   0.406101
     10589   0.713025   -0.367535   0.380964
     10590   0.734012   -0.342678   0.362664
     10591   0.764732   -0.350510   0.387801
     10592   0.775135   -0.378388   0.400491
     10593   0.721380   -0.395058   0.393537
     10594   0.715157   -0.361985   0.350086
     10595   0.762787   -0.344642   0.355826
     10596   0.752770   -0.398080   0.387926
     10597   0.723513   -0.389509   0.362659
     10598   0.743932   -0.363949   0.343249
     10599   0.773190   -0.372520   0.368516
     10600   0.819210   -0.334932   0.389982
     10601   0.799674   -0.360256   0.411070
     10602   0.784268   -0.325186   0.366713
     10603   0.814136   -0.326992   0.357444
     10604   0.831597   -0.364884   0.402777
     10605   0.826523   -0.356944   0.370240
     10606   0.807058   -0.383016   0.392199
     10607   0.792654   -0.346448   0.346558
     10608   0.559831   -0.574801   -0.846498
     10609   0.523534   -0.586268   -0.822089
     10610   0.540183   -0.583011   -0.877511
     10611   0.571318   -0.588870   -0.874371
     10612   0.557194   -0.589735   -0.815936
     10613   0.568681   -0.603805   -0.843809
     10614   0.534298   -0.614743   -0.820971
     10615   0.548778   -0.612114   -0.875053
     10616   0.550301   -0.586799   -0.933518
     10617   0.573812   -0.578082   -0.906353
     10618   0.583175   -0.596648   -0.933992
     10619   0.557543   -0.616125   -0.929942
     10620   0.580680   -0.607437   -0.902010
     10621   0.467819   -0.605894   -0.674413
     10622   0.438272   -0.620860   -0.647760
     10623   0.470731   -0.618740   -0.642373
     10624   0.482441   -0.632516   -0.672065
     10625   0.453803   -0.646949   -0.645191
     10626   0.395478   -0.625358   -0.508019
     10627   0.370943   -0.640336   -0.488996
     10628   0.360271   -0.654446   -0.519016
     10629   0.384806   -0.639468   -0.538038
     10630   0.410101   -0.639027   -0.532302
     10631   0.398863   -0.635622   -0.478135
     10632   0.361700   -0.668510   -0.494436
     10633   0.377391   -0.664137   -0.539080
     10634   0.413486   -0.649290   -0.502417
     10635   0.389620   -0.663795   -0.483574
     10636   0.378820   -0.678201   -0.514500
     10637   0.402686   -0.663696   -0.533344
     10638   0.402992   -0.630836   -0.562746
     10639   0.359742   -0.662340   -0.566586
     10640   0.420139   -0.655620   -0.558275
     10641   0.377782   -0.686646   -0.563102
     10642   0.334646   -0.673622   -0.511539
     10643   0.334116   -0.681517   -0.559109
     10644   0.326594   -0.702209   -0.524598
     10645   0.353649   -0.697096   -0.507496
     10646   0.352611   -0.705541   -0.556097
     10647   0.245203   -0.753551   -0.566913
     10648   0.260432   -0.736491   -0.519147
     10649   0.226593   -0.764093   -0.490271
     10650   0.280743   -0.742920   -0.556255
     10651   0.260022   -0.753028   -0.479852
     10652   0.264726   -0.776925   -0.565907
     10653   0.280332   -0.759457   -0.516961
     10654   0.247193   -0.786459   -0.488279
     10655   0.240721   -0.745709   -0.444982
     10656   0.209977   -0.772613   -0.417223
     10657   0.242362   -0.760321   -0.407125
     10658   0.261663   -0.767640   -0.441996
     10659   0.231531   -0.793984   -0.414515
     10660   0.045474   -0.946795   -0.360887
     10661   0.019945   -0.976001   -0.336164
     10662   0.007037   -0.991068   -0.371187
     10663   0.051123   -0.962965   -0.329646
     10664   0.012013   -1.008747   -0.342425
     10665   0.068511   -0.966744   -0.360507
     10666   0.043190   -0.995710   -0.335907
     10667   0.030031   -1.011066   -0.371625
     10668   -0.032122   -1.035378   -0.383689
     10669   -0.019655   -1.022322   -0.349199
     10670   -0.028101   -1.055636   -0.356361
     10671   -0.009163   -1.055402   -0.384548
     10672   0.003567   -1.042061   -0.349586
     10673   0.045397   -0.941729   -0.261648
     10674   0.033101   -0.959382   -0.299479
     10675   0.058693   -0.929942   -0.323609
     10676   0.038579   -0.975191   -0.268537
     10677   0.069108   -0.960837   -0.260401
     10678   0.056601   -0.978774   -0.298703
     10679   0.081893   -0.949676   -0.322517
     10680   0.558682   -0.241230   -0.102006
     10681   0.589222   -0.217835   -0.123501
     10682   0.593083   -0.187244   -0.088656
     10683   0.562543   -0.210639   -0.067161
     10684   0.557365   -0.247248   -0.070532
     10685   0.582021   -0.252656   -0.121959
     10686   0.591109   -0.191536   -0.055113
     10687   0.580705   -0.258674   -0.090485
     10688   0.609961   -0.235052   -0.109277
     10689   0.615188   -0.204523   -0.077275
     10690   0.585932   -0.228145   -0.058484
     10691   0.535949   -0.242108   -0.045249
     10692   0.570151   -0.188384   -0.027468
     10693   0.559954   -0.259674   -0.039760
     10694   0.594337   -0.205985   -0.023744
     10695   0.677989   -0.071673   -0.082745
     10696   0.631669   -0.127217   -0.074110
     10697   0.699794   -0.088391   -0.070075
     10698   0.653937   -0.144214   -0.063108
     10699   0.685513   -0.282404   -0.279459
     10700   0.659273   -0.248377   -0.227262
     10701   0.699211   -0.301502   -0.260093
     10702   0.674950   -0.266213   -0.208191
     10703   0.616971   -0.235343   -0.176511
     10704   0.635259   -0.252663   -0.159364
     10705   0.748880   -0.379439   -0.425930
     10706   0.731785   -0.405223   -0.455013
     10707   0.767405   -0.406769   -0.476697
     10708   0.784500   -0.380986   -0.447614
     10709   0.779541   -0.378190   -0.413730
     10710   0.727551   -0.404083   -0.421000
     10711   0.745687   -0.430660   -0.473415
     10712   0.797443   -0.407821   -0.464596
     10713   0.758213   -0.402834   -0.408801
     10714   0.741453   -0.429520   -0.439403
     10715   0.775724   -0.431712   -0.461315
     10716   0.792484   -0.405025   -0.430712
     10717   0.837662   -0.358909   -0.438955
     10718   0.802033   -0.354615   -0.418744
     10719   0.820129   -0.385279   -0.467825
     10720   0.849877   -0.387501   -0.454754
     10721   0.832549   -0.354190   -0.405635
     10722   0.844763   -0.382782   -0.421435
     10723   0.810057   -0.377765   -0.400622
     10724   0.827190   -0.410043   -0.451525
     10725   0.680275   -0.474317   -0.546747
     10726   0.662251   -0.493015   -0.579138
     10727   0.714434   -0.470336   -0.570227
     10728   0.711165   -0.475561   -0.536791
     10729   0.659898   -0.499530   -0.545856
     10730   0.690788   -0.500773   -0.535900
     10731   0.672971   -0.519977   -0.569878
     10732   0.723738   -0.497353   -0.559689
     10733   0.732516   -0.451445   -0.538142
     10734   0.741514   -0.477902   -0.526014
     10735   0.726564   -0.509167   -0.715981
     10736   0.692903   -0.513068   -0.692988
     10737   0.704393   -0.531233   -0.718574
     10738   0.733890   -0.538091   -0.709803
     10739   0.701389   -0.541677   -0.686836
     10740   0.640566   -0.531961   -0.704985
     10741   0.674469   -0.525557   -0.727989
     10742   0.653047   -0.548690   -0.732294
     10743   0.650359   -0.560383   -0.700027
     10744   0.682970   -0.554366   -0.722879
     10745   0.769991   -0.516938   -0.793394
     10746   0.803832   -0.519097   -0.818315
     10747   0.826946   -0.506934   -0.786967
     10748   0.776298   -0.537796   -0.816040
     10749   0.774583   -0.546030   -0.785644
     10750   0.807462   -0.547974   -0.809271
     10751   0.830931   -0.535884   -0.778358
     10752   0.885792   -0.496026   -0.774521
     10753   0.889639   -0.524909   -0.765600
     10754   0.405328   -0.419461   0.018759
     10755   0.369946   -0.469057   0.001648
     10756   0.430054   -0.437056   0.017226
     10757   0.394691   -0.486726   0.001479
     10758   0.347236   -0.500774   0.022829
     10759   0.335267   -0.517908   -0.014629
     10760   0.342046   -0.533563   0.013767
     10761   0.372002   -0.518450   0.021130
     10762   0.359941   -0.535689   -0.013873
     10763   0.201306   -0.718393   -0.114982
     10764   0.186519   -0.730307   -0.061250
     10765   0.178983   -0.746194   -0.097338
     10766   0.198709   -0.749114   -0.123006
     10767   0.183761   -0.761191   -0.069061
     10768   0.225600   -0.736468   -0.111493
     10769   0.211259   -0.748029   -0.059556
     10770   0.203487   -0.764110   -0.094729
     10771   0.057151   -0.915785   -0.124063
     10772   0.069839   -0.896499   -0.086478
     10773   0.086834   -0.900721   -0.115556
     10774   0.081655   -0.933869   -0.122814
     10775   0.094501   -0.914376   -0.085508
     10776   0.175328   -0.744194   -0.009056
     10777   0.185059   -0.730931   0.023673
     10778   0.202722   -0.731466   -0.000834
     10779   0.200249   -0.761742   -0.008919
     10780   0.209927   -0.748529   0.022965
     10781   -0.045698   -1.058452   -0.017100
     10782   -0.020781   -1.076005   -0.017112
     10783   0.150043   -0.795014   0.154437
     10784   0.130383   -0.821936   0.159373
     10785   0.122638   -0.827189   0.127018
     10786   0.154938   -0.817215   0.172209
     10787   0.130007   -0.844997   0.143739
     10788   0.174189   -0.813351   0.151315
     10789   0.154562   -0.840277   0.156574
     10790   0.147070   -0.845267   0.124721
     10791   0.100978   -0.858947   0.148405
     10792   0.125329   -0.877149   0.146256
     10793   0.131400   -0.825345   0.191466
     10794   0.101995   -0.862355   0.180498
     10795   0.131786   -0.852123   0.207750
     10796   0.155324   -0.843994   0.188493
     10797   0.126091   -0.880866   0.178174
     10798   0.084990   -0.895289   0.289005
     10799   0.117702   -0.855905   0.279685
     10800   0.106485   -0.890102   0.257765
     10801   0.108333   -0.914800   0.287233
     10802   0.140941   -0.875450   0.277118
     10803   0.150121   -0.816064   0.275195
     10804   0.180531   -0.779652   0.266378
     10805   0.194001   -0.772219   0.308805
     10806   0.171189   -0.810477   0.248068
     10807   0.212878   -0.768402   0.280644
     10808   0.173226   -0.835666   0.271912
     10809   0.203536   -0.799227   0.262335
     10810   0.216540   -0.792329   0.304769
     10811   0.165310   -0.825301   0.523543
     10812   0.186071   -0.847611   0.523615
     10813   0.250635   -0.703269   0.285810
     10814   0.277831   -0.669673   0.272431
     10815   0.294234   -0.663250   0.310801
     10816   0.267706   -0.699552   0.257172
     10817   0.310167   -0.659616   0.281171
     10818   0.272950   -0.723234   0.280144
     10819   0.300042   -0.689495   0.265912
     10820   0.315907   -0.683652   0.304266
     10821   0.263752   -0.739969   0.571600
     10822   0.282819   -0.763719   0.570590
     10823   0.355748   -0.537019   0.173177
     10824   0.399152   -0.494512   0.192912
     10825   0.377112   -0.530397   0.210952
     10826   0.365735   -0.560397   0.196416
     10827   0.410411   -0.519282   0.215946
     10828   0.378527   -0.555491   0.164906
     10829   0.421152   -0.513119   0.182999
     10830   0.399034   -0.549281   0.201409
     10831   0.384053   -0.590469   0.357384
     10832   0.411756   -0.559997   0.343564
     10833   0.429221   -0.560028   0.380838
     10834   0.401518   -0.590499   0.394658
     10835   0.389061   -0.616359   0.379456
     10836   0.398938   -0.586021   0.326773
     10837   0.433095   -0.586840   0.401486
     10838   0.403946   -0.611912   0.348844
     10839   0.431310   -0.581283   0.333930
     10840   0.448002   -0.582071   0.371370
     10841   0.420638   -0.612700   0.386284
     10842   0.374476   -0.618618   0.409905
     10843   0.418954   -0.588475   0.431923
     10844   0.391912   -0.616593   0.447170
     10845   0.379310   -0.643205   0.433107
     10846   0.423209   -0.613053   0.454399
     10847   0.393895   -0.640947   0.402657
     10848   0.437350   -0.611418   0.423962
     10849   0.410607   -0.639665   0.440336
     10850   0.555614   -0.435445   0.340545
     10851   0.536243   -0.463575   0.359724
     10852   0.527952   -0.438537   0.311798
     10853   0.561019   -0.431125   0.308843
     10854   0.566556   -0.461036   0.357806
     10855   0.571962   -0.456717   0.326104
     10856   0.552830   -0.485316   0.346294
     10857   0.545440   -0.459125   0.297718
     10858   0.521130   -0.407124   0.258626
     10859   0.549297   -0.404234   0.290577
     10860   0.499785   -0.441428   0.279846
     10861   0.505892   -0.436312   0.245632
     10862   0.554922   -0.397394   0.257299
     10863   0.539684   -0.426581   0.244306
     10864   0.566645   -0.424285   0.275565
     10865   0.518480   -0.461422   0.266459
     10866   0.449812   -0.485120   0.273019
     10867   0.471825   -0.447370   0.246397
     10868   0.457568   -0.477788   0.234481
     10869   0.469677   -0.505025   0.261294
     10870   0.491635   -0.466730   0.233716
     10871   0.445252   -0.563068   0.417020
     10872   0.463238   -0.585909   0.407898
     10873   0.436421   -0.588094   0.468495
     10874   0.453945   -0.611832   0.460899
     10875   0.512286   -0.579797   0.618165
     10876   0.480732   -0.598498   0.636634
     10877   0.494735   -0.604498   0.605941
     10878   0.526202   -0.606481   0.613402
     10879   0.495197   -0.625066   0.633078
     10880   0.463368   -0.603516   0.598237
     10881   0.433023   -0.623345   0.616562
     10882   0.447288   -0.628503   0.586010
     10883   0.478656   -0.629484   0.593714
     10884   0.448769   -0.649206   0.613236
     10885   0.403580   -0.644568   0.634623
     10886   0.388892   -0.655846   0.692349
     10887   0.419717   -0.670327   0.632465
     10888   0.404614   -0.681948   0.692226
     10889   0.403728   -0.645965   0.732045
     10890   0.372361   -0.663772   0.751121
     10891   0.402891   -0.663239   0.762251
     10892   0.418629   -0.672530   0.732681
     10893   0.387615   -0.690098   0.752794
     10894   0.633184   -0.519443   0.597487
     10895   0.657587   -0.519363   0.637560
     10896   0.597261   -0.538410   0.618873
     10897   0.608675   -0.542191   0.585487
     10898   0.644144   -0.546757   0.589622
     10899   0.667393   -0.547369   0.630719
     10900   0.608987   -0.565777   0.612483
     10901   0.542698   -0.559437   0.599536
     10902   0.575484   -0.539652   0.580158
     10903   0.556059   -0.586116   0.593442
     10904   0.588196   -0.566311   0.572681
     10905   0.803415   -0.523439   0.813672
     10906   0.833565   -0.511853   0.782530
     10907   0.837649   -0.533913   0.808527
     10908   0.807160   -0.552664   0.805884
     10909   0.837430   -0.541099   0.774899
     10910   0.866137   -0.514001   0.806737
     10911   0.890571   -0.502156   0.772698
     10912   0.898260   -0.523183   0.796621
     10913   0.869772   -0.543095   0.798411
     10914   0.894405   -0.531344   0.764822
     10915   0.926459   -0.479568   0.702460
     10916   0.910172   -0.490560   0.737706
     10917   0.937605   -0.500114   0.727162
     10918   0.930397   -0.508807   0.694812
     10919   0.914150   -0.519871   0.730354
     10920   0.800891   -0.297109   0.346072
     10921   0.750992   -0.317857   0.345939
     10922   0.767614   -0.289779   0.325298
     10923   0.796190   -0.287718   0.313849
     10924   0.748762   -0.311660   0.315738
     10925   0.809435   -0.317602   0.325221
     10926   0.760556   -0.338445   0.325625
     10927   0.777337   -0.309599   0.304289
     10928   0.782111   -0.257710   0.303789
     10929   0.731654   -0.287103   0.306413
     10930   0.746152   -0.255033   0.284904
     10931   0.778056   -0.246796   0.272213
     10932   0.725542   -0.281867   0.276259
     10933   0.792135   -0.276805   0.282274
     10934   0.742649   -0.306424   0.285584
     10935   0.757446   -0.273630   0.263569
     10936   0.253008   -0.649700   -0.114960
     10937   0.277174   -0.667725   -0.110580
     10938   0.545004   -0.576298   -0.786568
     10939   0.509619   -0.589897   -0.761592
     10940   0.543667   -0.591271   -0.755386
     10941   0.555858   -0.604708   -0.784754
     10942   0.521964   -0.617725   -0.760498
     10943   0.458440   -0.604201   -0.614016
     10944   0.429175   -0.618824   -0.587354
     10945   0.461654   -0.615566   -0.581602
     10946   0.473945   -0.630105   -0.609959
     10947   0.445509   -0.644171   -0.582968
     10948   0.362441   -0.666973   -0.753270
     10949   0.378138   -0.693042   -0.754672
     10950   0.172317   -0.812887   -0.633605
     10951   0.125579   -0.853566   -0.630930
     10952   0.156569   -0.823671   -0.667128
     10953   0.186999   -0.817630   -0.676296
     10954   0.145537   -0.853080   -0.660529
     10955   0.191944   -0.836128   -0.635264
     10956   0.145654   -0.876364   -0.633346
     10957   0.175967   -0.847038   -0.669698
     10958   0.131591   -0.836944   -0.718971
     10959   0.162918   -0.813089   -0.706641
     10960   0.125241   -0.847526   -0.679458
     10961   0.124500   -0.865171   -0.701300
     10962   0.157840   -0.832195   -0.739899
     10963   0.150749   -0.860422   -0.722229
     10964   0.181921   -0.836736   -0.709555
     10965   0.144795   -0.870724   -0.682372
     10966   0.099392   -0.869860   -0.679090
     10967   0.119255   -0.892762   -0.682208
     10968   0.294055   -0.710813   -0.541686
     10969   0.305223   -0.694707   -0.492783
     10970   0.271600   -0.720385   -0.470244
     10971   0.303492   -0.710210   -0.457306
     10972   0.313282   -0.734316   -0.539168
     10973   0.324863   -0.717712   -0.489122
     10974   0.291914   -0.742853   -0.466915
     10975   0.283902   -0.701517   -0.425094
     10976   0.253023   -0.726841   -0.399832
     10977   0.284978   -0.714797   -0.388584
     10978   0.304568   -0.723491   -0.420796
     10979   0.274317   -0.748277   -0.395878
     10980   0.180388   -0.799652   -0.390276
     10981   0.152145   -0.827230   -0.362339
     10982   0.183707   -0.813887   -0.353469
     10983   0.202463   -0.820511   -0.387806
     10984   0.174611   -0.847692   -0.360034
     10985   0.084313   -0.901316   -0.349679
     10986   0.107173   -0.921435   -0.348508
     10987   0.007474   -0.989750   -0.276291
     10988   -0.005682   -1.006369   -0.312976
     10989   0.000076   -1.023455   -0.283569
     10990   0.031181   -1.008897   -0.275815
     10991   0.017771   -1.025833   -0.313018
     10992   0.475832   -0.341754   -0.088982
     10993   0.503782   -0.312873   -0.107036
     10994   0.504484   -0.291746   -0.064152
     10995   0.502619   -0.346663   -0.115484
     10996   0.527554   -0.296687   -0.088204
     10997   0.499179   -0.359404   -0.080951
     10998   0.526391   -0.330477   -0.096652
     10999   0.528118   -0.309405   -0.057222
     11000   0.530958   -0.263204   -0.084174
     11001   0.553962   -0.280731   -0.074562
     11002   0.599425   -0.150364   -0.049586
     11003   0.623257   -0.167849   -0.042197
     11004   0.670110   -0.316799   -0.304715
     11005   0.708003   -0.315726   -0.328794
     11006   0.723405   -0.281331   -0.303538
     11007   0.687671   -0.342271   -0.320509
     11008   0.740264   -0.309515   -0.317803
     11009   0.683899   -0.336683   -0.286209
     11010   0.719932   -0.336060   -0.309518
     11011   0.735244   -0.300879   -0.283402
     11012   0.780783   -0.250210   -0.304345
     11013   0.763040   -0.284520   -0.326543
     11014   0.796220   -0.279592   -0.314844
     11015   0.791615   -0.269503   -0.283413
     11016   0.773444   -0.304586   -0.306104
     11017   0.594563   -0.466526   -0.443061
     11018   0.578363   -0.491092   -0.474173
     11019   0.612343   -0.484785   -0.498759
     11020   0.628543   -0.460219   -0.467647
     11021   0.626094   -0.462041   -0.433360
     11022   0.593834   -0.511857   -0.497118
     11023   0.643795   -0.482861   -0.489083
     11024   0.608595   -0.490293   -0.430168
     11025   0.592535   -0.515543   -0.462813
     11026   0.625286   -0.509933   -0.487441
     11027   0.641346   -0.484683   -0.454796
     11028   0.644902   -0.435047   -0.437588
     11029   0.663345   -0.456676   -0.491623
     11030   0.679703   -0.431504   -0.461563
     11031   0.676287   -0.431787   -0.427448
     11032   0.694406   -0.455647   -0.481410
     11033   0.657480   -0.458781   -0.423220
     11034   0.674856   -0.481832   -0.478870
     11035   0.690990   -0.455930   -0.447294
     11036   0.696421   -0.406121   -0.432109
     11037   0.715067   -0.430606   -0.484467
     11038   0.707417   -0.429750   -0.416339
     11039   0.725026   -0.455700   -0.470358
     11040   0.628583   -0.499421   -0.555146
     11041   0.640511   -0.525777   -0.545597
     11042   0.734560   -0.544277   -0.869785
     11043   0.772253   -0.533382   -0.848889
     11044   0.751948   -0.526001   -0.820191
     11045   0.714255   -0.536896   -0.841087
     11046   0.701164   -0.559601   -0.858002
     11047   0.771471   -0.557634   -0.871983
     11048   0.731943   -0.543266   -0.816285
     11049   0.738075   -0.572958   -0.860200
     11050   0.775516   -0.562048   -0.839135
     11051   0.756293   -0.555062   -0.812135
     11052   0.718852   -0.565971   -0.833200
     11053   0.691737   -0.530486   -0.785545
     11054   0.683417   -0.541473   -0.828726
     11055   0.722575   -0.525910   -0.797907
     11056   0.718954   -0.537718   -0.772891
     11057   0.671555   -0.552421   -0.792870
     11058   0.698772   -0.559653   -0.780216
     11059   0.689303   -0.570549   -0.822147
     11060   0.728322   -0.555075   -0.791270
     11061   0.740618   -0.516846   -0.771110
     11062   0.746611   -0.546043   -0.764779
     11063   0.766337   -0.557672   -0.910037
     11064   0.792978   -0.569940   -0.943841
     11065   0.807437   -0.540918   -0.879811
     11066   0.763838   -0.585899   -0.936809
     11067   0.768972   -0.585861   -0.898755
     11068   0.795585   -0.597861   -0.931899
     11069   0.810272   -0.569155   -0.868695
     11070   0.312770   -0.548373   0.005912
     11071   0.337612   -0.566015   0.005315
     11072   0.091546   -0.867941   -0.108716
     11073   0.103560   -0.848881   -0.072142
     11074   0.120831   -0.853127   -0.100323
     11075   0.116118   -0.885908   -0.107162
     11076   0.128302   -0.866636   -0.070980
     11077   0.195787   -0.731354   0.137823
     11078   0.173810   -0.762883   0.147966
     11079   0.185360   -0.738884   0.103921
     11080   0.213286   -0.727998   0.113024
     11081   0.202454   -0.752891   0.158835
     11082   0.219953   -0.749535   0.134036
     11083   0.197938   -0.781158   0.144412
     11084   0.209826   -0.756801   0.100899
     11085   0.195383   -0.718250   0.057645
     11086   0.206014   -0.708161   0.090970
     11087   0.223243   -0.706207   0.065995
     11088   0.220125   -0.735951   0.055822
     11089   0.230515   -0.726043   0.088049
     11090   -0.009829   -1.007148   0.099997
     11091   0.014911   -1.024946   0.099699
     11092   0.030539   -0.963582   0.361814
     11093   0.021189   -0.972589   0.422413
     11094   0.005506   -0.991549   0.371286
     11095   0.016919   -1.002341   0.342848
     11096   0.017133   -1.000701   0.400222
     11097   0.053495   -0.983627   0.361786
     11098   0.043784   -0.993026   0.423241
     11099   0.028546   -1.011494   0.371785
     11100   -0.032492   -1.035205   0.384123
     11101   -0.017384   -1.019038   0.349618
     11102   -0.009602   -1.007715   0.405790
     11103   -0.013468   -1.034862   0.412211
     11104   -0.028445   -1.055447   0.356855
     11105   -0.009421   -1.055104   0.384944
     11106   0.005858   -1.038750   0.350086
     11107   0.013266   -1.027848   0.406643
     11108   -0.016022   -1.013196   0.438480
     11109   0.006669   -1.033512   0.439620
     11110   0.107292   -0.861603   0.234002
     11111   0.139712   -0.821763   0.229512
     11112   0.130978   -0.880621   0.231513
     11113   0.163263   -0.840837   0.226307
     11114   0.220684   -0.716649   0.209748
     11115   0.245837   -0.682422   0.197764
     11116   0.260803   -0.675727   0.234999
     11117   0.235650   -0.709954   0.246983
     11118   0.226431   -0.739758   0.231258
     11119   0.238311   -0.712440   0.183206
     11120   0.276682   -0.671177   0.206640
     11121   0.244058   -0.735550   0.204716
     11122   0.269156   -0.701196   0.192082
     11123   0.283585   -0.695003   0.228813
     11124   0.258487   -0.729356   0.241447
     11125   0.208186   -0.744330   0.258320
     11126   0.223171   -0.737644   0.297146
     11127   0.231123   -0.763831   0.253582
     11128   0.245586   -0.757708   0.292280
     11129   0.180143   -0.808856   0.462529
     11130   0.201372   -0.830672   0.461050
     11131   0.286138   -0.641438   0.221198
     11132   0.303166   -0.635384   0.258631
     11133   0.318305   -0.630794   0.228825
     11134   0.308849   -0.660534   0.214266
     11135   0.325306   -0.655025   0.251365
     11136   0.276782   -0.725079   0.513452
     11137   0.294091   -0.713772   0.553541
     11138   0.310055   -0.717952   0.523459
     11139   0.296411   -0.748258   0.510981
     11140   0.313004   -0.737571   0.551484
     11141   0.352701   -0.566025   0.227920
     11142   0.398695   -0.525735   0.249714
     11143   0.374284   -0.561362   0.266682
     11144   0.361673   -0.590834   0.250671
     11145   0.408105   -0.551665   0.273338
     11146   0.374706   -0.585205   0.219166
     11147   0.419821   -0.545212   0.239570
     11148   0.395493   -0.581137   0.257326
     11149   0.323637   -0.689297   0.535730
     11150   0.340554   -0.680219   0.575011
     11151   0.355937   -0.684481   0.544864
     11152   0.342356   -0.713136   0.532593
     11153   0.358530   -0.704675   0.572369
     11154   0.352649   -0.662952   0.518732
     11155   0.381204   -0.638426   0.501484
     11156   0.398522   -0.633033   0.539836
     11157   0.369967   -0.657559   0.557085
     11158   0.367851   -0.665275   0.488412
     11159   0.412743   -0.635446   0.509269
     11160   0.401671   -0.655172   0.565545
     11161   0.371139   -0.686804   0.514544
     11162   0.399390   -0.662296   0.496197
     11163   0.415893   -0.657585   0.534978
     11164   0.387642   -0.682094   0.553325
     11165   0.386774   -0.650435   0.595951
     11166   0.403690   -0.675584   0.592895
     11167   0.559423   -0.463686   0.388986
     11168   0.574961   -0.486199   0.375572
     11169   0.409022   -0.612351   0.485045
     11170   0.427052   -0.610232   0.522430
     11171   0.426930   -0.636148   0.478623
     11172   0.444045   -0.634792   0.516395
     11173   0.444747   -0.606411   0.560483
     11174   0.416217   -0.629212   0.577890
     11175   0.460895   -0.631669   0.555083
     11176   0.432742   -0.654463   0.573666
     11177   0.419339   -0.636807   0.770787
     11178   0.451152   -0.620227   0.751015
     11179   0.449851   -0.637376   0.780604
     11180   0.433403   -0.663808   0.772068
     11181   0.464842   -0.647446   0.751304
     11182   0.467388   -0.611884   0.788256
     11183   0.480011   -0.639603   0.788771
     11184   0.724963   -0.501388   0.650473
     11185   0.732609   -0.529900   0.642978
     11186   0.944875   -0.491075   0.759244
     11187   0.925274   -0.502671   0.794235
     11188   0.956108   -0.511210   0.783454
     11189   0.948838   -0.520248   0.751372
     11190   0.929094   -0.531722   0.785840
     11191   0.689306   -0.392409   0.396596
     11192   0.661246   -0.383086   0.367030
     11193   0.684965   -0.358212   0.351398
     11194   0.668340   -0.412377   0.382549
     11195   0.666684   -0.375620   0.334348
     11196   0.700415   -0.415027   0.379490
     11197   0.673778   -0.404911   0.349867
     11198   0.696876   -0.379394   0.333036
     11199   0.551393   -0.299105   0.165773
     11200   0.523573   -0.304462   0.130812
     11201   0.541906   -0.267080   0.111571
     11202   0.569725   -0.261723   0.146533
     11203   0.585013   -0.287037   0.165139
     11204   0.537724   -0.328695   0.151502
     11205   0.531090   -0.297760   0.097927
     11206   0.574755   -0.253707   0.113303
     11207   0.571344   -0.316627   0.150868
     11208   0.545240   -0.321993   0.118617
     11209   0.563939   -0.284388   0.099659
     11210   0.590042   -0.279021   0.131909
     11211   0.600636   -0.257971   0.179513
     11212   0.586923   -0.223472   0.127851
     11213   0.617833   -0.219719   0.160832
     11214   0.634644   -0.246139   0.176797
     11215   0.619780   -0.210195   0.127870
     11216   0.619022   -0.275205   0.162422
     11217   0.607612   -0.240431   0.113322
     11218   0.636591   -0.236614   0.143835
     11219   0.324436   -0.693346   -0.618047
     11220   0.315152   -0.702092   -0.657555
     11221   0.349599   -0.678311   -0.664558
     11222   0.306627   -0.726448   -0.644038
     11223   0.341141   -0.702712   -0.670945
     11224   0.342324   -0.717950   -0.616599
     11225   0.332615   -0.727067   -0.657428
     11226   0.366568   -0.703620   -0.664019
     11227   0.333122   -0.689351   -0.690744
     11228   0.351210   -0.676816   -0.714126
     11229   0.341965   -0.701371   -0.710993
     11230   0.349984   -0.714732   -0.691194
     11231   0.367654   -0.702466   -0.714861
     11232   0.315953   -0.698853   -0.726694
     11233   0.332726   -0.724241   -0.728329
     11234   0.297983   -0.711594   -0.693504
     11235   0.315357   -0.736576   -0.694564
     11236   0.243096   -0.735633   -0.821853
     11237   0.268591   -0.730555   -0.738431
     11238   0.230543   -0.752126   -0.770548
     11239   0.231001   -0.764499   -0.809077
     11240   0.247911   -0.764235   -0.735426
     11241   0.260190   -0.760572   -0.825658
     11242   0.286034   -0.755402   -0.741026
     11243   0.248370   -0.776607   -0.773955
     11244   0.284375   -0.722642   -0.600624
     11245   0.302995   -0.746725   -0.599669
     11246   0.205342   -0.784026   -0.666332
     11247   0.226301   -0.769071   -0.617143
     11248   0.242687   -0.774178   -0.658149
     11249   0.224344   -0.807782   -0.668113
     11250   0.245572   -0.792664   -0.617570
     11251   0.342906   -0.657903   -0.467866
     11252   0.313484   -0.678988   -0.449110
     11253   0.343457   -0.670283   -0.436206
     11254   0.362251   -0.680890   -0.462776
     11255   0.333466   -0.701506   -0.444402
     11256   0.324581   -0.659357   -0.407317
     11257   0.295000   -0.681886   -0.383301
     11258   0.326019   -0.670424   -0.372764
     11259   0.344894   -0.681351   -0.401653
     11260   0.315997   -0.703336   -0.378047
     11261   0.222756   -0.752535   -0.373247
     11262   0.193167   -0.779574   -0.346300
     11263   0.224977   -0.765693   -0.335706
     11264   0.244584   -0.773479   -0.369584
     11265   0.215516   -0.800006   -0.342874
     11266   0.124443   -0.855575   -0.336407
     11267   0.147193   -0.875747   -0.334332
     11268   0.529784   -0.286935   -0.115743
     11269   0.557508   -0.264962   -0.133576
     11270   0.553968   -0.294690   -0.131572
     11271   0.551738   -0.304442   -0.104032
     11272   0.578481   -0.282385   -0.119956
     11273   0.583629   -0.253309   -0.155160
     11274   0.543747   -0.306664   -0.164944
     11275   0.603331   -0.270812   -0.139946
     11276   0.564116   -0.324472   -0.150947
     11277   0.517745   -0.332601   -0.156236
     11278   0.538768   -0.350507   -0.143567
     11279   0.462130   -0.508752   -0.339572
     11280   0.448700   -0.536014   -0.372952
     11281   0.493899   -0.494533   -0.365588
     11282   0.493738   -0.497556   -0.330089
     11283   0.449442   -0.541205   -0.338172
     11284   0.481050   -0.530009   -0.328689
     11285   0.467421   -0.557910   -0.363032
     11286   0.511741   -0.516381   -0.354079
     11287   0.507905   -0.465259   -0.333188
     11288   0.541101   -0.453710   -0.359793
     11289   0.540063   -0.454113   -0.323759
     11290   0.525896   -0.486411   -0.320660
     11291   0.557848   -0.475480   -0.346615
     11292   0.481953   -0.557763   -0.489381
     11293   0.513370   -0.546382   -0.514199
     11294   0.529512   -0.523832   -0.481470
     11295   0.497177   -0.574946   -0.514328
     11296   0.544946   -0.542719   -0.505612
     11297   0.498387   -0.582007   -0.480998
     11298   0.528753   -0.571283   -0.505741
     11299   0.544883   -0.548216   -0.471621
     11300   0.562273   -0.514756   -0.506298
     11301   0.576507   -0.539820   -0.496432
     11302   0.708058   -0.519957   -0.748609
     11303   0.715288   -0.548995   -0.742857
     11304   0.658148   -0.536087   -0.764926
     11305   0.666454   -0.565024   -0.760238
     11306   0.638993   -0.546778   -0.801436
     11307   0.619223   -0.557039   -0.839781
     11308   0.663647   -0.551734   -0.867070
     11309   0.614434   -0.570247   -0.805921
     11310   0.631081   -0.573039   -0.868948
     11311   0.646996   -0.575890   -0.797355
     11312   0.626292   -0.586247   -0.835088
     11313   0.668598   -0.580906   -0.859881
     11314   0.944475   -0.484044   -0.761889
     11315   0.948460   -0.512894   -0.752914
     11316   0.170679   -0.763072   -0.134092
     11317   0.155982   -0.774960   -0.078062
     11318   0.147678   -0.791838   -0.114816
     11319   0.166903   -0.795195   -0.141900
     11320   0.152935   -0.806456   -0.085291
     11321   0.194933   -0.781237   -0.130814
     11322   0.180714   -0.792687   -0.076290
     11323   0.172160   -0.809813   -0.112375
     11324   0.064682   -0.910297   0.178294
     11325   0.039289   -0.944674   0.180443
     11326   0.039016   -0.941565   0.137313
     11327   0.057290   -0.947918   0.204060
     11328   0.045554   -0.959825   0.155508
     11329   0.088909   -0.928719   0.176688
     11330   0.063556   -0.963068   0.179126
     11331   0.063534   -0.959635   0.136142
     11332   0.021735   -0.965787   0.150382
     11333   0.010175   -0.980022   0.123331
     11334   0.022418   -0.989842   0.144122
     11335   0.046237   -0.983880   0.149248
     11336   0.034819   -0.997940   0.122560
     11337   -0.001104   -0.996959   0.160128
     11338   0.023360   -1.015124   0.159428
     11339   0.016450   -0.975846   0.190189
     11340   0.040678   -0.994312   0.189305
     11341   -0.066272   -1.083910   0.211578
     11342   -0.015326   -1.016500   0.212001
     11343   -0.040472   -1.048955   0.244809
     11344   -0.050564   -1.087294   0.241393
     11345   -0.006321   -1.029326   0.248341
     11346   -0.041998   -1.102341   0.211784
     11347   0.008843   -1.035067   0.211774
     11348   -0.016413   -1.067666   0.244925
     11349   0.069979   -0.909545   0.231798
     11350   0.093796   -0.928474   0.230027
     11351   0.016107   -0.978983   0.310863
     11352   0.051089   -0.937793   0.299068
     11353   0.038702   -0.975140   0.278649
     11354   0.039514   -0.998498   0.310634
     11355   0.074452   -0.957335   0.298055
     11356   0.159808   -0.789264   0.189335
     11357   0.168120   -0.785682   0.227381
     11358   0.188513   -0.779967   0.202891
     11359   0.183642   -0.807919   0.185765
     11360   0.191581   -0.804762   0.223579
     11361   0.195775   -0.750360   0.219322
     11362   0.219168   -0.769365   0.214827
     11363   0.209240   -0.764267   0.349485
     11364   0.231262   -0.784954   0.345515
     11365   0.194859   -0.788363   0.404605
     11366   0.216477   -0.809656   0.401770
     11367   0.319588   -0.555351   0.098509
     11368   0.340774   -0.520783   0.080125
     11369   0.337000   -0.545004   0.135797
     11370   0.328946   -0.576011   0.122960
     11371   0.334313   -0.552625   0.068939
     11372   0.343670   -0.573285   0.093389
     11373   0.365042   -0.538561   0.075284
     11374   0.360486   -0.563120   0.128830
     11375   0.314819   -0.580006   0.152973
     11376   0.333567   -0.572020   0.190352
     11377   0.324088   -0.602328   0.176261
     11378   0.338216   -0.598333   0.146248
     11379   0.356256   -0.590704   0.182325
     11380   0.289287   -0.706167   0.456926
     11381   0.306545   -0.696819   0.496779
     11382   0.322484   -0.698873   0.466568
     11383   0.309410   -0.728706   0.452959
     11384   0.325994   -0.720006   0.493248
     11385   0.318226   -0.676222   0.441372
     11386   0.346762   -0.648415   0.425200
     11387   0.364093   -0.642668   0.463609
     11388   0.335558   -0.670474   0.479782
     11389   0.333886   -0.676067   0.411131
     11390   0.338143   -0.698718   0.436326
     11391   0.366434   -0.670857   0.419038
     11392   0.383067   -0.665813   0.457910
     11393   0.354777   -0.693674   0.475198
     11394   0.492632   -0.581906   0.580418
     11395   0.507459   -0.607873   0.574635
     11396   0.382156   -0.643954   0.895205
     11397   0.366360   -0.655334   0.854362
     11398   0.401470   -0.640933   0.831427
     11399   0.417265   -0.629554   0.872270
     11400   0.414578   -0.645552   0.904963
     11401   0.362689   -0.669798   0.888021
     11402   0.384005   -0.667781   0.823768
     11403   0.432312   -0.641358   0.841361
     11404   0.395112   -0.671396   0.897778
     11405   0.380335   -0.682246   0.857427
     11406   0.414847   -0.668206   0.833702
     11407   0.429625   -0.657357   0.874053
     11408   0.436002   -0.620669   0.911442
     11409   0.451961   -0.616728   0.848181
     11410   0.447249   -0.648951   0.912606
     11411   0.463705   -0.644812   0.849198
     11412   0.638941   -0.497160   0.539339
     11413   0.606113   -0.518170   0.560569
     11414   0.615629   -0.520647   0.526753
     11415   0.650273   -0.523446   0.528915
     11416   0.618191   -0.544668   0.551670
     11417   0.997231   -0.545514   0.924601
     11418   0.975358   -0.558065   0.950852
     11419   0.939011   -0.549451   0.927778
     11420   0.960884   -0.536899   0.901527
     11421   0.989618   -0.547197   0.892401
     11422   1.006446   -0.571801   0.944809
     11423   0.945819   -0.572290   0.944870
     11424   0.934332   -0.554741   0.899148
     11425   0.998833   -0.573485   0.912609
     11426   0.976907   -0.586027   0.938828
     11427   0.941140   -0.577580   0.916241
     11428   0.963066   -0.565039   0.890022
     11429   0.980017   -0.523086   0.870903
     11430   0.922369   -0.532824   0.881395
     11431   0.941502   -0.519011   0.850771
     11432   0.973022   -0.527289   0.838467
     11433   0.913191   -0.539286   0.852903
     11434   0.982623   -0.551400   0.859966
     11435   0.925155   -0.561203   0.870656
     11436   0.944712   -0.547564   0.840599
     11437   0.692603   -0.294752   0.290942
     11438   0.724880   -0.312327   0.326723
     11439   0.685829   -0.319976   0.311252
     11440   0.672364   -0.326770   0.285630
     11441   0.711808   -0.333017   0.317444
     11442   0.705303   -0.313886   0.270947
     11443   0.735689   -0.332350   0.306458
     11444   0.698343   -0.339811   0.291822
     11445   0.662894   -0.341039   0.319202
     11446   0.707900   -0.337149   0.343449
     11447   0.676154   -0.361351   0.300776
     11448   0.719065   -0.357854   0.324082
     11449   0.762194   -0.217550   0.262741
     11450   0.708592   -0.253780   0.263875
     11451   0.724634   -0.216297   0.241713
     11452   0.758028   -0.206243   0.231605
     11453   0.704383   -0.243918   0.230672
     11454   0.773891   -0.235489   0.241078
     11455   0.721333   -0.272005   0.243056
     11456   0.737777   -0.233864   0.220565
     11457   0.651630   -0.217417   0.190377
     11458   0.633923   -0.181269   0.142297
     11459   0.667720   -0.178967   0.171843
     11460   0.685192   -0.205583   0.184799
     11461   0.667037   -0.168883   0.139608
     11462   0.668206   -0.234305   0.171218
     11463   0.652893   -0.197809   0.125181
     11464   0.684508   -0.195499   0.152564
     11465   0.224267   -0.691781   -0.130669
     11466   0.248340   -0.709974   -0.126432
     11467   0.531842   -0.577825   -0.725881
     11468   0.499150   -0.592312   -0.700174
     11469   0.532361   -0.592139   -0.694090
     11470   0.544186   -0.605585   -0.723596
     11471   0.512739   -0.619496   -0.698022
     11472   0.448573   -0.599097   -0.555384
     11473   0.422390   -0.611109   -0.530777
     11474   0.451873   -0.607674   -0.523477
     11475   0.464954   -0.624143   -0.549695
     11476   0.439585   -0.635593   -0.525002
     11477   0.236080   -0.757123   -0.695781
     11478   0.188846   -0.793819   -0.701485
     11479   0.219583   -0.766916   -0.730933
     11480   0.209495   -0.793819   -0.729529
     11481   0.254518   -0.781290   -0.697794
     11482   0.207649   -0.817630   -0.704341
     11483   0.237823   -0.791138   -0.734022
     11484   0.202860   -0.769183   -0.790789
     11485   0.191901   -0.783973   -0.751174
     11486   0.192643   -0.798207   -0.776393
     11487   0.220784   -0.793523   -0.794681
     11488   0.210238   -0.808054   -0.754748
     11489   0.165974   -0.803242   -0.756330
     11490   0.184510   -0.827160   -0.759962
     11491   0.265473   -0.738162   -0.650855
     11492   0.283841   -0.762464   -0.651332
     11493   0.381574   -0.622105   -0.452490
     11494   0.353536   -0.639673   -0.431359
     11495   0.383238   -0.631558   -0.420398
     11496   0.400527   -0.645075   -0.446043
     11497   0.373159   -0.662169   -0.425244
     11498   0.364998   -0.618570   -0.393460
     11499   0.336043   -0.638254   -0.369418
     11500   0.366704   -0.627510   -0.359471
     11501   0.384944   -0.640498   -0.386408
     11502   0.356680   -0.659680   -0.362816
     11503   0.265258   -0.705012   -0.355535
     11504   0.234990   -0.730707   -0.328950
     11505   0.267134   -0.716153   -0.317572
     11506   0.286855   -0.725938   -0.350621
     11507   0.257121   -0.751139   -0.324328
     11508   0.164126   -0.807990   -0.320815
     11509   0.186889   -0.828018   -0.317743
     11510   -0.031839   -1.038633   -0.291304
     11511   -0.045811   -1.054587   -0.327528
     11512   -0.040074   -1.073001   -0.299144
     11513   -0.008159   -1.057823   -0.291409
     11514   -0.022363   -1.074050   -0.327978
     11515   0.469761   -0.398387   -0.170671
     11516   0.515086   -0.363751   -0.197594
     11517   0.472421   -0.367237   -0.129313
     11518   0.464621   -0.405616   -0.132642
     11519   0.496357   -0.409452   -0.197225
     11520   0.491217   -0.416681   -0.159196
     11521   0.535166   -0.382146   -0.183949
     11522   0.494819   -0.385042   -0.118814
     11523   0.440047   -0.398249   -0.106103
     11524   0.463274   -0.416038   -0.097850
     11525   0.486855   -0.446399   -0.272199
     11526   0.473962   -0.479094   -0.305645
     11527   0.520798   -0.432564   -0.299742
     11528   0.519711   -0.431401   -0.262236
     11529   0.473313   -0.481196   -0.269390
     11530   0.506169   -0.466198   -0.259426
     11531   0.493088   -0.499658   -0.293833
     11532   0.538976   -0.452950   -0.286253
     11533   0.535761   -0.396860   -0.267832
     11534   0.555959   -0.422923   -0.329199
     11535   0.570922   -0.387219   -0.297290
     11536   0.588652   -0.412777   -0.320398
     11537   0.554025   -0.416508   -0.253398
     11538   0.572757   -0.443967   -0.314958
     11539   0.587805   -0.407524   -0.282102
     11540   0.621054   -0.352303   -0.303575
     11541   0.655969   -0.349277   -0.329649
     11542   0.638071   -0.376910   -0.321139
     11543   0.636483   -0.372454   -0.286723
     11544   0.669773   -0.369904   -0.311999
     11545   0.691934   -0.347795   -0.354305
     11546   0.729191   -0.348896   -0.376790
     11547   0.745260   -0.316827   -0.351279
     11548   0.708364   -0.374514   -0.369919
     11549   0.760475   -0.345025   -0.365077
     11550   0.704101   -0.368990   -0.336123
     11551   0.739648   -0.370643   -0.358206
     11552   0.755479   -0.337713   -0.331601
     11553   0.800711   -0.288440   -0.347170
     11554   0.782931   -0.320746   -0.371907
     11555   0.814431   -0.317979   -0.359135
     11556   0.809940   -0.309130   -0.326809
     11557   0.791975   -0.342258   -0.352306
     11558   0.712564   -0.377936   -0.404043
     11559   0.765507   -0.350399   -0.398677
     11560   0.723351   -0.400661   -0.386876
     11561   0.774509   -0.372816   -0.380131
     11562   0.819457   -0.324962   -0.391974
     11563   0.827522   -0.347207   -0.372797
     11564   0.749938   -0.429351   -0.507270
     11565   0.802643   -0.408286   -0.498354
     11566   0.758613   -0.455095   -0.493511
     11567   0.809702   -0.433851   -0.483393
     11568   0.855408   -0.389349   -0.488424
     11569   0.861665   -0.414782   -0.472894
     11570   0.519992   -0.577311   -0.665392
     11571   0.552700   -0.565566   -0.690630
     11572   0.572872   -0.550809   -0.655966
     11573   0.585453   -0.566605   -0.683753
     11574   0.533531   -0.604365   -0.661818
     11575   0.565114   -0.593178   -0.687214
     11576   0.585229   -0.578224   -0.651099
     11577   0.606096   -0.541149   -0.680593
     11578   0.617235   -0.569110   -0.675878
     11579   0.732157   -0.573558   -0.941667
     11580   0.700380   -0.560163   -0.901415
     11581   0.703020   -0.589457   -0.935356
     11582   0.734701   -0.601797   -0.930498
     11583   0.703804   -0.588895   -0.891943
     11584   0.634539   -0.567595   -0.905831
     11585   0.671272   -0.576024   -0.940176
     11586   0.642706   -0.591348   -0.935491
     11587   0.639248   -0.596792   -0.898609
     11588   0.674455   -0.604780   -0.930672
     11589   0.138055   -0.809740   -0.152019
     11590   0.124544   -0.820888   -0.093670
     11591   0.114922   -0.838791   -0.130874
     11592   0.133448   -0.842543   -0.159295
     11593   0.162295   -0.827997   -0.149176
     11594   0.149221   -0.838695   -0.091943
     11595   0.139356   -0.856879   -0.128744
     11596   0.135407   -0.803160   -0.058861
     11597   0.160212   -0.820824   -0.057684
     11598   0.205758   -0.700934   0.007973
     11599   0.216082   -0.688253   0.041945
     11600   0.233668   -0.688012   0.016414
     11601   0.230632   -0.718543   0.007608
     11602   0.240830   -0.705965   0.040465
     11603   -0.077615   -1.104042   -0.030240
     11604   -0.052681   -1.121571   -0.030342
     11605   0.004302   -0.992702   0.263672
     11606   -0.008152   -1.008927   0.319802
     11607   -0.019958   -1.022646   0.272611
     11608   -0.009769   -1.034974   0.296930
     11609   0.028079   -1.011764   0.263317
     11610   0.015302   -1.028388   0.319976
     11611   0.003868   -1.041654   0.272660
     11612   -0.057551   -1.070627   0.270368
     11613   -0.037036   -1.044319   0.298170
     11614   -0.040607   -1.072833   0.299659
     11615   -0.033620   -1.089499   0.270685
     11616   -0.013340   -1.063488   0.298419
     11617   -0.046268   -1.054430   0.327986
     11618   -0.022784   -1.073850   0.328528
     11619   0.036078   -0.952048   0.241861
     11620   0.059915   -0.971009   0.240848
     11621   0.183576   -0.757132   0.182864
     11622   0.207391   -0.775726   0.178862
     11623   0.208485   -0.723421   0.173290
     11624   0.232280   -0.741911   0.168751
     11625   0.269096   -0.648635   0.184116
     11626   0.292798   -0.614300   0.169170
     11627   0.309840   -0.607102   0.206252
     11628   0.284836   -0.644745   0.155525
     11629   0.292422   -0.667287   0.178049
     11630   0.316126   -0.632773   0.162615
     11631   0.332553   -0.626020   0.198833
     11632   0.328975   -0.601106   0.243820
     11633   0.351003   -0.620521   0.235675
     11634   0.301053   -0.683783   0.402102
     11635   0.321627   -0.705593   0.396653
     11636   0.347152   -0.596148   0.281510
     11637   0.393297   -0.558603   0.304820
     11638   0.366164   -0.593388   0.319648
     11639   0.354024   -0.621495   0.304007
     11640   0.368545   -0.616181   0.273167
     11641   0.413746   -0.579084   0.295291
     11642   0.386798   -0.614128   0.311132
     11643   0.328857   -0.652104   0.387401
     11644   0.356571   -0.622307   0.372106
     11645   0.344203   -0.649862   0.357228
     11646   0.349232   -0.673825   0.380957
     11647   0.376693   -0.643914   0.364577
     11648   0.513137   -0.373959   0.204571
     11649   0.541603   -0.370631   0.238300
     11650   0.492664   -0.410452   0.224897
     11651   0.499249   -0.403507   0.190819
     11652   0.546787   -0.362774   0.204184
     11653   0.532900   -0.392323   0.190432
     11654   0.560107   -0.389537   0.223184
     11655   0.512478   -0.429367   0.211554
     11656   0.445141   -0.452206   0.211432
     11657   0.465980   -0.415288   0.189931
     11658   0.453673   -0.445445   0.176767
     11659   0.466100   -0.471028   0.199816
     11660   0.486943   -0.433664   0.177655
     11661   0.434566   -0.625610   0.810292
     11662   0.447596   -0.653124   0.811673
     11663   0.386243   -0.652130   0.791922
     11664   0.400653   -0.678890   0.794098
     11665   0.638731   -0.443372   0.433466
     11666   0.667542   -0.447536   0.465373
     11667   0.640280   -0.471841   0.484679
     11668   0.611469   -0.467677   0.452773
     11669   0.618141   -0.465592   0.420231
     11670   0.671751   -0.444843   0.432145
     11671   0.674460   -0.474805   0.484471
     11672   0.617888   -0.493914   0.472154
     11673   0.651161   -0.467063   0.418910
     11674   0.678668   -0.472112   0.451243
     11675   0.652067   -0.496878   0.471946
     11676   0.624559   -0.491828   0.439613
     11677   0.585827   -0.465563   0.420188
     11678   0.585246   -0.492649   0.470674
     11679   0.600141   -0.488878   0.406795
     11680   0.598866   -0.517183   0.458820
     11681   0.582131   -0.517823   0.523844
     11682   0.595221   -0.543511   0.513997
     11683   0.878714   -0.532917   0.869803
     11684   0.840859   -0.530089   0.847140
     11685   0.903992   -0.516829   0.829400
     11686   0.847321   -0.555114   0.876532
     11687   0.881798   -0.561483   0.859631
     11688   0.844111   -0.558938   0.837919
     11689   0.907459   -0.545640   0.820123
     11690   0.962784   -0.504853   0.815606
     11691   0.966346   -0.533646   0.806316
     11692   0.753967   -0.407487   0.453312
     11693   0.720054   -0.399350   0.426230
     11694   0.777658   -0.383504   0.433183
     11695   0.787745   -0.412179   0.448124
     11696   0.728405   -0.427088   0.442065
     11697   0.762183   -0.431780   0.436877
     11698   0.729732   -0.422796   0.409371
     11699   0.785222   -0.407064   0.415432
     11700   0.837182   -0.369584   0.436420
     11701   0.815166   -0.392832   0.458534
     11702   0.849258   -0.397866   0.451920
     11703   0.843673   -0.393166   0.418277
     11704   0.821837   -0.417214   0.441511
     11705   0.635623   -0.412366   0.384400
     11706   0.607070   -0.406900   0.353520
     11707   0.632693   -0.377620   0.336149
     11708   0.616114   -0.434720   0.370350
     11709   0.612707   -0.400580   0.320866
     11710   0.648831   -0.434731   0.368499
     11711   0.621750   -0.428400   0.337696
     11712   0.646698   -0.398580   0.319064
     11713   0.654680   -0.296268   0.266195
     11714   0.670669   -0.255297   0.239128
     11715   0.651622   -0.284581   0.227798
     11716   0.669306   -0.315083   0.247233
     11717   0.685336   -0.273202   0.219342
     11718   0.164135   -0.780111   -0.173484
     11719   0.196944   -0.733269   -0.153116
     11720   0.188071   -0.798635   -0.169937
     11721   0.220939   -0.751619   -0.149099
     11722   0.488661   -0.590893   -0.639631
     11723   0.503232   -0.617384   -0.635861
     11724   0.437009   -0.592044   -0.498318
     11725   0.410097   -0.606293   -0.475560
     11726   0.439495   -0.600469   -0.466196
     11727   0.454359   -0.616100   -0.491356
     11728   0.428261   -0.629797   -0.468771
     11729   0.399450   -0.542605   -0.287609
     11730   0.409405   -0.514551   -0.252795
     11731   0.369420   -0.562349   -0.262125
     11732   0.389359   -0.575991   -0.287650
     11733   0.430198   -0.529386   -0.277816
     11734   0.420107   -0.562771   -0.277857
     11735   0.430374   -0.534171   -0.242609
     11736   0.390830   -0.582107   -0.253193
     11737   0.358809   -0.588804   -0.296795
     11738   0.330266   -0.608965   -0.270977
     11739   0.349385   -0.621903   -0.297529
     11740   0.379936   -0.609089   -0.288384
     11741   0.352040   -0.628835   -0.263251
     11742   0.204556   -0.758702   -0.302546
     11743   0.227170   -0.778709   -0.298424
     11744   0.451785   -0.464571   -0.244296
     11745   0.498176   -0.410848   -0.236291
     11746   0.463106   -0.429020   -0.208388
     11747   0.450689   -0.467356   -0.207631
     11748   0.472218   -0.483980   -0.232725
     11749   0.517891   -0.430004   -0.223169
     11750   0.483940   -0.447787   -0.196468
     11751   0.427534   -0.455227   -0.181960
     11752   0.434190   -0.424594   -0.144243
     11753   0.426211   -0.461652   -0.145954
     11754   0.449366   -0.473780   -0.171625
     11755   0.456643   -0.442674   -0.134353
     11756   0.605664   -0.384402   -0.328747
     11757   0.621060   -0.405284   -0.312790
     11758   0.575597   -0.445762   -0.386984
     11759   0.590455   -0.414974   -0.356390
     11760   0.607647   -0.438865   -0.377532
     11761   0.590935   -0.468180   -0.373197
     11762   0.605844   -0.436667   -0.341540
     11763   0.640863   -0.380524   -0.355799
     11764   0.676828   -0.379042   -0.380455
     11765   0.657539   -0.405628   -0.373930
     11766   0.654747   -0.402014   -0.339270
     11767   0.689074   -0.401100   -0.363394
     11768   0.609871   -0.438916   -0.412509
     11769   0.623870   -0.461990   -0.398384
     11770   0.660685   -0.407227   -0.408520
     11771   0.673141   -0.430189   -0.392857
     11772   0.594952   -0.505913   -0.530875
     11773   0.645974   -0.478293   -0.523030
     11774   0.608078   -0.531612   -0.521130
     11775   0.657718   -0.504098   -0.511908
     11776   0.697646   -0.452700   -0.515339
     11777   0.707926   -0.478507   -0.502861
     11778   0.621151   -0.544476   -0.740312
     11779   0.586681   -0.553664   -0.715920
     11780   0.599017   -0.568855   -0.744417
     11781   0.630913   -0.573069   -0.736399
     11782   0.597789   -0.581796   -0.712250
     11783   0.565823   -0.565922   -0.751171
     11784   0.576861   -0.594203   -0.748632
     11785   0.610473   -0.579379   -0.938125
     11786   0.597878   -0.566298   -0.874060
     11787   0.615408   -0.608617   -0.931358
     11788   0.604520   -0.595612   -0.869260
     11789   0.581176   -0.565542   -0.812219
     11790   0.590452   -0.594440   -0.809637
     11791   0.325883   -0.534215   0.042646
     11792   0.350475   -0.551973   0.040060
     11793   0.304409   -0.566506   0.061813
     11794   0.291295   -0.580664   0.025079
     11795   0.299059   -0.598114   0.051313
     11796   0.328963   -0.584233   0.058439
     11797   0.316100   -0.598275   0.023694
     11798   0.165888   -0.759021   -0.043626
     11799   0.190727   -0.776640   -0.042576
     11800   0.231211   -0.690461   0.161233
     11801   0.218513   -0.698394   0.125766
     11802   0.247931   -0.686870   0.134427
     11803   0.255031   -0.708850   0.156400
     11804   0.242704   -0.716474   0.121685
     11805   0.227698   -0.675968   0.076869
     11806   0.240197   -0.666201   0.111665
     11807   0.256717   -0.663537   0.084882
     11808   0.252262   -0.693776   0.074008
     11809   0.264451   -0.684206   0.107644
     11810   0.276321   -0.623256   0.132334
     11811   0.298341   -0.588961   0.116137
     11812   0.291723   -0.619897   0.103867
     11813   0.300238   -0.641386   0.127058
     11814   0.322327   -0.606946   0.110690
     11815   0.321343   -0.630425   0.296320
     11816   0.342848   -0.650685   0.288858
     11817   0.311572   -0.658051   0.348851
     11818   0.332604   -0.679097   0.342272
     11819   0.338682   -0.625226   0.334370
     11820   0.359545   -0.646131   0.326865
     11821   0.504772   -0.341313   0.150348
     11822   0.532306   -0.336740   0.185059
     11823   0.485604   -0.378532   0.169860
     11824   0.493144   -0.371604   0.136530
     11825   0.526096   -0.358986   0.137685
     11826   0.552206   -0.354729   0.170627
     11827   0.506790   -0.396579   0.157489
     11828   0.441317   -0.421604   0.153972
     11829   0.460941   -0.384847   0.133901
     11830   0.451139   -0.415873   0.120800
     11831   0.463495   -0.439715   0.143595
     11832   0.483343   -0.402630   0.123429
     11833   0.353548   -0.668817   0.811650
     11834   0.368300   -0.695301   0.814726
     11835   0.331863   -0.671313   0.874983
     11836   0.346350   -0.697865   0.878643
     11837   0.910431   -0.544309   0.908203
     11838   0.866776   -0.544402   0.896611
     11839   0.889131   -0.562128   0.906118
     11840   0.913032   -0.572560   0.897064
     11841   0.869676   -0.572840   0.886039
     11842   0.853820   -0.564958   0.946802
     11843   0.834666   -0.554228   0.913429
     11844   0.885930   -0.555131   0.929984
     11845   0.885534   -0.576434   0.942882
     11846   0.824869   -0.581796   0.939783
     11847   0.856584   -0.593273   0.935863
     11848   0.837524   -0.582681   0.902886
     11849   0.888735   -0.583431   0.919017
     11850   0.914510   -0.560273   0.949559
     11851   0.916843   -0.588452   0.938193
     11852   0.872157   -0.427692   0.536761
     11853   0.800365   -0.440838   0.536841
     11854   0.829272   -0.422079   0.509360
     11855   0.865755   -0.429052   0.502878
     11856   0.798734   -0.441208   0.501282
     11857   0.877231   -0.454552   0.523365
     11858   0.806592   -0.467590   0.523710
     11859   0.835217   -0.448181   0.494799
     11860   0.694905   -0.423946   0.444896
     11861   0.664158   -0.417005   0.415262
     11862   0.705251   -0.447984   0.429314
     11863   0.675934   -0.440215   0.399432
     11864   0.583793   -0.436857   0.371402
     11865   0.578891   -0.405489   0.322663
     11866   0.598877   -0.458900   0.356755
     11867   0.594835   -0.426217   0.307046
     11868   0.562996   -0.333983   0.218666
     11869   0.582083   -0.296348   0.199380
     11870   0.597495   -0.323526   0.217124
     11871   0.581286   -0.352318   0.202642
     11872   0.600425   -0.314215   0.182883
     11873   0.616278   -0.294946   0.231422
     11874   0.634830   -0.256569   0.211555
     11875   0.632839   -0.313161   0.213499
     11876   0.651436   -0.274150   0.193039
     11877   0.604797   -0.186314   0.109069
     11878   0.650126   -0.144627   0.124313
     11879   0.626106   -0.203191   0.095542
     11880   0.669650   -0.161116   0.107892
     11881   0.698041   -0.103582   0.135980
     11882   0.683470   -0.140536   0.153806
     11883   0.717336   -0.128411   0.148996
     11884   0.716448   -0.119894   0.118129
     11885   0.700903   -0.156758   0.134798
     11886   0.129625   -0.827986   -0.191429
     11887   0.153560   -0.846623   -0.188516
     11888   0.477985   -0.586970   -0.580109
     11889   0.493437   -0.612625   -0.574507
     11890   0.422550   -0.584829   -0.441093
     11891   0.394027   -0.600641   -0.418023
     11892   0.424005   -0.592159   -0.408108
     11893   0.440950   -0.607799   -0.433212
     11894   0.413217   -0.623076   -0.410483
     11895   0.418591   -0.552115   -0.347894
     11896   0.429891   -0.524943   -0.313127
     11897   0.388150   -0.569777   -0.322376
     11898   0.407402   -0.584331   -0.348244
     11899   0.438253   -0.573422   -0.338523
     11900   0.449749   -0.545648   -0.302861
     11901   0.408612   -0.590545   -0.313518
     11902   0.376941   -0.595244   -0.357842
     11903   0.347600   -0.614272   -0.332261
     11904   0.397165   -0.616597   -0.349873
     11905   0.368490   -0.635141   -0.324738
     11906   0.306892   -0.658741   -0.343204
     11907   0.277150   -0.681867   -0.315438
     11908   0.309031   -0.667981   -0.307443
     11909   0.328158   -0.679664   -0.337003
     11910   0.299016   -0.702266   -0.309577
     11911   0.318449   -0.634759   -0.306047
     11912   0.290456   -0.655588   -0.278403
     11913   0.339968   -0.655125   -0.298925
     11914   0.312557   -0.675521   -0.271854
     11915   0.246863   -0.705569   -0.281224
     11916   0.269351   -0.725430   -0.275900
     11917   0.419466   -0.483836   -0.217890
     11918   0.396247   -0.478721   -0.156455
     11919   0.440804   -0.502855   -0.207328
     11920   0.418841   -0.497049   -0.147376
     11921   0.403385   -0.452900   -0.119934
     11922   0.426583   -0.470931   -0.112001
     11923   0.625654   -0.411096   -0.383442
     11924   0.639531   -0.433397   -0.368021
     11925   0.495746   -0.566838   -0.547175
     11926   0.544972   -0.535688   -0.538987
     11927   0.511199   -0.592137   -0.540167
     11928   0.559311   -0.561227   -0.530620
     11929   0.601996   -0.555166   -0.776822
     11930   0.611455   -0.583935   -0.773515
     11931   0.104228   -0.857454   -0.168672
     11932   0.080852   -0.886604   -0.146515
     11933   0.099198   -0.890767   -0.175763
     11934   0.128417   -0.875855   -0.166386
     11935   0.105179   -0.904884   -0.144804
     11936   0.270002   -0.611968   0.043630
     11937   0.258535   -0.626726   0.007793
     11938   0.265710   -0.643458   0.033844
     11939   0.294767   -0.629603   0.041527
     11940   0.283418   -0.644287   0.007392
     11941   0.283162   -0.600117   0.079441
     11942   0.307620   -0.617893   0.075740
     11943   0.262048   -0.632781   0.096414
     11944   0.248889   -0.644633   0.060603
     11945   0.286392   -0.650652   0.092336
     11946   0.273539   -0.662362   0.058123
     11947   0.254470   -0.656675   0.147586
     11948   0.278297   -0.674941   0.142366
     11949   0.420781   -0.457747   0.173581
     11950   0.423512   -0.488972   0.230763
     11951   0.442786   -0.476049   0.163151
     11952   0.444467   -0.508098   0.219664
     11953   0.424994   -0.521883   0.291971
     11954   0.445031   -0.542139   0.281200
     11955   0.499204   -0.311836   0.094325
     11956   0.480403   -0.348688   0.113861
     11957   0.490437   -0.343389   0.081379
     11958   0.522323   -0.329313   0.084982
     11959   0.503178   -0.366306   0.104049
     11960   0.439434   -0.393959   0.096454
     11961   0.458896   -0.357799   0.076414
     11962   0.451211   -0.389805   0.064444
     11963   0.462917   -0.411719   0.088789
     11964   0.482752   -0.375395   0.069409
     11965   0.668711   -0.474417   0.518944
     11966   0.610510   -0.494584   0.505075
     11967   0.679333   -0.500346   0.507029
     11968   0.623006   -0.519978   0.493832
     11969   0.808375   -0.543915   0.880689
     11970   0.811248   -0.572595   0.870783
     11971   0.793105   -0.569687   0.943992
     11972   0.795653   -0.598072   0.933185
     11973   0.610197   -0.438733   0.402605
     11974   0.624058   -0.461578   0.387977
     11975   0.594708   -0.332991   0.252390
     11976   0.633111   -0.334314   0.287163
     11977   0.608713   -0.361378   0.270678
     11978   0.611499   -0.351913   0.235412
     11979   0.647966   -0.353834   0.269146
     11980   0.602910   -0.370895   0.304111
     11981   0.618510   -0.391063   0.287434
     11982   0.687470   -0.216145   0.217950
     11983   0.702105   -0.233357   0.197521
     11984   0.719955   -0.139197   0.179937
     11985   0.704205   -0.177629   0.197974
     11986   0.738281   -0.166306   0.190533
     11987   0.735663   -0.155520   0.159592
     11988   0.719268   -0.194261   0.177358
     11989   -0.042814   -1.052636   -0.232568
     11990   -0.057334   -1.070758   -0.269941
     11991   -0.017319   -1.020512   -0.253931
     11992   -0.010845   -1.036519   -0.224133
     11993   -0.050744   -1.087490   -0.240930
     11994   -0.018774   -1.071373   -0.232495
     11995   -0.033484   -1.089733   -0.270133
     11996   0.006551   -1.039462   -0.253771
     11997   -0.003932   -1.002561   -0.216267
     11998   0.020861   -0.971799   -0.238627
     11999   0.027084   -0.987248   -0.207839
     12000   0.020171   -1.021206   -0.215705
     12001   0.044801   -0.990641   -0.237749
     12002   0.405969   -0.577315   -0.382405
     12003   0.436079   -0.561215   -0.407462
     12004   0.425438   -0.599175   -0.373948
     12005   0.454606   -0.583664   -0.398458
     12006   0.452628   -0.570843   -0.465249
     12007   0.470030   -0.594451   -0.456999
     12008   0.466334   -0.578965   -0.522450
     12009   0.482716   -0.603655   -0.515355
     12010   0.441724   -0.495285   -0.279201
     12011   0.461788   -0.515297   -0.268005
     12012   0.069178   -0.905416   -0.184669
     12013   0.045477   -0.934597   -0.162218
     12014   0.063297   -0.938595   -0.191856
     12015   0.093317   -0.923945   -0.182950
     12016   0.069792   -0.952930   -0.160960
     12017   0.237272   -0.656918   0.025678
     12018   0.226755   -0.671618   -0.009410
     12019   0.262106   -0.674551   0.024580
     12020   0.251576   -0.689279   -0.009102
     12021   0.195958   -0.715481   -0.026679
     12022   0.220781   -0.733131   -0.025899
     12023   0.441991   -0.370516   0.037065
     12024   0.420013   -0.404658   0.058239
     12025   0.466467   -0.388177   0.033673
     12026   0.444353   -0.422303   0.053317
     12027   0.419052   -0.429388   0.116586
     12028   0.442276   -0.447214   0.108173
     12029   0.518853   -0.276226   0.074159
     12030   0.479884   -0.323126   0.055735
     12031   0.542359   -0.293702   0.066194
     12032   0.504024   -0.340706   0.050240
     12033   0.762888   -0.435797   0.505250
     12034   0.732127   -0.456553   0.529943
     12035   0.734647   -0.456289   0.495114
     12036   0.770492   -0.461699   0.491146
     12037   0.740625   -0.482959   0.517394
     12038   0.699662   -0.452791   0.496524
     12039   0.709445   -0.478302   0.483061
     12040   0.854608   -0.400828   0.485379
     12041   0.789830   -0.414083   0.482515
     12042   0.860406   -0.426090   0.469418
     12043   0.796649   -0.439305   0.466891
     12044   0.573315   -0.369640   0.272025
     12045   0.590320   -0.389132   0.255953
     12046   0.741370   -0.177781   0.221736
     12047   0.754940   -0.194768   0.200402
     12048   0.560973   -0.230760   0.092039
     12049   0.583491   -0.248065   0.081314
     12050   0.057656   -0.923566   -0.223452
     12051   0.094111   -0.875870   -0.207859
     12052   0.081567   -0.942402   -0.221916
     12053   0.117988   -0.894682   -0.205662
     12054   0.009664   -0.983348   -0.178098
     12055   -0.027458   -1.032848   -0.194364
     12056   0.034003   -1.001678   -0.177354
     12057   -0.003214   -1.051318   -0.194231
     12058   -0.066764   -1.083999   -0.211250
     12059   -0.042585   -1.102555   -0.211432
     12060   0.727025   -0.429202   0.476047
     12061   0.736027   -0.454174   0.461132
     12062   0.033120   -0.953636   -0.200431
     12063   0.057260   -0.972206   -0.199264
